2025-05-01 08:45:43,916 [INFO] Activator:176 - 


2025-05-01 08:45:43,931 [INFO] Activator:177 - !SESSION log4j initialized
2025-05-01 08:46:13,533 [INFO] LogOutputStream:77 - [STDOUT_REDIRECT] 
2025-05-01 08:46:14,664 [INFO] LogOutputStream:77 - [STDOUT_REDIRECT] 
2025-05-01 08:46:22,259 [INFO] ApplicationProperties:184 - Using Application install path: C:\ST\STM32CubeIDE_1.18.0\STM32CubeIDE\plugins\com.st.stm32cube.common.mx_6.14.0.202502271554
2025-05-01 08:46:22,348 [INFO] DbMcusXml:78 - Set database path to: C:\ST\STM32CubeIDE_1.18.0\STM32CubeIDE\plugins\com.st.stm32cube.common.mx_6.14.0.202502271554\\db\/mcu/
2025-05-01 08:46:22,349 [INFO] ApiDb:274 - Set plugin database path to: C:\ST\STM32CubeIDE_1.18.0\STM32CubeIDE\plugins\com.st.stm32cube.common.mx_6.14.0.202502271554\\db\/plugins/boardmanager/
2025-05-01 08:46:22,350 [WARN] ApiDb:259 - Overriding images path with different value:  => C:\ST\STM32CubeIDE_1.18.0\STM32CubeIDE\plugins\com.st.stm32cube.common.mx_6.14.0.202502271554\\db\/plugins/mcufinder/images/
2025-05-01 08:46:22,383 [INFO] ApiDb:250 - Set database path to: C:\Users\pwlub\.stmcufinder\plugins\mcufinder//mcu/
2025-05-01 08:46:22,385 [INFO] DbMcusAds:125 - Set database path to: C:\Users\pwlub\.stmcufinder\plugins\mcufinder//mcu/
2025-05-01 08:46:22,390 [INFO] CrossReferenceDbSqlite:203 - Set database path to: C:\Users\pwlub\.stmcufinder\plugins\mcufinder//mcu/cs/
2025-05-01 08:46:22,710 [INFO] RulesReader:64 - Compatibility file has been processed (301 Rules)
2025-05-01 08:46:23,150 [INFO] DbMcusXml:78 - Set database path to: C:\ST\STM32CubeIDE_1.18.0\STM32CubeIDE\plugins\com.st.stm32cube.common.mx_6.14.0.202502271554\\db\/mcu/
2025-05-01 08:46:23,150 [INFO] ApiDb:274 - Set plugin database path to: C:\ST\STM32CubeIDE_1.18.0\STM32CubeIDE\plugins\com.st.stm32cube.common.mx_6.14.0.202502271554\\db\/plugins/boardmanager/
2025-05-01 08:46:23,150 [INFO] ApiDb:261 - Set plugin images path to: C:\ST\STM32CubeIDE_1.18.0\STM32CubeIDE\plugins\com.st.stm32cube.common.mx_6.14.0.202502271554\\db\/plugins/mcufinder/images/
2025-05-01 08:46:23,150 [WARN] DbFile:41 - Overriding database path with different value: C:\Users\pwlub\.stmcufinder\plugins\mcufinder/ => C:\Users\pwlub\.stmcufinder\plugins\mcufinder
2025-05-01 08:46:23,151 [INFO] ApiDb:250 - Set database path to: C:\Users\pwlub\.stmcufinder\plugins\mcufinder//mcu/
2025-05-01 08:46:23,151 [WARN] DbFile:41 - Overriding database path with different value: C:\Users\pwlub\.stmcufinder\plugins\mcufinder/ => C:\Users\pwlub\.stmcufinder\plugins\mcufinder
2025-05-01 08:46:23,151 [INFO] DbMcusAds:125 - Set database path to: C:\Users\pwlub\.stmcufinder\plugins\mcufinder//mcu/
2025-05-01 08:46:23,151 [WARN] DbFile:41 - Overriding database path with different value: C:\Users\pwlub\.stmcufinder\plugins\mcufinder/ => C:\Users\pwlub\.stmcufinder\plugins\mcufinder
2025-05-01 08:46:23,151 [WARN] DbFile:41 - Overriding database path with different value: C:\Users\pwlub\.stmcufinder\plugins\mcufinder/ => C:\Users\pwlub\.stmcufinder\plugins\mcufinder
2025-05-01 08:46:23,151 [INFO] CrossReferenceDbSqlite:203 - Set database path to: C:\Users\pwlub\.stmcufinder\plugins\mcufinder//mcu/cs/
2025-05-01 08:46:23,397 [INFO] MainPanel:272 - HeapMemory: 268435456
2025-05-01 08:46:23,875 [INFO] DbMcusXml:78 - Set database path to: C:\ST\STM32CubeIDE_1.18.0\STM32CubeIDE\plugins\com.st.stm32cube.common.mx_6.14.0.202502271554\\db\/mcu/
2025-05-01 08:46:23,875 [INFO] ApiDb:274 - Set plugin database path to: C:\ST\STM32CubeIDE_1.18.0\STM32CubeIDE\plugins\com.st.stm32cube.common.mx_6.14.0.202502271554\\db\/plugins/boardmanager/
2025-05-01 08:46:23,876 [INFO] ApiDb:261 - Set plugin images path to: C:\ST\STM32CubeIDE_1.18.0\STM32CubeIDE\plugins\com.st.stm32cube.common.mx_6.14.0.202502271554\\db\/plugins/mcufinder/images/
2025-05-01 08:46:23,876 [WARN] DbFile:41 - Overriding database path with different value: C:\Users\pwlub\.stmcufinder\plugins\mcufinder/ => C:\Users\pwlub\.stmcufinder\plugins\mcufinder
2025-05-01 08:46:23,876 [INFO] ApiDb:250 - Set database path to: C:\Users\pwlub\.stmcufinder\plugins\mcufinder//mcu/
2025-05-01 08:46:23,883 [WARN] DbFile:41 - Overriding database path with different value: C:\Users\pwlub\.stmcufinder\plugins\mcufinder/ => C:\Users\pwlub\.stmcufinder\plugins\mcufinder
2025-05-01 08:46:23,883 [INFO] DbMcusAds:125 - Set database path to: C:\Users\pwlub\.stmcufinder\plugins\mcufinder//mcu/
2025-05-01 08:46:23,883 [WARN] DbFile:41 - Overriding database path with different value: C:\Users\pwlub\.stmcufinder\plugins\mcufinder/ => C:\Users\pwlub\.stmcufinder\plugins\mcufinder
2025-05-01 08:46:23,883 [WARN] DbFile:41 - Overriding database path with different value: C:\Users\pwlub\.stmcufinder\plugins\mcufinder/ => C:\Users\pwlub\.stmcufinder\plugins\mcufinder
2025-05-01 08:46:23,884 [INFO] CrossReferenceDbSqlite:203 - Set database path to: C:\Users\pwlub\.stmcufinder\plugins\mcufinder//mcu/cs/
2025-05-01 08:46:23,934 [INFO] ApplicationProperties:184 - Using Application install path: C:\ST\STM32CubeIDE_1.18.0\STM32CubeIDE\plugins\com.st.stm32cube.common.mx_6.14.0.202502271554
2025-05-01 08:46:23,937 [INFO] PluginManage:196 - Search for loadable plugins [exclusion list=, ]
2025-05-01 08:46:23,942 [INFO] PluginManage:310 - Check plugin analytics
2025-05-01 08:46:24,457 [INFO] AnalyticsPlugin:253 - Accepted Software Licenses: STM32CubeMX.6.14.0
2025-05-01 08:46:24,457 [INFO] AnalyticsPlugin:255 - Accepted CMSIS Pack Licenses: 
2025-05-01 08:46:24,458 [INFO] AnalyticsPlugin:257 - Accepted Firmware Licenses: FW.G4.1.5.0,FW.G4.1.6.0
2025-05-01 08:46:24,464 [INFO] PluginManage:359 - Loaded plugin analytics (category:tool,tabindex:-1)
2025-05-01 08:46:24,464 [INFO] PluginManage:310 - Check plugin cadmodel
2025-05-01 08:46:24,479 [INFO] CADModel:105 - Init CAD model plugin
2025-05-01 08:46:24,480 [INFO] PluginManage:359 - Loaded plugin cadmodel (category:power,tabindex:5)
2025-05-01 08:46:24,480 [INFO] PluginManage:310 - Check plugin clock
2025-05-01 08:46:24,501 [INFO] PluginManage:359 - Loaded plugin clock (category:base,tabindex:2)
2025-05-01 08:46:24,501 [INFO] PluginManage:310 - Check plugin ddr
2025-05-01 08:46:24,508 [INFO] PluginManage:359 - Loaded plugin ddr (category:tool,tabindex:6)
2025-05-01 08:46:24,508 [INFO] PluginManage:310 - Check plugin filemanager
2025-05-01 08:46:25,121 [INFO] PluginManage:359 - Loaded plugin filemanager (category:base,tabindex:10)
2025-05-01 08:46:25,121 [INFO] PluginManage:310 - Check plugin ipmanager
2025-05-01 08:46:25,134 [INFO] PluginManage:359 - Loaded plugin ipmanager (category:base,tabindex:5)
2025-05-01 08:46:25,134 [INFO] PluginManage:310 - Check plugin lpbam
2025-05-01 08:46:25,155 [INFO] PluginManage:359 - Loaded plugin lpbam (category:base,tabindex:0)
2025-05-01 08:46:25,155 [INFO] PluginManage:310 - Check plugin memorymap
2025-05-01 08:46:25,203 [INFO] PluginManage:359 - Loaded plugin memorymap (category:base,tabindex:4)
2025-05-01 08:46:25,203 [INFO] PluginManage:310 - Check plugin pinoutandconfiguration
2025-05-01 08:46:25,223 [INFO] PluginManage:359 - Loaded plugin pinoutandconfiguration (category:base,tabindex:1)
2025-05-01 08:46:25,223 [INFO] PluginManage:310 - Check plugin pinoutconfig
2025-05-01 08:46:25,468 [WARN] SupportedApi:132 - Cannot load RTOS API schema: s4s-elt-must-match.1: The content of 'definitions' must match (annotation?, (simpleType | complexType)?, (unique | key | keyref)*)). A problem was found starting at: attribute.
2025-05-01 08:46:25,888 [INFO] PluginManage:359 - Loaded plugin pinoutconfig (category:base,tabindex:0)
2025-05-01 08:46:25,889 [INFO] PluginManage:310 - Check plugin power
2025-05-01 08:46:25,912 [INFO] PluginManage:359 - Loaded plugin power (category:power,tabindex:4)
2025-05-01 08:46:25,912 [INFO] PluginManage:310 - Check plugin projectmanager
2025-05-01 08:46:26,056 [INFO] PluginManage:359 - Loaded plugin projectmanager (category:projectmanager,tabindex:4)
2025-05-01 08:46:26,056 [INFO] PluginManage:310 - Check plugin rif
2025-05-01 08:46:26,099 [INFO] PluginManage:359 - Loaded plugin rif (category:base,tabindex:3)
2025-05-01 08:46:26,099 [INFO] PluginManage:310 - Check plugin thirdparty
2025-05-01 08:46:26,467 [INFO] PluginManage:359 - Loaded plugin thirdparty (category:base,tabindex:-1)
2025-05-01 08:46:26,468 [INFO] PluginManage:310 - Check plugin tools
2025-05-01 08:46:26,467 [WARN] IntegrityCheckThread:84 - waiting for thirdparty lock release [integrity check]
2025-05-01 08:46:26,469 [INFO] IntegrityCheckThread:86 - entering critical section [integrity check]
2025-05-01 08:46:26,469 [INFO] ThirdPartyUpdaterWithRetryManager:70 - Updater plugin not ready yet. [1/15]
2025-05-01 08:46:26,475 [INFO] PluginManage:359 - Loaded plugin tools (category:base,tabindex:7)
2025-05-01 08:46:26,475 [INFO] PluginManage:310 - Check plugin tutovideos
2025-05-01 08:46:26,927 [INFO] PluginManage:359 - Loaded plugin tutovideos (category:base,tabindex:-1)
2025-05-01 08:46:26,927 [INFO] PluginManage:310 - Check plugin updater
2025-05-01 08:46:27,012 [INFO] PluginManage:359 - Loaded plugin updater (category:base,tabindex:12)
2025-05-01 08:46:27,012 [INFO] PluginManage:310 - Check plugin userauth
2025-05-01 08:46:27,020 [INFO] UserAuth:118 - Init User Auth plugin
2025-05-01 08:46:27,022 [INFO] PluginManage:359 - Loaded plugin userauth (category:base,tabindex:14)
2025-05-01 08:46:27,023 [INFO] PluginManage:283 - PluginManage : Loaded plugins [18]
2025-05-01 08:46:27,848 [INFO] PinOutPanel:1589 - setPackage(No Configuration,No Configuration)
2025-05-01 08:46:28,154 [INFO] CADModel:165 - CPN selected for project level
2025-05-01 08:46:28,155 [INFO] CADModel:114 - Register for checkConnection events
2025-05-01 08:46:28,199 [INFO] IPUIPlugin:80 - create IPUIPlugin
2025-05-01 08:46:28,200 [INFO] PluginManager:220 - loadIPPluginJar : add adc
2025-05-01 08:46:28,210 [INFO] IPUIPlugin:80 - create IPUIPlugin
2025-05-01 08:46:28,210 [INFO] PluginManager:220 - loadIPPluginJar : add aes
2025-05-01 08:46:28,217 [INFO] IPUIPlugin:80 - create IPUIPlugin
2025-05-01 08:46:28,218 [INFO] PluginManager:220 - loadIPPluginJar : add can
2025-05-01 08:46:28,223 [INFO] IPUIPlugin:80 - create IPUIPlugin
2025-05-01 08:46:28,223 [INFO] PluginManager:220 - loadIPPluginJar : add comp
2025-05-01 08:46:28,247 [INFO] IPUIPlugin:80 - create IPUIPlugin
2025-05-01 08:46:28,247 [INFO] PluginManager:220 - loadIPPluginJar : add cryp
2025-05-01 08:46:28,255 [INFO] IPUIPlugin:80 - create IPUIPlugin
2025-05-01 08:46:28,255 [INFO] PluginManager:220 - loadIPPluginJar : add ddr_ctrl_phy
2025-05-01 08:46:28,261 [INFO] IPUIPlugin:80 - create IPUIPlugin
2025-05-01 08:46:28,261 [INFO] PluginManager:220 - loadIPPluginJar : add dfsdm
2025-05-01 08:46:28,272 [INFO] IPUIPlugin:80 - create IPUIPlugin
2025-05-01 08:46:28,273 [INFO] PluginManager:220 - loadIPPluginJar : add dma
2025-05-01 08:46:28,279 [INFO] IPUIPlugin:80 - create IPUIPlugin
2025-05-01 08:46:28,280 [INFO] PluginManager:220 - loadIPPluginJar : add dma3
2025-05-01 08:46:28,287 [INFO] IPUIPlugin:80 - create IPUIPlugin
2025-05-01 08:46:28,287 [INFO] PluginManager:220 - loadIPPluginJar : add extmemmanager
2025-05-01 08:46:28,291 [INFO] IPUIPlugin:80 - create IPUIPlugin
2025-05-01 08:46:28,292 [INFO] PluginManager:220 - loadIPPluginJar : add fatfs
2025-05-01 08:46:28,301 [INFO] IPUIPlugin:80 - create IPUIPlugin
2025-05-01 08:46:28,302 [INFO] PluginManager:220 - loadIPPluginJar : add fmc
2025-05-01 08:46:28,313 [INFO] IPUIPlugin:80 - create IPUIPlugin
2025-05-01 08:46:28,313 [INFO] PluginManager:220 - loadIPPluginJar : add freertos
2025-05-01 08:46:28,329 [INFO] IPUIPlugin:80 - create IPUIPlugin
2025-05-01 08:46:28,329 [INFO] PluginManager:220 - loadIPPluginJar : add genericplugin
2025-05-01 08:46:28,334 [INFO] IPUIPlugin:80 - create IPUIPlugin
2025-05-01 08:46:28,335 [INFO] PluginManager:220 - loadIPPluginJar : add gfxmmu
2025-05-01 08:46:28,344 [INFO] IPUIPlugin:80 - create IPUIPlugin
2025-05-01 08:46:28,345 [INFO] PluginManager:220 - loadIPPluginJar : add gic
2025-05-01 08:46:28,354 [INFO] IPUIPlugin:80 - create IPUIPlugin
2025-05-01 08:46:28,355 [INFO] PluginManager:220 - loadIPPluginJar : add gpio
2025-05-01 08:46:28,362 [INFO] IPUIPlugin:80 - create IPUIPlugin
2025-05-01 08:46:28,362 [INFO] PluginManager:220 - loadIPPluginJar : add gtzc
2025-05-01 08:46:28,368 [INFO] IPUIPlugin:80 - create IPUIPlugin
2025-05-01 08:46:28,368 [INFO] PluginManager:220 - loadIPPluginJar : add hash
2025-05-01 08:46:28,418 [INFO] IPUIPlugin:80 - create IPUIPlugin
2025-05-01 08:46:28,418 [INFO] PluginManager:220 - loadIPPluginJar : add i2c
2025-05-01 08:46:28,424 [INFO] IPUIPlugin:80 - create IPUIPlugin
2025-05-01 08:46:28,425 [INFO] PluginManager:220 - loadIPPluginJar : add i2s
2025-05-01 08:46:28,430 [INFO] IPUIPlugin:80 - create IPUIPlugin
2025-05-01 08:46:28,431 [INFO] PluginManager:220 - loadIPPluginJar : add i3c
2025-05-01 08:46:28,437 [INFO] IPUIPlugin:80 - create IPUIPlugin
2025-05-01 08:46:28,437 [INFO] PluginManager:220 - loadIPPluginJar : add ipddr
2025-05-01 08:46:28,454 [INFO] IPUIPlugin:80 - create IPUIPlugin
2025-05-01 08:46:28,456 [INFO] PluginManager:220 - loadIPPluginJar : add linkedlist
2025-05-01 08:46:28,462 [INFO] IPUIPlugin:80 - create IPUIPlugin
2025-05-01 08:46:28,462 [INFO] PluginManager:220 - loadIPPluginJar : add lorawan
2025-05-01 08:46:28,466 [INFO] IPUIPlugin:80 - create IPUIPlugin
2025-05-01 08:46:28,466 [INFO] PluginManager:220 - loadIPPluginJar : add ltdc
2025-05-01 08:46:28,478 [INFO] IPUIPlugin:80 - create IPUIPlugin
2025-05-01 08:46:28,478 [INFO] PluginManager:220 - loadIPPluginJar : add mdma
2025-05-01 08:46:28,485 [INFO] IPUIPlugin:80 - create IPUIPlugin
2025-05-01 08:46:28,485 [INFO] PluginManager:220 - loadIPPluginJar : add nvic
2025-05-01 08:46:28,491 [INFO] IPUIPlugin:80 - create IPUIPlugin
2025-05-01 08:46:28,491 [INFO] PluginManager:220 - loadIPPluginJar : add opamp
2025-05-01 08:46:28,499 [INFO] IPUIPlugin:80 - create IPUIPlugin
2025-05-01 08:46:28,500 [INFO] PluginManager:220 - loadIPPluginJar : add openamp
2025-05-01 08:46:28,508 [INFO] IPUIPlugin:80 - create IPUIPlugin
2025-05-01 08:46:28,508 [INFO] PluginManager:220 - loadIPPluginJar : add pdm2pcm
2025-05-01 08:46:28,522 [INFO] IPUIPlugin:80 - create IPUIPlugin
2025-05-01 08:46:28,527 [INFO] PluginManager:220 - loadIPPluginJar : add plateformsettings
2025-05-01 08:46:28,548 [INFO] IPUIPlugin:80 - create IPUIPlugin
2025-05-01 08:46:28,548 [INFO] PluginManager:220 - loadIPPluginJar : add quadspi
2025-05-01 08:46:28,553 [INFO] IPUIPlugin:80 - create IPUIPlugin
2025-05-01 08:46:28,555 [INFO] PluginManager:220 - loadIPPluginJar : add radio
2025-05-01 08:46:28,564 [INFO] IPUIPlugin:80 - create IPUIPlugin
2025-05-01 08:46:28,564 [INFO] PluginManager:220 - loadIPPluginJar : add resmgrutility
2025-05-01 08:46:28,570 [INFO] IPUIPlugin:80 - create IPUIPlugin
2025-05-01 08:46:28,570 [INFO] PluginManager:220 - loadIPPluginJar : add sai
2025-05-01 08:46:28,575 [INFO] IPUIPlugin:80 - create IPUIPlugin
2025-05-01 08:46:28,575 [INFO] PluginManager:220 - loadIPPluginJar : add spi
2025-05-01 08:46:28,589 [INFO] IPUIPlugin:80 - create IPUIPlugin
2025-05-01 08:46:28,589 [INFO] PluginManager:220 - loadIPPluginJar : add stm32_wpan
2025-05-01 08:46:28,594 [INFO] IPUIPlugin:80 - create IPUIPlugin
2025-05-01 08:46:28,595 [INFO] PluginManager:220 - loadIPPluginJar : add tim
2025-05-01 08:46:28,601 [INFO] IPUIPlugin:80 - create IPUIPlugin
2025-05-01 08:46:28,601 [INFO] PluginManager:220 - loadIPPluginJar : add touchsensing
2025-05-01 08:46:28,606 [INFO] IPUIPlugin:80 - create IPUIPlugin
2025-05-01 08:46:28,607 [INFO] PluginManager:220 - loadIPPluginJar : add tracer_emb
2025-05-01 08:46:28,612 [INFO] IPUIPlugin:80 - create IPUIPlugin
2025-05-01 08:46:28,612 [INFO] PluginManager:220 - loadIPPluginJar : add ts
2025-05-01 08:46:28,616 [INFO] IPUIPlugin:80 - create IPUIPlugin
2025-05-01 08:46:28,616 [INFO] PluginManager:220 - loadIPPluginJar : add tsc
2025-05-01 08:46:28,620 [INFO] IPUIPlugin:80 - create IPUIPlugin
2025-05-01 08:46:28,621 [INFO] PluginManager:220 - loadIPPluginJar : add ucpd
2025-05-01 08:46:28,627 [INFO] IPUIPlugin:80 - create IPUIPlugin
2025-05-01 08:46:28,627 [INFO] PluginManager:220 - loadIPPluginJar : add usart
2025-05-01 08:46:28,634 [INFO] IPUIPlugin:80 - create IPUIPlugin
2025-05-01 08:46:28,634 [INFO] PluginManager:220 - loadIPPluginJar : add usbx
2025-05-01 08:46:29,007 [FATAL] Updater:351 - Updater called before beeing initialized
2025-05-01 08:46:29,124 [INFO] RulesReader:64 - Compatibility file has been processed (301 Rules)
2025-05-01 08:46:29,148 [INFO] RulesReader:64 - Compatibility file has been processed (301 Rules)
2025-05-01 08:46:29,162 [INFO] CADModel:165 - CPN selected for project level
2025-05-01 08:46:29,162 [INFO] CADModel:114 - Register for checkConnection events
2025-05-01 08:46:29,162 [FATAL] Updater:351 - Updater called before beeing initialized
2025-05-01 08:46:29,162 [ERROR] CADModel:125 - Updater not yet initialized, retry later 
2025-05-01 08:46:29,459 [FATAL] Updater:351 - Updater called before beeing initialized
2025-05-01 08:46:29,463 [INFO] CADModel:165 - CPN selected for project level
2025-05-01 08:46:29,464 [INFO] CADModel:114 - Register for checkConnection events
2025-05-01 08:46:29,464 [FATAL] Updater:351 - Updater called before beeing initialized
2025-05-01 08:46:29,464 [ERROR] CADModel:125 - Updater not yet initialized, retry later 
2025-05-01 08:46:29,470 [FATAL] Updater:351 - Updater called before beeing initialized
2025-05-01 08:46:29,470 [INFO] ThirdPartyUpdaterWithRetryManager:70 - Updater plugin not ready yet. [2/15]
2025-05-01 08:46:30,200 [FATAL] Updater:351 - Updater called before beeing initialized
2025-05-01 08:46:30,228 [INFO] DbMcusAds:53 - JSON generation date=Thu Mar 06 15:54:21 CET 2025 (1741272861825)
2025-05-01 08:46:30,228 [FATAL] Updater:351 - Updater called before beeing initialized
2025-05-01 08:46:30,309 [WARN] DetailPanel:346 - Failed to get advertising image, set to default
2025-05-01 08:46:30,977 [FATAL] Updater:351 - Updater called before beeing initialized
2025-05-01 08:46:30,980 [FATAL] Updater:351 - Updater called before beeing initialized
2025-05-01 08:46:30,981 [FATAL] Updater:351 - Updater called before beeing initialized
2025-05-01 08:46:30,981 [WARN] DetailPanel:346 - Failed to get advertising image, set to default
2025-05-01 08:46:30,983 [FATAL] Updater:351 - Updater called before beeing initialized
2025-05-01 08:46:31,220 [ERROR] Updater:1198 - MainUpdater not yet initialized. External WinMGr cannot be set.
2025-05-01 08:46:31,225 [INFO] Updater:1134 - Updater Version found : 6.14.0
2025-05-01 08:46:31,269 [INFO] ApplicationProperties:184 - Using Application install path: C:\ST\STM32CubeIDE_1.18.0\STM32CubeIDE\plugins\com.st.stm32cube.common.mx_6.14.0.202502271554
2025-05-01 08:46:32,471 [FATAL] Updater:351 - Updater called before beeing initialized
2025-05-01 08:46:32,471 [ERROR] IntegrityCheckThread:130 - Cannot retrieve database content from updater: error 21
2025-05-01 08:46:32,472 [INFO] ThirdParty:978 - Integrity check success = false
2025-05-01 08:46:32,472 [INFO] IntegrityCheckThread:100 - exiting critical section [integrity check]
2025-05-01 08:46:32,472 [INFO] IntegrityCheckThread:103 - End integrity checks thread
2025-05-01 08:46:32,877 [ERROR] LogOutputStream:75 - [STDERR_REDIRECT] May 01, 2025 8:46:32 AM java.util.prefs.WindowsPreferences <init>
2025-05-01 08:46:32,881 [ERROR] LogOutputStream:75 - [STDERR_REDIRECT] WARNING: Could not open/create prefs root node Software\JavaSoft\Prefs at root 0xffffffff80000002. Windows RegCreateKeyEx(...) returned error code 5.
2025-05-01 08:46:32,882 [ERROR] LogOutputStream:75 - [STDERR_REDIRECT] 
2025-05-01 08:46:33,952 [INFO] MainUpdater:2872 - connection check result : 10
2025-05-01 08:46:33,954 [INFO] MainUpdater:289 - Updater Check For Update Now.
2025-05-01 08:46:33,954 [INFO] MicroXplorer:498 - Change Database Version : DB.6.0.140
2025-05-01 08:46:33,968 [INFO] McuFinderGlobals:63 - Set McuFinder mode to 2 (CubeIDE integrated)
2025-05-01 08:46:33,985 [INFO] UserAuth:486 - Internet connection configuration mode: 1
2025-05-01 08:46:34,040 [INFO] JxBrowserEngine:152 - Initiate JxBrowser Engine with user profile folder
2025-05-01 08:46:34,469 [INFO] CheckServerUpdateThread:120 - End of CheckServer Thread
2025-05-01 08:46:37,373 [INFO] WebApp:169 - Instantiating new browser for Auth
2025-05-01 08:46:39,391 [INFO] WebApp:463 - Apply proxy settings
2025-05-01 08:46:39,392 [INFO] WebApp:548 - Chromium requires no authentication
2025-05-01 08:46:39,408 [INFO] WebApp:491 - Direct internet connection detected
2025-05-01 08:46:39,461 [INFO] WebApp:894 - Register for checkConnection events
2025-05-01 08:46:39,461 [INFO] WebApp:463 - Apply proxy settings
2025-05-01 08:46:39,462 [INFO] WebApp:548 - Chromium requires no authentication
2025-05-01 08:46:39,464 [INFO] WebApp:491 - Direct internet connection detected
2025-05-01 08:46:39,864 [INFO] WebApp:225 - Starting web application
2025-05-01 08:46:39,865 [INFO] WebApp:593 - Web application path used C:\ST\STM32CubeIDE_1.18.0\STM32CubeIDE\plugins\com.st.stm32cube.common.mx_6.14.0.202502271554\db\plugins\mcufinder\reactClient1\index.html
2025-05-01 08:46:39,986 [INFO] WebApp:191 - Connection restablished
2025-05-01 08:46:40,036 [INFO] UserAuth:486 - Internet connection configuration mode: 1
2025-05-01 08:46:41,201 [ERROR] LogOutputStream:75 - [STDERR_REDIRECT] May 01, 2025 8:46:41 AM org.glassfish.grizzly.http.server.NetworkListener start
2025-05-01 08:46:41,204 [ERROR] LogOutputStream:75 - [STDERR_REDIRECT] INFO: Started listener bound to [localhost:16721]
2025-05-01 08:46:41,204 [ERROR] LogOutputStream:75 - [STDERR_REDIRECT] 
2025-05-01 08:46:41,209 [ERROR] LogOutputStream:75 - [STDERR_REDIRECT] May 01, 2025 8:46:41 AM org.glassfish.grizzly.http.server.HttpServer start
2025-05-01 08:46:41,211 [ERROR] LogOutputStream:75 - [STDERR_REDIRECT] INFO: [HttpServer] Started.
2025-05-01 08:46:41,211 [ERROR] LogOutputStream:75 - [STDERR_REDIRECT] 
2025-05-01 08:55:35,682 [INFO] McuFinderGlobals:63 - Set McuFinder mode to 2 (CubeIDE integrated)
2025-05-01 08:55:35,692 [INFO] MainUpdater:2872 - connection check result : 10
2025-05-01 08:55:35,694 [INFO] MainUpdater:2872 - connection check result : 10
2025-05-01 08:55:35,758 [INFO] MicroXplorer:468 - Change Database Path : 
2025-05-01 08:55:35,758 [INFO] MicroXplorer:498 - Change Database Version : DB.6.0.140
2025-05-01 08:55:35,766 [WARN] ThirdParty:871 - waiting for thirdparty lock release [close project]
2025-05-01 08:55:35,766 [INFO] ThirdParty:873 - entering critical section [close project]
2025-05-01 08:55:35,773 [INFO] ThirdParty:883 - exiting critical section [close project]
2025-05-01 08:55:35,776 [INFO] PinOutPanel:1589 - setPackage(No Configuration,No Configuration)
2025-05-01 08:55:35,782 [INFO] UtilMem:75 - Begin LoadConfig() Used Memory: 753184440 Bytes (1073741824)
2025-05-01 08:55:35,818 [INFO] MicroXplorer:468 - Change Database Path : C:/Users/pwlub/.stm32cubemx/databases/DB.6.0.111/db/
2025-05-01 08:55:35,818 [INFO] MicroXplorer:498 - Change Database Version : DB.6.0.111
2025-05-01 08:55:38,793 [INFO] OpenFileManager:354 - Change cursor
2025-05-01 08:55:38,820 [WARN] IntegrityCheckThread:84 - waiting for thirdparty lock release [integrity check]
2025-05-01 08:55:38,821 [INFO] IntegrityCheckThread:86 - entering critical section [integrity check]
2025-05-01 08:55:39,159 [WARN] PackLoader:240 - Cannot read IP mode file for STMicroelectronics.FP-SNS-MOTENVWB1.1.4.0
2025-05-01 08:55:39,192 [WARN] PackLoader:240 - Cannot read IP mode file for STMicroelectronics.FP-ATR-ASTRA1.2.0.2
2025-05-01 08:55:39,229 [WARN] PackLoader:240 - Cannot read IP mode file for STMicroelectronics.X-CUBE-SMBUS.2.1.0
2025-05-01 08:55:39,258 [WARN] PackLoader:240 - Cannot read IP mode file for STMicroelectronics.X-CUBE-WB05N.1.1.0
2025-05-01 08:55:39,333 [WARN] PackLoader:240 - Cannot read IP mode file for STMicroelectronics.X-CUBE-AZRTOS-F7.1.1.0
2025-05-01 08:55:39,413 [WARN] PackLoader:240 - Cannot read IP mode file for Infineon.AIROC-Wi-Fi-Bluetooth-STM32.1.7.0
2025-05-01 08:55:39,462 [WARN] PackLoader:240 - Cannot read IP mode file for STMicroelectronics.X-CUBE-DISPLAY.3.0.0
2025-05-01 08:55:39,496 [WARN] PackLoader:240 - Cannot read IP mode file for STMicroelectronics.X-CUBE-NFC10.1.0.0
2025-05-01 08:55:39,530 [WARN] PackLoader:240 - Cannot read IP mode file for STMicroelectronics.X-CUBE-BLEMGR.4.0.0
2025-05-01 08:55:39,559 [WARN] PackLoader:240 - Cannot read IP mode file for emotas.I-CUBE-CANOPEN.1.3.0
2025-05-01 08:55:39,579 [WARN] ConditionMgr:438 - getConditionDescription Invalid condition id : Cortex-A Device cause : null
2025-05-01 08:55:39,621 [WARN] ConditionMgr:1044 - genDependencies : Invalid condition id : Cortex-A Device cause : null
2025-05-01 08:55:39,621 [WARN] ConditionMgr:1044 - genDependencies : Invalid condition id : Cortex-A Device cause : null
2025-05-01 08:55:39,622 [WARN] ConditionMgr:1044 - genDependencies : Invalid condition id : Cortex-A Device cause : null
2025-05-01 08:55:39,647 [WARN] PackLoader:240 - Cannot read IP mode file for STMicroelectronics.X-CUBE-AI.10.0.0
2025-05-01 08:55:39,674 [WARN] PackLoader:240 - Cannot read IP mode file for STMicroelectronics.FP-SNS-SMARTAG2.1.2.0
2025-05-01 08:55:39,698 [WARN] PackLoader:240 - Cannot read IP mode file for STMicroelectronics.FP-SNS-FLIGHT1.5.1.0
2025-05-01 08:55:39,815 [WARN] PackLoader:240 - Cannot read IP mode file for STMicroelectronics.X-CUBE-MEMS1.11.1.0
2025-05-01 08:55:40,035 [INFO] LogOutputStream:77 - [STDOUT_REDIRECT] 1 : Invalid condition id : UX_CORESTACK_Condition cause : null
2025-05-01 08:55:40,036 [INFO] LogOutputStream:77 - [STDOUT_REDIRECT] 1 : Invalid condition id : UX_CORESTACK_Condition cause : null
2025-05-01 08:55:40,039 [INFO] LogOutputStream:77 - [STDOUT_REDIRECT] 1 : Invalid condition id : UX_CORESTACK_Condition cause : null
2025-05-01 08:55:40,041 [INFO] LogOutputStream:77 - [STDOUT_REDIRECT] 1 : Invalid condition id : UX_CORESTACK_Condition cause : null
2025-05-01 08:55:40,042 [INFO] LogOutputStream:77 - [STDOUT_REDIRECT] 1 : Invalid condition id : UX_CORESTACK_Condition cause : null
2025-05-01 08:55:40,046 [WARN] PackLoader:240 - Cannot read IP mode file for STMicroelectronics.X-CUBE-AZRTOS-WL.2.0.0
2025-05-01 08:55:40,072 [WARN] PackLoader:240 - Cannot read IP mode file for STMicroelectronics.FP-SNS-MOTENV1.5.0.0
2025-05-01 08:55:40,097 [WARN] PackLoader:240 - Cannot read IP mode file for WES.I-CUBE-Cesium.1.3.0
2025-05-01 08:55:40,120 [WARN] PackLoader:240 - Cannot read IP mode file for STMicroelectronics.X-CUBE-BLE2.3.3.0
2025-05-01 08:55:40,144 [WARN] PackLoader:240 - Cannot read IP mode file for STMicroelectronics.X-CUBE-NFC9.1.0.0
2025-05-01 08:55:40,168 [WARN] PackLoader:240 - Cannot read IP mode file for STMicroelectronics.X-CUBE-BLE1.7.1.0
2025-05-01 08:55:40,326 [WARN] PackLoader:240 - Cannot read IP mode file for STMicroelectronics.X-CUBE-MEMS1.11.2.0
2025-05-01 08:55:40,470 [WARN] PackLoader:240 - Cannot read IP mode file for STMicroelectronics.X-CUBE-AZRTOS-G0.1.1.0
2025-05-01 08:55:40,498 [WARN] PackLoader:240 - Cannot read IP mode file for STMicroelectronics.X-CUBE-SAFEA1.1.2.2
2025-05-01 08:55:40,522 [WARN] PackLoader:240 - Cannot read IP mode file for STMicroelectronics.X-CUBE-NFC4.3.0.0
2025-05-01 08:55:40,551 [WARN] PackLoader:240 - Cannot read IP mode file for EmbeddedOffice.I-CUBE-FS-RTOS.1.0.1
2025-05-01 08:55:40,582 [WARN] PackLoader:240 - Cannot read IP mode file for STMicroelectronics.X-CUBE-WB05N.2.0.0
2025-05-01 08:55:40,608 [WARN] PackLoader:240 - Cannot read IP mode file for wolfSSL.I-CUBE-wolfTPM.3.8.0
2025-05-01 08:55:40,628 [WARN] PackLoader:240 - Cannot read IP mode file for STMicroelectronics.X-CUBE-TCPP.4.2.0
2025-05-01 08:55:40,644 [WARN] PackLoader:240 - Cannot read IP mode file for RealThread.X-CUBE-RT-Thread_Nano.4.1.1
2025-05-01 08:55:40,660 [WARN] PackLoader:240 - Cannot read IP mode file for STMicroelectronics.FP-ATR-SIGFOX1.3.2.0
2025-05-01 08:55:40,679 [WARN] PackLoader:240 - Cannot read IP mode file for STMicroelectronics.X-CUBE-EEPRMA1.5.1.0
2025-05-01 08:55:40,698 [WARN] PackLoader:240 - Cannot read IP mode file for ITTIA_DB.I-CUBE-ITTIADB.8.9.0
2025-05-01 08:55:40,740 [WARN] PackLoader:240 - Cannot read IP mode file for SEGGER.I-CUBE-embOS.1.3.1
2025-05-01 08:55:40,800 [WARN] PackLoader:240 - Cannot read IP mode file for STMicroelectronics.X-CUBE-ALGOBUILD.1.4.0
2025-05-01 08:55:40,855 [WARN] PackLoader:240 - Cannot read IP mode file for STMicroelectronics.X-CUBE-AZRTOS-F4.1.1.0
2025-05-01 08:55:40,887 [WARN] PackLoader:240 - Cannot read IP mode file for Avnet-IotConnect.X-CUBE-IoTC-DA16k-PMOD.1.0.0
2025-05-01 08:55:40,914 [WARN] PackLoader:240 - Cannot read IP mode file for STMicroelectronics.X-CUBE-ISPU.2.1.0
2025-05-01 08:55:40,959 [WARN] PackLoader:240 - Cannot read IP mode file for STMicroelectronics.X-CUBE-AZRTOS-L5.2.0.0
2025-05-01 08:55:40,988 [WARN] PackLoader:240 - Cannot read IP mode file for STMicroelectronics.X-CUBE-NFC6.3.1.0
2025-05-01 08:55:41,010 [WARN] PackLoader:240 - Cannot read IP mode file for STMicroelectronics.X-CUBE-DPower.1.2.0
2025-05-01 08:55:41,031 [WARN] PackLoader:240 - Cannot read IP mode file for STMicroelectronics.X-CUBE-FREERTOS.1.3.0
2025-05-01 08:55:41,056 [WARN] PackLoader:240 - Cannot read IP mode file for STMicroelectronics.X-CUBE-NFC7.1.0.1
2025-05-01 08:55:41,109 [WARN] ConditionMgr:438 - getConditionDescription Invalid condition id : LAN8742 Phy interface Condition cause : null
2025-05-01 08:55:41,111 [WARN] PackLoader:240 - Cannot read IP mode file for STMicroelectronics.X-CUBE-AZRTOS-L4.2.0.0
2025-05-01 08:55:41,112 [WARN] ConditionMgr:1044 - genDependencies : Invalid condition id : LAN8742 Phy interface Condition cause : null
2025-05-01 08:55:41,113 [WARN] ConditionMgr:1044 - genDependencies : Invalid condition id : LAN8742 Phy interface Condition cause : null
2025-05-01 08:55:41,114 [WARN] ConditionMgr:1044 - genDependencies : Invalid condition id : LAN8742 Phy interface Condition cause : null
2025-05-01 08:55:41,144 [WARN] PackLoader:240 - Cannot read IP mode file for STMicroelectronics.X-CUBE-SFXS2LP1.4.0.0
2025-05-01 08:55:41,206 [WARN] PackLoader:240 - Cannot read IP mode file for STMicroelectronics.X-CUBE-AZRTOS-H7.3.3.0
2025-05-01 08:55:41,247 [WARN] ConditionMgr:438 - getConditionDescription Invalid condition id : UX DEVICE CLASS RTOS Condition cause : null
2025-05-01 08:55:41,248 [WARN] ConditionMgr:438 - getConditionDescription Invalid condition id : UX DEVICE CLASS RTOS Condition cause : null
2025-05-01 08:55:41,250 [WARN] PackLoader:240 - Cannot read IP mode file for STMicroelectronics.X-CUBE-AZRTOS-WB.2.0.0
2025-05-01 08:55:41,251 [WARN] ConditionMgr:1044 - genDependencies : Invalid condition id : UX DEVICE CLASS RTOS Condition cause : null
2025-05-01 08:55:41,251 [WARN] ConditionMgr:1044 - genDependencies : Invalid condition id : UX DEVICE CLASS RTOS Condition cause : null
2025-05-01 08:55:41,252 [WARN] ConditionMgr:1044 - genDependencies : Invalid condition id : UX DEVICE CLASS RTOS Condition cause : null
2025-05-01 08:55:41,252 [WARN] ConditionMgr:1044 - genDependencies : Invalid condition id : UX DEVICE CLASS RTOS Condition cause : null
2025-05-01 08:55:41,253 [WARN] ConditionMgr:1044 - genDependencies : Invalid condition id : UX DEVICE CLASS RTOS Condition cause : null
2025-05-01 08:55:41,279 [WARN] PackLoader:240 - Cannot read IP mode file for STMicroelectronics.X-CUBE-GNSS1.7.0.1
2025-05-01 08:55:41,309 [WARN] PackLoader:240 - Cannot read IP mode file for STMicroelectronics.X-CUBE-TOUCHGFX.4.25.0
2025-05-01 08:55:41,335 [WARN] PackLoader:240 - Cannot read IP mode file for STMicroelectronics.FP-SNS-STBOX1.2.0.0
2025-05-01 08:55:41,366 [WARN] PackLoader:240 - Cannot read IP mode file for STMicroelectronics.X-CUBE-SUBG2.5.0.0
2025-05-01 08:55:41,391 [WARN] PackLoader:240 - Cannot read IP mode file for Cesanta.I-CUBE-Mongoose.7.13.0
2025-05-01 08:55:41,429 [WARN] PackLoader:240 - Cannot read IP mode file for STMicroelectronics.X-CUBE-AZRTOS-G4.2.0.0
2025-05-01 08:55:41,446 [WARN] PackLoader:240 - Cannot read IP mode file for wolfSSL.I-CUBE-wolfSSH.1.4.20
2025-05-01 08:55:41,474 [WARN] PackLoader:240 - Cannot read IP mode file for STMicroelectronics.X-CUBE-IPS.3.1.0
2025-05-01 08:55:41,503 [WARN] PackLoader:240 - Cannot read IP mode file for STMicroelectronics.X-CUBE-ALS.1.0.2
2025-05-01 08:55:41,524 [WARN] PackLoader:240 - Cannot read IP mode file for portGmbH.I-Cube-SoM-uGOAL.1.1.0
2025-05-01 08:55:41,580 [WARN] PackLoader:240 - Cannot read IP mode file for STMicroelectronics.X-CUBE-AZRTOS-H7RS.1.0.0
2025-05-01 08:55:41,626 [WARN] PackLoader:240 - Cannot read IP mode file for STMicroelectronics.X-CUBE-TOF1.3.4.2
2025-05-01 08:55:41,675 [WARN] PackLoader:240 - Cannot read IP mode file for STMicroelectronics.X-CUBE-TOF1.3.4.3
2025-05-01 08:55:41,689 [INFO] ThirdParty:978 - Integrity check success = true
2025-05-01 08:55:41,689 [INFO] IntegrityCheckThread:100 - exiting critical section [integrity check]
2025-05-01 08:55:41,689 [INFO] IntegrityCheckThread:103 - End integrity checks thread
2025-05-01 08:55:41,741 [INFO] Mcu:2011 - Initializing MCU STM32G473R(B-C-E)Tx STM32G473RCTx STM32G473RCT6
2025-05-01 08:55:48,931 [INFO] Context:756 - Trying to add GPIOservice into a context  which must be forbidden
2025-05-01 08:55:50,981 [INFO] ImportTextPane:218 - (OptionalMessage_ERROR) Pin53 (VP_RIF_VS_RIF1) cannot be retrieved for this MCU
2025-05-01 08:55:51,630 [INFO] RtosManager:558 - Registered RTOS mode: class=CMSIS, group=RTOS, mode=CMSIS_V1, owner=FREERTOS
2025-05-01 08:55:51,630 [INFO] RtosManager:558 - Registered RTOS mode: class=CMSIS, group=RTOS2, mode=CMSIS_V2, owner=FREERTOS
2025-05-01 08:55:51,630 [INFO] RtosManager:558 - Registered RTOS mode: class=RTOS, group=Core, mode=CMSIS_V1, owner=FREERTOS
2025-05-01 08:55:51,631 [INFO] RtosManager:558 - Registered RTOS mode: class=RTOS, group=Core, mode=CMSIS_V2, owner=FREERTOS
2025-05-01 08:55:51,631 [WARN] ModelIntegratedComponent:184 - Missing modes for component STMicroelectronics:FreeRTOS:0.0.1:STMicroelectronics:RTOS:FreeRTOS:Core:::10.2.0:
2025-05-01 08:55:51,698 [WARN] ModelIntegratedComponent:63 - No mode defined for component null
2025-05-01 08:55:51,698 [WARN] ModelIntegratedComponent:63 - No mode defined for component null
2025-05-01 08:55:51,698 [WARN] ModelIntegratedComponent:63 - No mode defined for component null
2025-05-01 08:55:51,698 [WARN] ModelIntegratedComponent:63 - No mode defined for component null
2025-05-01 08:55:51,698 [WARN] ModelIntegratedComponent:63 - No mode defined for component null
2025-05-01 08:55:51,698 [WARN] ModelIntegratedComponent:63 - No mode defined for component null
2025-05-01 08:55:51,698 [WARN] ModelIntegratedComponent:63 - No mode defined for component null
2025-05-01 08:55:51,698 [WARN] ModelIntegratedComponent:63 - No mode defined for component null
2025-05-01 08:55:51,698 [WARN] ModelIntegratedComponent:63 - No mode defined for component null
2025-05-01 08:55:51,699 [WARN] ModelIntegratedComponent:63 - No mode defined for component null
2025-05-01 08:55:51,699 [WARN] ModelIntegratedComponent:63 - No mode defined for component null
2025-05-01 08:55:51,699 [WARN] ModelIntegratedComponent:63 - No mode defined for component null
2025-05-01 08:55:51,699 [WARN] ModelIntegratedComponent:63 - No mode defined for component null
2025-05-01 08:55:51,699 [WARN] ModelIntegratedComponent:63 - No mode defined for component null
2025-05-01 08:55:51,699 [WARN] ModelIntegratedComponent:63 - No mode defined for component null
2025-05-01 08:55:51,699 [WARN] ModelIntegratedComponent:63 - No mode defined for component null
2025-05-01 08:55:51,699 [WARN] ModelIntegratedComponent:63 - No mode defined for component null
2025-05-01 08:55:51,699 [WARN] ModelIntegratedComponent:63 - No mode defined for component null
2025-05-01 08:55:51,700 [WARN] ModelIntegratedComponent:63 - No mode defined for component null
2025-05-01 08:55:51,700 [WARN] ModelIntegratedComponent:63 - No mode defined for component null
2025-05-01 08:55:51,700 [WARN] ModelIntegratedComponent:63 - No mode defined for component null
2025-05-01 08:55:51,700 [WARN] ModelIntegratedComponent:63 - No mode defined for component null
2025-05-01 08:55:51,700 [WARN] ModelIntegratedComponent:63 - No mode defined for component null
2025-05-01 08:55:51,700 [WARN] ModelIntegratedComponent:63 - No mode defined for component null
2025-05-01 08:55:51,700 [WARN] ModelIntegratedComponent:63 - No mode defined for component null
2025-05-01 08:55:51,700 [WARN] ModelIntegratedComponent:63 - No mode defined for component null
2025-05-01 08:55:51,700 [WARN] ModelIntegratedComponent:63 - No mode defined for component null
2025-05-01 08:55:51,701 [WARN] ModelIntegratedComponent:63 - No mode defined for component null
2025-05-01 08:55:51,701 [WARN] ModelIntegratedComponent:63 - No mode defined for component null
2025-05-01 08:55:51,701 [WARN] ModelIntegratedComponent:63 - No mode defined for component null
2025-05-01 08:55:51,701 [WARN] ModelIntegratedComponent:63 - No mode defined for component null
2025-05-01 08:55:51,701 [WARN] ModelIntegratedComponent:63 - No mode defined for component null
2025-05-01 08:55:51,701 [WARN] ModelIntegratedComponent:63 - No mode defined for component null
2025-05-01 08:55:51,701 [WARN] ModelIntegratedComponent:63 - No mode defined for component null
2025-05-01 08:55:51,701 [WARN] ModelIntegratedComponent:63 - No mode defined for component null
2025-05-01 08:55:51,701 [WARN] ModelPack:524 - Component already loaded: STMicroelectronics:HAL Drivers:0.0.0:STMicroelectronics:Device:STMicro_Driver:XSPI:HAL::0.0.1:HAL_XSPI
2025-05-01 08:55:51,977 [INFO] ThirdPartyModel:298 - Start build external matchings
2025-05-01 08:55:53,148 [INFO] ThirdPartyModel:316 - End build external matchings
2025-05-01 08:55:53,186 [INFO] RtosManager:967 - Current active RTOS is FREERTOS [Cortex-M4NS]
2025-05-01 08:55:53,205 [INFO] ImportTextPane:218 - (OptionalMessage_ERROR) IP (ADC1) : Parameter (CommonPathInternal) has invalid value (null|null|null|null)
2025-05-01 08:55:53,208 [INFO] ImportTextPane:218 - (OptionalMessage_ERROR) IP (ADC2) : Parameter (CommonPathInternal) has invalid value (null|null|null|null)
2025-05-01 08:55:53,211 [INFO] ImportTextPane:218 - (OptionalMessage_ERROR) IP (DMA) : Parameter (Instance) has Id (ADC1) currently not set
2025-05-01 08:55:53,212 [INFO] ImportTextPane:218 - (OptionalMessage_ERROR) IP (DMA) : Parameter (Request) has Id (ADC1) currently not set
2025-05-01 08:55:53,212 [INFO] ImportTextPane:218 - (OptionalMessage_ERROR) IP (DMA) : Parameter (Direction) has Id (ADC1) currently not set
2025-05-01 08:55:53,212 [INFO] ImportTextPane:218 - (OptionalMessage_ERROR) IP (DMA) : Parameter (PeriphInc) has Id (ADC1) currently not set
2025-05-01 08:55:53,212 [INFO] ImportTextPane:218 - (OptionalMessage_ERROR) IP (DMA) : Parameter (MemInc) has Id (ADC1) currently not set
2025-05-01 08:55:53,214 [INFO] ImportTextPane:218 - (OptionalMessage_ERROR) IP (DMA) : Parameter (PeriphDataAlignment) has Id (ADC1) currently not set
2025-05-01 08:55:53,215 [INFO] ImportTextPane:218 - (OptionalMessage_ERROR) IP (DMA) : Parameter (MemDataAlignment) has Id (ADC1) currently not set
2025-05-01 08:55:53,215 [INFO] ImportTextPane:218 - (OptionalMessage_ERROR) IP (DMA) : Parameter (Mode) has Id (ADC1) currently not set
2025-05-01 08:55:53,216 [INFO] ImportTextPane:218 - (OptionalMessage_ERROR) IP (DMA) : Parameter (Priority) has Id (ADC1) currently not set
2025-05-01 08:55:53,216 [INFO] ImportTextPane:218 - (OptionalMessage_ERROR) IP (DMA) : Parameter (SignalID) has Id (ADC1) currently not set
2025-05-01 08:55:53,216 [INFO] ImportTextPane:218 - (OptionalMessage_ERROR) IP (DMA) : Parameter (Polarity) has Id (ADC1) currently not set
2025-05-01 08:55:53,216 [INFO] ImportTextPane:218 - (OptionalMessage_ERROR) IP (DMA) : Parameter (RequestNumber) has Id (ADC1) currently not set
2025-05-01 08:55:53,217 [INFO] ImportTextPane:218 - (OptionalMessage_ERROR) IP (DMA) : Parameter (SyncSignalID) has Id (ADC1) currently not set
2025-05-01 08:55:53,217 [INFO] ImportTextPane:218 - (OptionalMessage_ERROR) IP (DMA) : Parameter (SyncPolarity) has Id (ADC1) currently not set
2025-05-01 08:55:53,217 [INFO] ImportTextPane:218 - (OptionalMessage_ERROR) IP (DMA) : Parameter (SyncEnable) has Id (ADC1) currently not set
2025-05-01 08:55:53,218 [INFO] ImportTextPane:218 - (OptionalMessage_ERROR) IP (DMA) : Parameter (EventEnable) has Id (ADC1) currently not set
2025-05-01 08:55:53,218 [INFO] ImportTextPane:218 - (OptionalMessage_ERROR) IP (DMA) : Parameter (SyncRequestNumber) has Id (ADC1) currently not set
2025-05-01 08:55:53,218 [INFO] ImportTextPane:218 - (OptionalMessage_ERROR) IP (DMA) : Parameter (Instance) has Id (ADC2) currently not set
2025-05-01 08:55:53,218 [INFO] ImportTextPane:218 - (OptionalMessage_ERROR) IP (DMA) : Parameter (Request) has Id (ADC2) currently not set
2025-05-01 08:55:53,219 [INFO] ImportTextPane:218 - (OptionalMessage_ERROR) IP (DMA) : Parameter (Direction) has Id (ADC2) currently not set
2025-05-01 08:55:53,219 [INFO] ImportTextPane:218 - (OptionalMessage_ERROR) IP (DMA) : Parameter (PeriphInc) has Id (ADC2) currently not set
2025-05-01 08:55:53,219 [INFO] ImportTextPane:218 - (OptionalMessage_ERROR) IP (DMA) : Parameter (MemInc) has Id (ADC2) currently not set
2025-05-01 08:55:53,219 [INFO] ImportTextPane:218 - (OptionalMessage_ERROR) IP (DMA) : Parameter (PeriphDataAlignment) has Id (ADC2) currently not set
2025-05-01 08:55:53,219 [INFO] ImportTextPane:218 - (OptionalMessage_ERROR) IP (DMA) : Parameter (MemDataAlignment) has Id (ADC2) currently not set
2025-05-01 08:55:53,220 [INFO] ImportTextPane:218 - (OptionalMessage_ERROR) IP (DMA) : Parameter (Mode) has Id (ADC2) currently not set
2025-05-01 08:55:53,220 [INFO] ImportTextPane:218 - (OptionalMessage_ERROR) IP (DMA) : Parameter (Priority) has Id (ADC2) currently not set
2025-05-01 08:55:53,220 [INFO] ImportTextPane:218 - (OptionalMessage_ERROR) IP (DMA) : Parameter (SignalID) has Id (ADC2) currently not set
2025-05-01 08:55:53,220 [INFO] ImportTextPane:218 - (OptionalMessage_ERROR) IP (DMA) : Parameter (Polarity) has Id (ADC2) currently not set
2025-05-01 08:55:53,220 [INFO] ImportTextPane:218 - (OptionalMessage_ERROR) IP (DMA) : Parameter (RequestNumber) has Id (ADC2) currently not set
2025-05-01 08:55:53,221 [INFO] ImportTextPane:218 - (OptionalMessage_ERROR) IP (DMA) : Parameter (SyncSignalID) has Id (ADC2) currently not set
2025-05-01 08:55:53,221 [INFO] ImportTextPane:218 - (OptionalMessage_ERROR) IP (DMA) : Parameter (SyncPolarity) has Id (ADC2) currently not set
2025-05-01 08:55:53,221 [INFO] ImportTextPane:218 - (OptionalMessage_ERROR) IP (DMA) : Parameter (SyncEnable) has Id (ADC2) currently not set
2025-05-01 08:55:53,221 [INFO] ImportTextPane:218 - (OptionalMessage_ERROR) IP (DMA) : Parameter (EventEnable) has Id (ADC2) currently not set
2025-05-01 08:55:53,222 [INFO] ImportTextPane:218 - (OptionalMessage_ERROR) IP (DMA) : Parameter (SyncRequestNumber) has Id (ADC2) currently not set
2025-05-01 08:55:53,223 [WARN] IP:2250 - MessageRAMOffset not found: check if there is a RefParameter without a condition.
2025-05-01 08:55:53,223 [WARN] IP:2250 - RxFifo0ElmtsNbr not found: check if there is a RefParameter without a condition.
2025-05-01 08:55:53,224 [WARN] IP:2250 - RxFifo0ElmtSize not found: check if there is a RefParameter without a condition.
2025-05-01 08:55:53,224 [WARN] IP:2250 - RxFifo1ElmtsNbr not found: check if there is a RefParameter without a condition.
2025-05-01 08:55:53,224 [WARN] IP:2250 - RxFifo1ElmtSize not found: check if there is a RefParameter without a condition.
2025-05-01 08:55:53,224 [WARN] IP:2250 - RxBuffersNbr not found: check if there is a RefParameter without a condition.
2025-05-01 08:55:53,224 [WARN] IP:2250 - RxBufferSize not found: check if there is a RefParameter without a condition.
2025-05-01 08:55:53,224 [WARN] IP:2250 - TxEventsNbr not found: check if there is a RefParameter without a condition.
2025-05-01 08:55:53,224 [WARN] IP:2250 - TxBuffersNbr not found: check if there is a RefParameter without a condition.
2025-05-01 08:55:53,224 [WARN] IP:2250 - TxFifoQueueElmtsNbr not found: check if there is a RefParameter without a condition.
2025-05-01 08:55:53,224 [WARN] IP:2250 - TxElmtSize not found: check if there is a RefParameter without a condition.
2025-05-01 08:55:53,225 [WARN] IP:2250 - ClockCalibrationCCU not found: check if there is a RefParameter without a condition.
2025-05-01 08:55:53,225 [WARN] IP:2250 - ClockDividerCCU not found: check if there is a RefParameter without a condition.
2025-05-01 08:55:53,225 [WARN] IP:2250 - MinOscClkPeriodsCCU not found: check if there is a RefParameter without a condition.
2025-05-01 08:55:53,225 [WARN] IP:2250 - TimeQuantaPerBitTimeCCU not found: check if there is a RefParameter without a condition.
2025-05-01 08:55:53,226 [WARN] IP:2250 - WatchdogStartValueCCU not found: check if there is a RefParameter without a condition.
2025-05-01 08:55:53,252 [INFO] ImportTextPane:218 - (OptionalMessage_ERROR) IP (RCC) : Invalid parameter (FamilyName)
2025-05-01 08:55:54,485 [INFO] ApiDb:581 - Connected to CubeFinder SQLite database (C:\Users\pwlub\.stmcufinder\plugins\mcufinder\mcu\cube-finder-db.db)
2025-05-01 08:55:54,675 [INFO] ApiDb:668 - CubeFinder database Data Model version=2.1
2025-05-01 08:55:54,675 [INFO] ApiDb:669 - CubeFinder database Configuration version=3.0.39
2025-05-01 08:55:54,676 [INFO] ApiDb:670 - CubeFinder database generation date=2025-03-24 (1742811287)
2025-05-01 08:55:54,676 [INFO] ApiDb:671 - CubeFinder database FW Pack versions=[FP-ATR-ASTRA1_V2.0.0, FP-SNS-FLIGHT1_V5.0.2, FP-SNS-MOTENV1_V5.0.0, FP-SNS-MOTENVWB1_V1.4.0, FP-SNS-SMARTAG2_V1.2.0, FP-SNS-STBOX1_V2.0.0, STM32Cube_FW_C0_V1.4.0, STM32Cube_FW_F4_V1.28.1, STM32Cube_FW_F7_V1.17.2, STM32Cube_FW_G0_V1.6.2, STM32Cube_FW_G4_V1.6.1, STM32Cube_FW_H5_V1.5.0, STM32Cube_FW_H7RS_V1.2.0, STM32Cube_FW_H7_V1.12.1, STM32Cube_FW_L0_V1.12.2, STM32Cube_FW_L4_V1.18.1, STM32Cube_FW_L5_V1.5.1, STM32Cube_FW_N6_V1.1.0, STM32Cube_FW_U0_V1.2.0, STM32Cube_FW_U3_V1.1.0, STM32Cube_FW_U5_V1.7.0, STM32Cube_FW_WB0_V1.2.0, STM32Cube_FW_WBA_V1.6.0, STM32Cube_FW_WB_V1.22.0, STM32Cube_FW_WL3_V1.1.0, STM32Cube_FW_WL_V1.3.1, X-CUBE-ALGOBUILD_V1.4.0, X-CUBE-ALS_V1.0.2, X-CUBE-AZRTOS-F4_V1.1.0, X-CUBE-AZRTOS-F7_V1.1.0, X-CUBE-AZRTOS-G0_V1.1.0, X-CUBE-AZRTOS-G4_V2.0.0, X-CUBE-AZRTOS-H7RS_V1.0.0, X-CUBE-AZRTOS-H7_V3.3.0, X-CUBE-AZRTOS-L4_V2.0.0, X-CUBE-AZRTOS-L5_V2.0.0, X-CUBE-AZRTOS-WB_V2.0.0, X-CUBE-AZRTOS-WL_V2.0.0, X-CUBE-BLE1_V7.1.0, X-CUBE-BLE2_V3.3.0, X-CUBE-BLEMGR_V4.0.0, X-CUBE-EEPRMA1_V5.1.0, X-CUBE-FREERTOS_V1.3.0, X-CUBE-GNSS1_V6.0.0, X-CUBE-MEMS1_V11.1.0, X-CUBE-NFC4_V3.0.0, X-CUBE-NFC7_V1.0.1, X-CUBE-SFXS2LP1_V4.0.0, X-CUBE-SUBG2_V5.0.0, X-CUBE-TOF1_V3.4.2]
2025-05-01 08:55:54,871 [INFO] DbBoardsSqlite:226 - include board P-NUCLEO-WB55-NUCLEO as a kit item of type 'Nucleo-64'
2025-05-01 08:55:54,872 [INFO] DbBoardsSqlite:226 - include board P-NUCLEO-WB55-USBDONGLE as a kit item of type 'Nucleo USB Dongle'
2025-05-01 08:55:54,873 [INFO] DbBoardsSqlite:226 - include board STEVAL-IDP005V1 as a kit item of type 'Evaluation Board'
2025-05-01 08:55:54,874 [INFO] DbBoardsSqlite:226 - include board STEVAL-IDP005V2 as a kit item of type 'Evaluation Board'
2025-05-01 08:55:55,697 [INFO] ApiDb:240 - Found 895 in-development CPN: [B-G473E-ZEST1S, B-WB1M-WPAN1, B-WBA5M-WPAN, B-WL5M-SUBG1, NUCLEO-C031C6, NUCLEO-C051C8, NUCLEO-C071RB, NUCLEO-C092RC, NUCLEO-H503RB, NUCLEO-H533RE, NUCLEO-H563ZI, NUCLEO-H7S3L8, NUCLEO-N657X0-Q, NUCLEO-U031R8, NUCLEO-U083RC, NUCLEO-U385RG-Q, NUCLEO-U545RE-Q, NUCLEO-U5A5ZJ-Q, NUCLEO-WB05KZ, NUCLEO-WB07CC, NUCLEO-WB09KE, NUCLEO-WBA52CG, NUCLEO-WBA55CG, NUCLEO-WBA65RI, NUCLEO-WL33CC1, NUCLEO-WL33CC2, STEVAL-PROTEUS1, STEVAL-SMARTAG2, STEVAL-STWINBX1, STM320518-EVAL, STM32C0116-DK, STM32C011D6Y3TR, STM32C011D6Y6TR, STM32C011F4P3, STM32C011F4P6, STM32C011F4U3, STM32C011F4U6TR, STM32C011F6P3, STM32C011F6P6, STM32C011F6U3, STM32C011F6U6TR, STM32C011J4M3, STM32C011J4M6, STM32C011J6M3, STM32C011J6M6, STM32C0316-DK, STM32C031C4T3, STM32C031C4T6, STM32C031C4U3, STM32C031C4U6, STM32C031C6T3, STM32C031C6T6, STM32C031C6U3, STM32C031C6U6, STM32C031F4P3, STM32C031F4P6, STM32C031F6P3, STM32C031F6P6, STM32C031G4U3, STM32C031G4U6, STM32C031G6U3, STM32C031G6U6, STM32C031K4T3, STM32C031K4T6, STM32C031K4U3, STM32C031K4U6, STM32C031K6T3, STM32C031K6T6, STM32C031K6U3, STM32C031K6U6, STM32C051C6T6, STM32C051C6U6, STM32C051C8T6, STM32C051C8U6, STM32C051D8Y6TR, STM32C051F6P6, STM32C051F8P6, STM32C051G6U6, STM32C051G8U6, STM32C051K6T6, STM32C051K6U6, STM32C051K8T6, STM32C071C8T6, STM32C071C8T6N, STM32C071C8U6, STM32C071C8U6N, STM32C071CBT6, STM32C071CBT6N, STM32C071CBU6, STM32C071CBU6N, STM32C071F8P6, STM32C071F8P6N, STM32C071FBP6, STM32C071FBP6N, STM32C071FBY6TR, STM32C071G8U6, STM32C071G8U6N, STM32C071GBU6, STM32C071GBU6N, STM32C071K8T6, STM32C071K8T6N, STM32C071K8U6, STM32C071K8U6N, STM32C071KBT6, STM32C071KBT6N, STM32C071KBU6, STM32C071KBU6N, STM32C071R8T6, STM32C071R8T6N, STM32C071RBI6N, STM32C071RBT6, STM32C071RBT6N, STM32C091CBT6, STM32C091CBU6, STM32C091CCT6, STM32C091CCU6, STM32C091ECY6TR, STM32C091FBP6, STM32C091FCP6, STM32C091GBU6, STM32C091GCU6, STM32C091KBT6, STM32C091KBU6, STM32C091KCT6, STM32C091KCU6, STM32C091RBT6, STM32C091RCI6, STM32C091RCT6, STM32C092CBT6, STM32C092CBU6, STM32C092CCT6, STM32C092CCU6, STM32C092ECY6TR, STM32C092FBP6, STM32C092FCP6, STM32C092GBU6, STM32C092GCU6, STM32C092KBT6, STM32C092KBU6, STM32C092KCT6, STM32C092KCU6, STM32C092RBT6, STM32C092RCI6, STM32C092RCT6, STM32G071K8TXN, STM32G071K8UXN, STM32G081GBU6N, STM32G081KBT6N, STM32G081KBUXN, STM32G0B1CCT6N, STM32G0B1KCT6, STM32G0B1NEY6TR, STM32G0B1RCT6N, STM32G0C1CCT6, STM32G0C1CCT6N, STM32G0C1CCU6N, STM32G0C1CET6N, STM32G0C1CEU6N, STM32G0C1KCT6, STM32G0C1NEY6TR, STM32G0C1RCI6N, STM32G0C1RCT6N, STM32G0C1REI6N, STM32G0C1RET6N, STM32G0C1VCI6, STM32G0C1VEI6, STM32G411C6T3, STM32G411C6T6, STM32G411C6U3, STM32G411C6U6, STM32G411C8T3, STM32G411C8T6, STM32G411C8U3, STM32G411C8U6, STM32G411CBT3, STM32G411CBT6, STM32G411CBU3, STM32G411CBU6, STM32G411CCT3, STM32G411CCT6, STM32G411CCU3, STM32G411CCU6, STM32G411K6T3, STM32G411K6T6, STM32G411K6U3, STM32G411K6U6, STM32G411K8T3, STM32G411K8T6, STM32G411K8U3, STM32G411K8U6, STM32G411KBT3, STM32G411KBT6, STM32G411KBU3, STM32G411KBU6, STM32G411M6T3, STM32G411M6T6, STM32G411M8T3, STM32G411M8T6, STM32G411MBT3, STM32G411MBT6, STM32G411MCT3, STM32G411MCT6, STM32G411R6T3, STM32G411R6T6, STM32G411R8T3, STM32G411R8T6, STM32G411RBT3, STM32G411RBT6, STM32G411RCT3, STM32G411RCT6, STM32G414CBT3, STM32G414CBT6, STM32G414CBU3, STM32G414CBU6, STM32G414CCT3, STM32G414CCT6, STM32G414CCU3, STM32G414CCU6, STM32G414MBT3, STM32G414MBT6, STM32G414MCT3, STM32G414MCT6, STM32G414RBT3, STM32G414RBT6, STM32G414RCT3, STM32G414RCT6, STM32G414VBT3, STM32G414VBT6, STM32G414VCT3, STM32G414VCT6, STM32G431CBT3Z, STM32G431RBT3Z, STM32G471CCT6, STM32G471CCU6, STM32G471CET3, STM32G471CET6, STM32G471CEU3, STM32G471CEU6, STM32G471MCT6, STM32G471MET3, STM32G471MET6, STM32G471MEY6TR, STM32G471QCT6, STM32G471QET3, STM32G471RCT6, STM32G471RET3, STM32G471RET6, STM32G471VCH6, STM32G471VCI6, STM32G471VCT6, STM32G471VEH3, STM32G471VEH6, STM32G471VEI3, STM32G471VEI6, STM32G471VET3, STM32G471VET6, STM32G473QET3Z, STM32G473RET3Z, STM32G474CCT6, STM32G491RET3Z, STM32H503CBT6, STM32H503CBU6, STM32H503EBY6TR, STM32H503KBU6, STM32H503RBT6, STM32H523CCT6, STM32H523CCU6, STM32H523CET6, STM32H523CEU6, STM32H523HEY6TR, STM32H523RCT6, STM32H523RET6, STM32H523VCI6, STM32H523VCT6, STM32H523VEI6, STM32H523VET6, STM32H523ZCJ6, STM32H523ZCT6, STM32H523ZEJ6, STM32H523ZET6, STM32H533CET6, STM32H533CEU6, STM32H533HEY6TR, STM32H533RET6, STM32H533VEI6, STM32H533VET6, STM32H533ZEJ6, STM32H533ZET6, STM32H562AGI6, STM32H562AII6, STM32H562IGK6, STM32H562IGT6, STM32H562IIK6, STM32H562IIT6, STM32H562RGT6, STM32H562RGV6, STM32H562RIT6, STM32H562RIV6, STM32H562VGT6, STM32H562VIT6, STM32H562ZGT6, STM32H562ZIT6, STM32H563AGI6, STM32H563AII3Q, STM32H563AII6, STM32H563IGK6, STM32H563IGT6, STM32H563IIK3Q, STM32H563IIK6, STM32H563IIT3Q, STM32H563IIT6, STM32H563MIY3QTR, STM32H563RGT6, STM32H563RGV6, STM32H563RIT6, STM32H563RIV6, STM32H563VGT6, STM32H563VIT3Q, STM32H563VIT6, STM32H563ZGT6, STM32H563ZIT3Q, STM32H563ZIT6, STM32H573AII3Q, STM32H573AII6, STM32H573I-DK, STM32H573IIK3Q, STM32H573IIK6, STM32H573IIT3Q, STM32H573IIT6, STM32H573MIY3QTR, STM32H573RIT6, STM32H573RIV6, STM32H573VIT3Q, STM32H573VIT6, STM32H573ZIT3Q, STM32H573ZIT6, STM32H7R3A8I6, STM32H7R3I8K6, STM32H7R3I8T6, STM32H7R3L8H6, STM32H7R3L8H6H, STM32H7R3R8V6, STM32H7R3V8H6, STM32H7R3V8T6, STM32H7R3V8Y6TR, STM32H7R3Z8J6, STM32H7R3Z8T6, STM32H7R7A8I6, STM32H7R7I8K6, STM32H7R7I8T6, STM32H7R7L8H6, STM32H7R7L8H6H, STM32H7R7Z8J6, STM32H7S3A8I6, STM32H7S3I8K6, STM32H7S3I8T6, STM32H7S3L8H6, STM32H7S3L8H6H, STM32H7S3R8V6, STM32H7S3V8H6, STM32H7S3V8T6, STM32H7S3V8Y6TR, STM32H7S3Z8J6, STM32H7S3Z8T6, STM32H7S78-DK, STM32H7S7A8I6, STM32H7S7I8K6, STM32H7S7I8T6, STM32H7S7L8H6, STM32H7S7L8H6H, STM32H7S7Z8J6, STM32L4R5QGI6STR, STM32MP131AAE3, STM32MP131AAF3, STM32MP131AAG3, STM32MP131CAE3, STM32MP131CAF3, STM32MP131CAG3, STM32MP131DAE7, STM32MP131DAF7, STM32MP131DAG7, STM32MP131FAE7, STM32MP131FAF7, STM32MP131FAG7, STM32MP133AAE3, STM32MP133AAF3, STM32MP133AAG3, STM32MP133CAE3, STM32MP133CAF3, STM32MP133CAG3, STM32MP133DAE7, STM32MP133DAF7, STM32MP133DAG7, STM32MP133FAE7, STM32MP133FAF7, STM32MP133FAG7, STM32MP135AAE3, STM32MP135AAF3, STM32MP135AAG3, STM32MP135CAE3, STM32MP135CAF3, STM32MP135CAG3, STM32MP135DAE7, STM32MP135DAF7, STM32MP135DAG7, STM32MP135F-DK, STM32MP135FAE7, STM32MP135FAF7, STM32MP135FAF7T, STM32MP135FAF7U, STM32MP135FAG7, STM32MP231AAJ3, STM32MP231AAK3, STM32MP231AAL3, STM32MP231CAJ3, STM32MP231CAK3, STM32MP231CAL3, STM32MP231DAJ3, STM32MP231DAK3, STM32MP231DAL3, STM32MP231FAJ3, STM32MP231FAK3, STM32MP231FAL3, STM32MP233AAJ3, STM32MP233AAK3, STM32MP233AAL3, STM32MP233CAJ3, STM32MP233CAK3, STM32MP233CAL3, STM32MP233DAJ3, STM32MP233DAK3, STM32MP233DAL3, STM32MP233FAJ3, STM32MP233FAK3, STM32MP233FAL3, STM32MP235AAJ3, STM32MP235AAK3, STM32MP235AAL3, STM32MP235CAJ3, STM32MP235CAK3, STM32MP235CAL3, STM32MP235DAJ3, STM32MP235DAK3, STM32MP235DAL3, STM32MP235FAJ3, STM32MP235FAK3, STM32MP235FAL3, STM32MP251AAI3, STM32MP251AAJ3, STM32MP251AAK3, STM32MP251AAL3, STM32MP251CAI3, STM32MP251CAJ3, STM32MP251CAK3, STM32MP251CAL3, STM32MP251DAI3, STM32MP251DAJ3, STM32MP251DAK3, STM32MP251DAL3, STM32MP251FAI3, STM32MP251FAJ3, STM32MP251FAK3, STM32MP251FAL3, STM32MP253AAI3, STM32MP253AAJ3, STM32MP253AAK3, STM32MP253AAL3, STM32MP253CAI3, STM32MP253CAJ3, STM32MP253CAK3, STM32MP253CAL3, STM32MP253DAI3, STM32MP253DAJ3, STM32MP253DAK3, STM32MP253DAL3, STM32MP253FAI3, STM32MP253FAJ3, STM32MP253FAK3, STM32MP253FAL3, STM32MP255AAI3, STM32MP255AAJ3, STM32MP255AAK3, STM32MP255AAL3, STM32MP255CAI3, STM32MP255CAJ3, STM32MP255CAK3, STM32MP255CAL3, STM32MP255DAI3, STM32MP255DAJ3, STM32MP255DAK3, STM32MP255DAL3, STM32MP255FAI3, STM32MP255FAJ3, STM32MP255FAK3, STM32MP255FAL3, STM32MP257AAI3, STM32MP257AAJ3, STM32MP257AAK3, STM32MP257AAL3, STM32MP257CAI3, STM32MP257CAJ3, STM32MP257CAK3, STM32MP257CAL3, STM32MP257DAI3, STM32MP257DAJ3, STM32MP257DAK3, STM32MP257DAL3, STM32MP257F-DK, STM32MP257F-EV1, STM32MP257FAI3, STM32MP257FAJ3, STM32MP257FAK3, STM32MP257FAL3, STM32N645A0H3Q, STM32N645B0H3Q, STM32N645I0H3Q, STM32N645L0H3Q, STM32N645X0H3Q, STM32N645Z0H3Q, STM32N647A0H3Q, STM32N647B0H3Q, STM32N647I0H3Q, STM32N647L0H3Q, STM32N647X0H3Q, STM32N647Z0H3Q, STM32N655A0H3Q, STM32N655B0H3Q, STM32N655I0H3Q, STM32N655L0H3Q, STM32N655X0H3Q, STM32N655Z0H3Q, STM32N6570-DK, STM32N657A0H3Q, STM32N657B0H3Q, STM32N657I0H3Q, STM32N657L0H3Q, STM32N657X0H3Q, STM32N657Z0H3Q, STM32U031C6T6, STM32U031C6U6, STM32U031C8T6, STM32U031C8U6, STM32U031F4P6, STM32U031F6P6, STM32U031F8P6, STM32U031G6Y6TR, STM32U031G8Y6TR, STM32U031K4U6, STM32U031K6U6, STM32U031K8U6, STM32U031R6I6, STM32U031R6T6, STM32U031R8I6, STM32U031R8T6, STM32U073C8T6, STM32U073C8U6, STM32U073CBT6, STM32U073CBU6, STM32U073CCT6, STM32U073CCU6, STM32U073H8Y6TR, STM32U073HBY6TR, STM32U073HCY6TR, STM32U073K8U6, STM32U073KBU6, STM32U073KCU6, STM32U073M8I6, STM32U073M8T6, STM32U073MBI6, STM32U073MBT6, STM32U073MCI6, STM32U073MCT6, STM32U073R8I6, STM32U073R8T6, STM32U073RBI6, STM32U073RBT6, STM32U073RCI6, STM32U073RCT6, STM32U083C-DK, STM32U083CCT6, STM32U083CCU6, STM32U083HCY6TR, STM32U083KCU6, STM32U083MCI6, STM32U083MCT6, STM32U083RCI6, STM32U083RCT6, STM32U375CET6, STM32U375CET6Q, STM32U375CEU6, STM32U375CEU6Q, STM32U375CEY6QTR, STM32U375CGT6, STM32U375CGT6Q, STM32U375CGU6, STM32U375CGU6Q, STM32U375CGY6QTR, STM32U375KEU6, STM32U375KGU6, STM32U375REI6, STM32U375REI6Q, STM32U375RET6, STM32U375RET6Q, STM32U375REY6GTR, STM32U375REY6QTR, STM32U375RGI6, STM32U375RGI6Q, STM32U375RGT6, STM32U375RGT6Q, STM32U375RGY6GTR, STM32U375RGY6QTR, STM32U375VEI6, STM32U375VEI6Q, STM32U375VET6, STM32U375VET6Q, STM32U375VGI6, STM32U375VGI6Q, STM32U375VGT6, STM32U375VGT6Q, STM32U385CGT6, STM32U385CGT6Q, STM32U385CGU6, STM32U385CGU6Q, STM32U385CGY6QTR, STM32U385KGU6, STM32U385RGI6, STM32U385RGI6Q, STM32U385RGT6, STM32U385RGT6Q, STM32U385RGY6GTR, STM32U385RGY6QTR, STM32U385VGI6, STM32U385VGI6Q, STM32U385VGT6, STM32U385VGT6Q, STM32U535CBT6, STM32U535CBT6Q, STM32U535CBU6, STM32U535CBU6Q, STM32U535CCT6, STM32U535CCT6Q, STM32U535CCU6, STM32U535CCU6Q, STM32U535CET6, STM32U535CET6Q, STM32U535CEU6, STM32U535CEU6Q, STM32U535JEY6QTR, STM32U535NCY6QTR, STM32U535NEY6QTR, STM32U535RBI6, STM32U535RBI6Q, STM32U535RBT6, STM32U535RBT6Q, STM32U535RCI6, STM32U535RCI6Q, STM32U535RCT6, STM32U535RCT6Q, STM32U535REI6, STM32U535REI6Q, STM32U535RET6, STM32U535RET6Q, STM32U535VCI6, STM32U535VCI6Q, STM32U535VCT6, STM32U535VCT6Q, STM32U535VEI6, STM32U535VEI6Q, STM32U535VET6, STM32U535VET6Q, STM32U545CET6, STM32U545CET6Q, STM32U545CEU6, STM32U545CEU6Q, STM32U545JEY6QTR, STM32U545NEY6QTR, STM32U545REI6, STM32U545REI6Q, STM32U545RET6, STM32U545RET6Q, STM32U545VEI6, STM32U545VEI6Q, STM32U545VET6, STM32U545VET6Q, STM32U595AIH6, STM32U595AIH6Q, STM32U595AJH6, STM32U595AJH6Q, STM32U595QII6, STM32U595QII6Q, STM32U595QJI6, STM32U595QJI6Q, STM32U595RIT6, STM32U595RIT6Q, STM32U595RJT6, STM32U595RJT6Q, STM32U595VIT6, STM32U595VIT6Q, STM32U595VJT6, STM32U595VJT6Q, STM32U595ZIT6, STM32U595ZIT6Q, STM32U595ZIY6QTR, STM32U595ZJT6, STM32U595ZJT6Q, STM32U595ZJY6QTR, STM32U599BJY6QTR, STM32U599NIH6Q, STM32U599NJH6Q, STM32U599VIT6Q, STM32U599VJT6, STM32U599VJT6Q, STM32U599ZIT6Q, STM32U599ZIY6QTR, STM32U599ZJT6Q, STM32U599ZJY6QTR, STM32U5A5AJH6, STM32U5A5AJH6Q, STM32U5A5QII3Q , STM32U5A5QJI6, STM32U5A5QJI6Q, STM32U5A5RJT6, STM32U5A5RJT6Q, STM32U5A5VJT6, STM32U5A5VJT6Q, STM32U5A5ZJT6, STM32U5A5ZJT6Q, STM32U5A5ZJY6QTR, STM32U5A9BJY6QTR, STM32U5A9J-DK, STM32U5A9NJH6Q, STM32U5A9VJT6Q, STM32U5A9ZJT6Q, STM32U5A9ZJY6QTR, STM32U5F7VIT6, STM32U5F7VIT6Q, STM32U5F7VJT6, STM32U5F7VJT6Q, STM32U5F9BJY6QTR, STM32U5F9NJH6Q, STM32U5F9VIT6Q, STM32U5F9VJT6Q, STM32U5F9ZIJ6QTR, STM32U5F9ZIT6Q, STM32U5F9ZJJ6QTR, STM32U5F9ZJT6Q, STM32U5G7VJT6, STM32U5G7VJT6Q, STM32U5G9BJY6QTR, STM32U5G9J-DK1, STM32U5G9J-DK2, STM32U5G9NJH6Q, STM32U5G9VJT6Q, STM32U5G9ZJJ6QTR, STM32U5G9ZJT6Q, STM32WB05KZV6TR, STM32WB05KZV7TR, STM32WB05TZF6TR, STM32WB05TZF7TR, STM32WB06CCF6TR, STM32WB06CCF7TR, STM32WB06CCV6TR, STM32WB06CCV7TR, STM32WB06KCV6TR, STM32WB06KCV7TR, STM32WB07CCF6TR, STM32WB07CCF7TR, STM32WB07CCV6TR, STM32WB07CCV7TR, STM32WB07KCV6TR, STM32WB07KCV7TR, STM32WB09KEV6TR, STM32WB09KEV7TR, STM32WB09TEF6TR, STM32WB09TEF7TR, STM32WB1MMCH6, STM32WBA50KGU6, STM32WBA50KGU6TR, STM32WBA52CEU6, STM32WBA52CEU6TR, STM32WBA52CEU7, STM32WBA52CEU7TR, STM32WBA52CGU6, STM32WBA52CGU6TR, STM32WBA52CGU6U, STM32WBA52CGU7, STM32WBA52CGU7TR, STM32WBA52KEU6, STM32WBA52KEU6TR, STM32WBA52KGU6, STM32WBA52KGU6TR, STM32WBA54CEU6, STM32WBA54CEU6TR, STM32WBA54CEU7, STM32WBA54CEU7TR, STM32WBA54CGU6, STM32WBA54CGU6TR, STM32WBA54CGU7, STM32WBA54CGU7TR, STM32WBA54KEU6, STM32WBA54KEU6TR, STM32WBA54KEU7, STM32WBA54KEU7TR, STM32WBA54KGU6, STM32WBA54KGU6TR, STM32WBA54KGU7, STM32WBA54KGU7TR, STM32WBA55CEU6, STM32WBA55CEU6TR, STM32WBA55CEU7, STM32WBA55CEU7TR, STM32WBA55CGU6, STM32WBA55CGU6TR, STM32WBA55CGU6U, STM32WBA55CGU7, STM32WBA55CGU7TR, STM32WBA55G-DK1, STM32WBA55HEF6, STM32WBA55HEF7, STM32WBA55HGF6, STM32WBA55HGF7, STM32WBA55UEI6, STM32WBA55UEI6TR, STM32WBA55UEI7, STM32WBA55UEI7TR, STM32WBA55UGI6, STM32WBA55UGI6TR, STM32WBA55UGI7, STM32WBA55UGI7TR, STM32WBA5MJGH6TR, STM32WBA62CGU6, STM32WBA62CIU6, STM32WBA62MGF6, STM32WBA62MIF6, STM32WBA62PGI6, STM32WBA62PII6, STM32WBA63CGU6, STM32WBA63CGU7, STM32WBA63CIU6, STM32WBA63CIU7, STM32WBA64CGU6, STM32WBA64CGU7, STM32WBA64CIU6, STM32WBA64CIU7, STM32WBA65CGU6, STM32WBA65CGU7, STM32WBA65CIU6, STM32WBA65CIU7, STM32WBA65I-DK1, STM32WBA65MGF6, STM32WBA65MGF7, STM32WBA65MIF6, STM32WBA65MIF7, STM32WBA65PGI6, STM32WBA65PGI7, STM32WBA65PII6, STM32WBA65PII7, STM32WBA65RGV6, STM32WBA65RGV7, STM32WBA65RIV6, STM32WBA65RIV7, STM32WL30K8V6, STM32WL30KBV6, STM32WL31C8V6, STM32WL31CBV6, STM32WL31K8V6, STM32WL31KBV6, STM32WL33C8V6, STM32WL33C8V6TR, STM32WL33C8V7, STM32WL33C8V7TR, STM32WL33CBV6, STM32WL33CBV6TR, STM32WL33CBV7, STM32WL33CBV7TR, STM32WL33CCV6, STM32WL33CCV6TR, STM32WL33CCV7, STM32WL33CCV7A, STM32WL33CCV7ATR, STM32WL33CCV7TR, STM32WL33K8V6, STM32WL33K8V6TR, STM32WL33K8V7, STM32WL33K8V7TR, STM32WL33KBV6, STM32WL33KBV6TR, STM32WL33KBV7, STM32WL33KBV7TR, STM32WL33KCV6, STM32WL33KCV6TR, STM32WL33KCV7, STM32WL33KCV7TR, STM32WL5MOCH6, STM32WL5MOCH6TR]
2025-05-01 08:55:56,094 [INFO] BoardInfo:889 - No configuration file found for board P-NUCLEO-WB55
2025-05-01 08:55:56,096 [INFO] DbBoards:161 - Kit is not supported: P-NUCLEO-WB55
2025-05-01 08:55:56,115 [INFO] BoardInfo:889 - No configuration file found for board STEVAL-BFA001V1B
2025-05-01 08:55:56,118 [INFO] DbBoards:161 - Kit is not supported: STEVAL-BFA001V1B
2025-05-01 08:55:56,121 [INFO] BoardInfo:889 - No configuration file found for board STEVAL-BFA001V2B
2025-05-01 08:55:56,123 [INFO] DbBoards:161 - Kit is not supported: STEVAL-BFA001V2B
2025-05-01 08:55:56,569 [INFO] DbBoards:168 - Found 211 boards, 208 are supported
2025-05-01 08:55:56,569 [INFO] DbBoards:169 - Found 211 boards, 43 of them is supported for  Bsp
2025-05-01 08:55:56,575 [INFO] ApiDb:668 - CubeFinder database Data Model version=2.1
2025-05-01 08:55:56,575 [INFO] ApiDb:669 - CubeFinder database Configuration version=3.0.39
2025-05-01 08:55:56,575 [INFO] ApiDb:670 - CubeFinder database generation date=2025-03-24 (1742811287)
2025-05-01 08:55:56,575 [INFO] ApiDb:671 - CubeFinder database FW Pack versions=[FP-ATR-ASTRA1_V2.0.0, FP-SNS-FLIGHT1_V5.0.2, FP-SNS-MOTENV1_V5.0.0, FP-SNS-MOTENVWB1_V1.4.0, FP-SNS-SMARTAG2_V1.2.0, FP-SNS-STBOX1_V2.0.0, STM32Cube_FW_C0_V1.4.0, STM32Cube_FW_F4_V1.28.1, STM32Cube_FW_F7_V1.17.2, STM32Cube_FW_G0_V1.6.2, STM32Cube_FW_G4_V1.6.1, STM32Cube_FW_H5_V1.5.0, STM32Cube_FW_H7RS_V1.2.0, STM32Cube_FW_H7_V1.12.1, STM32Cube_FW_L0_V1.12.2, STM32Cube_FW_L4_V1.18.1, STM32Cube_FW_L5_V1.5.1, STM32Cube_FW_N6_V1.1.0, STM32Cube_FW_U0_V1.2.0, STM32Cube_FW_U3_V1.1.0, STM32Cube_FW_U5_V1.7.0, STM32Cube_FW_WB0_V1.2.0, STM32Cube_FW_WBA_V1.6.0, STM32Cube_FW_WB_V1.22.0, STM32Cube_FW_WL3_V1.1.0, STM32Cube_FW_WL_V1.3.1, X-CUBE-ALGOBUILD_V1.4.0, X-CUBE-ALS_V1.0.2, X-CUBE-AZRTOS-F4_V1.1.0, X-CUBE-AZRTOS-F7_V1.1.0, X-CUBE-AZRTOS-G0_V1.1.0, X-CUBE-AZRTOS-G4_V2.0.0, X-CUBE-AZRTOS-H7RS_V1.0.0, X-CUBE-AZRTOS-H7_V3.3.0, X-CUBE-AZRTOS-L4_V2.0.0, X-CUBE-AZRTOS-L5_V2.0.0, X-CUBE-AZRTOS-WB_V2.0.0, X-CUBE-AZRTOS-WL_V2.0.0, X-CUBE-BLE1_V7.1.0, X-CUBE-BLE2_V3.3.0, X-CUBE-BLEMGR_V4.0.0, X-CUBE-EEPRMA1_V5.1.0, X-CUBE-FREERTOS_V1.3.0, X-CUBE-GNSS1_V6.0.0, X-CUBE-MEMS1_V11.1.0, X-CUBE-NFC4_V3.0.0, X-CUBE-NFC7_V1.0.1, X-CUBE-SFXS2LP1_V4.0.0, X-CUBE-SUBG2_V5.0.0, X-CUBE-TOF1_V3.4.2]
2025-05-01 08:55:59,792 [INFO] ApiDb:240 - Found 895 in-development CPN: [B-G473E-ZEST1S, B-WB1M-WPAN1, B-WBA5M-WPAN, B-WL5M-SUBG1, NUCLEO-C031C6, NUCLEO-C051C8, NUCLEO-C071RB, NUCLEO-C092RC, NUCLEO-H503RB, NUCLEO-H533RE, NUCLEO-H563ZI, NUCLEO-H7S3L8, NUCLEO-N657X0-Q, NUCLEO-U031R8, NUCLEO-U083RC, NUCLEO-U385RG-Q, NUCLEO-U545RE-Q, NUCLEO-U5A5ZJ-Q, NUCLEO-WB05KZ, NUCLEO-WB07CC, NUCLEO-WB09KE, NUCLEO-WBA52CG, NUCLEO-WBA55CG, NUCLEO-WBA65RI, NUCLEO-WL33CC1, NUCLEO-WL33CC2, STEVAL-PROTEUS1, STEVAL-SMARTAG2, STEVAL-STWINBX1, STM320518-EVAL, STM32C0116-DK, STM32C011D6Y3TR, STM32C011D6Y6TR, STM32C011F4P3, STM32C011F4P6, STM32C011F4U3, STM32C011F4U6TR, STM32C011F6P3, STM32C011F6P6, STM32C011F6U3, STM32C011F6U6TR, STM32C011J4M3, STM32C011J4M6, STM32C011J6M3, STM32C011J6M6, STM32C0316-DK, STM32C031C4T3, STM32C031C4T6, STM32C031C4U3, STM32C031C4U6, STM32C031C6T3, STM32C031C6T6, STM32C031C6U3, STM32C031C6U6, STM32C031F4P3, STM32C031F4P6, STM32C031F6P3, STM32C031F6P6, STM32C031G4U3, STM32C031G4U6, STM32C031G6U3, STM32C031G6U6, STM32C031K4T3, STM32C031K4T6, STM32C031K4U3, STM32C031K4U6, STM32C031K6T3, STM32C031K6T6, STM32C031K6U3, STM32C031K6U6, STM32C051C6T6, STM32C051C6U6, STM32C051C8T6, STM32C051C8U6, STM32C051D8Y6TR, STM32C051F6P6, STM32C051F8P6, STM32C051G6U6, STM32C051G8U6, STM32C051K6T6, STM32C051K6U6, STM32C051K8T6, STM32C071C8T6, STM32C071C8T6N, STM32C071C8U6, STM32C071C8U6N, STM32C071CBT6, STM32C071CBT6N, STM32C071CBU6, STM32C071CBU6N, STM32C071F8P6, STM32C071F8P6N, STM32C071FBP6, STM32C071FBP6N, STM32C071FBY6TR, STM32C071G8U6, STM32C071G8U6N, STM32C071GBU6, STM32C071GBU6N, STM32C071K8T6, STM32C071K8T6N, STM32C071K8U6, STM32C071K8U6N, STM32C071KBT6, STM32C071KBT6N, STM32C071KBU6, STM32C071KBU6N, STM32C071R8T6, STM32C071R8T6N, STM32C071RBI6N, STM32C071RBT6, STM32C071RBT6N, STM32C091CBT6, STM32C091CBU6, STM32C091CCT6, STM32C091CCU6, STM32C091ECY6TR, STM32C091FBP6, STM32C091FCP6, STM32C091GBU6, STM32C091GCU6, STM32C091KBT6, STM32C091KBU6, STM32C091KCT6, STM32C091KCU6, STM32C091RBT6, STM32C091RCI6, STM32C091RCT6, STM32C092CBT6, STM32C092CBU6, STM32C092CCT6, STM32C092CCU6, STM32C092ECY6TR, STM32C092FBP6, STM32C092FCP6, STM32C092GBU6, STM32C092GCU6, STM32C092KBT6, STM32C092KBU6, STM32C092KCT6, STM32C092KCU6, STM32C092RBT6, STM32C092RCI6, STM32C092RCT6, STM32G071K8TXN, STM32G071K8UXN, STM32G081GBU6N, STM32G081KBT6N, STM32G081KBUXN, STM32G0B1CCT6N, STM32G0B1KCT6, STM32G0B1NEY6TR, STM32G0B1RCT6N, STM32G0C1CCT6, STM32G0C1CCT6N, STM32G0C1CCU6N, STM32G0C1CET6N, STM32G0C1CEU6N, STM32G0C1KCT6, STM32G0C1NEY6TR, STM32G0C1RCI6N, STM32G0C1RCT6N, STM32G0C1REI6N, STM32G0C1RET6N, STM32G0C1VCI6, STM32G0C1VEI6, STM32G411C6T3, STM32G411C6T6, STM32G411C6U3, STM32G411C6U6, STM32G411C8T3, STM32G411C8T6, STM32G411C8U3, STM32G411C8U6, STM32G411CBT3, STM32G411CBT6, STM32G411CBU3, STM32G411CBU6, STM32G411CCT3, STM32G411CCT6, STM32G411CCU3, STM32G411CCU6, STM32G411K6T3, STM32G411K6T6, STM32G411K6U3, STM32G411K6U6, STM32G411K8T3, STM32G411K8T6, STM32G411K8U3, STM32G411K8U6, STM32G411KBT3, STM32G411KBT6, STM32G411KBU3, STM32G411KBU6, STM32G411M6T3, STM32G411M6T6, STM32G411M8T3, STM32G411M8T6, STM32G411MBT3, STM32G411MBT6, STM32G411MCT3, STM32G411MCT6, STM32G411R6T3, STM32G411R6T6, STM32G411R8T3, STM32G411R8T6, STM32G411RBT3, STM32G411RBT6, STM32G411RCT3, STM32G411RCT6, STM32G414CBT3, STM32G414CBT6, STM32G414CBU3, STM32G414CBU6, STM32G414CCT3, STM32G414CCT6, STM32G414CCU3, STM32G414CCU6, STM32G414MBT3, STM32G414MBT6, STM32G414MCT3, STM32G414MCT6, STM32G414RBT3, STM32G414RBT6, STM32G414RCT3, STM32G414RCT6, STM32G414VBT3, STM32G414VBT6, STM32G414VCT3, STM32G414VCT6, STM32G431CBT3Z, STM32G431RBT3Z, STM32G471CCT6, STM32G471CCU6, STM32G471CET3, STM32G471CET6, STM32G471CEU3, STM32G471CEU6, STM32G471MCT6, STM32G471MET3, STM32G471MET6, STM32G471MEY6TR, STM32G471QCT6, STM32G471QET3, STM32G471RCT6, STM32G471RET3, STM32G471RET6, STM32G471VCH6, STM32G471VCI6, STM32G471VCT6, STM32G471VEH3, STM32G471VEH6, STM32G471VEI3, STM32G471VEI6, STM32G471VET3, STM32G471VET6, STM32G473QET3Z, STM32G473RET3Z, STM32G474CCT6, STM32G491RET3Z, STM32H503CBT6, STM32H503CBU6, STM32H503EBY6TR, STM32H503KBU6, STM32H503RBT6, STM32H523CCT6, STM32H523CCU6, STM32H523CET6, STM32H523CEU6, STM32H523HEY6TR, STM32H523RCT6, STM32H523RET6, STM32H523VCI6, STM32H523VCT6, STM32H523VEI6, STM32H523VET6, STM32H523ZCJ6, STM32H523ZCT6, STM32H523ZEJ6, STM32H523ZET6, STM32H533CET6, STM32H533CEU6, STM32H533HEY6TR, STM32H533RET6, STM32H533VEI6, STM32H533VET6, STM32H533ZEJ6, STM32H533ZET6, STM32H562AGI6, STM32H562AII6, STM32H562IGK6, STM32H562IGT6, STM32H562IIK6, STM32H562IIT6, STM32H562RGT6, STM32H562RGV6, STM32H562RIT6, STM32H562RIV6, STM32H562VGT6, STM32H562VIT6, STM32H562ZGT6, STM32H562ZIT6, STM32H563AGI6, STM32H563AII3Q, STM32H563AII6, STM32H563IGK6, STM32H563IGT6, STM32H563IIK3Q, STM32H563IIK6, STM32H563IIT3Q, STM32H563IIT6, STM32H563MIY3QTR, STM32H563RGT6, STM32H563RGV6, STM32H563RIT6, STM32H563RIV6, STM32H563VGT6, STM32H563VIT3Q, STM32H563VIT6, STM32H563ZGT6, STM32H563ZIT3Q, STM32H563ZIT6, STM32H573AII3Q, STM32H573AII6, STM32H573I-DK, STM32H573IIK3Q, STM32H573IIK6, STM32H573IIT3Q, STM32H573IIT6, STM32H573MIY3QTR, STM32H573RIT6, STM32H573RIV6, STM32H573VIT3Q, STM32H573VIT6, STM32H573ZIT3Q, STM32H573ZIT6, STM32H7R3A8I6, STM32H7R3I8K6, STM32H7R3I8T6, STM32H7R3L8H6, STM32H7R3L8H6H, STM32H7R3R8V6, STM32H7R3V8H6, STM32H7R3V8T6, STM32H7R3V8Y6TR, STM32H7R3Z8J6, STM32H7R3Z8T6, STM32H7R7A8I6, STM32H7R7I8K6, STM32H7R7I8T6, STM32H7R7L8H6, STM32H7R7L8H6H, STM32H7R7Z8J6, STM32H7S3A8I6, STM32H7S3I8K6, STM32H7S3I8T6, STM32H7S3L8H6, STM32H7S3L8H6H, STM32H7S3R8V6, STM32H7S3V8H6, STM32H7S3V8T6, STM32H7S3V8Y6TR, STM32H7S3Z8J6, STM32H7S3Z8T6, STM32H7S78-DK, STM32H7S7A8I6, STM32H7S7I8K6, STM32H7S7I8T6, STM32H7S7L8H6, STM32H7S7L8H6H, STM32H7S7Z8J6, STM32L4R5QGI6STR, STM32MP131AAE3, STM32MP131AAF3, STM32MP131AAG3, STM32MP131CAE3, STM32MP131CAF3, STM32MP131CAG3, STM32MP131DAE7, STM32MP131DAF7, STM32MP131DAG7, STM32MP131FAE7, STM32MP131FAF7, STM32MP131FAG7, STM32MP133AAE3, STM32MP133AAF3, STM32MP133AAG3, STM32MP133CAE3, STM32MP133CAF3, STM32MP133CAG3, STM32MP133DAE7, STM32MP133DAF7, STM32MP133DAG7, STM32MP133FAE7, STM32MP133FAF7, STM32MP133FAG7, STM32MP135AAE3, STM32MP135AAF3, STM32MP135AAG3, STM32MP135CAE3, STM32MP135CAF3, STM32MP135CAG3, STM32MP135DAE7, STM32MP135DAF7, STM32MP135DAG7, STM32MP135F-DK, STM32MP135FAE7, STM32MP135FAF7, STM32MP135FAF7T, STM32MP135FAF7U, STM32MP135FAG7, STM32MP231AAJ3, STM32MP231AAK3, STM32MP231AAL3, STM32MP231CAJ3, STM32MP231CAK3, STM32MP231CAL3, STM32MP231DAJ3, STM32MP231DAK3, STM32MP231DAL3, STM32MP231FAJ3, STM32MP231FAK3, STM32MP231FAL3, STM32MP233AAJ3, STM32MP233AAK3, STM32MP233AAL3, STM32MP233CAJ3, STM32MP233CAK3, STM32MP233CAL3, STM32MP233DAJ3, STM32MP233DAK3, STM32MP233DAL3, STM32MP233FAJ3, STM32MP233FAK3, STM32MP233FAL3, STM32MP235AAJ3, STM32MP235AAK3, STM32MP235AAL3, STM32MP235CAJ3, STM32MP235CAK3, STM32MP235CAL3, STM32MP235DAJ3, STM32MP235DAK3, STM32MP235DAL3, STM32MP235FAJ3, STM32MP235FAK3, STM32MP235FAL3, STM32MP251AAI3, STM32MP251AAJ3, STM32MP251AAK3, STM32MP251AAL3, STM32MP251CAI3, STM32MP251CAJ3, STM32MP251CAK3, STM32MP251CAL3, STM32MP251DAI3, STM32MP251DAJ3, STM32MP251DAK3, STM32MP251DAL3, STM32MP251FAI3, STM32MP251FAJ3, STM32MP251FAK3, STM32MP251FAL3, STM32MP253AAI3, STM32MP253AAJ3, STM32MP253AAK3, STM32MP253AAL3, STM32MP253CAI3, STM32MP253CAJ3, STM32MP253CAK3, STM32MP253CAL3, STM32MP253DAI3, STM32MP253DAJ3, STM32MP253DAK3, STM32MP253DAL3, STM32MP253FAI3, STM32MP253FAJ3, STM32MP253FAK3, STM32MP253FAL3, STM32MP255AAI3, STM32MP255AAJ3, STM32MP255AAK3, STM32MP255AAL3, STM32MP255CAI3, STM32MP255CAJ3, STM32MP255CAK3, STM32MP255CAL3, STM32MP255DAI3, STM32MP255DAJ3, STM32MP255DAK3, STM32MP255DAL3, STM32MP255FAI3, STM32MP255FAJ3, STM32MP255FAK3, STM32MP255FAL3, STM32MP257AAI3, STM32MP257AAJ3, STM32MP257AAK3, STM32MP257AAL3, STM32MP257CAI3, STM32MP257CAJ3, STM32MP257CAK3, STM32MP257CAL3, STM32MP257DAI3, STM32MP257DAJ3, STM32MP257DAK3, STM32MP257DAL3, STM32MP257F-DK, STM32MP257F-EV1, STM32MP257FAI3, STM32MP257FAJ3, STM32MP257FAK3, STM32MP257FAL3, STM32N645A0H3Q, STM32N645B0H3Q, STM32N645I0H3Q, STM32N645L0H3Q, STM32N645X0H3Q, STM32N645Z0H3Q, STM32N647A0H3Q, STM32N647B0H3Q, STM32N647I0H3Q, STM32N647L0H3Q, STM32N647X0H3Q, STM32N647Z0H3Q, STM32N655A0H3Q, STM32N655B0H3Q, STM32N655I0H3Q, STM32N655L0H3Q, STM32N655X0H3Q, STM32N655Z0H3Q, STM32N6570-DK, STM32N657A0H3Q, STM32N657B0H3Q, STM32N657I0H3Q, STM32N657L0H3Q, STM32N657X0H3Q, STM32N657Z0H3Q, STM32U031C6T6, STM32U031C6U6, STM32U031C8T6, STM32U031C8U6, STM32U031F4P6, STM32U031F6P6, STM32U031F8P6, STM32U031G6Y6TR, STM32U031G8Y6TR, STM32U031K4U6, STM32U031K6U6, STM32U031K8U6, STM32U031R6I6, STM32U031R6T6, STM32U031R8I6, STM32U031R8T6, STM32U073C8T6, STM32U073C8U6, STM32U073CBT6, STM32U073CBU6, STM32U073CCT6, STM32U073CCU6, STM32U073H8Y6TR, STM32U073HBY6TR, STM32U073HCY6TR, STM32U073K8U6, STM32U073KBU6, STM32U073KCU6, STM32U073M8I6, STM32U073M8T6, STM32U073MBI6, STM32U073MBT6, STM32U073MCI6, STM32U073MCT6, STM32U073R8I6, STM32U073R8T6, STM32U073RBI6, STM32U073RBT6, STM32U073RCI6, STM32U073RCT6, STM32U083C-DK, STM32U083CCT6, STM32U083CCU6, STM32U083HCY6TR, STM32U083KCU6, STM32U083MCI6, STM32U083MCT6, STM32U083RCI6, STM32U083RCT6, STM32U375CET6, STM32U375CET6Q, STM32U375CEU6, STM32U375CEU6Q, STM32U375CEY6QTR, STM32U375CGT6, STM32U375CGT6Q, STM32U375CGU6, STM32U375CGU6Q, STM32U375CGY6QTR, STM32U375KEU6, STM32U375KGU6, STM32U375REI6, STM32U375REI6Q, STM32U375RET6, STM32U375RET6Q, STM32U375REY6GTR, STM32U375REY6QTR, STM32U375RGI6, STM32U375RGI6Q, STM32U375RGT6, STM32U375RGT6Q, STM32U375RGY6GTR, STM32U375RGY6QTR, STM32U375VEI6, STM32U375VEI6Q, STM32U375VET6, STM32U375VET6Q, STM32U375VGI6, STM32U375VGI6Q, STM32U375VGT6, STM32U375VGT6Q, STM32U385CGT6, STM32U385CGT6Q, STM32U385CGU6, STM32U385CGU6Q, STM32U385CGY6QTR, STM32U385KGU6, STM32U385RGI6, STM32U385RGI6Q, STM32U385RGT6, STM32U385RGT6Q, STM32U385RGY6GTR, STM32U385RGY6QTR, STM32U385VGI6, STM32U385VGI6Q, STM32U385VGT6, STM32U385VGT6Q, STM32U535CBT6, STM32U535CBT6Q, STM32U535CBU6, STM32U535CBU6Q, STM32U535CCT6, STM32U535CCT6Q, STM32U535CCU6, STM32U535CCU6Q, STM32U535CET6, STM32U535CET6Q, STM32U535CEU6, STM32U535CEU6Q, STM32U535JEY6QTR, STM32U535NCY6QTR, STM32U535NEY6QTR, STM32U535RBI6, STM32U535RBI6Q, STM32U535RBT6, STM32U535RBT6Q, STM32U535RCI6, STM32U535RCI6Q, STM32U535RCT6, STM32U535RCT6Q, STM32U535REI6, STM32U535REI6Q, STM32U535RET6, STM32U535RET6Q, STM32U535VCI6, STM32U535VCI6Q, STM32U535VCT6, STM32U535VCT6Q, STM32U535VEI6, STM32U535VEI6Q, STM32U535VET6, STM32U535VET6Q, STM32U545CET6, STM32U545CET6Q, STM32U545CEU6, STM32U545CEU6Q, STM32U545JEY6QTR, STM32U545NEY6QTR, STM32U545REI6, STM32U545REI6Q, STM32U545RET6, STM32U545RET6Q, STM32U545VEI6, STM32U545VEI6Q, STM32U545VET6, STM32U545VET6Q, STM32U595AIH6, STM32U595AIH6Q, STM32U595AJH6, STM32U595AJH6Q, STM32U595QII6, STM32U595QII6Q, STM32U595QJI6, STM32U595QJI6Q, STM32U595RIT6, STM32U595RIT6Q, STM32U595RJT6, STM32U595RJT6Q, STM32U595VIT6, STM32U595VIT6Q, STM32U595VJT6, STM32U595VJT6Q, STM32U595ZIT6, STM32U595ZIT6Q, STM32U595ZIY6QTR, STM32U595ZJT6, STM32U595ZJT6Q, STM32U595ZJY6QTR, STM32U599BJY6QTR, STM32U599NIH6Q, STM32U599NJH6Q, STM32U599VIT6Q, STM32U599VJT6, STM32U599VJT6Q, STM32U599ZIT6Q, STM32U599ZIY6QTR, STM32U599ZJT6Q, STM32U599ZJY6QTR, STM32U5A5AJH6, STM32U5A5AJH6Q, STM32U5A5QII3Q , STM32U5A5QJI6, STM32U5A5QJI6Q, STM32U5A5RJT6, STM32U5A5RJT6Q, STM32U5A5VJT6, STM32U5A5VJT6Q, STM32U5A5ZJT6, STM32U5A5ZJT6Q, STM32U5A5ZJY6QTR, STM32U5A9BJY6QTR, STM32U5A9J-DK, STM32U5A9NJH6Q, STM32U5A9VJT6Q, STM32U5A9ZJT6Q, STM32U5A9ZJY6QTR, STM32U5F7VIT6, STM32U5F7VIT6Q, STM32U5F7VJT6, STM32U5F7VJT6Q, STM32U5F9BJY6QTR, STM32U5F9NJH6Q, STM32U5F9VIT6Q, STM32U5F9VJT6Q, STM32U5F9ZIJ6QTR, STM32U5F9ZIT6Q, STM32U5F9ZJJ6QTR, STM32U5F9ZJT6Q, STM32U5G7VJT6, STM32U5G7VJT6Q, STM32U5G9BJY6QTR, STM32U5G9J-DK1, STM32U5G9J-DK2, STM32U5G9NJH6Q, STM32U5G9VJT6Q, STM32U5G9ZJJ6QTR, STM32U5G9ZJT6Q, STM32WB05KZV6TR, STM32WB05KZV7TR, STM32WB05TZF6TR, STM32WB05TZF7TR, STM32WB06CCF6TR, STM32WB06CCF7TR, STM32WB06CCV6TR, STM32WB06CCV7TR, STM32WB06KCV6TR, STM32WB06KCV7TR, STM32WB07CCF6TR, STM32WB07CCF7TR, STM32WB07CCV6TR, STM32WB07CCV7TR, STM32WB07KCV6TR, STM32WB07KCV7TR, STM32WB09KEV6TR, STM32WB09KEV7TR, STM32WB09TEF6TR, STM32WB09TEF7TR, STM32WB1MMCH6, STM32WBA50KGU6, STM32WBA50KGU6TR, STM32WBA52CEU6, STM32WBA52CEU6TR, STM32WBA52CEU7, STM32WBA52CEU7TR, STM32WBA52CGU6, STM32WBA52CGU6TR, STM32WBA52CGU6U, STM32WBA52CGU7, STM32WBA52CGU7TR, STM32WBA52KEU6, STM32WBA52KEU6TR, STM32WBA52KGU6, STM32WBA52KGU6TR, STM32WBA54CEU6, STM32WBA54CEU6TR, STM32WBA54CEU7, STM32WBA54CEU7TR, STM32WBA54CGU6, STM32WBA54CGU6TR, STM32WBA54CGU7, STM32WBA54CGU7TR, STM32WBA54KEU6, STM32WBA54KEU6TR, STM32WBA54KEU7, STM32WBA54KEU7TR, STM32WBA54KGU6, STM32WBA54KGU6TR, STM32WBA54KGU7, STM32WBA54KGU7TR, STM32WBA55CEU6, STM32WBA55CEU6TR, STM32WBA55CEU7, STM32WBA55CEU7TR, STM32WBA55CGU6, STM32WBA55CGU6TR, STM32WBA55CGU6U, STM32WBA55CGU7, STM32WBA55CGU7TR, STM32WBA55G-DK1, STM32WBA55HEF6, STM32WBA55HEF7, STM32WBA55HGF6, STM32WBA55HGF7, STM32WBA55UEI6, STM32WBA55UEI6TR, STM32WBA55UEI7, STM32WBA55UEI7TR, STM32WBA55UGI6, STM32WBA55UGI6TR, STM32WBA55UGI7, STM32WBA55UGI7TR, STM32WBA5MJGH6TR, STM32WBA62CGU6, STM32WBA62CIU6, STM32WBA62MGF6, STM32WBA62MIF6, STM32WBA62PGI6, STM32WBA62PII6, STM32WBA63CGU6, STM32WBA63CGU7, STM32WBA63CIU6, STM32WBA63CIU7, STM32WBA64CGU6, STM32WBA64CGU7, STM32WBA64CIU6, STM32WBA64CIU7, STM32WBA65CGU6, STM32WBA65CGU7, STM32WBA65CIU6, STM32WBA65CIU7, STM32WBA65I-DK1, STM32WBA65MGF6, STM32WBA65MGF7, STM32WBA65MIF6, STM32WBA65MIF7, STM32WBA65PGI6, STM32WBA65PGI7, STM32WBA65PII6, STM32WBA65PII7, STM32WBA65RGV6, STM32WBA65RGV7, STM32WBA65RIV6, STM32WBA65RIV7, STM32WL30K8V6, STM32WL30KBV6, STM32WL31C8V6, STM32WL31CBV6, STM32WL31K8V6, STM32WL31KBV6, STM32WL33C8V6, STM32WL33C8V6TR, STM32WL33C8V7, STM32WL33C8V7TR, STM32WL33CBV6, STM32WL33CBV6TR, STM32WL33CBV7, STM32WL33CBV7TR, STM32WL33CCV6, STM32WL33CCV6TR, STM32WL33CCV7, STM32WL33CCV7A, STM32WL33CCV7ATR, STM32WL33CCV7TR, STM32WL33K8V6, STM32WL33K8V6TR, STM32WL33K8V7, STM32WL33K8V7TR, STM32WL33KBV6, STM32WL33KBV6TR, STM32WL33KBV7, STM32WL33KBV7TR, STM32WL33KCV6, STM32WL33KCV6TR, STM32WL33KCV7, STM32WL33KCV7TR, STM32WL5MOCH6, STM32WL5MOCH6TR]
2025-05-01 08:55:59,800 [INFO] DbMcus:218 - Found 4686 MCUs, 4686 are supported
2025-05-01 08:55:59,805 [INFO] ApiDb:423 - Load user favorites file C:\Users\pwlub/.stm32cubeide/favorites.mcus.txt: 0 item(s)
2025-05-01 08:55:59,805 [INFO] ApiDb:427 - User favorites MCUs=[]
2025-05-01 08:55:59,805 [INFO] DbMcus:224 - Set 0 / 0 favorites MCUs
2025-05-01 08:56:00,762 [INFO] ApiDb:414 - User favorites file not found: C:\Users\pwlub/.stm32cubeide/favorites.boards.txt
2025-05-01 08:56:00,762 [INFO] DbBoards:198 - Set 0 / 0 favorites Boards
2025-05-01 08:56:00,842 [INFO] UtilMem:75 - End LoadConfig() Used Memory: 950759896 Bytes (1073741824)
2025-05-01 08:56:01,079 [WARN] ThirdParty:833 - waiting for thirdparty lock release [change project]
2025-05-01 08:56:01,079 [INFO] ThirdParty:835 - entering critical section [change project]
2025-05-01 08:56:01,080 [INFO] ThirdParty:1030 - CMSIS Pack Vendor :STMicroelectronics USBPD 4.1
2025-05-01 08:56:01,080 [INFO] ThirdParty:1030 - CMSIS Pack Vendor :STMicroelectronics X-CUBE-AZRTOS-H7 3.3.0
2025-05-01 08:56:01,080 [INFO] ThirdParty:1030 - CMSIS Pack Vendor :STMicroelectronics X-CUBE-NFC9 1.0.0
2025-05-01 08:56:01,080 [INFO] ThirdParty:1030 - CMSIS Pack Vendor :STMicroelectronics USB_HOST 2.0.0
2025-05-01 08:56:01,080 [INFO] ThirdParty:1030 - CMSIS Pack Vendor :STMicroelectronics FP-SNS-MOTENVWB1 1.4.0
2025-05-01 08:56:01,080 [INFO] ThirdParty:1030 - CMSIS Pack Vendor :STMicroelectronics X-CUBE-AZRTOS-F4 1.1.0
2025-05-01 08:56:01,080 [INFO] ThirdParty:1030 - CMSIS Pack Vendor :STMicroelectronics LIBJPEG 8.0.0
2025-05-01 08:56:01,080 [INFO] ThirdParty:1030 - CMSIS Pack Vendor :STMicroelectronics FP-ATR-ASTRA1 2.0.2
2025-05-01 08:56:01,080 [INFO] ThirdParty:1030 - CMSIS Pack Vendor :STMicroelectronics X-CUBE-BLE1 7.1.0
2025-05-01 08:56:01,080 [INFO] ThirdParty:1030 - CMSIS Pack Vendor :Avnet-IotConnect X-CUBE-IoTC-DA16k-PMOD 1.0.0
2025-05-01 08:56:01,080 [INFO] ThirdParty:1030 - CMSIS Pack Vendor :STMicroelectronics X-CUBE-SMBUS 2.1.0
2025-05-01 08:56:01,080 [INFO] ThirdParty:1030 - CMSIS Pack Vendor :STMicroelectronics X-CUBE-WB05N 1.1.0
2025-05-01 08:56:01,081 [INFO] ThirdParty:1030 - CMSIS Pack Vendor :STMicroelectronics USB_DEVICE 3.0.0
2025-05-01 08:56:01,081 [INFO] ThirdParty:1030 - CMSIS Pack Vendor :STMicroelectronics X-CUBE-ISPU 2.1.0
2025-05-01 08:56:01,081 [INFO] ThirdParty:1030 - CMSIS Pack Vendor :STMicroelectronics X-CUBE-AZRTOS-WB 2.0.0
2025-05-01 08:56:01,081 [INFO] ThirdParty:1030 - CMSIS Pack Vendor :STMicroelectronics X-CUBE-GNSS1 7.0.1
2025-05-01 08:56:01,081 [INFO] ThirdParty:1030 - CMSIS Pack Vendor :STMicroelectronics X-CUBE-AZRTOS-F7 1.1.0
2025-05-01 08:56:01,081 [INFO] ThirdParty:1030 - CMSIS Pack Vendor :STMicroelectronics X-CUBE-AZRTOS-L5 2.0.0
2025-05-01 08:56:01,081 [INFO] ThirdParty:1030 - CMSIS Pack Vendor :STMicroelectronics X-CUBE-TOUCHGFX 4.25.0
2025-05-01 08:56:01,081 [INFO] ThirdParty:1030 - CMSIS Pack Vendor :STMicroelectronics USB_DEVICE 2.0.0
2025-05-01 08:56:01,081 [INFO] ThirdParty:1030 - CMSIS Pack Vendor :STMicroelectronics X-CUBE-NFC6 3.1.0
2025-05-01 08:56:01,081 [INFO] ThirdParty:1030 - CMSIS Pack Vendor :STMicroelectronics FP-SNS-STBOX1 2.0.0
2025-05-01 08:56:01,081 [INFO] ThirdParty:1030 - CMSIS Pack Vendor :STMicroelectronics X-CUBE-MEMS1 11.2.0
2025-05-01 08:56:01,082 [INFO] ThirdParty:1030 - CMSIS Pack Vendor :STMicroelectronics FreeRTOS 0.0.1
2025-05-01 08:56:01,082 [INFO] ThirdParty:1030 - CMSIS Pack Vendor :STMicroelectronics X-CUBE-AZRTOS-G0 1.1.0
2025-05-01 08:56:01,082 [INFO] ThirdParty:1030 - CMSIS Pack Vendor :STMicroelectronics X-CUBE-SAFEA1 1.2.2
2025-05-01 08:56:01,082 [INFO] ThirdParty:1030 - CMSIS Pack Vendor :STMicroelectronics X-CUBE-NFC4 3.0.0
2025-05-01 08:56:01,082 [INFO] ThirdParty:1030 - CMSIS Pack Vendor :STMicroelectronics X-CUBE-DPower 1.2.0
2025-05-01 08:56:01,082 [INFO] ThirdParty:1030 - CMSIS Pack Vendor :STMicroelectronics X-CUBE-SUBG2 5.0.0
2025-05-01 08:56:01,082 [INFO] ThirdParty:1030 - CMSIS Pack Vendor :STMicroelectronics STM32_WPAN 1.0.0
2025-05-01 08:56:01,082 [INFO] ThirdParty:1030 - CMSIS Pack Vendor :EmbeddedOffice I-CUBE-FS-RTOS 1.0.1
2025-05-01 08:56:01,082 [INFO] ThirdParty:1030 - CMSIS Pack Vendor :STMicroelectronics lwIP 2.0.3
2025-05-01 08:56:01,082 [INFO] ThirdParty:1030 - CMSIS Pack Vendor :Cesanta I-CUBE-Mongoose 7.13.0
2025-05-01 08:56:01,082 [INFO] ThirdParty:1030 - CMSIS Pack Vendor :STMicroelectronics USB_HOST 1.0.0
2025-05-01 08:56:01,083 [INFO] ThirdParty:1030 - CMSIS Pack Vendor :Infineon AIROC-Wi-Fi-Bluetooth-STM32 1.7.0
2025-05-01 08:56:01,083 [INFO] ThirdParty:1030 - CMSIS Pack Vendor :STMicroelectronics X-CUBE-AZRTOS-G4 2.0.0
2025-05-01 08:56:01,083 [INFO] ThirdParty:1030 - CMSIS Pack Vendor :STMicroelectronics X-CUBE-WB05N 2.0.0
2025-05-01 08:56:01,083 [INFO] ThirdParty:1030 - CMSIS Pack Vendor :STMicroelectronics PDM2PCM 3.1.0
2025-05-01 08:56:01,083 [INFO] ThirdParty:1030 - CMSIS Pack Vendor :STMicroelectronics PDM2PCM 3.3.0
2025-05-01 08:56:01,083 [INFO] ThirdParty:1030 - CMSIS Pack Vendor :wolfSSL I-CUBE-wolfTPM 3.8.0
2025-05-01 08:56:01,083 [INFO] ThirdParty:1030 - CMSIS Pack Vendor :STMicroelectronics X-CUBE-DISPLAY 3.0.0
2025-05-01 08:56:01,083 [INFO] ThirdParty:1030 - CMSIS Pack Vendor :wolfSSL I-CUBE-wolfSSH 1.4.20
2025-05-01 08:56:01,083 [INFO] ThirdParty:1030 - CMSIS Pack Vendor :STMicroelectronics X-CUBE-TCPP 4.2.0
2025-05-01 08:56:01,083 [INFO] ThirdParty:1030 - CMSIS Pack Vendor :RealThread X-CUBE-RT-Thread_Nano 4.1.1
2025-05-01 08:56:01,083 [INFO] ThirdParty:1030 - CMSIS Pack Vendor :STMicroelectronics FP-ATR-SIGFOX1 3.2.0
2025-05-01 08:56:01,083 [INFO] ThirdParty:1030 - CMSIS Pack Vendor :STMicroelectronics X-CUBE-NFC10 1.0.0
2025-05-01 08:56:01,083 [INFO] ThirdParty:1030 - CMSIS Pack Vendor :STMicroelectronics X-CUBE-BLEMGR 4.0.0
2025-05-01 08:56:01,084 [INFO] ThirdParty:1030 - CMSIS Pack Vendor :STMicroelectronics X-CUBE-EEPRMA1 5.1.0
2025-05-01 08:56:01,084 [INFO] ThirdParty:1030 - CMSIS Pack Vendor :STMicroelectronics HAL Drivers 0.0.0
2025-05-01 08:56:01,084 [INFO] ThirdParty:1030 - CMSIS Pack Vendor :STMicroelectronics MBEDTLS 2.16.2
2025-05-01 08:56:01,084 [INFO] ThirdParty:1030 - CMSIS Pack Vendor :STMicroelectronics X-CUBE-IPS 3.1.0
2025-05-01 08:56:01,084 [INFO] ThirdParty:1030 - CMSIS Pack Vendor :STMicroelectronics X-CUBE-ALS 1.0.2
2025-05-01 08:56:01,084 [INFO] ThirdParty:1030 - CMSIS Pack Vendor :emotas I-CUBE-CANOPEN 1.3.0
2025-05-01 08:56:01,084 [INFO] ThirdParty:1030 - CMSIS Pack Vendor :STMicroelectronics X-CUBE-FREERTOS 1.3.0
2025-05-01 08:56:01,084 [INFO] ThirdParty:1030 - CMSIS Pack Vendor :STMicroelectronics X-CUBE-NFC7 1.0.1
2025-05-01 08:56:01,084 [INFO] ThirdParty:1030 - CMSIS Pack Vendor :STMicroelectronics MBEDTLS 2.14.1
2025-05-01 08:56:01,084 [INFO] ThirdParty:1030 - CMSIS Pack Vendor :ITTIA_DB I-CUBE-ITTIADB 8.9.0
2025-05-01 08:56:01,084 [INFO] ThirdParty:1030 - CMSIS Pack Vendor :portGmbH I-Cube-SoM-uGOAL 1.1.0
2025-05-01 08:56:01,084 [INFO] ThirdParty:1030 - CMSIS Pack Vendor :quantropi X-CUBE-qispace-sdk-base 2.0.0
2025-05-01 08:56:01,084 [INFO] ThirdParty:1030 - CMSIS Pack Vendor :STMicroelectronics X-CUBE-AI 10.0.0
2025-05-01 08:56:01,084 [INFO] ThirdParty:1030 - CMSIS Pack Vendor :STMicroelectronics ThreadX 1.0.0
2025-05-01 08:56:01,085 [INFO] ThirdParty:1030 - CMSIS Pack Vendor :STMicroelectronics FP-SNS-SMARTAG2 1.2.0
2025-05-01 08:56:01,085 [INFO] ThirdParty:1030 - CMSIS Pack Vendor :STMicroelectronics FP-SNS-FLIGHT1 5.1.0
2025-05-01 08:56:01,085 [INFO] ThirdParty:1030 - CMSIS Pack Vendor :STMicroelectronics X-CUBE-MEMS1 11.1.0
2025-05-01 08:56:01,085 [INFO] ThirdParty:1030 - CMSIS Pack Vendor :STMicroelectronics X-CUBE-AZRTOS-WL 2.0.0
2025-05-01 08:56:01,085 [INFO] ThirdParty:1030 - CMSIS Pack Vendor :SEGGER I-CUBE-embOS 1.3.1
2025-05-01 08:56:01,085 [INFO] ThirdParty:1030 - CMSIS Pack Vendor :STMicroelectronics X-CUBE-ALGOBUILD 1.4.0
2025-05-01 08:56:01,086 [INFO] ThirdParty:1030 - CMSIS Pack Vendor :STMicroelectronics FP-SNS-MOTENV1 5.0.0
2025-05-01 08:56:01,086 [INFO] ThirdParty:1030 - CMSIS Pack Vendor :STMicroelectronics USB_DEVICE 1.0.0
2025-05-01 08:56:01,086 [INFO] ThirdParty:1030 - CMSIS Pack Vendor :STMicroelectronics X-CUBE-AZRTOS-H7RS 1.0.0
2025-05-01 08:56:01,086 [INFO] ThirdParty:1030 - CMSIS Pack Vendor :STMicroelectronics X-CUBE-AZRTOS-L4 2.0.0
2025-05-01 08:56:01,086 [INFO] ThirdParty:1030 - CMSIS Pack Vendor :STMicroelectronics ThreadX 0.0.2
2025-05-01 08:56:01,086 [INFO] ThirdParty:1030 - CMSIS Pack Vendor :WES I-CUBE-Cesium 1.3.0
2025-05-01 08:56:01,086 [INFO] ThirdParty:1030 - CMSIS Pack Vendor :STMicroelectronics lwIP 2.1.2
2025-05-01 08:56:01,086 [INFO] ThirdParty:1030 - CMSIS Pack Vendor :STMicroelectronics X-CUBE-SFXS2LP1 4.0.0
2025-05-01 08:56:01,086 [INFO] ThirdParty:1030 - CMSIS Pack Vendor :STMicroelectronics X-CUBE-BLE2 3.3.0
2025-05-01 08:56:01,086 [INFO] ThirdParty:1030 - CMSIS Pack Vendor :STMicroelectronics X-CUBE-TOF1 3.4.2
2025-05-01 08:56:01,086 [INFO] ThirdParty:1030 - CMSIS Pack Vendor :STMicroelectronics X-CUBE-TOF1 3.4.3
2025-05-01 08:56:01,087 [INFO] ThirdParty:1030 - CMSIS Pack Vendor :STMicroelectronics PDM2PCM 3.2.0
2025-05-01 08:56:01,087 [INFO] ThirdParty:841 - exiting critical section [change project]
2025-05-01 08:56:02,435 [INFO] PinOutPanel:1589 - setPackage(No Configuration,No Configuration)
2025-05-01 08:56:02,440 [INFO] PinOutPanel:1589 - setPackage(STM32G473RCTx,LQFP64)
2025-05-01 08:56:04,499 [INFO] UtilMem:75 - Before build in PCC Used Memory: 757071872 Bytes (1073741824)
2025-05-01 08:56:07,368 [INFO] UtilMem:75 - After build in PCC Used Memory: 938475520 Bytes (1073741824)
2025-05-01 08:56:07,514 [INFO] ApiDbMcu:508 - Load IP Config File for FREERTOS
2025-05-01 08:56:07,602 [INFO] IPUIPlugin:80 - create IPUIPlugin
2025-05-01 08:56:07,602 [INFO] IPUIPlugin:80 - create IPUIPlugin
2025-05-01 08:56:07,603 [INFO] IPUIPlugin:80 - create IPUIPlugin
2025-05-01 08:56:07,603 [INFO] IPUIPlugin:80 - create IPUIPlugin
2025-05-01 08:56:07,604 [INFO] IPUIPlugin:80 - create IPUIPlugin
2025-05-01 08:56:07,605 [INFO] IPUIPlugin:80 - create IPUIPlugin
2025-05-01 08:56:07,605 [INFO] IPUIPlugin:80 - create IPUIPlugin
2025-05-01 08:56:07,605 [INFO] IPUIPlugin:80 - create IPUIPlugin
2025-05-01 08:56:07,605 [INFO] IPUIPlugin:80 - create IPUIPlugin
2025-05-01 08:56:07,605 [INFO] IPUIPlugin:80 - create IPUIPlugin
2025-05-01 08:56:07,606 [INFO] IPUIPlugin:80 - create IPUIPlugin
2025-05-01 08:56:07,606 [INFO] IPUIPlugin:80 - create IPUIPlugin
2025-05-01 08:56:07,606 [INFO] IPUIPlugin:80 - create IPUIPlugin
2025-05-01 08:56:07,607 [INFO] IPUIPlugin:80 - create IPUIPlugin
2025-05-01 08:56:07,608 [INFO] IPUIPlugin:80 - create IPUIPlugin
2025-05-01 08:56:07,608 [INFO] IPUIPlugin:80 - create IPUIPlugin
2025-05-01 08:56:07,608 [INFO] IPUIPlugin:80 - create IPUIPlugin
2025-05-01 08:56:07,608 [INFO] IPUIPlugin:80 - create IPUIPlugin
2025-05-01 08:56:07,611 [INFO] IPUIPlugin:80 - create IPUIPlugin
2025-05-01 08:56:07,611 [INFO] IPUIPlugin:80 - create IPUIPlugin
2025-05-01 08:56:07,611 [INFO] IPUIPlugin:80 - create IPUIPlugin
2025-05-01 08:56:07,611 [INFO] IPUIPlugin:80 - create IPUIPlugin
2025-05-01 08:56:07,611 [INFO] IPUIPlugin:80 - create IPUIPlugin
2025-05-01 08:56:07,612 [INFO] IPUIPlugin:80 - create IPUIPlugin
2025-05-01 08:56:07,612 [INFO] IPUIPlugin:80 - create IPUIPlugin
2025-05-01 08:56:07,613 [INFO] IPUIPlugin:80 - create IPUIPlugin
2025-05-01 08:56:07,613 [INFO] IPUIPlugin:80 - create IPUIPlugin
2025-05-01 08:56:07,614 [INFO] IPUIPlugin:80 - create IPUIPlugin
2025-05-01 08:56:07,614 [INFO] IPUIPlugin:80 - create IPUIPlugin
2025-05-01 08:56:07,614 [INFO] IPUIPlugin:80 - create IPUIPlugin
2025-05-01 08:56:07,614 [INFO] IPUIPlugin:80 - create IPUIPlugin
2025-05-01 08:56:07,615 [INFO] IPUIPlugin:80 - create IPUIPlugin
2025-05-01 08:56:07,615 [INFO] IPUIPlugin:80 - create IPUIPlugin
2025-05-01 08:56:07,616 [INFO] IPUIPlugin:80 - create IPUIPlugin
2025-05-01 08:56:07,616 [INFO] IPUIPlugin:80 - create IPUIPlugin
2025-05-01 08:56:07,617 [INFO] IPUIPlugin:80 - create IPUIPlugin
2025-05-01 08:56:07,617 [INFO] IPUIPlugin:80 - create IPUIPlugin
2025-05-01 08:56:07,618 [INFO] IPUIPlugin:80 - create IPUIPlugin
2025-05-01 08:56:07,618 [INFO] IPUIPlugin:80 - create IPUIPlugin
2025-05-01 08:56:07,619 [INFO] IPUIPlugin:80 - create IPUIPlugin
2025-05-01 08:56:07,619 [INFO] IPUIPlugin:80 - create IPUIPlugin
2025-05-01 08:56:07,621 [INFO] IPUIPlugin:80 - create IPUIPlugin
2025-05-01 08:56:07,622 [INFO] IPUIPlugin:80 - create IPUIPlugin
2025-05-01 08:56:07,622 [INFO] IPUIPlugin:80 - create IPUIPlugin
2025-05-01 08:56:07,623 [INFO] IPUIPlugin:80 - create IPUIPlugin
2025-05-01 08:56:07,623 [INFO] IPUIPlugin:80 - create IPUIPlugin
2025-05-01 08:56:07,624 [INFO] IPUIPlugin:80 - create IPUIPlugin
2025-05-01 08:56:07,625 [INFO] IPUIPlugin:80 - create IPUIPlugin
2025-05-01 08:56:07,626 [INFO] IPUIPlugin:80 - create IPUIPlugin
2025-05-01 08:56:07,627 [INFO] IPUIPlugin:80 - create IPUIPlugin
2025-05-01 08:56:07,627 [INFO] IPUIPlugin:80 - create IPUIPlugin
2025-05-01 08:56:07,628 [INFO] IPUIPlugin:80 - create IPUIPlugin
2025-05-01 08:56:07,628 [INFO] IPUIPlugin:80 - create IPUIPlugin
2025-05-01 08:56:07,628 [INFO] IPUIPlugin:80 - create IPUIPlugin
2025-05-01 08:56:07,629 [INFO] IPUIPlugin:80 - create IPUIPlugin
2025-05-01 08:56:07,629 [INFO] IPUIPlugin:80 - create IPUIPlugin
2025-05-01 08:56:07,629 [INFO] IPUIPlugin:80 - create IPUIPlugin
2025-05-01 08:56:07,630 [INFO] IPUIPlugin:80 - create IPUIPlugin
2025-05-01 08:56:07,630 [INFO] IPUIPlugin:80 - create IPUIPlugin
2025-05-01 08:56:07,630 [INFO] IPUIPlugin:80 - create IPUIPlugin
2025-05-01 08:56:07,631 [INFO] IPUIPlugin:80 - create IPUIPlugin
2025-05-01 08:56:07,631 [INFO] IPUIPlugin:80 - create IPUIPlugin
2025-05-01 08:56:07,631 [INFO] IPUIPlugin:80 - create IPUIPlugin
2025-05-01 08:56:07,632 [INFO] IPUIPlugin:80 - create IPUIPlugin
2025-05-01 08:56:07,632 [INFO] IPUIPlugin:80 - create IPUIPlugin
2025-05-01 08:56:07,632 [INFO] IPUIPlugin:80 - create IPUIPlugin
2025-05-01 08:56:07,633 [INFO] IPUIPlugin:80 - create IPUIPlugin
2025-05-01 08:56:07,633 [INFO] IPUIPlugin:80 - create IPUIPlugin
2025-05-01 08:56:07,634 [INFO] IPUIPlugin:80 - create IPUIPlugin
2025-05-01 08:56:07,635 [INFO] IPUIPlugin:80 - create IPUIPlugin
2025-05-01 08:56:07,635 [INFO] IPUIPlugin:80 - create IPUIPlugin
2025-05-01 08:56:07,636 [INFO] IPUIPlugin:80 - create IPUIPlugin
2025-05-01 08:56:07,637 [INFO] IPUIPlugin:80 - create IPUIPlugin
2025-05-01 08:56:07,638 [INFO] IPUIPlugin:80 - create IPUIPlugin
2025-05-01 08:56:07,639 [INFO] IPUIPlugin:80 - create IPUIPlugin
2025-05-01 08:56:07,639 [INFO] IPUIPlugin:80 - create IPUIPlugin
2025-05-01 08:56:07,652 [WARN] IP:2250 - MessageRAMOffset not found: check if there is a RefParameter without a condition.
2025-05-01 08:56:07,652 [WARN] IP:2250 - RxFifo0ElmtsNbr not found: check if there is a RefParameter without a condition.
2025-05-01 08:56:07,652 [WARN] IP:2250 - RxFifo0ElmtSize not found: check if there is a RefParameter without a condition.
2025-05-01 08:56:07,652 [WARN] IP:2250 - RxFifo1ElmtsNbr not found: check if there is a RefParameter without a condition.
2025-05-01 08:56:07,653 [WARN] IP:2250 - RxFifo1ElmtSize not found: check if there is a RefParameter without a condition.
2025-05-01 08:56:07,653 [WARN] IP:2250 - RxBuffersNbr not found: check if there is a RefParameter without a condition.
2025-05-01 08:56:07,653 [WARN] IP:2250 - RxBufferSize not found: check if there is a RefParameter without a condition.
2025-05-01 08:56:07,653 [WARN] IP:2250 - TxEventsNbr not found: check if there is a RefParameter without a condition.
2025-05-01 08:56:07,653 [WARN] IP:2250 - TxBuffersNbr not found: check if there is a RefParameter without a condition.
2025-05-01 08:56:07,653 [WARN] IP:2250 - TxFifoQueueElmtsNbr not found: check if there is a RefParameter without a condition.
2025-05-01 08:56:07,653 [WARN] IP:2250 - TxElmtSize not found: check if there is a RefParameter without a condition.
2025-05-01 08:56:07,653 [WARN] IP:2250 - ClockCalibrationCCU not found: check if there is a RefParameter without a condition.
2025-05-01 08:56:07,654 [WARN] IP:2250 - ClockDividerCCU not found: check if there is a RefParameter without a condition.
2025-05-01 08:56:07,654 [WARN] IP:2250 - MinOscClkPeriodsCCU not found: check if there is a RefParameter without a condition.
2025-05-01 08:56:07,654 [WARN] IP:2250 - TimeQuantaPerBitTimeCCU not found: check if there is a RefParameter without a condition.
2025-05-01 08:56:07,654 [WARN] IP:2250 - WatchdogStartValueCCU not found: check if there is a RefParameter without a condition.
2025-05-01 08:56:07,660 [INFO] LogOutputStream:77 - [STDOUT_REDIRECT] Nominal 
2025-05-01 08:56:07,661 [INFO] Can:71 - Can Add PropertyChangeListener com.st.microxplorer.plugins.ip.can.Can@7165e1d9
2025-05-01 08:56:07,708 [WARN] FreeRTOS:1023 - Null or empty value: should not occur! (nothing added to the table)
2025-05-01 08:56:08,128 [INFO] CADModel:165 - CPN selected for project levelSTM32G473RCT6
2025-05-01 08:56:08,128 [INFO] CADModel:114 - Register for checkConnection events
2025-05-01 08:56:08,133 [INFO] RtosManager:725 - Active RTOS found at IOC load: FREERTOS [Cortex-M4NS]
2025-05-01 08:56:08,208 [INFO] OpenFileManager:385 - Restore cursor
2025-05-01 08:56:08,830 [WARN] IP:2250 - MessageRAMOffset not found: check if there is a RefParameter without a condition.
2025-05-01 08:56:08,830 [WARN] IP:2250 - RxFifo0ElmtsNbr not found: check if there is a RefParameter without a condition.
2025-05-01 08:56:08,830 [WARN] IP:2250 - RxFifo0ElmtSize not found: check if there is a RefParameter without a condition.
2025-05-01 08:56:08,831 [WARN] IP:2250 - RxFifo1ElmtsNbr not found: check if there is a RefParameter without a condition.
2025-05-01 08:56:08,831 [WARN] IP:2250 - RxFifo1ElmtSize not found: check if there is a RefParameter without a condition.
2025-05-01 08:56:08,831 [WARN] IP:2250 - RxBuffersNbr not found: check if there is a RefParameter without a condition.
2025-05-01 08:56:08,831 [WARN] IP:2250 - RxBufferSize not found: check if there is a RefParameter without a condition.
2025-05-01 08:56:08,831 [WARN] IP:2250 - TxEventsNbr not found: check if there is a RefParameter without a condition.
2025-05-01 08:56:08,831 [WARN] IP:2250 - TxBuffersNbr not found: check if there is a RefParameter without a condition.
2025-05-01 08:56:08,831 [WARN] IP:2250 - TxFifoQueueElmtsNbr not found: check if there is a RefParameter without a condition.
2025-05-01 08:56:08,831 [WARN] IP:2250 - TxElmtSize not found: check if there is a RefParameter without a condition.
2025-05-01 08:56:08,832 [WARN] IP:2250 - ClockCalibrationCCU not found: check if there is a RefParameter without a condition.
2025-05-01 08:56:08,832 [WARN] IP:2250 - ClockDividerCCU not found: check if there is a RefParameter without a condition.
2025-05-01 08:56:08,832 [WARN] IP:2250 - MinOscClkPeriodsCCU not found: check if there is a RefParameter without a condition.
2025-05-01 08:56:08,832 [WARN] IP:2250 - TimeQuantaPerBitTimeCCU not found: check if there is a RefParameter without a condition.
2025-05-01 08:56:08,832 [WARN] IP:2250 - WatchdogStartValueCCU not found: check if there is a RefParameter without a condition.
2025-05-01 08:56:18,152 [INFO] ADCParametersView:116 -                Rank 1 : false
2025-05-01 08:56:18,154 [INFO] ADCParametersView:116 -                Rank 1 : false
2025-05-01 08:56:18,155 [INFO] ADCParametersView:116 -                Rank 2 : false
2025-05-01 08:56:18,156 [INFO] ADCParametersView:116 -                Rank 1 : false
2025-05-01 08:56:18,156 [INFO] ADCParametersView:116 -                Rank 2 : false
2025-05-01 08:56:18,156 [INFO] ADCParametersView:116 -                Rank 3 : false
2025-05-01 08:56:18,157 [INFO] ADCParametersView:116 -                Rank 1 : false
2025-05-01 08:56:18,158 [INFO] ADCParametersView:116 -                Rank 2 : false
2025-05-01 08:56:18,158 [INFO] ADCParametersView:116 -                Rank 3 : false
2025-05-01 08:56:18,158 [INFO] ADCParametersView:116 -                Rank 4 : false
2025-05-01 08:56:18,418 [INFO] ADCParametersView:116 -                Rank 1 : false
2025-05-01 08:56:18,418 [INFO] ADCParametersView:116 -                Rank 2 : false
2025-05-01 08:56:18,418 [INFO] ADCParametersView:116 -                Rank 3 : false
2025-05-01 08:56:18,418 [INFO] ADCParametersView:116 -                Rank 4 : false
2025-05-01 08:56:18,419 [INFO] ADCParametersView:116 -                Rank 1 : false
2025-05-01 08:56:18,419 [INFO] ADCParametersView:116 -                Rank 2 : false
2025-05-01 08:56:18,419 [INFO] ADCParametersView:116 -                Rank 3 : false
2025-05-01 08:56:18,419 [INFO] ADCParametersView:116 -                Rank 4 : false
2025-05-01 08:56:18,419 [INFO] ADCParametersView:116 -                Rank 1 : false
2025-05-01 08:56:18,420 [INFO] ADCParametersView:116 -                Rank 2 : false
2025-05-01 08:56:18,420 [INFO] ADCParametersView:116 -                Rank 3 : false
2025-05-01 08:56:18,420 [INFO] ADCParametersView:116 -                Rank 4 : false
2025-05-01 08:56:18,421 [INFO] ADCParametersView:116 -                Rank 1 : false
2025-05-01 08:56:18,421 [INFO] ADCParametersView:116 -                Rank 2 : false
2025-05-01 08:56:18,421 [INFO] ADCParametersView:116 -                Rank 3 : false
2025-05-01 08:56:18,421 [INFO] ADCParametersView:116 -                Rank 4 : false
2025-05-01 08:56:18,422 [INFO] ADCParametersView:116 -                Rank 1 : false
2025-05-01 08:56:18,422 [INFO] ADCParametersView:116 -                Rank 2 : false
2025-05-01 08:56:18,422 [INFO] ADCParametersView:116 -                Rank 3 : false
2025-05-01 08:56:18,422 [INFO] ADCParametersView:116 -                Rank 4 : false
2025-05-01 08:56:18,423 [INFO] ADCParametersView:116 -                Rank 1 : false
2025-05-01 08:56:18,423 [INFO] ADCParametersView:116 -                Rank 2 : false
2025-05-01 08:56:18,423 [INFO] ADCParametersView:116 -                Rank 3 : false
2025-05-01 08:56:18,423 [INFO] ADCParametersView:116 -                Rank 4 : false
2025-05-01 08:56:18,423 [INFO] ADCParametersView:116 -                Rank 1 : false
2025-05-01 08:56:18,424 [INFO] ADCParametersView:116 -                Rank 2 : false
2025-05-01 08:56:18,424 [INFO] ADCParametersView:116 -                Rank 3 : false
2025-05-01 08:56:18,424 [INFO] ADCParametersView:116 -                Rank 4 : false
2025-05-01 08:56:18,424 [INFO] ADCParametersView:116 -                Rank 1 : false
2025-05-01 08:56:18,425 [INFO] ADCParametersView:116 -                Rank 2 : false
2025-05-01 08:56:18,425 [INFO] ADCParametersView:116 -                Rank 3 : false
2025-05-01 08:56:18,425 [INFO] ADCParametersView:116 -                Rank 4 : false
2025-05-01 08:56:18,426 [INFO] ADCParametersView:116 -                Rank 1 : false
2025-05-01 08:56:18,426 [INFO] ADCParametersView:116 -                Rank 2 : false
2025-05-01 08:56:18,426 [INFO] ADCParametersView:116 -                Rank 3 : false
2025-05-01 08:56:18,426 [INFO] ADCParametersView:116 -                Rank 4 : false
2025-05-01 08:56:18,427 [INFO] ADCParametersView:116 -                Rank 1 : false
2025-05-01 08:56:18,427 [INFO] ADCParametersView:116 -                Rank 2 : false
2025-05-01 08:56:18,427 [INFO] ADCParametersView:116 -                Rank 3 : false
2025-05-01 08:56:18,427 [INFO] ADCParametersView:116 -                Rank 4 : false
2025-05-01 08:56:18,428 [INFO] ADCParametersView:116 -                Rank 1 : false
2025-05-01 08:56:18,428 [INFO] ADCParametersView:116 -                Rank 2 : false
2025-05-01 08:56:18,428 [INFO] ADCParametersView:116 -                Rank 3 : false
2025-05-01 08:56:18,428 [INFO] ADCParametersView:116 -                Rank 4 : false
2025-05-01 08:56:18,429 [INFO] ADCParametersView:116 -                Rank 1 : false
2025-05-01 08:56:18,429 [INFO] ADCParametersView:116 -                Rank 2 : false
2025-05-01 08:56:18,429 [INFO] ADCParametersView:116 -                Rank 3 : false
2025-05-01 08:56:18,429 [INFO] ADCParametersView:116 -                Rank 4 : false
2025-05-01 08:56:18,430 [INFO] ADCParametersView:116 -                Rank 1 : false
2025-05-01 08:56:18,430 [INFO] ADCParametersView:116 -                Rank 2 : false
2025-05-01 08:56:18,430 [INFO] ADCParametersView:116 -                Rank 3 : false
2025-05-01 08:56:18,430 [INFO] ADCParametersView:116 -                Rank 4 : false
2025-05-01 08:56:18,430 [INFO] ADCParametersView:116 -                Rank 1 : false
2025-05-01 08:56:18,430 [INFO] ADCParametersView:116 -                Rank 2 : false
2025-05-01 08:56:18,431 [INFO] ADCParametersView:116 -                Rank 3 : false
2025-05-01 08:56:18,431 [INFO] ADCParametersView:116 -                Rank 4 : false
2025-05-01 08:56:18,431 [INFO] ADCParametersView:116 -                Rank 1 : false
2025-05-01 08:56:18,431 [INFO] ADCParametersView:116 -                Rank 2 : false
2025-05-01 08:56:18,431 [INFO] ADCParametersView:116 -                Rank 3 : false
2025-05-01 08:56:18,431 [INFO] ADCParametersView:116 -                Rank 4 : false
2025-05-01 08:56:18,432 [INFO] ADCParametersView:116 -                Rank 1 : false
2025-05-01 08:56:18,432 [INFO] ADCParametersView:116 -                Rank 2 : false
2025-05-01 08:56:18,432 [INFO] ADCParametersView:116 -                Rank 3 : false
2025-05-01 08:56:18,432 [INFO] ADCParametersView:116 -                Rank 4 : false
2025-05-01 08:56:18,432 [INFO] ADCParametersView:116 -                Rank 1 : false
2025-05-01 08:56:18,432 [INFO] ADCParametersView:116 -                Rank 2 : false
2025-05-01 08:56:18,432 [INFO] ADCParametersView:116 -                Rank 3 : false
2025-05-01 08:56:18,432 [INFO] ADCParametersView:116 -                Rank 4 : false
2025-05-01 08:56:18,433 [INFO] ADCParametersView:116 -                Rank 1 : false
2025-05-01 08:56:18,433 [INFO] ADCParametersView:116 -                Rank 2 : false
2025-05-01 08:56:18,433 [INFO] ADCParametersView:116 -                Rank 3 : false
2025-05-01 08:56:18,433 [INFO] ADCParametersView:116 -                Rank 4 : false
2025-05-01 08:56:18,433 [INFO] ADCParametersView:116 -                Rank 1 : false
2025-05-01 08:56:18,433 [INFO] ADCParametersView:116 -                Rank 2 : false
2025-05-01 08:56:18,434 [INFO] ADCParametersView:116 -                Rank 3 : false
2025-05-01 08:56:18,434 [INFO] ADCParametersView:116 -                Rank 4 : false
2025-05-01 08:56:18,434 [INFO] ADCParametersView:116 -                Rank 1 : false
2025-05-01 08:56:18,434 [INFO] ADCParametersView:116 -                Rank 2 : false
2025-05-01 08:56:18,434 [INFO] ADCParametersView:116 -                Rank 3 : false
2025-05-01 08:56:18,434 [INFO] ADCParametersView:116 -                Rank 4 : false
2025-05-01 08:56:18,435 [INFO] ADCParametersView:116 -                Rank 1 : false
2025-05-01 08:56:18,435 [INFO] ADCParametersView:116 -                Rank 2 : false
2025-05-01 08:56:18,435 [INFO] ADCParametersView:116 -                Rank 3 : false
2025-05-01 08:56:18,435 [INFO] ADCParametersView:116 -                Rank 4 : false
2025-05-01 08:56:18,435 [INFO] ADCParametersView:116 -                Rank 2 : false
2025-05-01 08:56:18,435 [INFO] ADCParametersView:116 -                Rank 3 : false
2025-05-01 08:56:18,435 [INFO] ADCParametersView:116 -                Rank 4 : false
2025-05-01 08:56:18,435 [INFO] ADCParametersView:116 -                Rank 3 : false
2025-05-01 08:56:18,436 [INFO] ADCParametersView:116 -                Rank 4 : false
2025-05-01 08:56:18,436 [INFO] ADCParametersView:116 -                Rank 4 : false
2025-05-01 08:56:18,503 [INFO] ADCParametersView:116 -                Rank 1 : false
2025-05-01 08:56:18,508 [INFO] ADCParametersView:116 -                Rank 1 : false
2025-05-01 08:56:18,508 [INFO] ADCParametersView:116 -                Rank 2 : false
2025-05-01 08:56:18,509 [INFO] ADCParametersView:116 -                Rank 1 : false
2025-05-01 08:56:18,509 [INFO] ADCParametersView:116 -                Rank 2 : false
2025-05-01 08:56:18,509 [INFO] ADCParametersView:116 -                Rank 3 : false
2025-05-01 08:56:18,510 [INFO] ADCParametersView:116 -                Rank 1 : false
2025-05-01 08:56:18,510 [INFO] ADCParametersView:116 -                Rank 2 : false
2025-05-01 08:56:18,510 [INFO] ADCParametersView:116 -                Rank 3 : false
2025-05-01 08:56:18,511 [INFO] ADCParametersView:116 -                Rank 4 : false
2025-05-01 08:56:52,764 [INFO] ADCParametersView:116 -                Rank 1 : false
2025-05-01 08:56:52,765 [INFO] ADCParametersView:116 -                Rank 2 : false
2025-05-01 08:56:52,765 [INFO] ADCParametersView:116 -                Rank 3 : false
2025-05-01 08:56:52,766 [INFO] ADCParametersView:116 -                Rank 4 : false
2025-05-01 08:56:52,766 [INFO] ADCParametersView:116 -                Rank 1 : false
2025-05-01 08:56:52,767 [INFO] ADCParametersView:116 -                Rank 2 : false
2025-05-01 08:56:52,767 [INFO] ADCParametersView:116 -                Rank 3 : false
2025-05-01 08:56:52,767 [INFO] ADCParametersView:116 -                Rank 4 : false
2025-05-01 08:56:52,768 [INFO] ADCParametersView:116 -                Rank 1 : false
2025-05-01 08:56:52,768 [INFO] ADCParametersView:116 -                Rank 2 : false
2025-05-01 08:56:52,769 [INFO] ADCParametersView:116 -                Rank 3 : false
2025-05-01 08:56:52,769 [INFO] ADCParametersView:116 -                Rank 4 : false
2025-05-01 08:56:52,770 [INFO] ADCParametersView:116 -                Rank 1 : false
2025-05-01 08:56:52,770 [INFO] ADCParametersView:116 -                Rank 2 : false
2025-05-01 08:56:52,771 [INFO] ADCParametersView:116 -                Rank 3 : false
2025-05-01 08:56:52,771 [INFO] ADCParametersView:116 -                Rank 4 : false
2025-05-01 08:56:52,772 [INFO] ADCParametersView:116 -                Rank 1 : false
2025-05-01 08:56:52,773 [INFO] ADCParametersView:116 -                Rank 2 : false
2025-05-01 08:56:52,773 [INFO] ADCParametersView:116 -                Rank 3 : false
2025-05-01 08:56:52,773 [INFO] ADCParametersView:116 -                Rank 4 : false
2025-05-01 08:56:52,774 [INFO] ADCParametersView:116 -                Rank 1 : false
2025-05-01 08:56:52,775 [INFO] ADCParametersView:116 -                Rank 2 : false
2025-05-01 08:56:52,775 [INFO] ADCParametersView:116 -                Rank 3 : false
2025-05-01 08:56:52,775 [INFO] ADCParametersView:116 -                Rank 4 : false
2025-05-01 08:56:52,775 [INFO] ADCParametersView:116 -                Rank 1 : false
2025-05-01 08:56:52,776 [INFO] ADCParametersView:116 -                Rank 2 : false
2025-05-01 08:56:52,776 [INFO] ADCParametersView:116 -                Rank 3 : false
2025-05-01 08:56:52,776 [INFO] ADCParametersView:116 -                Rank 4 : false
2025-05-01 08:56:52,777 [INFO] ADCParametersView:116 -                Rank 1 : false
2025-05-01 08:56:52,777 [INFO] ADCParametersView:116 -                Rank 2 : false
2025-05-01 08:56:52,777 [INFO] ADCParametersView:116 -                Rank 3 : false
2025-05-01 08:56:52,777 [INFO] ADCParametersView:116 -                Rank 4 : false
2025-05-01 08:56:52,778 [INFO] ADCParametersView:116 -                Rank 1 : false
2025-05-01 08:56:52,778 [INFO] ADCParametersView:116 -                Rank 2 : false
2025-05-01 08:56:52,778 [INFO] ADCParametersView:116 -                Rank 3 : false
2025-05-01 08:56:52,778 [INFO] ADCParametersView:116 -                Rank 4 : false
2025-05-01 08:56:52,779 [INFO] ADCParametersView:116 -                Rank 1 : false
2025-05-01 08:56:52,780 [INFO] ADCParametersView:116 -                Rank 2 : false
2025-05-01 08:56:52,780 [INFO] ADCParametersView:116 -                Rank 3 : false
2025-05-01 08:56:52,780 [INFO] ADCParametersView:116 -                Rank 4 : false
2025-05-01 08:56:52,780 [INFO] ADCParametersView:116 -                Rank 1 : false
2025-05-01 08:56:52,780 [INFO] ADCParametersView:116 -                Rank 2 : false
2025-05-01 08:56:52,780 [INFO] ADCParametersView:116 -                Rank 3 : false
2025-05-01 08:56:52,780 [INFO] ADCParametersView:116 -                Rank 4 : false
2025-05-01 08:56:52,781 [INFO] ADCParametersView:116 -                Rank 1 : false
2025-05-01 08:56:52,781 [INFO] ADCParametersView:116 -                Rank 2 : false
2025-05-01 08:56:52,781 [INFO] ADCParametersView:116 -                Rank 3 : false
2025-05-01 08:56:52,781 [INFO] ADCParametersView:116 -                Rank 4 : false
2025-05-01 08:56:52,781 [INFO] ADCParametersView:116 -                Rank 1 : false
2025-05-01 08:56:52,781 [INFO] ADCParametersView:116 -                Rank 2 : false
2025-05-01 08:56:52,781 [INFO] ADCParametersView:116 -                Rank 3 : false
2025-05-01 08:56:52,781 [INFO] ADCParametersView:116 -                Rank 4 : false
2025-05-01 08:56:52,781 [INFO] ADCParametersView:116 -                Rank 1 : false
2025-05-01 08:56:52,781 [INFO] ADCParametersView:116 -                Rank 2 : false
2025-05-01 08:56:52,782 [INFO] ADCParametersView:116 -                Rank 3 : false
2025-05-01 08:56:52,782 [INFO] ADCParametersView:116 -                Rank 4 : false
2025-05-01 08:56:52,782 [INFO] ADCParametersView:116 -                Rank 1 : false
2025-05-01 08:56:52,782 [INFO] ADCParametersView:116 -                Rank 2 : false
2025-05-01 08:56:52,782 [INFO] ADCParametersView:116 -                Rank 3 : false
2025-05-01 08:56:52,782 [INFO] ADCParametersView:116 -                Rank 4 : false
2025-05-01 08:56:52,782 [INFO] ADCParametersView:116 -                Rank 1 : false
2025-05-01 08:56:52,782 [INFO] ADCParametersView:116 -                Rank 2 : false
2025-05-01 08:56:52,783 [INFO] ADCParametersView:116 -                Rank 3 : false
2025-05-01 08:56:52,783 [INFO] ADCParametersView:116 -                Rank 4 : false
2025-05-01 08:56:52,783 [INFO] ADCParametersView:116 -                Rank 1 : false
2025-05-01 08:56:52,783 [INFO] ADCParametersView:116 -                Rank 2 : false
2025-05-01 08:56:52,783 [INFO] ADCParametersView:116 -                Rank 3 : false
2025-05-01 08:56:52,783 [INFO] ADCParametersView:116 -                Rank 4 : false
2025-05-01 08:56:52,784 [INFO] ADCParametersView:116 -                Rank 1 : false
2025-05-01 08:56:52,784 [INFO] ADCParametersView:116 -                Rank 2 : false
2025-05-01 08:56:52,784 [INFO] ADCParametersView:116 -                Rank 3 : false
2025-05-01 08:56:52,784 [INFO] ADCParametersView:116 -                Rank 4 : false
2025-05-01 08:56:52,784 [INFO] ADCParametersView:116 -                Rank 1 : false
2025-05-01 08:56:52,785 [INFO] ADCParametersView:116 -                Rank 2 : false
2025-05-01 08:56:52,785 [INFO] ADCParametersView:116 -                Rank 3 : false
2025-05-01 08:56:52,785 [INFO] ADCParametersView:116 -                Rank 4 : false
2025-05-01 08:56:52,785 [INFO] ADCParametersView:116 -                Rank 1 : false
2025-05-01 08:56:52,785 [INFO] ADCParametersView:116 -                Rank 2 : false
2025-05-01 08:56:52,785 [INFO] ADCParametersView:116 -                Rank 3 : false
2025-05-01 08:56:52,786 [INFO] ADCParametersView:116 -                Rank 4 : false
2025-05-01 08:56:52,786 [INFO] ADCParametersView:116 -                Rank 1 : false
2025-05-01 08:56:52,786 [INFO] ADCParametersView:116 -                Rank 2 : false
2025-05-01 08:56:52,786 [INFO] ADCParametersView:116 -                Rank 3 : false
2025-05-01 08:56:52,786 [INFO] ADCParametersView:116 -                Rank 4 : false
2025-05-01 08:56:52,786 [INFO] ADCParametersView:116 -                Rank 2 : false
2025-05-01 08:56:52,787 [INFO] ADCParametersView:116 -                Rank 3 : false
2025-05-01 08:56:52,787 [INFO] ADCParametersView:116 -                Rank 4 : false
2025-05-01 08:56:52,787 [INFO] ADCParametersView:116 -                Rank 3 : false
2025-05-01 08:56:52,787 [INFO] ADCParametersView:116 -                Rank 4 : false
2025-05-01 08:56:52,787 [INFO] ADCParametersView:116 -                Rank 4 : false
2025-05-01 08:56:52,845 [INFO] ADCParametersView:116 -                Rank 1 : false
2025-05-01 08:56:52,846 [INFO] ADCParametersView:116 -                Rank 1 : false
2025-05-01 08:56:52,847 [INFO] ADCParametersView:116 -                Rank 2 : false
2025-05-01 08:56:52,847 [INFO] ADCParametersView:116 -                Rank 1 : false
2025-05-01 08:56:52,848 [INFO] ADCParametersView:116 -                Rank 2 : false
2025-05-01 08:56:52,848 [INFO] ADCParametersView:116 -                Rank 3 : false
2025-05-01 08:56:52,849 [INFO] ADCParametersView:116 -                Rank 1 : false
2025-05-01 08:56:52,849 [INFO] ADCParametersView:116 -                Rank 2 : false
2025-05-01 08:56:52,849 [INFO] ADCParametersView:116 -                Rank 3 : false
2025-05-01 08:56:52,849 [INFO] ADCParametersView:116 -                Rank 4 : false
2025-05-01 08:57:07,132 [INFO] ADCParametersView:116 -                Rank 1 : false
2025-05-01 08:57:07,132 [INFO] ADCParametersView:116 -                Rank 1 : false
2025-05-01 08:57:07,132 [INFO] ADCParametersView:116 -                Rank 2 : false
2025-05-01 08:57:07,133 [INFO] ADCParametersView:116 -                Rank 1 : false
2025-05-01 08:57:07,133 [INFO] ADCParametersView:116 -                Rank 2 : false
2025-05-01 08:57:07,133 [INFO] ADCParametersView:116 -                Rank 3 : false
2025-05-01 08:57:07,133 [INFO] ADCParametersView:116 -                Rank 1 : false
2025-05-01 08:57:07,133 [INFO] ADCParametersView:116 -                Rank 2 : false
2025-05-01 08:57:07,133 [INFO] ADCParametersView:116 -                Rank 3 : false
2025-05-01 08:57:07,133 [INFO] ADCParametersView:116 -                Rank 4 : false
2025-05-01 08:57:07,134 [INFO] ADCParametersView:116 -                Rank 1 : false
2025-05-01 08:57:07,134 [INFO] ADCParametersView:116 -                Rank 2 : false
2025-05-01 08:57:07,134 [INFO] ADCParametersView:116 -                Rank 3 : false
2025-05-01 08:57:07,134 [INFO] ADCParametersView:116 -                Rank 4 : false
2025-05-01 08:57:07,134 [INFO] ADCParametersView:116 -                Rank 5 : false
2025-05-01 08:57:07,135 [INFO] ADCParametersView:116 -                Rank 1 : false
2025-05-01 08:57:07,135 [INFO] ADCParametersView:116 -                Rank 2 : false
2025-05-01 08:57:07,135 [INFO] ADCParametersView:116 -                Rank 3 : false
2025-05-01 08:57:07,135 [INFO] ADCParametersView:116 -                Rank 4 : false
2025-05-01 08:57:07,135 [INFO] ADCParametersView:116 -                Rank 5 : false
2025-05-01 08:57:07,135 [INFO] ADCParametersView:116 -                Rank 6 : false
2025-05-01 08:57:07,250 [INFO] ADCParametersView:116 -                Rank 1 : false
2025-05-01 08:57:07,250 [INFO] ADCParametersView:116 -                Rank 2 : false
2025-05-01 08:57:07,250 [INFO] ADCParametersView:116 -                Rank 3 : false
2025-05-01 08:57:07,250 [INFO] ADCParametersView:116 -                Rank 4 : false
2025-05-01 08:57:07,250 [INFO] ADCParametersView:116 -                Rank 5 : false
2025-05-01 08:57:07,251 [INFO] ADCParametersView:116 -                Rank 6 : false
2025-05-01 08:57:07,251 [INFO] ADCParametersView:116 -                Rank 1 : false
2025-05-01 08:57:07,251 [INFO] ADCParametersView:116 -                Rank 2 : false
2025-05-01 08:57:07,251 [INFO] ADCParametersView:116 -                Rank 3 : false
2025-05-01 08:57:07,251 [INFO] ADCParametersView:116 -                Rank 4 : false
2025-05-01 08:57:07,251 [INFO] ADCParametersView:116 -                Rank 5 : false
2025-05-01 08:57:07,251 [INFO] ADCParametersView:116 -                Rank 6 : false
2025-05-01 08:57:07,251 [INFO] ADCParametersView:116 -                Rank 1 : false
2025-05-01 08:57:07,251 [INFO] ADCParametersView:116 -                Rank 2 : false
2025-05-01 08:57:07,251 [INFO] ADCParametersView:116 -                Rank 3 : false
2025-05-01 08:57:07,251 [INFO] ADCParametersView:116 -                Rank 4 : false
2025-05-01 08:57:07,251 [INFO] ADCParametersView:116 -                Rank 5 : false
2025-05-01 08:57:07,251 [INFO] ADCParametersView:116 -                Rank 6 : false
2025-05-01 08:57:07,252 [INFO] ADCParametersView:116 -                Rank 1 : false
2025-05-01 08:57:07,252 [INFO] ADCParametersView:116 -                Rank 2 : false
2025-05-01 08:57:07,252 [INFO] ADCParametersView:116 -                Rank 3 : false
2025-05-01 08:57:07,252 [INFO] ADCParametersView:116 -                Rank 4 : false
2025-05-01 08:57:07,252 [INFO] ADCParametersView:116 -                Rank 5 : false
2025-05-01 08:57:07,252 [INFO] ADCParametersView:116 -                Rank 6 : false
2025-05-01 08:57:07,253 [INFO] ADCParametersView:116 -                Rank 1 : false
2025-05-01 08:57:07,253 [INFO] ADCParametersView:116 -                Rank 2 : false
2025-05-01 08:57:07,253 [INFO] ADCParametersView:116 -                Rank 3 : false
2025-05-01 08:57:07,253 [INFO] ADCParametersView:116 -                Rank 4 : false
2025-05-01 08:57:07,253 [INFO] ADCParametersView:116 -                Rank 5 : false
2025-05-01 08:57:07,253 [INFO] ADCParametersView:116 -                Rank 6 : false
2025-05-01 08:57:07,253 [INFO] ADCParametersView:116 -                Rank 1 : false
2025-05-01 08:57:07,254 [INFO] ADCParametersView:116 -                Rank 2 : false
2025-05-01 08:57:07,254 [INFO] ADCParametersView:116 -                Rank 3 : false
2025-05-01 08:57:07,254 [INFO] ADCParametersView:116 -                Rank 4 : false
2025-05-01 08:57:07,254 [INFO] ADCParametersView:116 -                Rank 5 : false
2025-05-01 08:57:07,254 [INFO] ADCParametersView:116 -                Rank 6 : false
2025-05-01 08:57:07,254 [INFO] ADCParametersView:116 -                Rank 1 : false
2025-05-01 08:57:07,254 [INFO] ADCParametersView:116 -                Rank 2 : false
2025-05-01 08:57:07,254 [INFO] ADCParametersView:116 -                Rank 3 : false
2025-05-01 08:57:07,254 [INFO] ADCParametersView:116 -                Rank 4 : false
2025-05-01 08:57:07,255 [INFO] ADCParametersView:116 -                Rank 5 : false
2025-05-01 08:57:07,255 [INFO] ADCParametersView:116 -                Rank 6 : false
2025-05-01 08:57:07,255 [INFO] ADCParametersView:116 -                Rank 1 : false
2025-05-01 08:57:07,256 [INFO] ADCParametersView:116 -                Rank 2 : false
2025-05-01 08:57:07,256 [INFO] ADCParametersView:116 -                Rank 3 : false
2025-05-01 08:57:07,256 [INFO] ADCParametersView:116 -                Rank 4 : false
2025-05-01 08:57:07,256 [INFO] ADCParametersView:116 -                Rank 5 : false
2025-05-01 08:57:07,256 [INFO] ADCParametersView:116 -                Rank 6 : false
2025-05-01 08:57:07,257 [INFO] ADCParametersView:116 -                Rank 1 : false
2025-05-01 08:57:07,257 [INFO] ADCParametersView:116 -                Rank 2 : false
2025-05-01 08:57:07,257 [INFO] ADCParametersView:116 -                Rank 3 : false
2025-05-01 08:57:07,257 [INFO] ADCParametersView:116 -                Rank 4 : false
2025-05-01 08:57:07,257 [INFO] ADCParametersView:116 -                Rank 5 : false
2025-05-01 08:57:07,257 [INFO] ADCParametersView:116 -                Rank 6 : false
2025-05-01 08:57:07,258 [INFO] ADCParametersView:116 -                Rank 1 : false
2025-05-01 08:57:07,258 [INFO] ADCParametersView:116 -                Rank 2 : false
2025-05-01 08:57:07,258 [INFO] ADCParametersView:116 -                Rank 3 : false
2025-05-01 08:57:07,258 [INFO] ADCParametersView:116 -                Rank 4 : false
2025-05-01 08:57:07,259 [INFO] ADCParametersView:116 -                Rank 5 : false
2025-05-01 08:57:07,259 [INFO] ADCParametersView:116 -                Rank 6 : false
2025-05-01 08:57:07,259 [INFO] ADCParametersView:116 -                Rank 1 : false
2025-05-01 08:57:07,259 [INFO] ADCParametersView:116 -                Rank 2 : false
2025-05-01 08:57:07,259 [INFO] ADCParametersView:116 -                Rank 3 : false
2025-05-01 08:57:07,259 [INFO] ADCParametersView:116 -                Rank 4 : false
2025-05-01 08:57:07,259 [INFO] ADCParametersView:116 -                Rank 5 : false
2025-05-01 08:57:07,259 [INFO] ADCParametersView:116 -                Rank 6 : false
2025-05-01 08:57:07,260 [INFO] ADCParametersView:116 -                Rank 1 : false
2025-05-01 08:57:07,260 [INFO] ADCParametersView:116 -                Rank 2 : false
2025-05-01 08:57:07,260 [INFO] ADCParametersView:116 -                Rank 3 : false
2025-05-01 08:57:07,260 [INFO] ADCParametersView:116 -                Rank 4 : false
2025-05-01 08:57:07,260 [INFO] ADCParametersView:116 -                Rank 5 : false
2025-05-01 08:57:07,260 [INFO] ADCParametersView:116 -                Rank 6 : false
2025-05-01 08:57:07,260 [INFO] ADCParametersView:116 -                Rank 1 : false
2025-05-01 08:57:07,261 [INFO] ADCParametersView:116 -                Rank 2 : false
2025-05-01 08:57:07,261 [INFO] ADCParametersView:116 -                Rank 3 : false
2025-05-01 08:57:07,261 [INFO] ADCParametersView:116 -                Rank 4 : false
2025-05-01 08:57:07,261 [INFO] ADCParametersView:116 -                Rank 5 : false
2025-05-01 08:57:07,261 [INFO] ADCParametersView:116 -                Rank 6 : false
2025-05-01 08:57:07,261 [INFO] ADCParametersView:116 -                Rank 1 : false
2025-05-01 08:57:07,261 [INFO] ADCParametersView:116 -                Rank 2 : false
2025-05-01 08:57:07,261 [INFO] ADCParametersView:116 -                Rank 3 : false
2025-05-01 08:57:07,261 [INFO] ADCParametersView:116 -                Rank 4 : false
2025-05-01 08:57:07,262 [INFO] ADCParametersView:116 -                Rank 5 : false
2025-05-01 08:57:07,262 [INFO] ADCParametersView:116 -                Rank 6 : false
2025-05-01 08:57:07,262 [INFO] ADCParametersView:116 -                Rank 1 : false
2025-05-01 08:57:07,262 [INFO] ADCParametersView:116 -                Rank 2 : false
2025-05-01 08:57:07,262 [INFO] ADCParametersView:116 -                Rank 3 : false
2025-05-01 08:57:07,262 [INFO] ADCParametersView:116 -                Rank 4 : false
2025-05-01 08:57:07,262 [INFO] ADCParametersView:116 -                Rank 5 : false
2025-05-01 08:57:07,262 [INFO] ADCParametersView:116 -                Rank 6 : false
2025-05-01 08:57:07,262 [INFO] ADCParametersView:116 -                Rank 1 : false
2025-05-01 08:57:07,263 [INFO] ADCParametersView:116 -                Rank 2 : false
2025-05-01 08:57:07,263 [INFO] ADCParametersView:116 -                Rank 3 : false
2025-05-01 08:57:07,263 [INFO] ADCParametersView:116 -                Rank 4 : false
2025-05-01 08:57:07,263 [INFO] ADCParametersView:116 -                Rank 5 : false
2025-05-01 08:57:07,263 [INFO] ADCParametersView:116 -                Rank 6 : false
2025-05-01 08:57:07,263 [INFO] ADCParametersView:116 -                Rank 1 : false
2025-05-01 08:57:07,263 [INFO] ADCParametersView:116 -                Rank 2 : false
2025-05-01 08:57:07,263 [INFO] ADCParametersView:116 -                Rank 3 : false
2025-05-01 08:57:07,263 [INFO] ADCParametersView:116 -                Rank 4 : false
2025-05-01 08:57:07,263 [INFO] ADCParametersView:116 -                Rank 5 : false
2025-05-01 08:57:07,263 [INFO] ADCParametersView:116 -                Rank 6 : false
2025-05-01 08:57:07,264 [INFO] ADCParametersView:116 -                Rank 1 : false
2025-05-01 08:57:07,264 [INFO] ADCParametersView:116 -                Rank 2 : false
2025-05-01 08:57:07,264 [INFO] ADCParametersView:116 -                Rank 3 : false
2025-05-01 08:57:07,264 [INFO] ADCParametersView:116 -                Rank 4 : false
2025-05-01 08:57:07,264 [INFO] ADCParametersView:116 -                Rank 5 : false
2025-05-01 08:57:07,264 [INFO] ADCParametersView:116 -                Rank 6 : false
2025-05-01 08:57:07,264 [INFO] ADCParametersView:116 -                Rank 1 : false
2025-05-01 08:57:07,264 [INFO] ADCParametersView:116 -                Rank 2 : false
2025-05-01 08:57:07,264 [INFO] ADCParametersView:116 -                Rank 3 : false
2025-05-01 08:57:07,264 [INFO] ADCParametersView:116 -                Rank 4 : false
2025-05-01 08:57:07,264 [INFO] ADCParametersView:116 -                Rank 5 : false
2025-05-01 08:57:07,265 [INFO] ADCParametersView:116 -                Rank 6 : false
2025-05-01 08:57:07,265 [INFO] ADCParametersView:116 -                Rank 1 : false
2025-05-01 08:57:07,265 [INFO] ADCParametersView:116 -                Rank 2 : false
2025-05-01 08:57:07,265 [INFO] ADCParametersView:116 -                Rank 3 : false
2025-05-01 08:57:07,265 [INFO] ADCParametersView:116 -                Rank 4 : false
2025-05-01 08:57:07,265 [INFO] ADCParametersView:116 -                Rank 5 : false
2025-05-01 08:57:07,265 [INFO] ADCParametersView:116 -                Rank 6 : false
2025-05-01 08:57:07,265 [INFO] ADCParametersView:116 -                Rank 1 : false
2025-05-01 08:57:07,265 [INFO] ADCParametersView:116 -                Rank 2 : false
2025-05-01 08:57:07,265 [INFO] ADCParametersView:116 -                Rank 3 : false
2025-05-01 08:57:07,266 [INFO] ADCParametersView:116 -                Rank 4 : false
2025-05-01 08:57:07,266 [INFO] ADCParametersView:116 -                Rank 5 : false
2025-05-01 08:57:07,266 [INFO] ADCParametersView:116 -                Rank 6 : false
2025-05-01 08:57:07,266 [INFO] ADCParametersView:116 -                Rank 2 : false
2025-05-01 08:57:07,266 [INFO] ADCParametersView:116 -                Rank 3 : false
2025-05-01 08:57:07,266 [INFO] ADCParametersView:116 -                Rank 4 : false
2025-05-01 08:57:07,266 [INFO] ADCParametersView:116 -                Rank 5 : false
2025-05-01 08:57:07,266 [INFO] ADCParametersView:116 -                Rank 6 : false
2025-05-01 08:57:07,266 [INFO] ADCParametersView:116 -                Rank 3 : false
2025-05-01 08:57:07,266 [INFO] ADCParametersView:116 -                Rank 4 : false
2025-05-01 08:57:07,266 [INFO] ADCParametersView:116 -                Rank 5 : false
2025-05-01 08:57:07,266 [INFO] ADCParametersView:116 -                Rank 6 : false
2025-05-01 08:57:07,267 [INFO] ADCParametersView:116 -                Rank 4 : false
2025-05-01 08:57:07,267 [INFO] ADCParametersView:116 -                Rank 5 : false
2025-05-01 08:57:07,267 [INFO] ADCParametersView:116 -                Rank 6 : false
2025-05-01 08:57:07,267 [INFO] ADCParametersView:116 -                Rank 5 : false
2025-05-01 08:57:07,267 [INFO] ADCParametersView:116 -                Rank 6 : false
2025-05-01 08:57:07,267 [INFO] ADCParametersView:116 -                Rank 6 : false
2025-05-01 08:57:07,355 [INFO] ADCParametersView:116 -                Rank 1 : false
2025-05-01 08:57:07,356 [INFO] ADCParametersView:116 -                Rank 1 : false
2025-05-01 08:57:07,356 [INFO] ADCParametersView:116 -                Rank 2 : false
2025-05-01 08:57:07,357 [INFO] ADCParametersView:116 -                Rank 1 : false
2025-05-01 08:57:07,358 [INFO] ADCParametersView:116 -                Rank 2 : false
2025-05-01 08:57:07,358 [INFO] ADCParametersView:116 -                Rank 3 : false
2025-05-01 08:57:07,359 [INFO] ADCParametersView:116 -                Rank 1 : false
2025-05-01 08:57:07,359 [INFO] ADCParametersView:116 -                Rank 2 : false
2025-05-01 08:57:07,359 [INFO] ADCParametersView:116 -                Rank 3 : false
2025-05-01 08:57:07,359 [INFO] ADCParametersView:116 -                Rank 4 : false
2025-05-01 08:57:07,360 [INFO] ADCParametersView:116 -                Rank 1 : false
2025-05-01 08:57:07,360 [INFO] ADCParametersView:116 -                Rank 2 : false
2025-05-01 08:57:07,360 [INFO] ADCParametersView:116 -                Rank 3 : false
2025-05-01 08:57:07,361 [INFO] ADCParametersView:116 -                Rank 4 : false
2025-05-01 08:57:07,361 [INFO] ADCParametersView:116 -                Rank 5 : false
2025-05-01 08:57:07,361 [INFO] ADCParametersView:116 -                Rank 1 : false
2025-05-01 08:57:07,362 [INFO] ADCParametersView:116 -                Rank 2 : false
2025-05-01 08:57:07,362 [INFO] ADCParametersView:116 -                Rank 3 : false
2025-05-01 08:57:07,362 [INFO] ADCParametersView:116 -                Rank 4 : false
2025-05-01 08:57:07,362 [INFO] ADCParametersView:116 -                Rank 5 : false
2025-05-01 08:57:07,362 [INFO] ADCParametersView:116 -                Rank 6 : false
2025-05-01 09:09:46,923 [INFO] ADCParametersView:116 -                Rank 1 : false
2025-05-01 09:09:46,923 [INFO] ADCParametersView:116 -                Rank 2 : false
2025-05-01 09:09:46,924 [INFO] ADCParametersView:116 -                Rank 3 : false
2025-05-01 09:09:46,924 [INFO] ADCParametersView:116 -                Rank 4 : false
2025-05-01 09:09:46,924 [INFO] ADCParametersView:116 -                Rank 1 : false
2025-05-01 09:09:46,924 [INFO] ADCParametersView:116 -                Rank 2 : false
2025-05-01 09:09:46,924 [INFO] ADCParametersView:116 -                Rank 3 : false
2025-05-01 09:09:46,924 [INFO] ADCParametersView:116 -                Rank 4 : false
2025-05-01 09:09:46,924 [INFO] ADCParametersView:116 -                Rank 1 : false
2025-05-01 09:09:46,925 [INFO] ADCParametersView:116 -                Rank 2 : false
2025-05-01 09:09:46,925 [INFO] ADCParametersView:116 -                Rank 3 : false
2025-05-01 09:09:46,925 [INFO] ADCParametersView:116 -                Rank 4 : false
2025-05-01 09:09:46,925 [INFO] ADCParametersView:116 -                Rank 1 : false
2025-05-01 09:09:46,925 [INFO] ADCParametersView:116 -                Rank 2 : false
2025-05-01 09:09:46,925 [INFO] ADCParametersView:116 -                Rank 3 : false
2025-05-01 09:09:46,925 [INFO] ADCParametersView:116 -                Rank 4 : false
2025-05-01 09:09:46,925 [INFO] ADCParametersView:116 -                Rank 1 : false
2025-05-01 09:09:46,926 [INFO] ADCParametersView:116 -                Rank 2 : false
2025-05-01 09:09:46,926 [INFO] ADCParametersView:116 -                Rank 3 : false
2025-05-01 09:09:46,926 [INFO] ADCParametersView:116 -                Rank 4 : false
2025-05-01 09:09:46,926 [INFO] ADCParametersView:116 -                Rank 1 : false
2025-05-01 09:09:46,926 [INFO] ADCParametersView:116 -                Rank 2 : false
2025-05-01 09:09:46,926 [INFO] ADCParametersView:116 -                Rank 3 : false
2025-05-01 09:09:46,926 [INFO] ADCParametersView:116 -                Rank 4 : false
2025-05-01 09:09:46,926 [INFO] ADCParametersView:116 -                Rank 1 : false
2025-05-01 09:09:46,926 [INFO] ADCParametersView:116 -                Rank 2 : false
2025-05-01 09:09:46,927 [INFO] ADCParametersView:116 -                Rank 3 : false
2025-05-01 09:09:46,927 [INFO] ADCParametersView:116 -                Rank 4 : false
2025-05-01 09:09:46,927 [INFO] ADCParametersView:116 -                Rank 1 : false
2025-05-01 09:09:46,927 [INFO] ADCParametersView:116 -                Rank 2 : false
2025-05-01 09:09:46,927 [INFO] ADCParametersView:116 -                Rank 3 : false
2025-05-01 09:09:46,927 [INFO] ADCParametersView:116 -                Rank 4 : false
2025-05-01 09:09:46,927 [INFO] ADCParametersView:116 -                Rank 1 : false
2025-05-01 09:09:46,927 [INFO] ADCParametersView:116 -                Rank 2 : false
2025-05-01 09:09:46,927 [INFO] ADCParametersView:116 -                Rank 3 : false
2025-05-01 09:09:46,928 [INFO] ADCParametersView:116 -                Rank 4 : false
2025-05-01 09:09:46,928 [INFO] ADCParametersView:116 -                Rank 1 : false
2025-05-01 09:09:46,928 [INFO] ADCParametersView:116 -                Rank 2 : false
2025-05-01 09:09:46,928 [INFO] ADCParametersView:116 -                Rank 3 : false
2025-05-01 09:09:46,928 [INFO] ADCParametersView:116 -                Rank 4 : false
2025-05-01 09:09:46,928 [INFO] ADCParametersView:116 -                Rank 1 : false
2025-05-01 09:09:46,928 [INFO] ADCParametersView:116 -                Rank 2 : false
2025-05-01 09:09:46,928 [INFO] ADCParametersView:116 -                Rank 3 : false
2025-05-01 09:09:46,928 [INFO] ADCParametersView:116 -                Rank 4 : false
2025-05-01 09:09:46,929 [INFO] ADCParametersView:116 -                Rank 1 : false
2025-05-01 09:09:46,929 [INFO] ADCParametersView:116 -                Rank 2 : false
2025-05-01 09:09:46,929 [INFO] ADCParametersView:116 -                Rank 3 : false
2025-05-01 09:09:46,929 [INFO] ADCParametersView:116 -                Rank 4 : false
2025-05-01 09:09:46,929 [INFO] ADCParametersView:116 -                Rank 1 : false
2025-05-01 09:09:46,929 [INFO] ADCParametersView:116 -                Rank 2 : false
2025-05-01 09:09:46,929 [INFO] ADCParametersView:116 -                Rank 3 : false
2025-05-01 09:09:46,929 [INFO] ADCParametersView:116 -                Rank 4 : false
2025-05-01 09:09:46,929 [INFO] ADCParametersView:116 -                Rank 1 : false
2025-05-01 09:09:46,929 [INFO] ADCParametersView:116 -                Rank 2 : false
2025-05-01 09:09:46,929 [INFO] ADCParametersView:116 -                Rank 3 : false
2025-05-01 09:09:46,930 [INFO] ADCParametersView:116 -                Rank 4 : false
2025-05-01 09:09:46,930 [INFO] ADCParametersView:116 -                Rank 1 : false
2025-05-01 09:09:46,930 [INFO] ADCParametersView:116 -                Rank 2 : false
2025-05-01 09:09:46,930 [INFO] ADCParametersView:116 -                Rank 3 : false
2025-05-01 09:09:46,930 [INFO] ADCParametersView:116 -                Rank 4 : false
2025-05-01 09:09:46,930 [INFO] ADCParametersView:116 -                Rank 1 : false
2025-05-01 09:09:46,930 [INFO] ADCParametersView:116 -                Rank 2 : false
2025-05-01 09:09:46,930 [INFO] ADCParametersView:116 -                Rank 3 : false
2025-05-01 09:09:46,930 [INFO] ADCParametersView:116 -                Rank 4 : false
2025-05-01 09:09:46,930 [INFO] ADCParametersView:116 -                Rank 1 : false
2025-05-01 09:09:46,930 [INFO] ADCParametersView:116 -                Rank 2 : false
2025-05-01 09:09:46,931 [INFO] ADCParametersView:116 -                Rank 3 : false
2025-05-01 09:09:46,931 [INFO] ADCParametersView:116 -                Rank 4 : false
2025-05-01 09:09:46,931 [INFO] ADCParametersView:116 -                Rank 1 : false
2025-05-01 09:09:46,931 [INFO] ADCParametersView:116 -                Rank 2 : false
2025-05-01 09:09:46,931 [INFO] ADCParametersView:116 -                Rank 3 : false
2025-05-01 09:09:46,931 [INFO] ADCParametersView:116 -                Rank 4 : false
2025-05-01 09:09:46,931 [INFO] ADCParametersView:116 -                Rank 1 : false
2025-05-01 09:09:46,931 [INFO] ADCParametersView:116 -                Rank 2 : false
2025-05-01 09:09:46,931 [INFO] ADCParametersView:116 -                Rank 3 : false
2025-05-01 09:09:46,931 [INFO] ADCParametersView:116 -                Rank 4 : false
2025-05-01 09:09:46,931 [INFO] ADCParametersView:116 -                Rank 1 : false
2025-05-01 09:09:46,932 [INFO] ADCParametersView:116 -                Rank 2 : false
2025-05-01 09:09:46,932 [INFO] ADCParametersView:116 -                Rank 3 : false
2025-05-01 09:09:46,932 [INFO] ADCParametersView:116 -                Rank 4 : false
2025-05-01 09:09:46,932 [INFO] ADCParametersView:116 -                Rank 1 : false
2025-05-01 09:09:46,932 [INFO] ADCParametersView:116 -                Rank 2 : false
2025-05-01 09:09:46,932 [INFO] ADCParametersView:116 -                Rank 3 : false
2025-05-01 09:09:46,932 [INFO] ADCParametersView:116 -                Rank 4 : false
2025-05-01 09:09:46,932 [INFO] ADCParametersView:116 -                Rank 2 : false
2025-05-01 09:09:46,932 [INFO] ADCParametersView:116 -                Rank 3 : false
2025-05-01 09:09:46,932 [INFO] ADCParametersView:116 -                Rank 4 : false
2025-05-01 09:09:46,932 [INFO] ADCParametersView:116 -                Rank 3 : false
2025-05-01 09:09:46,933 [INFO] ADCParametersView:116 -                Rank 4 : false
2025-05-01 09:09:46,933 [INFO] ADCParametersView:116 -                Rank 4 : false
2025-05-01 09:09:46,996 [INFO] ADCParametersView:116 -                Rank 1 : false
2025-05-01 09:09:46,997 [INFO] ADCParametersView:116 -                Rank 1 : false
2025-05-01 09:09:46,997 [INFO] ADCParametersView:116 -                Rank 2 : false
2025-05-01 09:09:46,997 [INFO] ADCParametersView:116 -                Rank 1 : false
2025-05-01 09:09:46,998 [INFO] ADCParametersView:116 -                Rank 2 : false
2025-05-01 09:09:46,998 [INFO] ADCParametersView:116 -                Rank 3 : false
2025-05-01 09:09:46,998 [INFO] ADCParametersView:116 -                Rank 1 : false
2025-05-01 09:09:46,998 [INFO] ADCParametersView:116 -                Rank 2 : false
2025-05-01 09:09:46,998 [INFO] ADCParametersView:116 -                Rank 3 : false
2025-05-01 09:09:46,998 [INFO] ADCParametersView:116 -                Rank 4 : false
2025-05-01 09:09:47,239 [INFO] ADCParametersView:116 -                Rank 1 : false
2025-05-01 09:09:47,239 [INFO] ADCParametersView:116 -                Rank 2 : false
2025-05-01 09:09:47,239 [INFO] ADCParametersView:116 -                Rank 3 : false
2025-05-01 09:09:47,240 [INFO] ADCParametersView:116 -                Rank 4 : false
2025-05-01 09:09:47,240 [INFO] ADCParametersView:116 -                Rank 1 : false
2025-05-01 09:09:47,240 [INFO] ADCParametersView:116 -                Rank 2 : false
2025-05-01 09:09:47,240 [INFO] ADCParametersView:116 -                Rank 3 : false
2025-05-01 09:09:47,240 [INFO] ADCParametersView:116 -                Rank 4 : false
2025-05-01 09:09:47,240 [INFO] ADCParametersView:116 -                Rank 1 : false
2025-05-01 09:09:47,240 [INFO] ADCParametersView:116 -                Rank 2 : false
2025-05-01 09:09:47,241 [INFO] ADCParametersView:116 -                Rank 3 : false
2025-05-01 09:09:47,241 [INFO] ADCParametersView:116 -                Rank 4 : false
2025-05-01 09:09:47,241 [INFO] ADCParametersView:116 -                Rank 1 : false
2025-05-01 09:09:47,241 [INFO] ADCParametersView:116 -                Rank 2 : false
2025-05-01 09:09:47,241 [INFO] ADCParametersView:116 -                Rank 3 : false
2025-05-01 09:09:47,241 [INFO] ADCParametersView:116 -                Rank 4 : false
2025-05-01 09:09:47,241 [INFO] ADCParametersView:116 -                Rank 1 : false
2025-05-01 09:09:47,241 [INFO] ADCParametersView:116 -                Rank 2 : false
2025-05-01 09:09:47,241 [INFO] ADCParametersView:116 -                Rank 3 : false
2025-05-01 09:09:47,242 [INFO] ADCParametersView:116 -                Rank 4 : false
2025-05-01 09:09:47,242 [INFO] ADCParametersView:116 -                Rank 1 : false
2025-05-01 09:09:47,242 [INFO] ADCParametersView:116 -                Rank 2 : false
2025-05-01 09:09:47,242 [INFO] ADCParametersView:116 -                Rank 3 : false
2025-05-01 09:09:47,243 [INFO] ADCParametersView:116 -                Rank 4 : false
2025-05-01 09:09:47,243 [INFO] ADCParametersView:116 -                Rank 1 : false
2025-05-01 09:09:47,243 [INFO] ADCParametersView:116 -                Rank 2 : false
2025-05-01 09:09:47,243 [INFO] ADCParametersView:116 -                Rank 3 : false
2025-05-01 09:09:47,243 [INFO] ADCParametersView:116 -                Rank 4 : false
2025-05-01 09:09:47,244 [INFO] ADCParametersView:116 -                Rank 1 : false
2025-05-01 09:09:47,244 [INFO] ADCParametersView:116 -                Rank 2 : false
2025-05-01 09:09:47,244 [INFO] ADCParametersView:116 -                Rank 3 : false
2025-05-01 09:09:47,244 [INFO] ADCParametersView:116 -                Rank 4 : false
2025-05-01 09:09:47,244 [INFO] ADCParametersView:116 -                Rank 1 : false
2025-05-01 09:09:47,244 [INFO] ADCParametersView:116 -                Rank 2 : false
2025-05-01 09:09:47,244 [INFO] ADCParametersView:116 -                Rank 3 : false
2025-05-01 09:09:47,244 [INFO] ADCParametersView:116 -                Rank 4 : false
2025-05-01 09:09:47,244 [INFO] ADCParametersView:116 -                Rank 1 : false
2025-05-01 09:09:47,245 [INFO] ADCParametersView:116 -                Rank 2 : false
2025-05-01 09:09:47,245 [INFO] ADCParametersView:116 -                Rank 3 : false
2025-05-01 09:09:47,245 [INFO] ADCParametersView:116 -                Rank 4 : false
2025-05-01 09:09:47,245 [INFO] ADCParametersView:116 -                Rank 1 : false
2025-05-01 09:09:47,245 [INFO] ADCParametersView:116 -                Rank 2 : false
2025-05-01 09:09:47,245 [INFO] ADCParametersView:116 -                Rank 3 : false
2025-05-01 09:09:47,245 [INFO] ADCParametersView:116 -                Rank 4 : false
2025-05-01 09:09:47,245 [INFO] ADCParametersView:116 -                Rank 1 : false
2025-05-01 09:09:47,245 [INFO] ADCParametersView:116 -                Rank 2 : false
2025-05-01 09:09:47,245 [INFO] ADCParametersView:116 -                Rank 3 : false
2025-05-01 09:09:47,245 [INFO] ADCParametersView:116 -                Rank 4 : false
2025-05-01 09:09:47,246 [INFO] ADCParametersView:116 -                Rank 1 : false
2025-05-01 09:09:47,246 [INFO] ADCParametersView:116 -                Rank 2 : false
2025-05-01 09:09:47,246 [INFO] ADCParametersView:116 -                Rank 3 : false
2025-05-01 09:09:47,246 [INFO] ADCParametersView:116 -                Rank 4 : false
2025-05-01 09:09:47,246 [INFO] ADCParametersView:116 -                Rank 1 : false
2025-05-01 09:09:47,246 [INFO] ADCParametersView:116 -                Rank 2 : false
2025-05-01 09:09:47,246 [INFO] ADCParametersView:116 -                Rank 3 : false
2025-05-01 09:09:47,246 [INFO] ADCParametersView:116 -                Rank 4 : false
2025-05-01 09:09:47,246 [INFO] ADCParametersView:116 -                Rank 1 : false
2025-05-01 09:09:47,246 [INFO] ADCParametersView:116 -                Rank 2 : false
2025-05-01 09:09:47,246 [INFO] ADCParametersView:116 -                Rank 3 : false
2025-05-01 09:09:47,246 [INFO] ADCParametersView:116 -                Rank 4 : false
2025-05-01 09:09:47,246 [INFO] ADCParametersView:116 -                Rank 1 : false
2025-05-01 09:09:47,247 [INFO] ADCParametersView:116 -                Rank 2 : false
2025-05-01 09:09:47,247 [INFO] ADCParametersView:116 -                Rank 3 : false
2025-05-01 09:09:47,247 [INFO] ADCParametersView:116 -                Rank 4 : false
2025-05-01 09:09:47,247 [INFO] ADCParametersView:116 -                Rank 1 : false
2025-05-01 09:09:47,247 [INFO] ADCParametersView:116 -                Rank 2 : false
2025-05-01 09:09:47,247 [INFO] ADCParametersView:116 -                Rank 3 : false
2025-05-01 09:09:47,247 [INFO] ADCParametersView:116 -                Rank 4 : false
2025-05-01 09:09:47,247 [INFO] ADCParametersView:116 -                Rank 1 : false
2025-05-01 09:09:47,247 [INFO] ADCParametersView:116 -                Rank 2 : false
2025-05-01 09:09:47,247 [INFO] ADCParametersView:116 -                Rank 3 : false
2025-05-01 09:09:47,247 [INFO] ADCParametersView:116 -                Rank 4 : false
2025-05-01 09:09:47,248 [INFO] ADCParametersView:116 -                Rank 1 : false
2025-05-01 09:09:47,248 [INFO] ADCParametersView:116 -                Rank 2 : false
2025-05-01 09:09:47,248 [INFO] ADCParametersView:116 -                Rank 3 : false
2025-05-01 09:09:47,248 [INFO] ADCParametersView:116 -                Rank 4 : false
2025-05-01 09:09:47,248 [INFO] ADCParametersView:116 -                Rank 1 : false
2025-05-01 09:09:47,248 [INFO] ADCParametersView:116 -                Rank 2 : false
2025-05-01 09:09:47,248 [INFO] ADCParametersView:116 -                Rank 3 : false
2025-05-01 09:09:47,248 [INFO] ADCParametersView:116 -                Rank 4 : false
2025-05-01 09:09:47,248 [INFO] ADCParametersView:116 -                Rank 1 : false
2025-05-01 09:09:47,248 [INFO] ADCParametersView:116 -                Rank 2 : false
2025-05-01 09:09:47,248 [INFO] ADCParametersView:116 -                Rank 3 : false
2025-05-01 09:09:47,248 [INFO] ADCParametersView:116 -                Rank 4 : false
2025-05-01 09:09:47,249 [INFO] ADCParametersView:116 -                Rank 2 : false
2025-05-01 09:09:47,249 [INFO] ADCParametersView:116 -                Rank 3 : false
2025-05-01 09:09:47,249 [INFO] ADCParametersView:116 -                Rank 4 : false
2025-05-01 09:09:47,249 [INFO] ADCParametersView:116 -                Rank 3 : false
2025-05-01 09:09:47,249 [INFO] ADCParametersView:116 -                Rank 4 : false
2025-05-01 09:09:47,249 [INFO] ADCParametersView:116 -                Rank 4 : false
2025-05-01 09:09:47,353 [INFO] ADCParametersView:116 -                Rank 1 : false
2025-05-01 09:09:47,354 [INFO] ADCParametersView:116 -                Rank 1 : false
2025-05-01 09:09:47,354 [INFO] ADCParametersView:116 -                Rank 2 : false
2025-05-01 09:09:47,354 [INFO] ADCParametersView:116 -                Rank 1 : false
2025-05-01 09:09:47,354 [INFO] ADCParametersView:116 -                Rank 2 : false
2025-05-01 09:09:47,355 [INFO] ADCParametersView:116 -                Rank 3 : false
2025-05-01 09:09:47,355 [INFO] ADCParametersView:116 -                Rank 1 : false
2025-05-01 09:09:47,355 [INFO] ADCParametersView:116 -                Rank 2 : false
2025-05-01 09:09:47,355 [INFO] ADCParametersView:116 -                Rank 3 : false
2025-05-01 09:09:47,355 [INFO] ADCParametersView:116 -                Rank 4 : false
2025-05-01 09:10:41,472 [INFO] ADCParametersView:116 -                Rank 1 : false
2025-05-01 09:10:41,472 [INFO] ADCParametersView:116 -                Rank 2 : false
2025-05-01 09:10:41,472 [INFO] ADCParametersView:116 -                Rank 3 : false
2025-05-01 09:10:41,472 [INFO] ADCParametersView:116 -                Rank 4 : false
2025-05-01 09:10:41,472 [INFO] ADCParametersView:116 -                Rank 5 : false
2025-05-01 09:10:41,473 [INFO] ADCParametersView:116 -                Rank 6 : false
2025-05-01 09:10:41,473 [INFO] ADCParametersView:116 -                Rank 1 : false
2025-05-01 09:10:41,473 [INFO] ADCParametersView:116 -                Rank 2 : false
2025-05-01 09:10:41,473 [INFO] ADCParametersView:116 -                Rank 3 : false
2025-05-01 09:10:41,473 [INFO] ADCParametersView:116 -                Rank 4 : false
2025-05-01 09:10:41,473 [INFO] ADCParametersView:116 -                Rank 5 : false
2025-05-01 09:10:41,473 [INFO] ADCParametersView:116 -                Rank 6 : false
2025-05-01 09:10:41,473 [INFO] ADCParametersView:116 -                Rank 1 : false
2025-05-01 09:10:41,473 [INFO] ADCParametersView:116 -                Rank 2 : false
2025-05-01 09:10:41,473 [INFO] ADCParametersView:116 -                Rank 3 : false
2025-05-01 09:10:41,473 [INFO] ADCParametersView:116 -                Rank 4 : false
2025-05-01 09:10:41,473 [INFO] ADCParametersView:116 -                Rank 5 : false
2025-05-01 09:10:41,473 [INFO] ADCParametersView:116 -                Rank 6 : false
2025-05-01 09:10:41,474 [INFO] ADCParametersView:116 -                Rank 1 : false
2025-05-01 09:10:41,474 [INFO] ADCParametersView:116 -                Rank 2 : false
2025-05-01 09:10:41,474 [INFO] ADCParametersView:116 -                Rank 3 : false
2025-05-01 09:10:41,474 [INFO] ADCParametersView:116 -                Rank 4 : false
2025-05-01 09:10:41,474 [INFO] ADCParametersView:116 -                Rank 5 : false
2025-05-01 09:10:41,474 [INFO] ADCParametersView:116 -                Rank 6 : false
2025-05-01 09:10:41,474 [INFO] ADCParametersView:116 -                Rank 1 : false
2025-05-01 09:10:41,474 [INFO] ADCParametersView:116 -                Rank 2 : false
2025-05-01 09:10:41,474 [INFO] ADCParametersView:116 -                Rank 3 : false
2025-05-01 09:10:41,474 [INFO] ADCParametersView:116 -                Rank 4 : false
2025-05-01 09:10:41,474 [INFO] ADCParametersView:116 -                Rank 5 : false
2025-05-01 09:10:41,474 [INFO] ADCParametersView:116 -                Rank 6 : false
2025-05-01 09:10:41,474 [INFO] ADCParametersView:116 -                Rank 1 : false
2025-05-01 09:10:41,474 [INFO] ADCParametersView:116 -                Rank 2 : false
2025-05-01 09:10:41,474 [INFO] ADCParametersView:116 -                Rank 3 : false
2025-05-01 09:10:41,474 [INFO] ADCParametersView:116 -                Rank 4 : false
2025-05-01 09:10:41,474 [INFO] ADCParametersView:116 -                Rank 5 : false
2025-05-01 09:10:41,474 [INFO] ADCParametersView:116 -                Rank 6 : false
2025-05-01 09:10:41,475 [INFO] ADCParametersView:116 -                Rank 1 : false
2025-05-01 09:10:41,475 [INFO] ADCParametersView:116 -                Rank 2 : false
2025-05-01 09:10:41,475 [INFO] ADCParametersView:116 -                Rank 3 : false
2025-05-01 09:10:41,475 [INFO] ADCParametersView:116 -                Rank 4 : false
2025-05-01 09:10:41,475 [INFO] ADCParametersView:116 -                Rank 5 : false
2025-05-01 09:10:41,475 [INFO] ADCParametersView:116 -                Rank 6 : false
2025-05-01 09:10:41,475 [INFO] ADCParametersView:116 -                Rank 1 : false
2025-05-01 09:10:41,475 [INFO] ADCParametersView:116 -                Rank 2 : false
2025-05-01 09:10:41,475 [INFO] ADCParametersView:116 -                Rank 3 : false
2025-05-01 09:10:41,475 [INFO] ADCParametersView:116 -                Rank 4 : false
2025-05-01 09:10:41,475 [INFO] ADCParametersView:116 -                Rank 5 : false
2025-05-01 09:10:41,475 [INFO] ADCParametersView:116 -                Rank 6 : false
2025-05-01 09:10:41,475 [INFO] ADCParametersView:116 -                Rank 1 : false
2025-05-01 09:10:41,475 [INFO] ADCParametersView:116 -                Rank 2 : false
2025-05-01 09:10:41,475 [INFO] ADCParametersView:116 -                Rank 3 : false
2025-05-01 09:10:41,475 [INFO] ADCParametersView:116 -                Rank 4 : false
2025-05-01 09:10:41,475 [INFO] ADCParametersView:116 -                Rank 5 : false
2025-05-01 09:10:41,475 [INFO] ADCParametersView:116 -                Rank 6 : false
2025-05-01 09:10:41,476 [INFO] ADCParametersView:116 -                Rank 1 : false
2025-05-01 09:10:41,476 [INFO] ADCParametersView:116 -                Rank 2 : false
2025-05-01 09:10:41,476 [INFO] ADCParametersView:116 -                Rank 3 : false
2025-05-01 09:10:41,476 [INFO] ADCParametersView:116 -                Rank 4 : false
2025-05-01 09:10:41,476 [INFO] ADCParametersView:116 -                Rank 5 : false
2025-05-01 09:10:41,476 [INFO] ADCParametersView:116 -                Rank 6 : false
2025-05-01 09:10:41,476 [INFO] ADCParametersView:116 -                Rank 1 : false
2025-05-01 09:10:41,476 [INFO] ADCParametersView:116 -                Rank 2 : false
2025-05-01 09:10:41,476 [INFO] ADCParametersView:116 -                Rank 3 : false
2025-05-01 09:10:41,476 [INFO] ADCParametersView:116 -                Rank 4 : false
2025-05-01 09:10:41,477 [INFO] ADCParametersView:116 -                Rank 5 : false
2025-05-01 09:10:41,477 [INFO] ADCParametersView:116 -                Rank 6 : false
2025-05-01 09:10:41,477 [INFO] ADCParametersView:116 -                Rank 1 : false
2025-05-01 09:10:41,477 [INFO] ADCParametersView:116 -                Rank 2 : false
2025-05-01 09:10:41,477 [INFO] ADCParametersView:116 -                Rank 3 : false
2025-05-01 09:10:41,477 [INFO] ADCParametersView:116 -                Rank 4 : false
2025-05-01 09:10:41,477 [INFO] ADCParametersView:116 -                Rank 5 : false
2025-05-01 09:10:41,477 [INFO] ADCParametersView:116 -                Rank 6 : false
2025-05-01 09:10:41,477 [INFO] ADCParametersView:116 -                Rank 1 : false
2025-05-01 09:10:41,477 [INFO] ADCParametersView:116 -                Rank 2 : false
2025-05-01 09:10:41,478 [INFO] ADCParametersView:116 -                Rank 3 : false
2025-05-01 09:10:41,478 [INFO] ADCParametersView:116 -                Rank 4 : false
2025-05-01 09:10:41,478 [INFO] ADCParametersView:116 -                Rank 5 : false
2025-05-01 09:10:41,478 [INFO] ADCParametersView:116 -                Rank 6 : false
2025-05-01 09:10:41,478 [INFO] ADCParametersView:116 -                Rank 1 : false
2025-05-01 09:10:41,478 [INFO] ADCParametersView:116 -                Rank 2 : false
2025-05-01 09:10:41,478 [INFO] ADCParametersView:116 -                Rank 3 : false
2025-05-01 09:10:41,478 [INFO] ADCParametersView:116 -                Rank 4 : false
2025-05-01 09:10:41,478 [INFO] ADCParametersView:116 -                Rank 5 : false
2025-05-01 09:10:41,478 [INFO] ADCParametersView:116 -                Rank 6 : false
2025-05-01 09:10:41,478 [INFO] ADCParametersView:116 -                Rank 1 : false
2025-05-01 09:10:41,478 [INFO] ADCParametersView:116 -                Rank 2 : false
2025-05-01 09:10:41,478 [INFO] ADCParametersView:116 -                Rank 3 : false
2025-05-01 09:10:41,478 [INFO] ADCParametersView:116 -                Rank 4 : false
2025-05-01 09:10:41,478 [INFO] ADCParametersView:116 -                Rank 5 : false
2025-05-01 09:10:41,479 [INFO] ADCParametersView:116 -                Rank 6 : false
2025-05-01 09:10:41,479 [INFO] ADCParametersView:116 -                Rank 1 : false
2025-05-01 09:10:41,479 [INFO] ADCParametersView:116 -                Rank 2 : false
2025-05-01 09:10:41,479 [INFO] ADCParametersView:116 -                Rank 3 : false
2025-05-01 09:10:41,479 [INFO] ADCParametersView:116 -                Rank 4 : false
2025-05-01 09:10:41,479 [INFO] ADCParametersView:116 -                Rank 5 : false
2025-05-01 09:10:41,479 [INFO] ADCParametersView:116 -                Rank 6 : false
2025-05-01 09:10:41,479 [INFO] ADCParametersView:116 -                Rank 1 : false
2025-05-01 09:10:41,479 [INFO] ADCParametersView:116 -                Rank 2 : false
2025-05-01 09:10:41,479 [INFO] ADCParametersView:116 -                Rank 3 : false
2025-05-01 09:10:41,479 [INFO] ADCParametersView:116 -                Rank 4 : false
2025-05-01 09:10:41,479 [INFO] ADCParametersView:116 -                Rank 5 : false
2025-05-01 09:10:41,479 [INFO] ADCParametersView:116 -                Rank 6 : false
2025-05-01 09:10:41,479 [INFO] ADCParametersView:116 -                Rank 1 : false
2025-05-01 09:10:41,479 [INFO] ADCParametersView:116 -                Rank 2 : false
2025-05-01 09:10:41,479 [INFO] ADCParametersView:116 -                Rank 3 : false
2025-05-01 09:10:41,479 [INFO] ADCParametersView:116 -                Rank 4 : false
2025-05-01 09:10:41,479 [INFO] ADCParametersView:116 -                Rank 5 : false
2025-05-01 09:10:41,479 [INFO] ADCParametersView:116 -                Rank 6 : false
2025-05-01 09:10:41,479 [INFO] ADCParametersView:116 -                Rank 1 : false
2025-05-01 09:10:41,479 [INFO] ADCParametersView:116 -                Rank 2 : false
2025-05-01 09:10:41,479 [INFO] ADCParametersView:116 -                Rank 3 : false
2025-05-01 09:10:41,480 [INFO] ADCParametersView:116 -                Rank 4 : false
2025-05-01 09:10:41,480 [INFO] ADCParametersView:116 -                Rank 5 : false
2025-05-01 09:10:41,480 [INFO] ADCParametersView:116 -                Rank 6 : false
2025-05-01 09:10:41,480 [INFO] ADCParametersView:116 -                Rank 1 : false
2025-05-01 09:10:41,480 [INFO] ADCParametersView:116 -                Rank 2 : false
2025-05-01 09:10:41,480 [INFO] ADCParametersView:116 -                Rank 3 : false
2025-05-01 09:10:41,480 [INFO] ADCParametersView:116 -                Rank 4 : false
2025-05-01 09:10:41,480 [INFO] ADCParametersView:116 -                Rank 5 : false
2025-05-01 09:10:41,480 [INFO] ADCParametersView:116 -                Rank 6 : false
2025-05-01 09:10:41,480 [INFO] ADCParametersView:116 -                Rank 1 : false
2025-05-01 09:10:41,480 [INFO] ADCParametersView:116 -                Rank 2 : false
2025-05-01 09:10:41,480 [INFO] ADCParametersView:116 -                Rank 3 : false
2025-05-01 09:10:41,480 [INFO] ADCParametersView:116 -                Rank 4 : false
2025-05-01 09:10:41,480 [INFO] ADCParametersView:116 -                Rank 5 : false
2025-05-01 09:10:41,480 [INFO] ADCParametersView:116 -                Rank 6 : false
2025-05-01 09:10:41,480 [INFO] ADCParametersView:116 -                Rank 2 : false
2025-05-01 09:10:41,480 [INFO] ADCParametersView:116 -                Rank 3 : false
2025-05-01 09:10:41,480 [INFO] ADCParametersView:116 -                Rank 4 : false
2025-05-01 09:10:41,481 [INFO] ADCParametersView:116 -                Rank 5 : false
2025-05-01 09:10:41,481 [INFO] ADCParametersView:116 -                Rank 6 : false
2025-05-01 09:10:41,481 [INFO] ADCParametersView:116 -                Rank 3 : false
2025-05-01 09:10:41,481 [INFO] ADCParametersView:116 -                Rank 4 : false
2025-05-01 09:10:41,481 [INFO] ADCParametersView:116 -                Rank 5 : false
2025-05-01 09:10:41,481 [INFO] ADCParametersView:116 -                Rank 6 : false
2025-05-01 09:10:41,481 [INFO] ADCParametersView:116 -                Rank 4 : false
2025-05-01 09:10:41,481 [INFO] ADCParametersView:116 -                Rank 5 : false
2025-05-01 09:10:41,481 [INFO] ADCParametersView:116 -                Rank 6 : false
2025-05-01 09:10:41,481 [INFO] ADCParametersView:116 -                Rank 5 : false
2025-05-01 09:10:41,481 [INFO] ADCParametersView:116 -                Rank 6 : false
2025-05-01 09:10:41,481 [INFO] ADCParametersView:116 -                Rank 6 : false
2025-05-01 09:10:41,538 [INFO] ADCParametersView:116 -                Rank 1 : false
2025-05-01 09:10:41,539 [INFO] ADCParametersView:116 -                Rank 1 : false
2025-05-01 09:10:41,539 [INFO] ADCParametersView:116 -                Rank 2 : false
2025-05-01 09:10:41,539 [INFO] ADCParametersView:116 -                Rank 1 : false
2025-05-01 09:10:41,539 [INFO] ADCParametersView:116 -                Rank 2 : false
2025-05-01 09:10:41,539 [INFO] ADCParametersView:116 -                Rank 3 : false
2025-05-01 09:10:41,540 [INFO] ADCParametersView:116 -                Rank 1 : false
2025-05-01 09:10:41,540 [INFO] ADCParametersView:116 -                Rank 2 : false
2025-05-01 09:10:41,540 [INFO] ADCParametersView:116 -                Rank 3 : false
2025-05-01 09:10:41,540 [INFO] ADCParametersView:116 -                Rank 4 : false
2025-05-01 09:10:41,540 [INFO] ADCParametersView:116 -                Rank 1 : false
2025-05-01 09:10:41,540 [INFO] ADCParametersView:116 -                Rank 2 : false
2025-05-01 09:10:41,541 [INFO] ADCParametersView:116 -                Rank 3 : false
2025-05-01 09:10:41,541 [INFO] ADCParametersView:116 -                Rank 4 : false
2025-05-01 09:10:41,541 [INFO] ADCParametersView:116 -                Rank 5 : false
2025-05-01 09:10:41,541 [INFO] ADCParametersView:116 -                Rank 1 : false
2025-05-01 09:10:41,541 [INFO] ADCParametersView:116 -                Rank 2 : false
2025-05-01 09:10:41,541 [INFO] ADCParametersView:116 -                Rank 3 : false
2025-05-01 09:10:41,541 [INFO] ADCParametersView:116 -                Rank 4 : false
2025-05-01 09:10:41,541 [INFO] ADCParametersView:116 -                Rank 5 : false
2025-05-01 09:10:41,541 [INFO] ADCParametersView:116 -                Rank 6 : false
2025-05-01 09:10:41,650 [INFO] ADCParametersView:116 -                Rank 1 : false
2025-05-01 09:10:41,650 [INFO] ADCParametersView:116 -                Rank 2 : false
2025-05-01 09:10:41,650 [INFO] ADCParametersView:116 -                Rank 3 : false
2025-05-01 09:10:41,650 [INFO] ADCParametersView:116 -                Rank 4 : false
2025-05-01 09:10:41,651 [INFO] ADCParametersView:116 -                Rank 5 : false
2025-05-01 09:10:41,651 [INFO] ADCParametersView:116 -                Rank 6 : false
2025-05-01 09:10:41,651 [INFO] ADCParametersView:116 -                Rank 1 : false
2025-05-01 09:10:41,651 [INFO] ADCParametersView:116 -                Rank 2 : false
2025-05-01 09:10:41,651 [INFO] ADCParametersView:116 -                Rank 3 : false
2025-05-01 09:10:41,651 [INFO] ADCParametersView:116 -                Rank 4 : false
2025-05-01 09:10:41,651 [INFO] ADCParametersView:116 -                Rank 5 : false
2025-05-01 09:10:41,651 [INFO] ADCParametersView:116 -                Rank 6 : false
2025-05-01 09:10:41,652 [INFO] ADCParametersView:116 -                Rank 1 : false
2025-05-01 09:10:41,652 [INFO] ADCParametersView:116 -                Rank 2 : false
2025-05-01 09:10:41,652 [INFO] ADCParametersView:116 -                Rank 3 : false
2025-05-01 09:10:41,652 [INFO] ADCParametersView:116 -                Rank 4 : false
2025-05-01 09:10:41,652 [INFO] ADCParametersView:116 -                Rank 5 : false
2025-05-01 09:10:41,652 [INFO] ADCParametersView:116 -                Rank 6 : false
2025-05-01 09:10:41,652 [INFO] ADCParametersView:116 -                Rank 1 : false
2025-05-01 09:10:41,652 [INFO] ADCParametersView:116 -                Rank 2 : false
2025-05-01 09:10:41,652 [INFO] ADCParametersView:116 -                Rank 3 : false
2025-05-01 09:10:41,652 [INFO] ADCParametersView:116 -                Rank 4 : false
2025-05-01 09:10:41,652 [INFO] ADCParametersView:116 -                Rank 5 : false
2025-05-01 09:10:41,652 [INFO] ADCParametersView:116 -                Rank 6 : false
2025-05-01 09:10:41,653 [INFO] ADCParametersView:116 -                Rank 1 : false
2025-05-01 09:10:41,653 [INFO] ADCParametersView:116 -                Rank 2 : false
2025-05-01 09:10:41,653 [INFO] ADCParametersView:116 -                Rank 3 : false
2025-05-01 09:10:41,653 [INFO] ADCParametersView:116 -                Rank 4 : false
2025-05-01 09:10:41,653 [INFO] ADCParametersView:116 -                Rank 5 : false
2025-05-01 09:10:41,653 [INFO] ADCParametersView:116 -                Rank 6 : false
2025-05-01 09:10:41,653 [INFO] ADCParametersView:116 -                Rank 1 : false
2025-05-01 09:10:41,653 [INFO] ADCParametersView:116 -                Rank 2 : false
2025-05-01 09:10:41,653 [INFO] ADCParametersView:116 -                Rank 3 : false
2025-05-01 09:10:41,653 [INFO] ADCParametersView:116 -                Rank 4 : false
2025-05-01 09:10:41,653 [INFO] ADCParametersView:116 -                Rank 5 : false
2025-05-01 09:10:41,653 [INFO] ADCParametersView:116 -                Rank 6 : false
2025-05-01 09:10:41,653 [INFO] ADCParametersView:116 -                Rank 1 : false
2025-05-01 09:10:41,653 [INFO] ADCParametersView:116 -                Rank 2 : false
2025-05-01 09:10:41,653 [INFO] ADCParametersView:116 -                Rank 3 : false
2025-05-01 09:10:41,653 [INFO] ADCParametersView:116 -                Rank 4 : false
2025-05-01 09:10:41,653 [INFO] ADCParametersView:116 -                Rank 5 : false
2025-05-01 09:10:41,653 [INFO] ADCParametersView:116 -                Rank 6 : false
2025-05-01 09:10:41,654 [INFO] ADCParametersView:116 -                Rank 1 : false
2025-05-01 09:10:41,654 [INFO] ADCParametersView:116 -                Rank 2 : false
2025-05-01 09:10:41,654 [INFO] ADCParametersView:116 -                Rank 3 : false
2025-05-01 09:10:41,654 [INFO] ADCParametersView:116 -                Rank 4 : false
2025-05-01 09:10:41,654 [INFO] ADCParametersView:116 -                Rank 5 : false
2025-05-01 09:10:41,654 [INFO] ADCParametersView:116 -                Rank 6 : false
2025-05-01 09:10:41,654 [INFO] ADCParametersView:116 -                Rank 1 : false
2025-05-01 09:10:41,654 [INFO] ADCParametersView:116 -                Rank 2 : false
2025-05-01 09:10:41,654 [INFO] ADCParametersView:116 -                Rank 3 : false
2025-05-01 09:10:41,654 [INFO] ADCParametersView:116 -                Rank 4 : false
2025-05-01 09:10:41,654 [INFO] ADCParametersView:116 -                Rank 5 : false
2025-05-01 09:10:41,654 [INFO] ADCParametersView:116 -                Rank 6 : false
2025-05-01 09:10:41,654 [INFO] ADCParametersView:116 -                Rank 1 : false
2025-05-01 09:10:41,654 [INFO] ADCParametersView:116 -                Rank 2 : false
2025-05-01 09:10:41,654 [INFO] ADCParametersView:116 -                Rank 3 : false
2025-05-01 09:10:41,654 [INFO] ADCParametersView:116 -                Rank 4 : false
2025-05-01 09:10:41,654 [INFO] ADCParametersView:116 -                Rank 5 : false
2025-05-01 09:10:41,654 [INFO] ADCParametersView:116 -                Rank 6 : false
2025-05-01 09:10:41,654 [INFO] ADCParametersView:116 -                Rank 1 : false
2025-05-01 09:10:41,655 [INFO] ADCParametersView:116 -                Rank 2 : false
2025-05-01 09:10:41,655 [INFO] ADCParametersView:116 -                Rank 3 : false
2025-05-01 09:10:41,655 [INFO] ADCParametersView:116 -                Rank 4 : false
2025-05-01 09:10:41,655 [INFO] ADCParametersView:116 -                Rank 5 : false
2025-05-01 09:10:41,655 [INFO] ADCParametersView:116 -                Rank 6 : false
2025-05-01 09:10:41,655 [INFO] ADCParametersView:116 -                Rank 1 : false
2025-05-01 09:10:41,655 [INFO] ADCParametersView:116 -                Rank 2 : false
2025-05-01 09:10:41,655 [INFO] ADCParametersView:116 -                Rank 3 : false
2025-05-01 09:10:41,655 [INFO] ADCParametersView:116 -                Rank 4 : false
2025-05-01 09:10:41,655 [INFO] ADCParametersView:116 -                Rank 5 : false
2025-05-01 09:10:41,655 [INFO] ADCParametersView:116 -                Rank 6 : false
2025-05-01 09:10:41,655 [INFO] ADCParametersView:116 -                Rank 1 : false
2025-05-01 09:10:41,655 [INFO] ADCParametersView:116 -                Rank 2 : false
2025-05-01 09:10:41,655 [INFO] ADCParametersView:116 -                Rank 3 : false
2025-05-01 09:10:41,655 [INFO] ADCParametersView:116 -                Rank 4 : false
2025-05-01 09:10:41,655 [INFO] ADCParametersView:116 -                Rank 5 : false
2025-05-01 09:10:41,655 [INFO] ADCParametersView:116 -                Rank 6 : false
2025-05-01 09:10:41,655 [INFO] ADCParametersView:116 -                Rank 1 : false
2025-05-01 09:10:41,655 [INFO] ADCParametersView:116 -                Rank 2 : false
2025-05-01 09:10:41,655 [INFO] ADCParametersView:116 -                Rank 3 : false
2025-05-01 09:10:41,656 [INFO] ADCParametersView:116 -                Rank 4 : false
2025-05-01 09:10:41,656 [INFO] ADCParametersView:116 -                Rank 5 : false
2025-05-01 09:10:41,656 [INFO] ADCParametersView:116 -                Rank 6 : false
2025-05-01 09:10:41,656 [INFO] ADCParametersView:116 -                Rank 1 : false
2025-05-01 09:10:41,656 [INFO] ADCParametersView:116 -                Rank 2 : false
2025-05-01 09:10:41,656 [INFO] ADCParametersView:116 -                Rank 3 : false
2025-05-01 09:10:41,656 [INFO] ADCParametersView:116 -                Rank 4 : false
2025-05-01 09:10:41,656 [INFO] ADCParametersView:116 -                Rank 5 : false
2025-05-01 09:10:41,656 [INFO] ADCParametersView:116 -                Rank 6 : false
2025-05-01 09:10:41,656 [INFO] ADCParametersView:116 -                Rank 1 : false
2025-05-01 09:10:41,656 [INFO] ADCParametersView:116 -                Rank 2 : false
2025-05-01 09:10:41,656 [INFO] ADCParametersView:116 -                Rank 3 : false
2025-05-01 09:10:41,656 [INFO] ADCParametersView:116 -                Rank 4 : false
2025-05-01 09:10:41,656 [INFO] ADCParametersView:116 -                Rank 5 : false
2025-05-01 09:10:41,656 [INFO] ADCParametersView:116 -                Rank 6 : false
2025-05-01 09:10:41,656 [INFO] ADCParametersView:116 -                Rank 1 : false
2025-05-01 09:10:41,656 [INFO] ADCParametersView:116 -                Rank 2 : false
2025-05-01 09:10:41,656 [INFO] ADCParametersView:116 -                Rank 3 : false
2025-05-01 09:10:41,656 [INFO] ADCParametersView:116 -                Rank 4 : false
2025-05-01 09:10:41,656 [INFO] ADCParametersView:116 -                Rank 5 : false
2025-05-01 09:10:41,656 [INFO] ADCParametersView:116 -                Rank 6 : false
2025-05-01 09:10:41,657 [INFO] ADCParametersView:116 -                Rank 1 : false
2025-05-01 09:10:41,657 [INFO] ADCParametersView:116 -                Rank 2 : false
2025-05-01 09:10:41,657 [INFO] ADCParametersView:116 -                Rank 3 : false
2025-05-01 09:10:41,657 [INFO] ADCParametersView:116 -                Rank 4 : false
2025-05-01 09:10:41,657 [INFO] ADCParametersView:116 -                Rank 5 : false
2025-05-01 09:10:41,657 [INFO] ADCParametersView:116 -                Rank 6 : false
2025-05-01 09:10:41,657 [INFO] ADCParametersView:116 -                Rank 1 : false
2025-05-01 09:10:41,657 [INFO] ADCParametersView:116 -                Rank 2 : false
2025-05-01 09:10:41,657 [INFO] ADCParametersView:116 -                Rank 3 : false
2025-05-01 09:10:41,657 [INFO] ADCParametersView:116 -                Rank 4 : false
2025-05-01 09:10:41,657 [INFO] ADCParametersView:116 -                Rank 5 : false
2025-05-01 09:10:41,657 [INFO] ADCParametersView:116 -                Rank 6 : false
2025-05-01 09:10:41,657 [INFO] ADCParametersView:116 -                Rank 1 : false
2025-05-01 09:10:41,657 [INFO] ADCParametersView:116 -                Rank 2 : false
2025-05-01 09:10:41,657 [INFO] ADCParametersView:116 -                Rank 3 : false
2025-05-01 09:10:41,657 [INFO] ADCParametersView:116 -                Rank 4 : false
2025-05-01 09:10:41,657 [INFO] ADCParametersView:116 -                Rank 5 : false
2025-05-01 09:10:41,657 [INFO] ADCParametersView:116 -                Rank 6 : false
2025-05-01 09:10:41,657 [INFO] ADCParametersView:116 -                Rank 1 : false
2025-05-01 09:10:41,657 [INFO] ADCParametersView:116 -                Rank 2 : false
2025-05-01 09:10:41,657 [INFO] ADCParametersView:116 -                Rank 3 : false
2025-05-01 09:10:41,658 [INFO] ADCParametersView:116 -                Rank 4 : false
2025-05-01 09:10:41,658 [INFO] ADCParametersView:116 -                Rank 5 : false
2025-05-01 09:10:41,658 [INFO] ADCParametersView:116 -                Rank 6 : false
2025-05-01 09:10:41,658 [INFO] ADCParametersView:116 -                Rank 2 : false
2025-05-01 09:10:41,658 [INFO] ADCParametersView:116 -                Rank 3 : false
2025-05-01 09:10:41,658 [INFO] ADCParametersView:116 -                Rank 4 : false
2025-05-01 09:10:41,658 [INFO] ADCParametersView:116 -                Rank 5 : false
2025-05-01 09:10:41,658 [INFO] ADCParametersView:116 -                Rank 6 : false
2025-05-01 09:10:41,658 [INFO] ADCParametersView:116 -                Rank 3 : false
2025-05-01 09:10:41,658 [INFO] ADCParametersView:116 -                Rank 4 : false
2025-05-01 09:10:41,658 [INFO] ADCParametersView:116 -                Rank 5 : false
2025-05-01 09:10:41,658 [INFO] ADCParametersView:116 -                Rank 6 : false
2025-05-01 09:10:41,658 [INFO] ADCParametersView:116 -                Rank 4 : false
2025-05-01 09:10:41,658 [INFO] ADCParametersView:116 -                Rank 5 : false
2025-05-01 09:10:41,658 [INFO] ADCParametersView:116 -                Rank 6 : false
2025-05-01 09:10:41,658 [INFO] ADCParametersView:116 -                Rank 5 : false
2025-05-01 09:10:41,658 [INFO] ADCParametersView:116 -                Rank 6 : false
2025-05-01 09:10:41,658 [INFO] ADCParametersView:116 -                Rank 6 : false
2025-05-01 09:10:41,735 [INFO] ADCParametersView:116 -                Rank 1 : false
2025-05-01 09:10:41,735 [INFO] ADCParametersView:116 -                Rank 1 : false
2025-05-01 09:10:41,735 [INFO] ADCParametersView:116 -                Rank 2 : false
2025-05-01 09:10:41,736 [INFO] ADCParametersView:116 -                Rank 1 : false
2025-05-01 09:10:41,736 [INFO] ADCParametersView:116 -                Rank 2 : false
2025-05-01 09:10:41,736 [INFO] ADCParametersView:116 -                Rank 3 : false
2025-05-01 09:10:41,737 [INFO] ADCParametersView:116 -                Rank 1 : false
2025-05-01 09:10:41,737 [INFO] ADCParametersView:116 -                Rank 2 : false
2025-05-01 09:10:41,737 [INFO] ADCParametersView:116 -                Rank 3 : false
2025-05-01 09:10:41,737 [INFO] ADCParametersView:116 -                Rank 4 : false
2025-05-01 09:10:41,738 [INFO] ADCParametersView:116 -                Rank 1 : false
2025-05-01 09:10:41,738 [INFO] ADCParametersView:116 -                Rank 2 : false
2025-05-01 09:10:41,738 [INFO] ADCParametersView:116 -                Rank 3 : false
2025-05-01 09:10:41,738 [INFO] ADCParametersView:116 -                Rank 4 : false
2025-05-01 09:10:41,738 [INFO] ADCParametersView:116 -                Rank 5 : false
2025-05-01 09:10:41,739 [INFO] ADCParametersView:116 -                Rank 1 : false
2025-05-01 09:10:41,739 [INFO] ADCParametersView:116 -                Rank 2 : false
2025-05-01 09:10:41,739 [INFO] ADCParametersView:116 -                Rank 3 : false
2025-05-01 09:10:41,739 [INFO] ADCParametersView:116 -                Rank 4 : false
2025-05-01 09:10:41,739 [INFO] ADCParametersView:116 -                Rank 5 : false
2025-05-01 09:10:41,739 [INFO] ADCParametersView:116 -                Rank 6 : false
2025-05-01 09:12:46,835 [ERROR] LogOutputStream:75 - [STDERR_REDIRECT] 
2025-05-01 09:12:46,839 [ERROR] LogOutputStream:75 - [STDERR_REDIRECT] 
2025-05-01 16:44:31,934 [INFO] Activator:176 - 


2025-05-01 16:44:31,942 [INFO] Activator:177 - !SESSION log4j initialized
2025-05-01 16:44:42,769 [INFO] LogOutputStream:77 - [STDOUT_REDIRECT] 
2025-05-01 16:44:43,707 [ERROR] ConfigurationRetriever:142 - IOException on connection: sw-center.st.com
2025-05-01 16:44:43,725 [ERROR] ConfigurationRetriever:142 - IOException on connection: sw-center.st.com
2025-05-01 16:44:43,733 [ERROR] ConfigurationRetriever:142 - IOException on connection: sw-center.st.com
2025-05-01 16:44:47,867 [INFO] ApplicationProperties:184 - Using Application install path: C:\ST\STM32CubeIDE_1.18.0\STM32CubeIDE\plugins\com.st.stm32cube.common.mx_6.14.0.202502271554
2025-05-01 16:44:47,894 [INFO] DbMcusXml:78 - Set database path to: C:\ST\STM32CubeIDE_1.18.0\STM32CubeIDE\plugins\com.st.stm32cube.common.mx_6.14.0.202502271554\\db\/mcu/
2025-05-01 16:44:47,894 [INFO] ApiDb:274 - Set plugin database path to: C:\ST\STM32CubeIDE_1.18.0\STM32CubeIDE\plugins\com.st.stm32cube.common.mx_6.14.0.202502271554\\db\/plugins/boardmanager/
2025-05-01 16:44:47,894 [WARN] ApiDb:259 - Overriding images path with different value:  => C:\ST\STM32CubeIDE_1.18.0\STM32CubeIDE\plugins\com.st.stm32cube.common.mx_6.14.0.202502271554\\db\/plugins/mcufinder/images/
2025-05-01 16:44:47,918 [INFO] ApiDb:250 - Set database path to: C:\Users\pwlub\.stmcufinder\plugins\mcufinder//mcu/
2025-05-01 16:44:47,920 [INFO] DbMcusAds:125 - Set database path to: C:\Users\pwlub\.stmcufinder\plugins\mcufinder//mcu/
2025-05-01 16:44:47,924 [INFO] CrossReferenceDbSqlite:203 - Set database path to: C:\Users\pwlub\.stmcufinder\plugins\mcufinder//mcu/cs/
2025-05-01 16:44:48,131 [INFO] RulesReader:64 - Compatibility file has been processed (301 Rules)
2025-05-01 16:44:48,280 [INFO] DbMcusXml:78 - Set database path to: C:\ST\STM32CubeIDE_1.18.0\STM32CubeIDE\plugins\com.st.stm32cube.common.mx_6.14.0.202502271554\\db\/mcu/
2025-05-01 16:44:48,280 [INFO] ApiDb:274 - Set plugin database path to: C:\ST\STM32CubeIDE_1.18.0\STM32CubeIDE\plugins\com.st.stm32cube.common.mx_6.14.0.202502271554\\db\/plugins/boardmanager/
2025-05-01 16:44:48,281 [INFO] ApiDb:261 - Set plugin images path to: C:\ST\STM32CubeIDE_1.18.0\STM32CubeIDE\plugins\com.st.stm32cube.common.mx_6.14.0.202502271554\\db\/plugins/mcufinder/images/
2025-05-01 16:44:48,281 [WARN] DbFile:41 - Overriding database path with different value: C:\Users\pwlub\.stmcufinder\plugins\mcufinder/ => C:\Users\pwlub\.stmcufinder\plugins\mcufinder
2025-05-01 16:44:48,281 [INFO] ApiDb:250 - Set database path to: C:\Users\pwlub\.stmcufinder\plugins\mcufinder//mcu/
2025-05-01 16:44:48,281 [WARN] DbFile:41 - Overriding database path with different value: C:\Users\pwlub\.stmcufinder\plugins\mcufinder/ => C:\Users\pwlub\.stmcufinder\plugins\mcufinder
2025-05-01 16:44:48,282 [INFO] DbMcusAds:125 - Set database path to: C:\Users\pwlub\.stmcufinder\plugins\mcufinder//mcu/
2025-05-01 16:44:48,282 [WARN] DbFile:41 - Overriding database path with different value: C:\Users\pwlub\.stmcufinder\plugins\mcufinder/ => C:\Users\pwlub\.stmcufinder\plugins\mcufinder
2025-05-01 16:44:48,282 [WARN] DbFile:41 - Overriding database path with different value: C:\Users\pwlub\.stmcufinder\plugins\mcufinder/ => C:\Users\pwlub\.stmcufinder\plugins\mcufinder
2025-05-01 16:44:48,282 [INFO] CrossReferenceDbSqlite:203 - Set database path to: C:\Users\pwlub\.stmcufinder\plugins\mcufinder//mcu/cs/
2025-05-01 16:44:48,448 [INFO] MainPanel:272 - HeapMemory: 282066944
2025-05-01 16:44:48,674 [INFO] DbMcusXml:78 - Set database path to: C:\ST\STM32CubeIDE_1.18.0\STM32CubeIDE\plugins\com.st.stm32cube.common.mx_6.14.0.202502271554\\db\/mcu/
2025-05-01 16:44:48,674 [INFO] ApiDb:274 - Set plugin database path to: C:\ST\STM32CubeIDE_1.18.0\STM32CubeIDE\plugins\com.st.stm32cube.common.mx_6.14.0.202502271554\\db\/plugins/boardmanager/
2025-05-01 16:44:48,674 [INFO] ApiDb:261 - Set plugin images path to: C:\ST\STM32CubeIDE_1.18.0\STM32CubeIDE\plugins\com.st.stm32cube.common.mx_6.14.0.202502271554\\db\/plugins/mcufinder/images/
2025-05-01 16:44:48,675 [WARN] DbFile:41 - Overriding database path with different value: C:\Users\pwlub\.stmcufinder\plugins\mcufinder/ => C:\Users\pwlub\.stmcufinder\plugins\mcufinder
2025-05-01 16:44:48,675 [INFO] ApiDb:250 - Set database path to: C:\Users\pwlub\.stmcufinder\plugins\mcufinder//mcu/
2025-05-01 16:44:48,675 [WARN] DbFile:41 - Overriding database path with different value: C:\Users\pwlub\.stmcufinder\plugins\mcufinder/ => C:\Users\pwlub\.stmcufinder\plugins\mcufinder
2025-05-01 16:44:48,675 [INFO] DbMcusAds:125 - Set database path to: C:\Users\pwlub\.stmcufinder\plugins\mcufinder//mcu/
2025-05-01 16:44:48,675 [WARN] DbFile:41 - Overriding database path with different value: C:\Users\pwlub\.stmcufinder\plugins\mcufinder/ => C:\Users\pwlub\.stmcufinder\plugins\mcufinder
2025-05-01 16:44:48,676 [WARN] DbFile:41 - Overriding database path with different value: C:\Users\pwlub\.stmcufinder\plugins\mcufinder/ => C:\Users\pwlub\.stmcufinder\plugins\mcufinder
2025-05-01 16:44:48,676 [INFO] CrossReferenceDbSqlite:203 - Set database path to: C:\Users\pwlub\.stmcufinder\plugins\mcufinder//mcu/cs/
2025-05-01 16:44:48,708 [INFO] ApplicationProperties:184 - Using Application install path: C:\ST\STM32CubeIDE_1.18.0\STM32CubeIDE\plugins\com.st.stm32cube.common.mx_6.14.0.202502271554
2025-05-01 16:44:48,710 [INFO] PluginManage:196 - Search for loadable plugins [exclusion list=, ]
2025-05-01 16:44:48,713 [INFO] PluginManage:310 - Check plugin analytics
2025-05-01 16:44:49,091 [INFO] AnalyticsPlugin:253 - Accepted Software Licenses: STM32CubeMX.6.14.0
2025-05-01 16:44:49,091 [INFO] AnalyticsPlugin:255 - Accepted CMSIS Pack Licenses: 
2025-05-01 16:44:49,092 [INFO] AnalyticsPlugin:257 - Accepted Firmware Licenses: FW.G4.1.5.0,FW.G4.1.6.0
2025-05-01 16:44:49,096 [INFO] PluginManage:359 - Loaded plugin analytics (category:tool,tabindex:-1)
2025-05-01 16:44:49,097 [INFO] PluginManage:310 - Check plugin cadmodel
2025-05-01 16:44:49,104 [ERROR] ConfigurationRetriever:142 - IOException on connection: sw-center.st.com
2025-05-01 16:44:49,110 [ERROR] ConfigurationRetriever:142 - IOException on connection: sw-center.st.com
2025-05-01 16:44:49,110 [INFO] CADModel:105 - Init CAD model plugin
2025-05-01 16:44:49,111 [INFO] PluginManage:359 - Loaded plugin cadmodel (category:power,tabindex:5)
2025-05-01 16:44:49,111 [INFO] PluginManage:310 - Check plugin clock
2025-05-01 16:44:49,117 [ERROR] ConfigurationRetriever:142 - IOException on connection: sw-center.st.com
2025-05-01 16:44:49,127 [INFO] PluginManage:359 - Loaded plugin clock (category:base,tabindex:2)
2025-05-01 16:44:49,128 [INFO] PluginManage:310 - Check plugin ddr
2025-05-01 16:44:49,132 [INFO] PluginManage:359 - Loaded plugin ddr (category:tool,tabindex:6)
2025-05-01 16:44:49,133 [INFO] PluginManage:310 - Check plugin filemanager
2025-05-01 16:44:49,385 [INFO] PluginManage:359 - Loaded plugin filemanager (category:base,tabindex:10)
2025-05-01 16:44:49,385 [INFO] PluginManage:310 - Check plugin ipmanager
2025-05-01 16:44:49,396 [INFO] PluginManage:359 - Loaded plugin ipmanager (category:base,tabindex:5)
2025-05-01 16:44:49,396 [INFO] PluginManage:310 - Check plugin lpbam
2025-05-01 16:44:49,409 [INFO] PluginManage:359 - Loaded plugin lpbam (category:base,tabindex:0)
2025-05-01 16:44:49,410 [INFO] PluginManage:310 - Check plugin memorymap
2025-05-01 16:44:49,431 [INFO] PluginManage:359 - Loaded plugin memorymap (category:base,tabindex:4)
2025-05-01 16:44:49,431 [INFO] PluginManage:310 - Check plugin pinoutandconfiguration
2025-05-01 16:44:49,449 [INFO] PluginManage:359 - Loaded plugin pinoutandconfiguration (category:base,tabindex:1)
2025-05-01 16:44:49,449 [INFO] PluginManage:310 - Check plugin pinoutconfig
2025-05-01 16:44:49,603 [WARN] SupportedApi:132 - Cannot load RTOS API schema: s4s-elt-must-match.1: The content of 'definitions' must match (annotation?, (simpleType | complexType)?, (unique | key | keyref)*)). A problem was found starting at: attribute.
2025-05-01 16:44:49,881 [INFO] PluginManage:359 - Loaded plugin pinoutconfig (category:base,tabindex:0)
2025-05-01 16:44:49,881 [INFO] PluginManage:310 - Check plugin power
2025-05-01 16:44:49,903 [INFO] PluginManage:359 - Loaded plugin power (category:power,tabindex:4)
2025-05-01 16:44:49,903 [INFO] PluginManage:310 - Check plugin projectmanager
2025-05-01 16:44:49,934 [INFO] PluginManage:359 - Loaded plugin projectmanager (category:projectmanager,tabindex:4)
2025-05-01 16:44:49,934 [INFO] PluginManage:310 - Check plugin rif
2025-05-01 16:44:49,952 [INFO] PluginManage:359 - Loaded plugin rif (category:base,tabindex:3)
2025-05-01 16:44:49,952 [INFO] PluginManage:310 - Check plugin thirdparty
2025-05-01 16:44:50,236 [INFO] PluginManage:359 - Loaded plugin thirdparty (category:base,tabindex:-1)
2025-05-01 16:44:50,236 [INFO] PluginManage:310 - Check plugin tools
2025-05-01 16:44:50,237 [WARN] IntegrityCheckThread:84 - waiting for thirdparty lock release [integrity check]
2025-05-01 16:44:50,238 [INFO] IntegrityCheckThread:86 - entering critical section [integrity check]
2025-05-01 16:44:50,239 [INFO] ThirdPartyUpdaterWithRetryManager:70 - Updater plugin not ready yet. [1/15]
2025-05-01 16:44:50,241 [INFO] PluginManage:359 - Loaded plugin tools (category:base,tabindex:7)
2025-05-01 16:44:50,241 [INFO] PluginManage:310 - Check plugin tutovideos
2025-05-01 16:44:50,619 [INFO] PluginManage:359 - Loaded plugin tutovideos (category:base,tabindex:-1)
2025-05-01 16:44:50,619 [INFO] PluginManage:310 - Check plugin updater
2025-05-01 16:44:50,668 [INFO] PluginManage:359 - Loaded plugin updater (category:base,tabindex:12)
2025-05-01 16:44:50,669 [INFO] PluginManage:310 - Check plugin userauth
2025-05-01 16:44:50,677 [INFO] UserAuth:118 - Init User Auth plugin
2025-05-01 16:44:50,679 [INFO] PluginManage:359 - Loaded plugin userauth (category:base,tabindex:14)
2025-05-01 16:44:50,680 [INFO] PluginManage:283 - PluginManage : Loaded plugins [18]
2025-05-01 16:44:51,049 [INFO] PinOutPanel:1589 - setPackage(No Configuration,No Configuration)
2025-05-01 16:44:51,225 [INFO] CADModel:165 - CPN selected for project level
2025-05-01 16:44:51,225 [INFO] CADModel:114 - Register for checkConnection events
2025-05-01 16:44:51,260 [INFO] IPUIPlugin:80 - create IPUIPlugin
2025-05-01 16:44:51,260 [INFO] PluginManager:220 - loadIPPluginJar : add adc
2025-05-01 16:44:51,265 [INFO] IPUIPlugin:80 - create IPUIPlugin
2025-05-01 16:44:51,266 [INFO] PluginManager:220 - loadIPPluginJar : add aes
2025-05-01 16:44:51,272 [INFO] IPUIPlugin:80 - create IPUIPlugin
2025-05-01 16:44:51,272 [INFO] PluginManager:220 - loadIPPluginJar : add can
2025-05-01 16:44:51,275 [INFO] IPUIPlugin:80 - create IPUIPlugin
2025-05-01 16:44:51,276 [INFO] PluginManager:220 - loadIPPluginJar : add comp
2025-05-01 16:44:51,282 [INFO] IPUIPlugin:80 - create IPUIPlugin
2025-05-01 16:44:51,282 [INFO] PluginManager:220 - loadIPPluginJar : add cryp
2025-05-01 16:44:51,289 [INFO] IPUIPlugin:80 - create IPUIPlugin
2025-05-01 16:44:51,289 [INFO] PluginManager:220 - loadIPPluginJar : add ddr_ctrl_phy
2025-05-01 16:44:51,294 [INFO] IPUIPlugin:80 - create IPUIPlugin
2025-05-01 16:44:51,294 [INFO] PluginManager:220 - loadIPPluginJar : add dfsdm
2025-05-01 16:44:51,304 [INFO] IPUIPlugin:80 - create IPUIPlugin
2025-05-01 16:44:51,305 [INFO] PluginManager:220 - loadIPPluginJar : add dma
2025-05-01 16:44:51,315 [INFO] IPUIPlugin:80 - create IPUIPlugin
2025-05-01 16:44:51,315 [INFO] PluginManager:220 - loadIPPluginJar : add dma3
2025-05-01 16:44:51,322 [INFO] IPUIPlugin:80 - create IPUIPlugin
2025-05-01 16:44:51,322 [INFO] PluginManager:220 - loadIPPluginJar : add extmemmanager
2025-05-01 16:44:51,325 [INFO] IPUIPlugin:80 - create IPUIPlugin
2025-05-01 16:44:51,325 [INFO] PluginManager:220 - loadIPPluginJar : add fatfs
2025-05-01 16:44:51,334 [INFO] IPUIPlugin:80 - create IPUIPlugin
2025-05-01 16:44:51,334 [INFO] PluginManager:220 - loadIPPluginJar : add fmc
2025-05-01 16:44:51,344 [INFO] IPUIPlugin:80 - create IPUIPlugin
2025-05-01 16:44:51,344 [INFO] PluginManager:220 - loadIPPluginJar : add freertos
2025-05-01 16:44:51,348 [INFO] IPUIPlugin:80 - create IPUIPlugin
2025-05-01 16:44:51,348 [INFO] PluginManager:220 - loadIPPluginJar : add genericplugin
2025-05-01 16:44:51,354 [INFO] IPUIPlugin:80 - create IPUIPlugin
2025-05-01 16:44:51,354 [INFO] PluginManager:220 - loadIPPluginJar : add gfxmmu
2025-05-01 16:44:51,364 [INFO] IPUIPlugin:80 - create IPUIPlugin
2025-05-01 16:44:51,364 [INFO] PluginManager:220 - loadIPPluginJar : add gic
2025-05-01 16:44:51,373 [INFO] IPUIPlugin:80 - create IPUIPlugin
2025-05-01 16:44:51,373 [INFO] PluginManager:220 - loadIPPluginJar : add gpio
2025-05-01 16:44:51,379 [INFO] IPUIPlugin:80 - create IPUIPlugin
2025-05-01 16:44:51,379 [INFO] PluginManager:220 - loadIPPluginJar : add gtzc
2025-05-01 16:44:51,385 [INFO] IPUIPlugin:80 - create IPUIPlugin
2025-05-01 16:44:51,386 [INFO] PluginManager:220 - loadIPPluginJar : add hash
2025-05-01 16:44:51,391 [INFO] IPUIPlugin:80 - create IPUIPlugin
2025-05-01 16:44:51,391 [INFO] PluginManager:220 - loadIPPluginJar : add i2c
2025-05-01 16:44:51,397 [INFO] IPUIPlugin:80 - create IPUIPlugin
2025-05-01 16:44:51,397 [INFO] PluginManager:220 - loadIPPluginJar : add i2s
2025-05-01 16:44:51,403 [INFO] IPUIPlugin:80 - create IPUIPlugin
2025-05-01 16:44:51,403 [INFO] PluginManager:220 - loadIPPluginJar : add i3c
2025-05-01 16:44:51,411 [INFO] IPUIPlugin:80 - create IPUIPlugin
2025-05-01 16:44:51,414 [INFO] PluginManager:220 - loadIPPluginJar : add ipddr
2025-05-01 16:44:51,429 [INFO] IPUIPlugin:80 - create IPUIPlugin
2025-05-01 16:44:51,429 [INFO] PluginManager:220 - loadIPPluginJar : add linkedlist
2025-05-01 16:44:51,435 [INFO] IPUIPlugin:80 - create IPUIPlugin
2025-05-01 16:44:51,435 [INFO] PluginManager:220 - loadIPPluginJar : add lorawan
2025-05-01 16:44:51,439 [INFO] IPUIPlugin:80 - create IPUIPlugin
2025-05-01 16:44:51,439 [INFO] PluginManager:220 - loadIPPluginJar : add ltdc
2025-05-01 16:44:51,449 [INFO] IPUIPlugin:80 - create IPUIPlugin
2025-05-01 16:44:51,449 [INFO] PluginManager:220 - loadIPPluginJar : add mdma
2025-05-01 16:44:51,456 [INFO] IPUIPlugin:80 - create IPUIPlugin
2025-05-01 16:44:51,456 [INFO] PluginManager:220 - loadIPPluginJar : add nvic
2025-05-01 16:44:51,463 [INFO] IPUIPlugin:80 - create IPUIPlugin
2025-05-01 16:44:51,464 [INFO] PluginManager:220 - loadIPPluginJar : add opamp
2025-05-01 16:44:51,470 [INFO] IPUIPlugin:80 - create IPUIPlugin
2025-05-01 16:44:51,471 [INFO] PluginManager:220 - loadIPPluginJar : add openamp
2025-05-01 16:44:51,477 [INFO] IPUIPlugin:80 - create IPUIPlugin
2025-05-01 16:44:51,478 [INFO] PluginManager:220 - loadIPPluginJar : add pdm2pcm
2025-05-01 16:44:51,569 [INFO] IPUIPlugin:80 - create IPUIPlugin
2025-05-01 16:44:51,573 [INFO] PluginManager:220 - loadIPPluginJar : add plateformsettings
2025-05-01 16:44:51,580 [INFO] IPUIPlugin:80 - create IPUIPlugin
2025-05-01 16:44:51,580 [INFO] PluginManager:220 - loadIPPluginJar : add quadspi
2025-05-01 16:44:51,584 [INFO] IPUIPlugin:80 - create IPUIPlugin
2025-05-01 16:44:51,585 [INFO] PluginManager:220 - loadIPPluginJar : add radio
2025-05-01 16:44:51,592 [INFO] IPUIPlugin:80 - create IPUIPlugin
2025-05-01 16:44:51,593 [INFO] PluginManager:220 - loadIPPluginJar : add resmgrutility
2025-05-01 16:44:51,599 [INFO] IPUIPlugin:80 - create IPUIPlugin
2025-05-01 16:44:51,600 [INFO] PluginManager:220 - loadIPPluginJar : add sai
2025-05-01 16:44:51,605 [INFO] IPUIPlugin:80 - create IPUIPlugin
2025-05-01 16:44:51,605 [INFO] PluginManager:220 - loadIPPluginJar : add spi
2025-05-01 16:44:51,617 [INFO] IPUIPlugin:80 - create IPUIPlugin
2025-05-01 16:44:51,618 [INFO] PluginManager:220 - loadIPPluginJar : add stm32_wpan
2025-05-01 16:44:51,621 [INFO] IPUIPlugin:80 - create IPUIPlugin
2025-05-01 16:44:51,622 [INFO] PluginManager:220 - loadIPPluginJar : add tim
2025-05-01 16:44:51,627 [INFO] IPUIPlugin:80 - create IPUIPlugin
2025-05-01 16:44:51,627 [INFO] PluginManager:220 - loadIPPluginJar : add touchsensing
2025-05-01 16:44:51,632 [INFO] IPUIPlugin:80 - create IPUIPlugin
2025-05-01 16:44:51,632 [INFO] PluginManager:220 - loadIPPluginJar : add tracer_emb
2025-05-01 16:44:51,636 [INFO] IPUIPlugin:80 - create IPUIPlugin
2025-05-01 16:44:51,636 [INFO] PluginManager:220 - loadIPPluginJar : add ts
2025-05-01 16:44:51,641 [INFO] IPUIPlugin:80 - create IPUIPlugin
2025-05-01 16:44:51,641 [INFO] PluginManager:220 - loadIPPluginJar : add tsc
2025-05-01 16:44:51,645 [INFO] IPUIPlugin:80 - create IPUIPlugin
2025-05-01 16:44:51,645 [INFO] PluginManager:220 - loadIPPluginJar : add ucpd
2025-05-01 16:44:51,650 [INFO] IPUIPlugin:80 - create IPUIPlugin
2025-05-01 16:44:51,650 [INFO] PluginManager:220 - loadIPPluginJar : add usart
2025-05-01 16:44:51,656 [INFO] IPUIPlugin:80 - create IPUIPlugin
2025-05-01 16:44:51,657 [INFO] PluginManager:220 - loadIPPluginJar : add usbx
2025-05-01 16:44:51,854 [FATAL] Updater:351 - Updater called before beeing initialized
2025-05-01 16:44:51,902 [INFO] RulesReader:64 - Compatibility file has been processed (301 Rules)
2025-05-01 16:44:51,924 [INFO] RulesReader:64 - Compatibility file has been processed (301 Rules)
2025-05-01 16:44:51,938 [INFO] CADModel:165 - CPN selected for project level
2025-05-01 16:44:51,939 [INFO] CADModel:114 - Register for checkConnection events
2025-05-01 16:44:51,939 [FATAL] Updater:351 - Updater called before beeing initialized
2025-05-01 16:44:51,939 [ERROR] CADModel:125 - Updater not yet initialized, retry later 
2025-05-01 16:44:52,135 [FATAL] Updater:351 - Updater called before beeing initialized
2025-05-01 16:44:52,138 [INFO] CADModel:165 - CPN selected for project level
2025-05-01 16:44:52,138 [INFO] CADModel:114 - Register for checkConnection events
2025-05-01 16:44:52,138 [FATAL] Updater:351 - Updater called before beeing initialized
2025-05-01 16:44:52,138 [ERROR] CADModel:125 - Updater not yet initialized, retry later 
2025-05-01 16:44:52,142 [FATAL] Updater:351 - Updater called before beeing initialized
2025-05-01 16:44:52,348 [FATAL] Updater:351 - Updater called before beeing initialized
2025-05-01 16:44:52,365 [INFO] DbMcusAds:53 - JSON generation date=Thu Mar 06 15:54:21 CET 2025 (1741272861825)
2025-05-01 16:44:52,365 [FATAL] Updater:351 - Updater called before beeing initialized
2025-05-01 16:44:52,424 [WARN] DetailPanel:346 - Failed to get advertising image, set to default
2025-05-01 16:44:52,789 [FATAL] Updater:351 - Updater called before beeing initialized
2025-05-01 16:44:52,791 [FATAL] Updater:351 - Updater called before beeing initialized
2025-05-01 16:44:52,791 [FATAL] Updater:351 - Updater called before beeing initialized
2025-05-01 16:44:52,791 [WARN] DetailPanel:346 - Failed to get advertising image, set to default
2025-05-01 16:44:52,792 [FATAL] Updater:351 - Updater called before beeing initialized
2025-05-01 16:44:52,883 [ERROR] Updater:1198 - MainUpdater not yet initialized. External WinMGr cannot be set.
2025-05-01 16:44:52,886 [INFO] Updater:1134 - Updater Version found : 6.14.0
2025-05-01 16:44:52,913 [INFO] ApplicationProperties:184 - Using Application install path: C:\ST\STM32CubeIDE_1.18.0\STM32CubeIDE\plugins\com.st.stm32cube.common.mx_6.14.0.202502271554
2025-05-01 16:44:53,239 [INFO] ThirdPartyUpdaterWithRetryManager:70 - Updater plugin not ready yet. [2/15]
2025-05-01 16:44:54,503 [ERROR] LogOutputStream:75 - [STDERR_REDIRECT] May 01, 2025 4:44:54 PM java.util.prefs.WindowsPreferences <init>
2025-05-01 16:44:54,506 [ERROR] LogOutputStream:75 - [STDERR_REDIRECT] WARNING: Could not open/create prefs root node Software\JavaSoft\Prefs at root 0xffffffff80000002. Windows RegCreateKeyEx(...) returned error code 5.
2025-05-01 16:44:54,506 [ERROR] LogOutputStream:75 - [STDERR_REDIRECT] 
2025-05-01 16:44:54,906 [INFO] MainUpdater:2872 - connection check result : 22
2025-05-01 16:44:54,908 [INFO] MainUpdater:289 - Updater Check For Update Now.
2025-05-01 16:44:54,908 [INFO] MicroXplorer:498 - Change Database Version : DB.6.0.140
2025-05-01 16:44:54,918 [INFO] McuFinderGlobals:63 - Set McuFinder mode to 2 (CubeIDE integrated)
2025-05-01 16:44:54,935 [INFO] UserAuth:486 - Internet connection configuration mode: 2
2025-05-01 16:44:54,946 [INFO] UserAuth:486 - Internet connection configuration mode: 2
2025-05-01 16:44:55,374 [INFO] CheckServerUpdateThread:120 - End of CheckServer Thread
2025-05-01 16:44:55,817 [ERROR] LogOutputStream:75 - [STDERR_REDIRECT] May 01, 2025 4:44:55 PM org.glassfish.grizzly.http.server.NetworkListener start
2025-05-01 16:44:55,820 [ERROR] LogOutputStream:75 - [STDERR_REDIRECT] INFO: Started listener bound to [localhost:16721]
2025-05-01 16:44:55,820 [ERROR] LogOutputStream:75 - [STDERR_REDIRECT] 
2025-05-01 16:44:55,824 [ERROR] LogOutputStream:75 - [STDERR_REDIRECT] May 01, 2025 4:44:55 PM org.glassfish.grizzly.http.server.HttpServer start
2025-05-01 16:44:55,825 [ERROR] LogOutputStream:75 - [STDERR_REDIRECT] INFO: [HttpServer] Started.
2025-05-01 16:44:55,826 [ERROR] LogOutputStream:75 - [STDERR_REDIRECT] 
2025-05-01 16:44:56,560 [WARN] PackLoader:240 - Cannot read IP mode file for STMicroelectronics.FP-SNS-MOTENVWB1.1.4.0
2025-05-01 16:44:56,575 [WARN] PackLoader:240 - Cannot read IP mode file for STMicroelectronics.FP-ATR-ASTRA1.2.0.2
2025-05-01 16:44:56,590 [WARN] PackLoader:240 - Cannot read IP mode file for STMicroelectronics.X-CUBE-SMBUS.2.1.0
2025-05-01 16:44:56,605 [WARN] PackLoader:240 - Cannot read IP mode file for STMicroelectronics.X-CUBE-WB05N.1.1.0
2025-05-01 16:44:56,666 [WARN] PackLoader:240 - Cannot read IP mode file for STMicroelectronics.X-CUBE-AZRTOS-F7.1.1.0
2025-05-01 16:44:56,726 [WARN] PackLoader:240 - Cannot read IP mode file for Infineon.AIROC-Wi-Fi-Bluetooth-STM32.1.7.0
2025-05-01 16:44:56,756 [WARN] PackLoader:240 - Cannot read IP mode file for STMicroelectronics.X-CUBE-DISPLAY.3.0.0
2025-05-01 16:44:56,815 [WARN] PackLoader:240 - Cannot read IP mode file for STMicroelectronics.X-CUBE-NFC10.1.0.0
2025-05-01 16:44:56,869 [WARN] PackLoader:240 - Cannot read IP mode file for STMicroelectronics.X-CUBE-BLEMGR.4.0.0
2025-05-01 16:44:56,882 [WARN] PackLoader:240 - Cannot read IP mode file for emotas.I-CUBE-CANOPEN.1.3.0
2025-05-01 16:44:56,889 [WARN] ConditionMgr:438 - getConditionDescription Invalid condition id : Cortex-A Device cause : null
2025-05-01 16:44:56,910 [WARN] ConditionMgr:1044 - genDependencies : Invalid condition id : Cortex-A Device cause : null
2025-05-01 16:44:56,911 [WARN] ConditionMgr:1044 - genDependencies : Invalid condition id : Cortex-A Device cause : null
2025-05-01 16:44:56,911 [WARN] ConditionMgr:1044 - genDependencies : Invalid condition id : Cortex-A Device cause : null
2025-05-01 16:44:56,918 [WARN] PackLoader:240 - Cannot read IP mode file for STMicroelectronics.X-CUBE-AI.10.0.0
2025-05-01 16:44:56,926 [WARN] PackLoader:240 - Cannot read IP mode file for STMicroelectronics.FP-SNS-SMARTAG2.1.2.0
2025-05-01 16:44:56,934 [WARN] PackLoader:240 - Cannot read IP mode file for STMicroelectronics.FP-SNS-FLIGHT1.5.1.0
2025-05-01 16:44:57,044 [WARN] PackLoader:240 - Cannot read IP mode file for STMicroelectronics.X-CUBE-MEMS1.11.1.0
2025-05-01 16:44:57,413 [INFO] LogOutputStream:77 - [STDOUT_REDIRECT] 1 : Invalid condition id : UX_CORESTACK_Condition cause : null
2025-05-01 16:44:57,414 [INFO] LogOutputStream:77 - [STDOUT_REDIRECT] 1 : Invalid condition id : UX_CORESTACK_Condition cause : null
2025-05-01 16:44:57,416 [INFO] LogOutputStream:77 - [STDOUT_REDIRECT] 1 : Invalid condition id : UX_CORESTACK_Condition cause : null
2025-05-01 16:44:57,418 [INFO] LogOutputStream:77 - [STDOUT_REDIRECT] 1 : Invalid condition id : UX_CORESTACK_Condition cause : null
2025-05-01 16:44:57,420 [INFO] LogOutputStream:77 - [STDOUT_REDIRECT] 1 : Invalid condition id : UX_CORESTACK_Condition cause : null
2025-05-01 16:44:57,426 [WARN] PackLoader:240 - Cannot read IP mode file for STMicroelectronics.X-CUBE-AZRTOS-WL.2.0.0
2025-05-01 16:44:57,437 [WARN] PackLoader:240 - Cannot read IP mode file for STMicroelectronics.FP-SNS-MOTENV1.5.0.0
2025-05-01 16:44:57,452 [WARN] PackLoader:240 - Cannot read IP mode file for WES.I-CUBE-Cesium.1.3.0
2025-05-01 16:44:57,459 [WARN] PackLoader:240 - Cannot read IP mode file for STMicroelectronics.X-CUBE-BLE2.3.3.0
2025-05-01 16:44:57,470 [WARN] PackLoader:240 - Cannot read IP mode file for STMicroelectronics.X-CUBE-NFC9.1.0.0
2025-05-01 16:44:57,513 [WARN] PackLoader:240 - Cannot read IP mode file for STMicroelectronics.X-CUBE-BLE1.7.1.0
2025-05-01 16:44:57,701 [WARN] PackLoader:240 - Cannot read IP mode file for STMicroelectronics.X-CUBE-MEMS1.11.2.0
2025-05-01 16:44:57,875 [INFO] LogOutputStream:77 - [STDOUT_REDIRECT] 
2025-05-01 16:44:58,117 [WARN] PackLoader:240 - Cannot read IP mode file for STMicroelectronics.X-CUBE-AZRTOS-G0.1.1.0
2025-05-01 16:44:58,173 [WARN] PackLoader:240 - Cannot read IP mode file for STMicroelectronics.X-CUBE-SAFEA1.1.2.2
2025-05-01 16:44:58,185 [WARN] PackLoader:240 - Cannot read IP mode file for STMicroelectronics.X-CUBE-NFC4.3.0.0
2025-05-01 16:44:58,211 [WARN] PackLoader:240 - Cannot read IP mode file for EmbeddedOffice.I-CUBE-FS-RTOS.1.0.1
2025-05-01 16:44:58,222 [WARN] PackLoader:240 - Cannot read IP mode file for STMicroelectronics.X-CUBE-WB05N.2.0.0
2025-05-01 16:44:58,232 [WARN] PackLoader:240 - Cannot read IP mode file for wolfSSL.I-CUBE-wolfTPM.3.8.0
2025-05-01 16:44:58,241 [WARN] PackLoader:240 - Cannot read IP mode file for STMicroelectronics.X-CUBE-TCPP.4.2.0
2025-05-01 16:44:58,251 [WARN] PackLoader:240 - Cannot read IP mode file for RealThread.X-CUBE-RT-Thread_Nano.4.1.1
2025-05-01 16:44:58,256 [WARN] PackLoader:240 - Cannot read IP mode file for STMicroelectronics.FP-ATR-SIGFOX1.3.2.0
2025-05-01 16:44:58,266 [WARN] PackLoader:240 - Cannot read IP mode file for STMicroelectronics.X-CUBE-EEPRMA1.5.1.0
2025-05-01 16:44:58,277 [WARN] PackLoader:240 - Cannot read IP mode file for ITTIA_DB.I-CUBE-ITTIADB.8.9.0
2025-05-01 16:44:58,320 [WARN] PackLoader:240 - Cannot read IP mode file for SEGGER.I-CUBE-embOS.1.3.1
2025-05-01 16:44:58,388 [WARN] PackLoader:240 - Cannot read IP mode file for STMicroelectronics.X-CUBE-ALGOBUILD.1.4.0
2025-05-01 16:44:58,412 [WARN] PackLoader:240 - Cannot read IP mode file for STMicroelectronics.X-CUBE-AZRTOS-F4.1.1.0
2025-05-01 16:44:58,423 [WARN] PackLoader:240 - Cannot read IP mode file for Avnet-IotConnect.X-CUBE-IoTC-DA16k-PMOD.1.0.0
2025-05-01 16:44:58,428 [WARN] PackLoader:240 - Cannot read IP mode file for STMicroelectronics.X-CUBE-ISPU.2.1.0
2025-05-01 16:44:58,471 [WARN] PackLoader:240 - Cannot read IP mode file for STMicroelectronics.X-CUBE-AZRTOS-L5.2.0.0
2025-05-01 16:44:58,489 [WARN] PackLoader:240 - Cannot read IP mode file for STMicroelectronics.X-CUBE-NFC6.3.1.0
2025-05-01 16:44:58,500 [WARN] PackLoader:240 - Cannot read IP mode file for STMicroelectronics.X-CUBE-DPower.1.2.0
2025-05-01 16:44:58,508 [WARN] PackLoader:240 - Cannot read IP mode file for STMicroelectronics.X-CUBE-FREERTOS.1.3.0
2025-05-01 16:44:58,514 [WARN] PackLoader:240 - Cannot read IP mode file for STMicroelectronics.X-CUBE-NFC7.1.0.1
2025-05-01 16:44:58,540 [WARN] ConditionMgr:438 - getConditionDescription Invalid condition id : LAN8742 Phy interface Condition cause : null
2025-05-01 16:44:58,541 [WARN] PackLoader:240 - Cannot read IP mode file for STMicroelectronics.X-CUBE-AZRTOS-L4.2.0.0
2025-05-01 16:44:58,543 [WARN] ConditionMgr:1044 - genDependencies : Invalid condition id : LAN8742 Phy interface Condition cause : null
2025-05-01 16:44:58,543 [WARN] ConditionMgr:1044 - genDependencies : Invalid condition id : LAN8742 Phy interface Condition cause : null
2025-05-01 16:44:58,544 [WARN] ConditionMgr:1044 - genDependencies : Invalid condition id : LAN8742 Phy interface Condition cause : null
2025-05-01 16:44:58,556 [WARN] PackLoader:240 - Cannot read IP mode file for STMicroelectronics.X-CUBE-SFXS2LP1.4.0.0
2025-05-01 16:44:58,582 [WARN] PackLoader:240 - Cannot read IP mode file for STMicroelectronics.X-CUBE-AZRTOS-H7.3.3.0
2025-05-01 16:44:58,607 [WARN] ConditionMgr:438 - getConditionDescription Invalid condition id : UX DEVICE CLASS RTOS Condition cause : null
2025-05-01 16:44:58,607 [WARN] ConditionMgr:438 - getConditionDescription Invalid condition id : UX DEVICE CLASS RTOS Condition cause : null
2025-05-01 16:44:58,610 [WARN] PackLoader:240 - Cannot read IP mode file for STMicroelectronics.X-CUBE-AZRTOS-WB.2.0.0
2025-05-01 16:44:58,611 [WARN] ConditionMgr:1044 - genDependencies : Invalid condition id : UX DEVICE CLASS RTOS Condition cause : null
2025-05-01 16:44:58,611 [WARN] ConditionMgr:1044 - genDependencies : Invalid condition id : UX DEVICE CLASS RTOS Condition cause : null
2025-05-01 16:44:58,612 [WARN] ConditionMgr:1044 - genDependencies : Invalid condition id : UX DEVICE CLASS RTOS Condition cause : null
2025-05-01 16:44:58,613 [WARN] ConditionMgr:1044 - genDependencies : Invalid condition id : UX DEVICE CLASS RTOS Condition cause : null
2025-05-01 16:44:58,613 [WARN] ConditionMgr:1044 - genDependencies : Invalid condition id : UX DEVICE CLASS RTOS Condition cause : null
2025-05-01 16:44:58,623 [WARN] PackLoader:240 - Cannot read IP mode file for STMicroelectronics.X-CUBE-GNSS1.7.0.1
2025-05-01 16:44:58,632 [WARN] PackLoader:240 - Cannot read IP mode file for STMicroelectronics.X-CUBE-TOUCHGFX.4.25.0
2025-05-01 16:44:58,640 [WARN] PackLoader:240 - Cannot read IP mode file for STMicroelectronics.FP-SNS-STBOX1.2.0.0
2025-05-01 16:44:58,657 [WARN] PackLoader:240 - Cannot read IP mode file for STMicroelectronics.X-CUBE-SUBG2.5.0.0
2025-05-01 16:44:58,671 [WARN] PackLoader:240 - Cannot read IP mode file for Cesanta.I-CUBE-Mongoose.7.13.0
2025-05-01 16:44:58,688 [WARN] PackLoader:240 - Cannot read IP mode file for STMicroelectronics.X-CUBE-AZRTOS-G4.2.0.0
2025-05-01 16:44:58,695 [WARN] PackLoader:240 - Cannot read IP mode file for wolfSSL.I-CUBE-wolfSSH.1.4.20
2025-05-01 16:44:58,711 [WARN] PackLoader:240 - Cannot read IP mode file for STMicroelectronics.X-CUBE-IPS.3.1.0
2025-05-01 16:44:58,729 [WARN] PackLoader:240 - Cannot read IP mode file for STMicroelectronics.X-CUBE-ALS.1.0.2
2025-05-01 16:44:58,737 [WARN] PackLoader:240 - Cannot read IP mode file for portGmbH.I-Cube-SoM-uGOAL.1.1.0
2025-05-01 16:44:58,762 [WARN] PackLoader:240 - Cannot read IP mode file for STMicroelectronics.X-CUBE-AZRTOS-H7RS.1.0.0
2025-05-01 16:44:58,793 [WARN] PackLoader:240 - Cannot read IP mode file for STMicroelectronics.X-CUBE-TOF1.3.4.2
2025-05-01 16:44:58,820 [WARN] PackLoader:240 - Cannot read IP mode file for STMicroelectronics.X-CUBE-TOF1.3.4.3
2025-05-01 16:44:58,833 [INFO] ThirdParty:978 - Integrity check success = true
2025-05-01 16:44:58,833 [INFO] IntegrityCheckThread:100 - exiting critical section [integrity check]
2025-05-01 16:44:58,834 [INFO] IntegrityCheckThread:103 - End integrity checks thread
2025-05-01 16:45:00,293 [ERROR] ConfigurationRetriever:142 - IOException on connection: sw-center.st.com
2025-05-01 16:45:00,302 [ERROR] ConfigurationRetriever:142 - IOException on connection: sw-center.st.com
2025-05-01 16:45:00,305 [ERROR] ConfigurationRetriever:142 - IOException on connection: sw-center.st.com
