2025-05-29 19:04:56,405 [INFO] Activator:176 - 


2025-05-29 19:04:56,567 [INFO] Activator:177 - !SESSION log4j initialized
2025-05-29 19:05:08,068 [INFO] LogOutputStream:77 - [STDOUT_REDIRECT] 
2025-05-29 19:05:16,261 [INFO] ApplicationProperties:184 - Using Application install path: C:\ST\STM32CubeIDE_1.18.0\STM32CubeIDE\plugins\com.st.stm32cube.common.mx_6.14.0.202502271554
2025-05-29 19:05:16,289 [INFO] DbMcusXml:78 - Set database path to: C:\ST\STM32CubeIDE_1.18.0\STM32CubeIDE\plugins\com.st.stm32cube.common.mx_6.14.0.202502271554\\db\/mcu/
2025-05-29 19:05:16,289 [INFO] ApiDb:274 - Set plugin database path to: C:\ST\STM32CubeIDE_1.18.0\STM32CubeIDE\plugins\com.st.stm32cube.common.mx_6.14.0.202502271554\\db\/plugins/boardmanager/
2025-05-29 19:05:16,290 [WARN] ApiDb:259 - Overriding images path with different value:  => C:\ST\STM32CubeIDE_1.18.0\STM32CubeIDE\plugins\com.st.stm32cube.common.mx_6.14.0.202502271554\\db\/plugins/mcufinder/images/
2025-05-29 19:05:16,302 [INFO] ApiDb:250 - Set database path to: C:\Users\pwlub\.stmcufinder\plugins\mcufinder//mcu/
2025-05-29 19:05:16,303 [INFO] DbMcusAds:125 - Set database path to: C:\Users\pwlub\.stmcufinder\plugins\mcufinder//mcu/
2025-05-29 19:05:16,307 [INFO] CrossReferenceDbSqlite:203 - Set database path to: C:\Users\pwlub\.stmcufinder\plugins\mcufinder//mcu/cs/
2025-05-29 19:05:16,501 [INFO] RulesReader:64 - Compatibility file has been processed (301 Rules)
2025-05-29 19:05:16,627 [INFO] DbMcusXml:78 - Set database path to: C:\ST\STM32CubeIDE_1.18.0\STM32CubeIDE\plugins\com.st.stm32cube.common.mx_6.14.0.202502271554\\db\/mcu/
2025-05-29 19:05:16,627 [INFO] ApiDb:274 - Set plugin database path to: C:\ST\STM32CubeIDE_1.18.0\STM32CubeIDE\plugins\com.st.stm32cube.common.mx_6.14.0.202502271554\\db\/plugins/boardmanager/
2025-05-29 19:05:16,628 [INFO] ApiDb:261 - Set plugin images path to: C:\ST\STM32CubeIDE_1.18.0\STM32CubeIDE\plugins\com.st.stm32cube.common.mx_6.14.0.202502271554\\db\/plugins/mcufinder/images/
2025-05-29 19:05:16,628 [WARN] DbFile:41 - Overriding database path with different value: C:\Users\pwlub\.stmcufinder\plugins\mcufinder/ => C:\Users\pwlub\.stmcufinder\plugins\mcufinder
2025-05-29 19:05:16,628 [INFO] ApiDb:250 - Set database path to: C:\Users\pwlub\.stmcufinder\plugins\mcufinder//mcu/
2025-05-29 19:05:16,629 [WARN] DbFile:41 - Overriding database path with different value: C:\Users\pwlub\.stmcufinder\plugins\mcufinder/ => C:\Users\pwlub\.stmcufinder\plugins\mcufinder
2025-05-29 19:05:16,629 [INFO] DbMcusAds:125 - Set database path to: C:\Users\pwlub\.stmcufinder\plugins\mcufinder//mcu/
2025-05-29 19:05:16,629 [WARN] DbFile:41 - Overriding database path with different value: C:\Users\pwlub\.stmcufinder\plugins\mcufinder/ => C:\Users\pwlub\.stmcufinder\plugins\mcufinder
2025-05-29 19:05:16,629 [WARN] DbFile:41 - Overriding database path with different value: C:\Users\pwlub\.stmcufinder\plugins\mcufinder/ => C:\Users\pwlub\.stmcufinder\plugins\mcufinder
2025-05-29 19:05:16,629 [INFO] CrossReferenceDbSqlite:203 - Set database path to: C:\Users\pwlub\.stmcufinder\plugins\mcufinder//mcu/cs/
2025-05-29 19:05:16,764 [INFO] MainPanel:272 - HeapMemory: 269484032
2025-05-29 19:05:16,938 [INFO] DbMcusXml:78 - Set database path to: C:\ST\STM32CubeIDE_1.18.0\STM32CubeIDE\plugins\com.st.stm32cube.common.mx_6.14.0.202502271554\\db\/mcu/
2025-05-29 19:05:16,938 [INFO] ApiDb:274 - Set plugin database path to: C:\ST\STM32CubeIDE_1.18.0\STM32CubeIDE\plugins\com.st.stm32cube.common.mx_6.14.0.202502271554\\db\/plugins/boardmanager/
2025-05-29 19:05:16,938 [INFO] ApiDb:261 - Set plugin images path to: C:\ST\STM32CubeIDE_1.18.0\STM32CubeIDE\plugins\com.st.stm32cube.common.mx_6.14.0.202502271554\\db\/plugins/mcufinder/images/
2025-05-29 19:05:16,938 [WARN] DbFile:41 - Overriding database path with different value: C:\Users\pwlub\.stmcufinder\plugins\mcufinder/ => C:\Users\pwlub\.stmcufinder\plugins\mcufinder
2025-05-29 19:05:16,938 [INFO] ApiDb:250 - Set database path to: C:\Users\pwlub\.stmcufinder\plugins\mcufinder//mcu/
2025-05-29 19:05:16,938 [WARN] DbFile:41 - Overriding database path with different value: C:\Users\pwlub\.stmcufinder\plugins\mcufinder/ => C:\Users\pwlub\.stmcufinder\plugins\mcufinder
2025-05-29 19:05:16,939 [INFO] DbMcusAds:125 - Set database path to: C:\Users\pwlub\.stmcufinder\plugins\mcufinder//mcu/
2025-05-29 19:05:16,939 [WARN] DbFile:41 - Overriding database path with different value: C:\Users\pwlub\.stmcufinder\plugins\mcufinder/ => C:\Users\pwlub\.stmcufinder\plugins\mcufinder
2025-05-29 19:05:16,939 [WARN] DbFile:41 - Overriding database path with different value: C:\Users\pwlub\.stmcufinder\plugins\mcufinder/ => C:\Users\pwlub\.stmcufinder\plugins\mcufinder
2025-05-29 19:05:16,939 [INFO] CrossReferenceDbSqlite:203 - Set database path to: C:\Users\pwlub\.stmcufinder\plugins\mcufinder//mcu/cs/
2025-05-29 19:05:16,973 [INFO] ApplicationProperties:184 - Using Application install path: C:\ST\STM32CubeIDE_1.18.0\STM32CubeIDE\plugins\com.st.stm32cube.common.mx_6.14.0.202502271554
2025-05-29 19:05:16,975 [INFO] PluginManage:196 - Search for loadable plugins [exclusion list=, ]
2025-05-29 19:05:16,978 [INFO] PluginManage:310 - Check plugin analytics
2025-05-29 19:05:21,878 [INFO] AnalyticsPlugin:253 - Accepted Software Licenses: STM32CubeMX.6.14.0
2025-05-29 19:05:21,878 [INFO] AnalyticsPlugin:255 - Accepted CMSIS Pack Licenses: 
2025-05-29 19:05:21,878 [INFO] AnalyticsPlugin:257 - Accepted Firmware Licenses: FW.G4.1.5.0,FW.G4.1.6.0
2025-05-29 19:05:21,883 [INFO] PluginManage:359 - Loaded plugin analytics (category:tool,tabindex:-1)
2025-05-29 19:05:21,883 [INFO] PluginManage:310 - Check plugin cadmodel
2025-05-29 19:05:21,896 [INFO] CADModel:105 - Init CAD model plugin
2025-05-29 19:05:21,897 [INFO] PluginManage:359 - Loaded plugin cadmodel (category:power,tabindex:5)
2025-05-29 19:05:21,897 [INFO] PluginManage:310 - Check plugin clock
2025-05-29 19:05:21,920 [INFO] PluginManage:359 - Loaded plugin clock (category:base,tabindex:2)
2025-05-29 19:05:21,921 [INFO] PluginManage:310 - Check plugin ddr
2025-05-29 19:05:21,926 [INFO] PluginManage:359 - Loaded plugin ddr (category:tool,tabindex:6)
2025-05-29 19:05:21,926 [INFO] PluginManage:310 - Check plugin filemanager
2025-05-29 19:05:22,407 [INFO] PluginManage:359 - Loaded plugin filemanager (category:base,tabindex:10)
2025-05-29 19:05:22,407 [INFO] PluginManage:310 - Check plugin ipmanager
2025-05-29 19:05:22,421 [INFO] PluginManage:359 - Loaded plugin ipmanager (category:base,tabindex:5)
2025-05-29 19:05:22,421 [INFO] PluginManage:310 - Check plugin lpbam
2025-05-29 19:05:22,438 [INFO] PluginManage:359 - Loaded plugin lpbam (category:base,tabindex:0)
2025-05-29 19:05:22,438 [INFO] PluginManage:310 - Check plugin memorymap
2025-05-29 19:05:22,486 [INFO] PluginManage:359 - Loaded plugin memorymap (category:base,tabindex:4)
2025-05-29 19:05:22,486 [INFO] PluginManage:310 - Check plugin pinoutandconfiguration
2025-05-29 19:05:22,525 [INFO] PluginManage:359 - Loaded plugin pinoutandconfiguration (category:base,tabindex:1)
2025-05-29 19:05:22,525 [INFO] PluginManage:310 - Check plugin pinoutconfig
2025-05-29 19:05:22,741 [WARN] SupportedApi:132 - Cannot load RTOS API schema: s4s-elt-must-match.1: The content of 'definitions' must match (annotation?, (simpleType | complexType)?, (unique | key | keyref)*)). A problem was found starting at: attribute.
2025-05-29 19:05:23,053 [INFO] PluginManage:359 - Loaded plugin pinoutconfig (category:base,tabindex:0)
2025-05-29 19:05:23,054 [INFO] PluginManage:310 - Check plugin power
2025-05-29 19:05:23,075 [INFO] PluginManage:359 - Loaded plugin power (category:power,tabindex:4)
2025-05-29 19:05:23,075 [INFO] PluginManage:310 - Check plugin projectmanager
2025-05-29 19:05:23,116 [INFO] PluginManage:359 - Loaded plugin projectmanager (category:projectmanager,tabindex:4)
2025-05-29 19:05:23,116 [INFO] PluginManage:310 - Check plugin rif
2025-05-29 19:05:23,134 [INFO] PluginManage:359 - Loaded plugin rif (category:base,tabindex:3)
2025-05-29 19:05:23,134 [INFO] PluginManage:310 - Check plugin thirdparty
2025-05-29 19:05:23,419 [INFO] PluginManage:359 - Loaded plugin thirdparty (category:base,tabindex:-1)
2025-05-29 19:05:23,419 [INFO] PluginManage:310 - Check plugin tools
2025-05-29 19:05:23,425 [INFO] PluginManage:359 - Loaded plugin tools (category:base,tabindex:7)
2025-05-29 19:05:23,425 [INFO] PluginManage:310 - Check plugin tutovideos
2025-05-29 19:05:23,433 [WARN] IntegrityCheckThread:84 - waiting for thirdparty lock release [integrity check]
2025-05-29 19:05:23,435 [INFO] IntegrityCheckThread:86 - entering critical section [integrity check]
2025-05-29 19:05:23,435 [INFO] ThirdPartyUpdaterWithRetryManager:70 - Updater plugin not ready yet. [1/15]
2025-05-29 19:05:23,897 [INFO] PluginManage:359 - Loaded plugin tutovideos (category:base,tabindex:-1)
2025-05-29 19:05:23,898 [INFO] PluginManage:310 - Check plugin updater
2025-05-29 19:05:24,194 [INFO] PluginManage:359 - Loaded plugin updater (category:base,tabindex:12)
2025-05-29 19:05:24,194 [INFO] PluginManage:310 - Check plugin userauth
2025-05-29 19:05:24,204 [INFO] UserAuth:118 - Init User Auth plugin
2025-05-29 19:05:24,205 [INFO] PluginManage:359 - Loaded plugin userauth (category:base,tabindex:14)
2025-05-29 19:05:24,209 [INFO] PluginManage:283 - PluginManage : Loaded plugins [18]
2025-05-29 19:05:24,688 [INFO] PinOutPanel:1589 - setPackage(No Configuration,No Configuration)
2025-05-29 19:05:24,963 [INFO] CADModel:165 - CPN selected for project level
2025-05-29 19:05:24,964 [INFO] CADModel:114 - Register for checkConnection events
2025-05-29 19:05:25,018 [INFO] IPUIPlugin:80 - create IPUIPlugin
2025-05-29 19:05:25,018 [INFO] PluginManager:220 - loadIPPluginJar : add adc
2025-05-29 19:05:25,024 [INFO] IPUIPlugin:80 - create IPUIPlugin
2025-05-29 19:05:25,024 [INFO] PluginManager:220 - loadIPPluginJar : add aes
2025-05-29 19:05:25,030 [INFO] IPUIPlugin:80 - create IPUIPlugin
2025-05-29 19:05:25,030 [INFO] PluginManager:220 - loadIPPluginJar : add can
2025-05-29 19:05:25,034 [INFO] IPUIPlugin:80 - create IPUIPlugin
2025-05-29 19:05:25,034 [INFO] PluginManager:220 - loadIPPluginJar : add comp
2025-05-29 19:05:25,040 [INFO] IPUIPlugin:80 - create IPUIPlugin
2025-05-29 19:05:25,040 [INFO] PluginManager:220 - loadIPPluginJar : add cryp
2025-05-29 19:05:25,048 [INFO] IPUIPlugin:80 - create IPUIPlugin
2025-05-29 19:05:25,048 [INFO] PluginManager:220 - loadIPPluginJar : add ddr_ctrl_phy
2025-05-29 19:05:25,054 [INFO] IPUIPlugin:80 - create IPUIPlugin
2025-05-29 19:05:25,054 [INFO] PluginManager:220 - loadIPPluginJar : add dfsdm
2025-05-29 19:05:25,063 [INFO] IPUIPlugin:80 - create IPUIPlugin
2025-05-29 19:05:25,064 [INFO] PluginManager:220 - loadIPPluginJar : add dma
2025-05-29 19:05:25,070 [INFO] IPUIPlugin:80 - create IPUIPlugin
2025-05-29 19:05:25,071 [INFO] PluginManager:220 - loadIPPluginJar : add dma3
2025-05-29 19:05:25,076 [INFO] IPUIPlugin:80 - create IPUIPlugin
2025-05-29 19:05:25,076 [INFO] PluginManager:220 - loadIPPluginJar : add extmemmanager
2025-05-29 19:05:25,080 [INFO] IPUIPlugin:80 - create IPUIPlugin
2025-05-29 19:05:25,080 [INFO] PluginManager:220 - loadIPPluginJar : add fatfs
2025-05-29 19:05:25,089 [INFO] IPUIPlugin:80 - create IPUIPlugin
2025-05-29 19:05:25,090 [INFO] PluginManager:220 - loadIPPluginJar : add fmc
2025-05-29 19:05:25,103 [INFO] IPUIPlugin:80 - create IPUIPlugin
2025-05-29 19:05:25,104 [INFO] PluginManager:220 - loadIPPluginJar : add freertos
2025-05-29 19:05:25,107 [INFO] IPUIPlugin:80 - create IPUIPlugin
2025-05-29 19:05:25,107 [INFO] PluginManager:220 - loadIPPluginJar : add genericplugin
2025-05-29 19:05:25,111 [INFO] IPUIPlugin:80 - create IPUIPlugin
2025-05-29 19:05:25,112 [INFO] PluginManager:220 - loadIPPluginJar : add gfxmmu
2025-05-29 19:05:25,120 [INFO] IPUIPlugin:80 - create IPUIPlugin
2025-05-29 19:05:25,121 [INFO] PluginManager:220 - loadIPPluginJar : add gic
2025-05-29 19:05:25,128 [INFO] IPUIPlugin:80 - create IPUIPlugin
2025-05-29 19:05:25,129 [INFO] PluginManager:220 - loadIPPluginJar : add gpio
2025-05-29 19:05:25,142 [INFO] IPUIPlugin:80 - create IPUIPlugin
2025-05-29 19:05:25,142 [INFO] PluginManager:220 - loadIPPluginJar : add gtzc
2025-05-29 19:05:25,148 [INFO] IPUIPlugin:80 - create IPUIPlugin
2025-05-29 19:05:25,148 [INFO] PluginManager:220 - loadIPPluginJar : add hash
2025-05-29 19:05:25,155 [INFO] IPUIPlugin:80 - create IPUIPlugin
2025-05-29 19:05:25,155 [INFO] PluginManager:220 - loadIPPluginJar : add i2c
2025-05-29 19:05:25,160 [INFO] IPUIPlugin:80 - create IPUIPlugin
2025-05-29 19:05:25,161 [INFO] PluginManager:220 - loadIPPluginJar : add i2s
2025-05-29 19:05:25,167 [INFO] IPUIPlugin:80 - create IPUIPlugin
2025-05-29 19:05:25,168 [INFO] PluginManager:220 - loadIPPluginJar : add i3c
2025-05-29 19:05:25,174 [INFO] IPUIPlugin:80 - create IPUIPlugin
2025-05-29 19:05:25,174 [INFO] PluginManager:220 - loadIPPluginJar : add ipddr
2025-05-29 19:05:25,186 [INFO] IPUIPlugin:80 - create IPUIPlugin
2025-05-29 19:05:25,187 [INFO] PluginManager:220 - loadIPPluginJar : add linkedlist
2025-05-29 19:05:25,194 [INFO] IPUIPlugin:80 - create IPUIPlugin
2025-05-29 19:05:25,194 [INFO] PluginManager:220 - loadIPPluginJar : add lorawan
2025-05-29 19:05:25,198 [INFO] IPUIPlugin:80 - create IPUIPlugin
2025-05-29 19:05:25,199 [INFO] PluginManager:220 - loadIPPluginJar : add ltdc
2025-05-29 19:05:25,207 [INFO] IPUIPlugin:80 - create IPUIPlugin
2025-05-29 19:05:25,208 [INFO] PluginManager:220 - loadIPPluginJar : add mdma
2025-05-29 19:05:25,214 [INFO] IPUIPlugin:80 - create IPUIPlugin
2025-05-29 19:05:25,214 [INFO] PluginManager:220 - loadIPPluginJar : add nvic
2025-05-29 19:05:25,221 [INFO] IPUIPlugin:80 - create IPUIPlugin
2025-05-29 19:05:25,221 [INFO] PluginManager:220 - loadIPPluginJar : add opamp
2025-05-29 19:05:25,227 [INFO] IPUIPlugin:80 - create IPUIPlugin
2025-05-29 19:05:25,228 [INFO] PluginManager:220 - loadIPPluginJar : add openamp
2025-05-29 19:05:25,234 [INFO] IPUIPlugin:80 - create IPUIPlugin
2025-05-29 19:05:25,234 [INFO] PluginManager:220 - loadIPPluginJar : add pdm2pcm
2025-05-29 19:05:25,244 [INFO] IPUIPlugin:80 - create IPUIPlugin
2025-05-29 19:05:25,253 [INFO] PluginManager:220 - loadIPPluginJar : add plateformsettings
2025-05-29 19:05:25,256 [INFO] IPUIPlugin:80 - create IPUIPlugin
2025-05-29 19:05:25,256 [INFO] PluginManager:220 - loadIPPluginJar : add quadspi
2025-05-29 19:05:25,261 [INFO] IPUIPlugin:80 - create IPUIPlugin
2025-05-29 19:05:25,262 [INFO] PluginManager:220 - loadIPPluginJar : add radio
2025-05-29 19:05:25,271 [INFO] IPUIPlugin:80 - create IPUIPlugin
2025-05-29 19:05:25,271 [INFO] PluginManager:220 - loadIPPluginJar : add resmgrutility
2025-05-29 19:05:25,277 [INFO] IPUIPlugin:80 - create IPUIPlugin
2025-05-29 19:05:25,277 [INFO] PluginManager:220 - loadIPPluginJar : add sai
2025-05-29 19:05:25,282 [INFO] IPUIPlugin:80 - create IPUIPlugin
2025-05-29 19:05:25,283 [INFO] PluginManager:220 - loadIPPluginJar : add spi
2025-05-29 19:05:25,293 [INFO] IPUIPlugin:80 - create IPUIPlugin
2025-05-29 19:05:25,294 [INFO] PluginManager:220 - loadIPPluginJar : add stm32_wpan
2025-05-29 19:05:25,298 [INFO] IPUIPlugin:80 - create IPUIPlugin
2025-05-29 19:05:25,299 [INFO] PluginManager:220 - loadIPPluginJar : add tim
2025-05-29 19:05:25,305 [INFO] IPUIPlugin:80 - create IPUIPlugin
2025-05-29 19:05:25,306 [INFO] PluginManager:220 - loadIPPluginJar : add touchsensing
2025-05-29 19:05:25,311 [INFO] IPUIPlugin:80 - create IPUIPlugin
2025-05-29 19:05:25,311 [INFO] PluginManager:220 - loadIPPluginJar : add tracer_emb
2025-05-29 19:05:25,317 [INFO] IPUIPlugin:80 - create IPUIPlugin
2025-05-29 19:05:25,317 [INFO] PluginManager:220 - loadIPPluginJar : add ts
2025-05-29 19:05:25,322 [INFO] IPUIPlugin:80 - create IPUIPlugin
2025-05-29 19:05:25,322 [INFO] PluginManager:220 - loadIPPluginJar : add tsc
2025-05-29 19:05:25,326 [INFO] IPUIPlugin:80 - create IPUIPlugin
2025-05-29 19:05:25,326 [INFO] PluginManager:220 - loadIPPluginJar : add ucpd
2025-05-29 19:05:25,333 [INFO] IPUIPlugin:80 - create IPUIPlugin
2025-05-29 19:05:25,333 [INFO] PluginManager:220 - loadIPPluginJar : add usart
2025-05-29 19:05:25,339 [INFO] IPUIPlugin:80 - create IPUIPlugin
2025-05-29 19:05:25,339 [INFO] PluginManager:220 - loadIPPluginJar : add usbx
2025-05-29 19:05:25,576 [FATAL] Updater:351 - Updater called before beeing initialized
2025-05-29 19:05:25,702 [INFO] RulesReader:64 - Compatibility file has been processed (301 Rules)
2025-05-29 19:05:25,727 [INFO] RulesReader:64 - Compatibility file has been processed (301 Rules)
2025-05-29 19:05:25,742 [INFO] CADModel:165 - CPN selected for project level
2025-05-29 19:05:25,742 [INFO] CADModel:114 - Register for checkConnection events
2025-05-29 19:05:25,742 [FATAL] Updater:351 - Updater called before beeing initialized
2025-05-29 19:05:25,742 [ERROR] CADModel:125 - Updater not yet initialized, retry later 
2025-05-29 19:05:26,054 [FATAL] Updater:351 - Updater called before beeing initialized
2025-05-29 19:05:26,060 [INFO] CADModel:165 - CPN selected for project level
2025-05-29 19:05:26,060 [INFO] CADModel:114 - Register for checkConnection events
2025-05-29 19:05:26,060 [FATAL] Updater:351 - Updater called before beeing initialized
2025-05-29 19:05:26,061 [ERROR] CADModel:125 - Updater not yet initialized, retry later 
2025-05-29 19:05:26,067 [FATAL] Updater:351 - Updater called before beeing initialized
2025-05-29 19:05:26,365 [FATAL] Updater:351 - Updater called before beeing initialized
2025-05-29 19:05:26,373 [INFO] DbMcusAds:53 - JSON generation date=Thu Mar 06 15:54:21 CET 2025 (1741272861825)
2025-05-29 19:05:26,373 [FATAL] Updater:351 - Updater called before beeing initialized
2025-05-29 19:05:26,437 [INFO] ThirdPartyUpdaterWithRetryManager:70 - Updater plugin not ready yet. [2/15]
2025-05-29 19:05:26,476 [WARN] DetailPanel:346 - Failed to get advertising image, set to default
2025-05-29 19:05:27,043 [FATAL] Updater:351 - Updater called before beeing initialized
2025-05-29 19:05:27,045 [FATAL] Updater:351 - Updater called before beeing initialized
2025-05-29 19:05:27,046 [FATAL] Updater:351 - Updater called before beeing initialized
2025-05-29 19:05:27,046 [WARN] DetailPanel:346 - Failed to get advertising image, set to default
2025-05-29 19:05:27,047 [FATAL] Updater:351 - Updater called before beeing initialized
2025-05-29 19:05:27,271 [ERROR] Updater:1198 - MainUpdater not yet initialized. External WinMGr cannot be set.
2025-05-29 19:05:27,274 [INFO] Updater:1134 - Updater Version found : 6.14.0
2025-05-29 19:05:27,324 [INFO] ApplicationProperties:184 - Using Application install path: C:\ST\STM32CubeIDE_1.18.0\STM32CubeIDE\plugins\com.st.stm32cube.common.mx_6.14.0.202502271554
2025-05-29 19:05:28,917 [ERROR] LogOutputStream:75 - [STDERR_REDIRECT] May 29, 2025 7:05:28 PM java.util.prefs.WindowsPreferences <init>
2025-05-29 19:05:28,920 [ERROR] LogOutputStream:75 - [STDERR_REDIRECT] WARNING: Could not open/create prefs root node Software\JavaSoft\Prefs at root 0xffffffff80000002. Windows RegCreateKeyEx(...) returned error code 5.
2025-05-29 19:05:28,921 [ERROR] LogOutputStream:75 - [STDERR_REDIRECT] 
2025-05-29 19:05:29,439 [FATAL] Updater:351 - Updater called before beeing initialized
2025-05-29 19:05:29,439 [ERROR] IntegrityCheckThread:130 - Cannot retrieve database content from updater: error 21
2025-05-29 19:05:29,439 [INFO] ThirdParty:978 - Integrity check success = false
2025-05-29 19:05:29,439 [INFO] IntegrityCheckThread:100 - exiting critical section [integrity check]
2025-05-29 19:05:29,439 [INFO] IntegrityCheckThread:103 - End integrity checks thread
2025-05-29 19:05:29,667 [INFO] MainUpdater:2872 - connection check result : 10
2025-05-29 19:05:29,669 [INFO] MainUpdater:289 - Updater Check For Update Now.
2025-05-29 19:05:29,669 [INFO] MicroXplorer:498 - Change Database Version : DB.6.0.140
2025-05-29 19:05:29,678 [INFO] McuFinderGlobals:63 - Set McuFinder mode to 2 (CubeIDE integrated)
2025-05-29 19:05:29,680 [INFO] UserAuth:486 - Internet connection configuration mode: 1
2025-05-29 19:05:29,716 [INFO] JxBrowserEngine:152 - Initiate JxBrowser Engine with user profile folder
2025-05-29 19:05:30,011 [INFO] CheckServerUpdateThread:120 - End of CheckServer Thread
2025-05-29 19:05:31,726 [INFO] WebApp:169 - Instantiating new browser for Auth
2025-05-29 19:05:33,085 [INFO] WebApp:463 - Apply proxy settings
2025-05-29 19:05:33,086 [INFO] WebApp:548 - Chromium requires no authentication
2025-05-29 19:05:33,103 [INFO] WebApp:491 - Direct internet connection detected
2025-05-29 19:05:33,161 [INFO] WebApp:894 - Register for checkConnection events
2025-05-29 19:05:33,162 [INFO] WebApp:463 - Apply proxy settings
2025-05-29 19:05:33,162 [INFO] WebApp:548 - Chromium requires no authentication
2025-05-29 19:05:33,163 [INFO] WebApp:491 - Direct internet connection detected
2025-05-29 19:05:33,678 [INFO] WebApp:191 - Connection restablished
2025-05-29 19:05:33,739 [INFO] WebApp:225 - Starting web application
2025-05-29 19:05:33,740 [INFO] WebApp:593 - Web application path used C:\ST\STM32CubeIDE_1.18.0\STM32CubeIDE\plugins\com.st.stm32cube.common.mx_6.14.0.202502271554\db\plugins\mcufinder\reactClient1\index.html
2025-05-29 19:05:33,928 [INFO] UserAuth:486 - Internet connection configuration mode: 1
2025-05-29 19:05:34,861 [ERROR] LogOutputStream:75 - [STDERR_REDIRECT] May 29, 2025 7:05:34 PM org.glassfish.grizzly.http.server.NetworkListener start
2025-05-29 19:05:34,865 [ERROR] LogOutputStream:75 - [STDERR_REDIRECT] INFO: Started listener bound to [localhost:16721]
2025-05-29 19:05:34,866 [ERROR] LogOutputStream:75 - [STDERR_REDIRECT] 
2025-05-29 19:05:34,869 [ERROR] LogOutputStream:75 - [STDERR_REDIRECT] May 29, 2025 7:05:34 PM org.glassfish.grizzly.http.server.HttpServer start
2025-05-29 19:05:34,870 [ERROR] LogOutputStream:75 - [STDERR_REDIRECT] INFO: [HttpServer] Started.
2025-05-29 19:05:34,871 [ERROR] LogOutputStream:75 - [STDERR_REDIRECT] 
2025-05-29 19:05:35,040 [INFO] LogOutputStream:77 - [STDOUT_REDIRECT] 
2025-05-29 19:10:53,855 [INFO] McuFinderGlobals:63 - Set McuFinder mode to 2 (CubeIDE integrated)
2025-05-29 19:10:53,864 [INFO] MainUpdater:2872 - connection check result : 10
2025-05-29 19:10:53,866 [INFO] MainUpdater:2872 - connection check result : 10
2025-05-29 19:10:53,922 [INFO] MicroXplorer:468 - Change Database Path : 
2025-05-29 19:10:53,922 [INFO] MicroXplorer:498 - Change Database Version : DB.6.0.140
2025-05-29 19:10:53,949 [WARN] ThirdParty:871 - waiting for thirdparty lock release [close project]
2025-05-29 19:10:53,949 [INFO] ThirdParty:873 - entering critical section [close project]
2025-05-29 19:10:53,952 [INFO] ThirdParty:883 - exiting critical section [close project]
2025-05-29 19:10:53,961 [INFO] PinOutPanel:1589 - setPackage(No Configuration,No Configuration)
2025-05-29 19:10:53,969 [INFO] UtilMem:75 - Begin LoadConfig() Used Memory: 773323368 Bytes (1073741824)
2025-05-29 19:10:54,002 [INFO] MicroXplorer:468 - Change Database Path : C:/Users/pwlub/.stm32cubemx/databases/DB.6.0.111/db/
2025-05-29 19:10:54,002 [INFO] MicroXplorer:498 - Change Database Version : DB.6.0.111
2025-05-29 19:10:56,663 [INFO] OpenFileManager:354 - Change cursor
2025-05-29 19:10:56,683 [WARN] IntegrityCheckThread:84 - waiting for thirdparty lock release [integrity check]
2025-05-29 19:10:56,683 [INFO] IntegrityCheckThread:86 - entering critical section [integrity check]
2025-05-29 19:10:57,100 [WARN] PackLoader:240 - Cannot read IP mode file for STMicroelectronics.FP-SNS-MOTENVWB1.1.4.0
2025-05-29 19:10:57,125 [WARN] PackLoader:240 - Cannot read IP mode file for STMicroelectronics.FP-ATR-ASTRA1.2.0.2
2025-05-29 19:10:57,142 [WARN] PackLoader:240 - Cannot read IP mode file for STMicroelectronics.X-CUBE-SMBUS.2.1.0
2025-05-29 19:10:57,159 [WARN] PackLoader:240 - Cannot read IP mode file for STMicroelectronics.X-CUBE-WB05N.1.1.0
2025-05-29 19:10:57,171 [WARN] PackLoader:240 - Cannot read IP mode file for STMicroelectronics.X-CUBE-ST60.1.0.0
2025-05-29 19:10:57,248 [WARN] PackLoader:240 - Cannot read IP mode file for STMicroelectronics.X-CUBE-AZRTOS-F7.1.1.0
2025-05-29 19:10:57,327 [WARN] PackLoader:240 - Cannot read IP mode file for Infineon.AIROC-Wi-Fi-Bluetooth-STM32.1.7.0
2025-05-29 19:10:57,354 [WARN] PackLoader:240 - Cannot read IP mode file for STMicroelectronics.X-CUBE-DISPLAY.3.0.0
2025-05-29 19:10:57,379 [WARN] PackLoader:240 - Cannot read IP mode file for STMicroelectronics.X-CUBE-NFC10.1.0.0
2025-05-29 19:10:57,402 [WARN] PackLoader:240 - Cannot read IP mode file for STMicroelectronics.X-CUBE-BLEMGR.4.0.0
2025-05-29 19:10:57,418 [WARN] PackLoader:240 - Cannot read IP mode file for emotas.I-CUBE-CANOPEN.1.3.0
2025-05-29 19:10:57,450 [WARN] ConditionMgr:438 - getConditionDescription Invalid condition id : Cortex-A Device cause : null
2025-05-29 19:10:57,469 [WARN] ConditionMgr:1044 - genDependencies : Invalid condition id : Cortex-A Device cause : null
2025-05-29 19:10:57,469 [WARN] ConditionMgr:1044 - genDependencies : Invalid condition id : Cortex-A Device cause : null
2025-05-29 19:10:57,469 [WARN] ConditionMgr:1044 - genDependencies : Invalid condition id : Cortex-A Device cause : null
2025-05-29 19:10:57,477 [WARN] PackLoader:240 - Cannot read IP mode file for STMicroelectronics.X-CUBE-AI.10.0.0
2025-05-29 19:10:57,490 [WARN] PackLoader:240 - Cannot read IP mode file for STMicroelectronics.FP-SNS-SMARTAG2.1.2.0
2025-05-29 19:10:57,498 [WARN] PackLoader:240 - Cannot read IP mode file for STMicroelectronics.FP-SNS-FLIGHT1.5.1.0
2025-05-29 19:10:57,626 [WARN] PackLoader:240 - Cannot read IP mode file for STMicroelectronics.X-CUBE-MEMS1.11.1.0
2025-05-29 19:10:57,973 [INFO] LogOutputStream:77 - [STDOUT_REDIRECT] 1 : Invalid condition id : UX_CORESTACK_Condition cause : null
2025-05-29 19:10:57,976 [INFO] LogOutputStream:77 - [STDOUT_REDIRECT] 1 : Invalid condition id : UX_CORESTACK_Condition cause : null
2025-05-29 19:10:57,979 [INFO] LogOutputStream:77 - [STDOUT_REDIRECT] 1 : Invalid condition id : UX_CORESTACK_Condition cause : null
2025-05-29 19:10:57,981 [INFO] LogOutputStream:77 - [STDOUT_REDIRECT] 1 : Invalid condition id : UX_CORESTACK_Condition cause : null
2025-05-29 19:10:57,983 [INFO] LogOutputStream:77 - [STDOUT_REDIRECT] 1 : Invalid condition id : UX_CORESTACK_Condition cause : null
2025-05-29 19:10:57,988 [WARN] PackLoader:240 - Cannot read IP mode file for STMicroelectronics.X-CUBE-AZRTOS-WL.2.0.0
2025-05-29 19:10:57,998 [WARN] PackLoader:240 - Cannot read IP mode file for STMicroelectronics.FP-SNS-MOTENV1.5.0.0
2025-05-29 19:10:58,012 [WARN] PackLoader:240 - Cannot read IP mode file for WES.I-CUBE-Cesium.1.3.0
2025-05-29 19:10:58,019 [WARN] PackLoader:240 - Cannot read IP mode file for STMicroelectronics.X-CUBE-BLE2.3.3.0
2025-05-29 19:10:58,031 [WARN] PackLoader:240 - Cannot read IP mode file for STMicroelectronics.X-CUBE-NFC9.1.0.0
2025-05-29 19:10:58,042 [WARN] PackLoader:240 - Cannot read IP mode file for STMicroelectronics.X-CUBE-BLE1.7.1.0
2025-05-29 19:10:58,129 [WARN] PackLoader:240 - Cannot read IP mode file for STMicroelectronics.X-CUBE-MEMS1.11.2.0
2025-05-29 19:10:58,452 [WARN] PackLoader:240 - Cannot read IP mode file for STMicroelectronics.X-CUBE-AZRTOS-G0.1.1.0
2025-05-29 19:10:58,465 [WARN] PackLoader:240 - Cannot read IP mode file for STMicroelectronics.X-CUBE-SAFEA1.1.2.2
2025-05-29 19:10:58,475 [WARN] PackLoader:240 - Cannot read IP mode file for STMicroelectronics.X-CUBE-NFC4.3.0.0
2025-05-29 19:10:58,491 [WARN] PackLoader:240 - Cannot read IP mode file for EmbeddedOffice.I-CUBE-FS-RTOS.1.0.1
2025-05-29 19:10:58,500 [WARN] PackLoader:240 - Cannot read IP mode file for STMicroelectronics.X-CUBE-WB05N.2.0.0
2025-05-29 19:10:58,511 [WARN] PackLoader:240 - Cannot read IP mode file for wolfSSL.I-CUBE-wolfTPM.3.8.0
2025-05-29 19:10:58,521 [WARN] PackLoader:240 - Cannot read IP mode file for STMicroelectronics.X-CUBE-TCPP.4.2.0
2025-05-29 19:10:58,531 [WARN] PackLoader:240 - Cannot read IP mode file for RealThread.X-CUBE-RT-Thread_Nano.4.1.1
2025-05-29 19:10:58,539 [WARN] PackLoader:240 - Cannot read IP mode file for STMicroelectronics.FP-ATR-SIGFOX1.3.2.0
2025-05-29 19:10:58,550 [WARN] PackLoader:240 - Cannot read IP mode file for STMicroelectronics.X-CUBE-EEPRMA1.5.1.0
2025-05-29 19:10:58,565 [WARN] PackLoader:240 - Cannot read IP mode file for ITTIA_DB.I-CUBE-ITTIADB.8.9.0
2025-05-29 19:10:58,614 [WARN] PackLoader:240 - Cannot read IP mode file for SEGGER.I-CUBE-embOS.1.3.1
2025-05-29 19:10:58,682 [WARN] PackLoader:240 - Cannot read IP mode file for STMicroelectronics.X-CUBE-ALGOBUILD.1.4.0
2025-05-29 19:10:58,712 [WARN] PackLoader:240 - Cannot read IP mode file for STMicroelectronics.X-CUBE-AZRTOS-F4.1.1.0
2025-05-29 19:10:58,722 [WARN] PackLoader:240 - Cannot read IP mode file for Avnet-IotConnect.X-CUBE-IoTC-DA16k-PMOD.1.0.0
2025-05-29 19:10:58,729 [WARN] PackLoader:240 - Cannot read IP mode file for STMicroelectronics.X-CUBE-ISPU.2.1.0
2025-05-29 19:10:58,757 [WARN] PackLoader:240 - Cannot read IP mode file for STMicroelectronics.X-CUBE-AZRTOS-L5.2.0.0
2025-05-29 19:10:58,789 [WARN] PackLoader:240 - Cannot read IP mode file for STMicroelectronics.X-CUBE-NFC6.3.1.0
2025-05-29 19:10:58,800 [WARN] PackLoader:240 - Cannot read IP mode file for STMicroelectronics.X-CUBE-DPower.1.2.0
2025-05-29 19:10:58,809 [WARN] PackLoader:240 - Cannot read IP mode file for STMicroelectronics.X-CUBE-FREERTOS.1.3.1
2025-05-29 19:10:58,815 [WARN] PackLoader:240 - Cannot read IP mode file for STMicroelectronics.X-CUBE-FREERTOS.1.3.0
2025-05-29 19:10:58,823 [WARN] PackLoader:240 - Cannot read IP mode file for STMicroelectronics.X-CUBE-NFC7.1.0.1
2025-05-29 19:10:58,855 [WARN] ConditionMgr:438 - getConditionDescription Invalid condition id : LAN8742 Phy interface Condition cause : null
2025-05-29 19:10:58,856 [WARN] PackLoader:240 - Cannot read IP mode file for STMicroelectronics.X-CUBE-AZRTOS-L4.2.0.0
2025-05-29 19:10:58,858 [WARN] ConditionMgr:1044 - genDependencies : Invalid condition id : LAN8742 Phy interface Condition cause : null
2025-05-29 19:10:58,858 [WARN] ConditionMgr:1044 - genDependencies : Invalid condition id : LAN8742 Phy interface Condition cause : null
2025-05-29 19:10:58,859 [WARN] ConditionMgr:1044 - genDependencies : Invalid condition id : LAN8742 Phy interface Condition cause : null
2025-05-29 19:10:58,873 [WARN] PackLoader:240 - Cannot read IP mode file for STMicroelectronics.X-CUBE-SFXS2LP1.4.0.0
2025-05-29 19:10:58,944 [WARN] PackLoader:240 - Cannot read IP mode file for STMicroelectronics.X-CUBE-AZRTOS-H7.3.3.0
2025-05-29 19:10:58,969 [WARN] ConditionMgr:438 - getConditionDescription Invalid condition id : UX DEVICE CLASS RTOS Condition cause : null
2025-05-29 19:10:58,970 [WARN] ConditionMgr:438 - getConditionDescription Invalid condition id : UX DEVICE CLASS RTOS Condition cause : null
2025-05-29 19:10:58,973 [WARN] PackLoader:240 - Cannot read IP mode file for STMicroelectronics.X-CUBE-AZRTOS-WB.2.0.0
2025-05-29 19:10:58,974 [WARN] ConditionMgr:1044 - genDependencies : Invalid condition id : UX DEVICE CLASS RTOS Condition cause : null
2025-05-29 19:10:58,975 [WARN] ConditionMgr:1044 - genDependencies : Invalid condition id : UX DEVICE CLASS RTOS Condition cause : null
2025-05-29 19:10:58,975 [WARN] ConditionMgr:1044 - genDependencies : Invalid condition id : UX DEVICE CLASS RTOS Condition cause : null
2025-05-29 19:10:58,976 [WARN] ConditionMgr:1044 - genDependencies : Invalid condition id : UX DEVICE CLASS RTOS Condition cause : null
2025-05-29 19:10:58,976 [WARN] ConditionMgr:1044 - genDependencies : Invalid condition id : UX DEVICE CLASS RTOS Condition cause : null
2025-05-29 19:10:58,985 [WARN] PackLoader:240 - Cannot read IP mode file for STMicroelectronics.X-CUBE-GNSS1.7.0.1
2025-05-29 19:10:58,994 [WARN] PackLoader:240 - Cannot read IP mode file for STMicroelectronics.X-CUBE-TOUCHGFX.4.25.0
2025-05-29 19:10:59,003 [WARN] PackLoader:240 - Cannot read IP mode file for STMicroelectronics.FP-SNS-STBOX1.2.0.0
2025-05-29 19:10:59,023 [WARN] PackLoader:240 - Cannot read IP mode file for STMicroelectronics.X-CUBE-SUBG2.5.0.0
2025-05-29 19:10:59,067 [WARN] PackLoader:240 - Cannot read IP mode file for Cesanta.I-CUBE-Mongoose.7.13.0
2025-05-29 19:10:59,088 [WARN] PackLoader:240 - Cannot read IP mode file for STMicroelectronics.X-CUBE-AZRTOS-G4.2.0.0
2025-05-29 19:10:59,096 [WARN] PackLoader:240 - Cannot read IP mode file for wolfSSL.I-CUBE-wolfSSH.1.4.20
2025-05-29 19:10:59,103 [WARN] PackLoader:240 - Cannot read IP mode file for STMicroelectronics.X-CUBE-NFC7.2.0.0
2025-05-29 19:10:59,125 [WARN] PackLoader:240 - Cannot read IP mode file for STMicroelectronics.X-CUBE-IPS.3.1.0
2025-05-29 19:10:59,141 [WARN] PackLoader:240 - Cannot read IP mode file for STMicroelectronics.X-CUBE-ALS.1.0.2
2025-05-29 19:10:59,149 [WARN] PackLoader:240 - Cannot read IP mode file for portGmbH.I-Cube-SoM-uGOAL.1.1.0
2025-05-29 19:10:59,181 [WARN] PackLoader:240 - Cannot read IP mode file for STMicroelectronics.X-CUBE-AZRTOS-H7RS.1.0.0
2025-05-29 19:10:59,201 [WARN] PackLoader:240 - Cannot read IP mode file for STMicroelectronics.X-CUBE-TOF1.3.4.2
2025-05-29 19:10:59,233 [WARN] PackLoader:240 - Cannot read IP mode file for STMicroelectronics.X-CUBE-TOF1.3.4.3
2025-05-29 19:10:59,252 [INFO] ThirdParty:978 - Integrity check success = true
2025-05-29 19:10:59,252 [INFO] IntegrityCheckThread:100 - exiting critical section [integrity check]
2025-05-29 19:10:59,252 [INFO] IntegrityCheckThread:103 - End integrity checks thread
2025-05-29 19:10:59,669 [INFO] Mcu:2011 - Initializing MCU STM32G473R(B-C-E)Tx STM32G473RCTx STM32G473RCT6
2025-05-29 19:11:09,750 [INFO] Context:756 - Trying to add GPIOservice into a context  which must be forbidden
2025-05-29 19:11:11,877 [INFO] ImportTextPane:218 - (OptionalMessage_ERROR) Pin53 (VP_RIF_VS_RIF1) cannot be retrieved for this MCU
2025-05-29 19:11:12,472 [INFO] RtosManager:558 - Registered RTOS mode: class=CMSIS, group=RTOS, mode=CMSIS_V1, owner=FREERTOS
2025-05-29 19:11:12,473 [INFO] RtosManager:558 - Registered RTOS mode: class=CMSIS, group=RTOS2, mode=CMSIS_V2, owner=FREERTOS
2025-05-29 19:11:12,473 [INFO] RtosManager:558 - Registered RTOS mode: class=RTOS, group=Core, mode=CMSIS_V1, owner=FREERTOS
2025-05-29 19:11:12,473 [INFO] RtosManager:558 - Registered RTOS mode: class=RTOS, group=Core, mode=CMSIS_V2, owner=FREERTOS
2025-05-29 19:11:12,474 [WARN] ModelIntegratedComponent:184 - Missing modes for component STMicroelectronics:FreeRTOS:0.0.1:STMicroelectronics:RTOS:FreeRTOS:Core:::10.2.0:
2025-05-29 19:11:12,569 [WARN] ModelIntegratedComponent:63 - No mode defined for component null
2025-05-29 19:11:12,569 [WARN] ModelIntegratedComponent:63 - No mode defined for component null
2025-05-29 19:11:12,569 [WARN] ModelIntegratedComponent:63 - No mode defined for component null
2025-05-29 19:11:12,569 [WARN] ModelIntegratedComponent:63 - No mode defined for component null
2025-05-29 19:11:12,569 [WARN] ModelIntegratedComponent:63 - No mode defined for component null
2025-05-29 19:11:12,570 [WARN] ModelIntegratedComponent:63 - No mode defined for component null
2025-05-29 19:11:12,570 [WARN] ModelIntegratedComponent:63 - No mode defined for component null
2025-05-29 19:11:12,570 [WARN] ModelIntegratedComponent:63 - No mode defined for component null
2025-05-29 19:11:12,571 [WARN] ModelIntegratedComponent:63 - No mode defined for component null
2025-05-29 19:11:12,572 [WARN] ModelIntegratedComponent:63 - No mode defined for component null
2025-05-29 19:11:12,572 [WARN] ModelIntegratedComponent:63 - No mode defined for component null
2025-05-29 19:11:12,572 [WARN] ModelIntegratedComponent:63 - No mode defined for component null
2025-05-29 19:11:12,572 [WARN] ModelIntegratedComponent:63 - No mode defined for component null
2025-05-29 19:11:12,572 [WARN] ModelIntegratedComponent:63 - No mode defined for component null
2025-05-29 19:11:12,572 [WARN] ModelIntegratedComponent:63 - No mode defined for component null
2025-05-29 19:11:12,573 [WARN] ModelIntegratedComponent:63 - No mode defined for component null
2025-05-29 19:11:12,573 [WARN] ModelIntegratedComponent:63 - No mode defined for component null
2025-05-29 19:11:12,573 [WARN] ModelIntegratedComponent:63 - No mode defined for component null
2025-05-29 19:11:12,573 [WARN] ModelIntegratedComponent:63 - No mode defined for component null
2025-05-29 19:11:12,573 [WARN] ModelIntegratedComponent:63 - No mode defined for component null
2025-05-29 19:11:12,573 [WARN] ModelIntegratedComponent:63 - No mode defined for component null
2025-05-29 19:11:12,574 [WARN] ModelIntegratedComponent:63 - No mode defined for component null
2025-05-29 19:11:12,574 [WARN] ModelIntegratedComponent:63 - No mode defined for component null
2025-05-29 19:11:12,574 [WARN] ModelIntegratedComponent:63 - No mode defined for component null
2025-05-29 19:11:12,575 [WARN] ModelIntegratedComponent:63 - No mode defined for component null
2025-05-29 19:11:12,578 [WARN] ModelIntegratedComponent:63 - No mode defined for component null
2025-05-29 19:11:12,578 [WARN] ModelIntegratedComponent:63 - No mode defined for component null
2025-05-29 19:11:12,578 [WARN] ModelIntegratedComponent:63 - No mode defined for component null
2025-05-29 19:11:12,578 [WARN] ModelIntegratedComponent:63 - No mode defined for component null
2025-05-29 19:11:12,579 [WARN] ModelIntegratedComponent:63 - No mode defined for component null
2025-05-29 19:11:12,579 [WARN] ModelIntegratedComponent:63 - No mode defined for component null
2025-05-29 19:11:12,579 [WARN] ModelIntegratedComponent:63 - No mode defined for component null
2025-05-29 19:11:12,579 [WARN] ModelIntegratedComponent:63 - No mode defined for component null
2025-05-29 19:11:12,579 [WARN] ModelIntegratedComponent:63 - No mode defined for component null
2025-05-29 19:11:12,580 [WARN] ModelIntegratedComponent:63 - No mode defined for component null
2025-05-29 19:11:12,580 [WARN] ModelPack:524 - Component already loaded: STMicroelectronics:HAL Drivers:0.0.0:STMicroelectronics:Device:STMicro_Driver:XSPI:HAL::0.0.1:HAL_XSPI
2025-05-29 19:11:12,886 [INFO] ThirdPartyModel:298 - Start build external matchings
2025-05-29 19:11:14,202 [INFO] ThirdPartyModel:316 - End build external matchings
2025-05-29 19:11:14,246 [INFO] RtosManager:967 - Current active RTOS is FREERTOS [Cortex-M4NS]
2025-05-29 19:11:14,270 [INFO] ImportTextPane:218 - (OptionalMessage_ERROR) IP (ADC1) : Parameter (CommonPathInternal) has invalid value (null|null|null|null)
2025-05-29 19:11:14,274 [INFO] ImportTextPane:218 - (OptionalMessage_ERROR) IP (ADC2) : Parameter (CommonPathInternal) has invalid value (null|null|null|null)
2025-05-29 19:11:14,277 [INFO] ImportTextPane:218 - (OptionalMessage_ERROR) IP (DMA) : Parameter (Instance) has Id (ADC1) currently not set
2025-05-29 19:11:14,277 [INFO] ImportTextPane:218 - (OptionalMessage_ERROR) IP (DMA) : Parameter (Request) has Id (ADC1) currently not set
2025-05-29 19:11:14,279 [INFO] ImportTextPane:218 - (OptionalMessage_ERROR) IP (DMA) : Parameter (Direction) has Id (ADC1) currently not set
2025-05-29 19:11:14,279 [INFO] ImportTextPane:218 - (OptionalMessage_ERROR) IP (DMA) : Parameter (PeriphInc) has Id (ADC1) currently not set
2025-05-29 19:11:14,279 [INFO] ImportTextPane:218 - (OptionalMessage_ERROR) IP (DMA) : Parameter (MemInc) has Id (ADC1) currently not set
2025-05-29 19:11:14,281 [INFO] ImportTextPane:218 - (OptionalMessage_ERROR) IP (DMA) : Parameter (PeriphDataAlignment) has Id (ADC1) currently not set
2025-05-29 19:11:14,282 [INFO] ImportTextPane:218 - (OptionalMessage_ERROR) IP (DMA) : Parameter (MemDataAlignment) has Id (ADC1) currently not set
2025-05-29 19:11:14,282 [INFO] ImportTextPane:218 - (OptionalMessage_ERROR) IP (DMA) : Parameter (Mode) has Id (ADC1) currently not set
2025-05-29 19:11:14,283 [INFO] ImportTextPane:218 - (OptionalMessage_ERROR) IP (DMA) : Parameter (Priority) has Id (ADC1) currently not set
2025-05-29 19:11:14,283 [INFO] ImportTextPane:218 - (OptionalMessage_ERROR) IP (DMA) : Parameter (SignalID) has Id (ADC1) currently not set
2025-05-29 19:11:14,283 [INFO] ImportTextPane:218 - (OptionalMessage_ERROR) IP (DMA) : Parameter (Polarity) has Id (ADC1) currently not set
2025-05-29 19:11:14,283 [INFO] ImportTextPane:218 - (OptionalMessage_ERROR) IP (DMA) : Parameter (RequestNumber) has Id (ADC1) currently not set
2025-05-29 19:11:14,283 [INFO] ImportTextPane:218 - (OptionalMessage_ERROR) IP (DMA) : Parameter (SyncSignalID) has Id (ADC1) currently not set
2025-05-29 19:11:14,284 [INFO] ImportTextPane:218 - (OptionalMessage_ERROR) IP (DMA) : Parameter (SyncPolarity) has Id (ADC1) currently not set
2025-05-29 19:11:14,284 [INFO] ImportTextPane:218 - (OptionalMessage_ERROR) IP (DMA) : Parameter (SyncEnable) has Id (ADC1) currently not set
2025-05-29 19:11:14,284 [INFO] ImportTextPane:218 - (OptionalMessage_ERROR) IP (DMA) : Parameter (EventEnable) has Id (ADC1) currently not set
2025-05-29 19:11:14,294 [INFO] ImportTextPane:218 - (OptionalMessage_ERROR) IP (DMA) : Parameter (SyncRequestNumber) has Id (ADC1) currently not set
2025-05-29 19:11:14,298 [INFO] ImportTextPane:218 - (OptionalMessage_ERROR) IP (DMA) : Parameter (Instance) has Id (ADC2) currently not set
2025-05-29 19:11:14,299 [INFO] ImportTextPane:218 - (OptionalMessage_ERROR) IP (DMA) : Parameter (Request) has Id (ADC2) currently not set
2025-05-29 19:11:14,299 [INFO] ImportTextPane:218 - (OptionalMessage_ERROR) IP (DMA) : Parameter (Direction) has Id (ADC2) currently not set
2025-05-29 19:11:14,300 [INFO] ImportTextPane:218 - (OptionalMessage_ERROR) IP (DMA) : Parameter (PeriphInc) has Id (ADC2) currently not set
2025-05-29 19:11:14,300 [INFO] ImportTextPane:218 - (OptionalMessage_ERROR) IP (DMA) : Parameter (MemInc) has Id (ADC2) currently not set
2025-05-29 19:11:14,300 [INFO] ImportTextPane:218 - (OptionalMessage_ERROR) IP (DMA) : Parameter (PeriphDataAlignment) has Id (ADC2) currently not set
2025-05-29 19:11:14,300 [INFO] ImportTextPane:218 - (OptionalMessage_ERROR) IP (DMA) : Parameter (MemDataAlignment) has Id (ADC2) currently not set
2025-05-29 19:11:14,300 [INFO] ImportTextPane:218 - (OptionalMessage_ERROR) IP (DMA) : Parameter (Mode) has Id (ADC2) currently not set
2025-05-29 19:11:14,301 [INFO] ImportTextPane:218 - (OptionalMessage_ERROR) IP (DMA) : Parameter (Priority) has Id (ADC2) currently not set
2025-05-29 19:11:14,301 [INFO] ImportTextPane:218 - (OptionalMessage_ERROR) IP (DMA) : Parameter (SignalID) has Id (ADC2) currently not set
2025-05-29 19:11:14,301 [INFO] ImportTextPane:218 - (OptionalMessage_ERROR) IP (DMA) : Parameter (Polarity) has Id (ADC2) currently not set
2025-05-29 19:11:14,301 [INFO] ImportTextPane:218 - (OptionalMessage_ERROR) IP (DMA) : Parameter (RequestNumber) has Id (ADC2) currently not set
2025-05-29 19:11:14,301 [INFO] ImportTextPane:218 - (OptionalMessage_ERROR) IP (DMA) : Parameter (SyncSignalID) has Id (ADC2) currently not set
2025-05-29 19:11:14,301 [INFO] ImportTextPane:218 - (OptionalMessage_ERROR) IP (DMA) : Parameter (SyncPolarity) has Id (ADC2) currently not set
2025-05-29 19:11:14,302 [INFO] ImportTextPane:218 - (OptionalMessage_ERROR) IP (DMA) : Parameter (SyncEnable) has Id (ADC2) currently not set
2025-05-29 19:11:14,302 [INFO] ImportTextPane:218 - (OptionalMessage_ERROR) IP (DMA) : Parameter (EventEnable) has Id (ADC2) currently not set
2025-05-29 19:11:14,302 [INFO] ImportTextPane:218 - (OptionalMessage_ERROR) IP (DMA) : Parameter (SyncRequestNumber) has Id (ADC2) currently not set
2025-05-29 19:11:14,303 [WARN] IP:2250 - MessageRAMOffset not found: check if there is a RefParameter without a condition.
2025-05-29 19:11:14,303 [WARN] IP:2250 - RxFifo0ElmtsNbr not found: check if there is a RefParameter without a condition.
2025-05-29 19:11:14,303 [WARN] IP:2250 - RxFifo0ElmtSize not found: check if there is a RefParameter without a condition.
2025-05-29 19:11:14,303 [WARN] IP:2250 - RxFifo1ElmtsNbr not found: check if there is a RefParameter without a condition.
2025-05-29 19:11:14,304 [WARN] IP:2250 - RxFifo1ElmtSize not found: check if there is a RefParameter without a condition.
2025-05-29 19:11:14,304 [WARN] IP:2250 - RxBuffersNbr not found: check if there is a RefParameter without a condition.
2025-05-29 19:11:14,304 [WARN] IP:2250 - RxBufferSize not found: check if there is a RefParameter without a condition.
2025-05-29 19:11:14,304 [WARN] IP:2250 - TxEventsNbr not found: check if there is a RefParameter without a condition.
2025-05-29 19:11:14,304 [WARN] IP:2250 - TxBuffersNbr not found: check if there is a RefParameter without a condition.
2025-05-29 19:11:14,304 [WARN] IP:2250 - TxFifoQueueElmtsNbr not found: check if there is a RefParameter without a condition.
2025-05-29 19:11:14,304 [WARN] IP:2250 - TxElmtSize not found: check if there is a RefParameter without a condition.
2025-05-29 19:11:14,305 [WARN] IP:2250 - ClockCalibrationCCU not found: check if there is a RefParameter without a condition.
2025-05-29 19:11:14,306 [WARN] IP:2250 - ClockDividerCCU not found: check if there is a RefParameter without a condition.
2025-05-29 19:11:14,306 [WARN] IP:2250 - MinOscClkPeriodsCCU not found: check if there is a RefParameter without a condition.
2025-05-29 19:11:14,307 [WARN] IP:2250 - TimeQuantaPerBitTimeCCU not found: check if there is a RefParameter without a condition.
2025-05-29 19:11:14,307 [WARN] IP:2250 - WatchdogStartValueCCU not found: check if there is a RefParameter without a condition.
2025-05-29 19:11:14,332 [INFO] ImportTextPane:218 - (OptionalMessage_ERROR) IP (RCC) : Invalid parameter (FamilyName)
2025-05-29 19:11:15,643 [INFO] ApiDb:581 - Connected to CubeFinder SQLite database (C:\Users\pwlub\.stmcufinder\plugins\mcufinder\mcu\cube-finder-db.db)
2025-05-29 19:11:15,869 [INFO] ApiDb:668 - CubeFinder database Data Model version=2.1
2025-05-29 19:11:15,870 [INFO] ApiDb:669 - CubeFinder database Configuration version=3.0.39
2025-05-29 19:11:15,870 [INFO] ApiDb:670 - CubeFinder database generation date=2025-03-24 (1742811287)
2025-05-29 19:11:15,870 [INFO] ApiDb:671 - CubeFinder database FW Pack versions=[FP-ATR-ASTRA1_V2.0.0, FP-SNS-FLIGHT1_V5.0.2, FP-SNS-MOTENV1_V5.0.0, FP-SNS-MOTENVWB1_V1.4.0, FP-SNS-SMARTAG2_V1.2.0, FP-SNS-STBOX1_V2.0.0, STM32Cube_FW_C0_V1.4.0, STM32Cube_FW_F4_V1.28.1, STM32Cube_FW_F7_V1.17.2, STM32Cube_FW_G0_V1.6.2, STM32Cube_FW_G4_V1.6.1, STM32Cube_FW_H5_V1.5.0, STM32Cube_FW_H7RS_V1.2.0, STM32Cube_FW_H7_V1.12.1, STM32Cube_FW_L0_V1.12.2, STM32Cube_FW_L4_V1.18.1, STM32Cube_FW_L5_V1.5.1, STM32Cube_FW_N6_V1.1.0, STM32Cube_FW_U0_V1.2.0, STM32Cube_FW_U3_V1.1.0, STM32Cube_FW_U5_V1.7.0, STM32Cube_FW_WB0_V1.2.0, STM32Cube_FW_WBA_V1.6.0, STM32Cube_FW_WB_V1.22.0, STM32Cube_FW_WL3_V1.1.0, STM32Cube_FW_WL_V1.3.1, X-CUBE-ALGOBUILD_V1.4.0, X-CUBE-ALS_V1.0.2, X-CUBE-AZRTOS-F4_V1.1.0, X-CUBE-AZRTOS-F7_V1.1.0, X-CUBE-AZRTOS-G0_V1.1.0, X-CUBE-AZRTOS-G4_V2.0.0, X-CUBE-AZRTOS-H7RS_V1.0.0, X-CUBE-AZRTOS-H7_V3.3.0, X-CUBE-AZRTOS-L4_V2.0.0, X-CUBE-AZRTOS-L5_V2.0.0, X-CUBE-AZRTOS-WB_V2.0.0, X-CUBE-AZRTOS-WL_V2.0.0, X-CUBE-BLE1_V7.1.0, X-CUBE-BLE2_V3.3.0, X-CUBE-BLEMGR_V4.0.0, X-CUBE-EEPRMA1_V5.1.0, X-CUBE-FREERTOS_V1.3.0, X-CUBE-GNSS1_V6.0.0, X-CUBE-MEMS1_V11.1.0, X-CUBE-NFC4_V3.0.0, X-CUBE-NFC7_V1.0.1, X-CUBE-SFXS2LP1_V4.0.0, X-CUBE-SUBG2_V5.0.0, X-CUBE-TOF1_V3.4.2]
2025-05-29 19:11:16,119 [INFO] DbBoardsSqlite:226 - include board P-NUCLEO-WB55-NUCLEO as a kit item of type 'Nucleo-64'
2025-05-29 19:11:16,119 [INFO] DbBoardsSqlite:226 - include board P-NUCLEO-WB55-USBDONGLE as a kit item of type 'Nucleo USB Dongle'
2025-05-29 19:11:16,121 [INFO] DbBoardsSqlite:226 - include board STEVAL-IDP005V1 as a kit item of type 'Evaluation Board'
2025-05-29 19:11:16,122 [INFO] DbBoardsSqlite:226 - include board STEVAL-IDP005V2 as a kit item of type 'Evaluation Board'
2025-05-29 19:11:17,492 [INFO] ApiDb:240 - Found 895 in-development CPN: [B-G473E-ZEST1S, B-WB1M-WPAN1, B-WBA5M-WPAN, B-WL5M-SUBG1, NUCLEO-C031C6, NUCLEO-C051C8, NUCLEO-C071RB, NUCLEO-C092RC, NUCLEO-H503RB, NUCLEO-H533RE, NUCLEO-H563ZI, NUCLEO-H7S3L8, NUCLEO-N657X0-Q, NUCLEO-U031R8, NUCLEO-U083RC, NUCLEO-U385RG-Q, NUCLEO-U545RE-Q, NUCLEO-U5A5ZJ-Q, NUCLEO-WB05KZ, NUCLEO-WB07CC, NUCLEO-WB09KE, NUCLEO-WBA52CG, NUCLEO-WBA55CG, NUCLEO-WBA65RI, NUCLEO-WL33CC1, NUCLEO-WL33CC2, STEVAL-PROTEUS1, STEVAL-SMARTAG2, STEVAL-STWINBX1, STM320518-EVAL, STM32C0116-DK, STM32C011D6Y3TR, STM32C011D6Y6TR, STM32C011F4P3, STM32C011F4P6, STM32C011F4U3, STM32C011F4U6TR, STM32C011F6P3, STM32C011F6P6, STM32C011F6U3, STM32C011F6U6TR, STM32C011J4M3, STM32C011J4M6, STM32C011J6M3, STM32C011J6M6, STM32C0316-DK, STM32C031C4T3, STM32C031C4T6, STM32C031C4U3, STM32C031C4U6, STM32C031C6T3, STM32C031C6T6, STM32C031C6U3, STM32C031C6U6, STM32C031F4P3, STM32C031F4P6, STM32C031F6P3, STM32C031F6P6, STM32C031G4U3, STM32C031G4U6, STM32C031G6U3, STM32C031G6U6, STM32C031K4T3, STM32C031K4T6, STM32C031K4U3, STM32C031K4U6, STM32C031K6T3, STM32C031K6T6, STM32C031K6U3, STM32C031K6U6, STM32C051C6T6, STM32C051C6U6, STM32C051C8T6, STM32C051C8U6, STM32C051D8Y6TR, STM32C051F6P6, STM32C051F8P6, STM32C051G6U6, STM32C051G8U6, STM32C051K6T6, STM32C051K6U6, STM32C051K8T6, STM32C071C8T6, STM32C071C8T6N, STM32C071C8U6, STM32C071C8U6N, STM32C071CBT6, STM32C071CBT6N, STM32C071CBU6, STM32C071CBU6N, STM32C071F8P6, STM32C071F8P6N, STM32C071FBP6, STM32C071FBP6N, STM32C071FBY6TR, STM32C071G8U6, STM32C071G8U6N, STM32C071GBU6, STM32C071GBU6N, STM32C071K8T6, STM32C071K8T6N, STM32C071K8U6, STM32C071K8U6N, STM32C071KBT6, STM32C071KBT6N, STM32C071KBU6, STM32C071KBU6N, STM32C071R8T6, STM32C071R8T6N, STM32C071RBI6N, STM32C071RBT6, STM32C071RBT6N, STM32C091CBT6, STM32C091CBU6, STM32C091CCT6, STM32C091CCU6, STM32C091ECY6TR, STM32C091FBP6, STM32C091FCP6, STM32C091GBU6, STM32C091GCU6, STM32C091KBT6, STM32C091KBU6, STM32C091KCT6, STM32C091KCU6, STM32C091RBT6, STM32C091RCI6, STM32C091RCT6, STM32C092CBT6, STM32C092CBU6, STM32C092CCT6, STM32C092CCU6, STM32C092ECY6TR, STM32C092FBP6, STM32C092FCP6, STM32C092GBU6, STM32C092GCU6, STM32C092KBT6, STM32C092KBU6, STM32C092KCT6, STM32C092KCU6, STM32C092RBT6, STM32C092RCI6, STM32C092RCT6, STM32G071K8TXN, STM32G071K8UXN, STM32G081GBU6N, STM32G081KBT6N, STM32G081KBUXN, STM32G0B1CCT6N, STM32G0B1KCT6, STM32G0B1NEY6TR, STM32G0B1RCT6N, STM32G0C1CCT6, STM32G0C1CCT6N, STM32G0C1CCU6N, STM32G0C1CET6N, STM32G0C1CEU6N, STM32G0C1KCT6, STM32G0C1NEY6TR, STM32G0C1RCI6N, STM32G0C1RCT6N, STM32G0C1REI6N, STM32G0C1RET6N, STM32G0C1VCI6, STM32G0C1VEI6, STM32G411C6T3, STM32G411C6T6, STM32G411C6U3, STM32G411C6U6, STM32G411C8T3, STM32G411C8T6, STM32G411C8U3, STM32G411C8U6, STM32G411CBT3, STM32G411CBT6, STM32G411CBU3, STM32G411CBU6, STM32G411CCT3, STM32G411CCT6, STM32G411CCU3, STM32G411CCU6, STM32G411K6T3, STM32G411K6T6, STM32G411K6U3, STM32G411K6U6, STM32G411K8T3, STM32G411K8T6, STM32G411K8U3, STM32G411K8U6, STM32G411KBT3, STM32G411KBT6, STM32G411KBU3, STM32G411KBU6, STM32G411M6T3, STM32G411M6T6, STM32G411M8T3, STM32G411M8T6, STM32G411MBT3, STM32G411MBT6, STM32G411MCT3, STM32G411MCT6, STM32G411R6T3, STM32G411R6T6, STM32G411R8T3, STM32G411R8T6, STM32G411RBT3, STM32G411RBT6, STM32G411RCT3, STM32G411RCT6, STM32G414CBT3, STM32G414CBT6, STM32G414CBU3, STM32G414CBU6, STM32G414CCT3, STM32G414CCT6, STM32G414CCU3, STM32G414CCU6, STM32G414MBT3, STM32G414MBT6, STM32G414MCT3, STM32G414MCT6, STM32G414RBT3, STM32G414RBT6, STM32G414RCT3, STM32G414RCT6, STM32G414VBT3, STM32G414VBT6, STM32G414VCT3, STM32G414VCT6, STM32G431CBT3Z, STM32G431RBT3Z, STM32G471CCT6, STM32G471CCU6, STM32G471CET3, STM32G471CET6, STM32G471CEU3, STM32G471CEU6, STM32G471MCT6, STM32G471MET3, STM32G471MET6, STM32G471MEY6TR, STM32G471QCT6, STM32G471QET3, STM32G471RCT6, STM32G471RET3, STM32G471RET6, STM32G471VCH6, STM32G471VCI6, STM32G471VCT6, STM32G471VEH3, STM32G471VEH6, STM32G471VEI3, STM32G471VEI6, STM32G471VET3, STM32G471VET6, STM32G473QET3Z, STM32G473RET3Z, STM32G474CCT6, STM32G491RET3Z, STM32H503CBT6, STM32H503CBU6, STM32H503EBY6TR, STM32H503KBU6, STM32H503RBT6, STM32H523CCT6, STM32H523CCU6, STM32H523CET6, STM32H523CEU6, STM32H523HEY6TR, STM32H523RCT6, STM32H523RET6, STM32H523VCI6, STM32H523VCT6, STM32H523VEI6, STM32H523VET6, STM32H523ZCJ6, STM32H523ZCT6, STM32H523ZEJ6, STM32H523ZET6, STM32H533CET6, STM32H533CEU6, STM32H533HEY6TR, STM32H533RET6, STM32H533VEI6, STM32H533VET6, STM32H533ZEJ6, STM32H533ZET6, STM32H562AGI6, STM32H562AII6, STM32H562IGK6, STM32H562IGT6, STM32H562IIK6, STM32H562IIT6, STM32H562RGT6, STM32H562RGV6, STM32H562RIT6, STM32H562RIV6, STM32H562VGT6, STM32H562VIT6, STM32H562ZGT6, STM32H562ZIT6, STM32H563AGI6, STM32H563AII3Q, STM32H563AII6, STM32H563IGK6, STM32H563IGT6, STM32H563IIK3Q, STM32H563IIK6, STM32H563IIT3Q, STM32H563IIT6, STM32H563MIY3QTR, STM32H563RGT6, STM32H563RGV6, STM32H563RIT6, STM32H563RIV6, STM32H563VGT6, STM32H563VIT3Q, STM32H563VIT6, STM32H563ZGT6, STM32H563ZIT3Q, STM32H563ZIT6, STM32H573AII3Q, STM32H573AII6, STM32H573I-DK, STM32H573IIK3Q, STM32H573IIK6, STM32H573IIT3Q, STM32H573IIT6, STM32H573MIY3QTR, STM32H573RIT6, STM32H573RIV6, STM32H573VIT3Q, STM32H573VIT6, STM32H573ZIT3Q, STM32H573ZIT6, STM32H7R3A8I6, STM32H7R3I8K6, STM32H7R3I8T6, STM32H7R3L8H6, STM32H7R3L8H6H, STM32H7R3R8V6, STM32H7R3V8H6, STM32H7R3V8T6, STM32H7R3V8Y6TR, STM32H7R3Z8J6, STM32H7R3Z8T6, STM32H7R7A8I6, STM32H7R7I8K6, STM32H7R7I8T6, STM32H7R7L8H6, STM32H7R7L8H6H, STM32H7R7Z8J6, STM32H7S3A8I6, STM32H7S3I8K6, STM32H7S3I8T6, STM32H7S3L8H6, STM32H7S3L8H6H, STM32H7S3R8V6, STM32H7S3V8H6, STM32H7S3V8T6, STM32H7S3V8Y6TR, STM32H7S3Z8J6, STM32H7S3Z8T6, STM32H7S78-DK, STM32H7S7A8I6, STM32H7S7I8K6, STM32H7S7I8T6, STM32H7S7L8H6, STM32H7S7L8H6H, STM32H7S7Z8J6, STM32L4R5QGI6STR, STM32MP131AAE3, STM32MP131AAF3, STM32MP131AAG3, STM32MP131CAE3, STM32MP131CAF3, STM32MP131CAG3, STM32MP131DAE7, STM32MP131DAF7, STM32MP131DAG7, STM32MP131FAE7, STM32MP131FAF7, STM32MP131FAG7, STM32MP133AAE3, STM32MP133AAF3, STM32MP133AAG3, STM32MP133CAE3, STM32MP133CAF3, STM32MP133CAG3, STM32MP133DAE7, STM32MP133DAF7, STM32MP133DAG7, STM32MP133FAE7, STM32MP133FAF7, STM32MP133FAG7, STM32MP135AAE3, STM32MP135AAF3, STM32MP135AAG3, STM32MP135CAE3, STM32MP135CAF3, STM32MP135CAG3, STM32MP135DAE7, STM32MP135DAF7, STM32MP135DAG7, STM32MP135F-DK, STM32MP135FAE7, STM32MP135FAF7, STM32MP135FAF7T, STM32MP135FAF7U, STM32MP135FAG7, STM32MP231AAJ3, STM32MP231AAK3, STM32MP231AAL3, STM32MP231CAJ3, STM32MP231CAK3, STM32MP231CAL3, STM32MP231DAJ3, STM32MP231DAK3, STM32MP231DAL3, STM32MP231FAJ3, STM32MP231FAK3, STM32MP231FAL3, STM32MP233AAJ3, STM32MP233AAK3, STM32MP233AAL3, STM32MP233CAJ3, STM32MP233CAK3, STM32MP233CAL3, STM32MP233DAJ3, STM32MP233DAK3, STM32MP233DAL3, STM32MP233FAJ3, STM32MP233FAK3, STM32MP233FAL3, STM32MP235AAJ3, STM32MP235AAK3, STM32MP235AAL3, STM32MP235CAJ3, STM32MP235CAK3, STM32MP235CAL3, STM32MP235DAJ3, STM32MP235DAK3, STM32MP235DAL3, STM32MP235FAJ3, STM32MP235FAK3, STM32MP235FAL3, STM32MP251AAI3, STM32MP251AAJ3, STM32MP251AAK3, STM32MP251AAL3, STM32MP251CAI3, STM32MP251CAJ3, STM32MP251CAK3, STM32MP251CAL3, STM32MP251DAI3, STM32MP251DAJ3, STM32MP251DAK3, STM32MP251DAL3, STM32MP251FAI3, STM32MP251FAJ3, STM32MP251FAK3, STM32MP251FAL3, STM32MP253AAI3, STM32MP253AAJ3, STM32MP253AAK3, STM32MP253AAL3, STM32MP253CAI3, STM32MP253CAJ3, STM32MP253CAK3, STM32MP253CAL3, STM32MP253DAI3, STM32MP253DAJ3, STM32MP253DAK3, STM32MP253DAL3, STM32MP253FAI3, STM32MP253FAJ3, STM32MP253FAK3, STM32MP253FAL3, STM32MP255AAI3, STM32MP255AAJ3, STM32MP255AAK3, STM32MP255AAL3, STM32MP255CAI3, STM32MP255CAJ3, STM32MP255CAK3, STM32MP255CAL3, STM32MP255DAI3, STM32MP255DAJ3, STM32MP255DAK3, STM32MP255DAL3, STM32MP255FAI3, STM32MP255FAJ3, STM32MP255FAK3, STM32MP255FAL3, STM32MP257AAI3, STM32MP257AAJ3, STM32MP257AAK3, STM32MP257AAL3, STM32MP257CAI3, STM32MP257CAJ3, STM32MP257CAK3, STM32MP257CAL3, STM32MP257DAI3, STM32MP257DAJ3, STM32MP257DAK3, STM32MP257DAL3, STM32MP257F-DK, STM32MP257F-EV1, STM32MP257FAI3, STM32MP257FAJ3, STM32MP257FAK3, STM32MP257FAL3, STM32N645A0H3Q, STM32N645B0H3Q, STM32N645I0H3Q, STM32N645L0H3Q, STM32N645X0H3Q, STM32N645Z0H3Q, STM32N647A0H3Q, STM32N647B0H3Q, STM32N647I0H3Q, STM32N647L0H3Q, STM32N647X0H3Q, STM32N647Z0H3Q, STM32N655A0H3Q, STM32N655B0H3Q, STM32N655I0H3Q, STM32N655L0H3Q, STM32N655X0H3Q, STM32N655Z0H3Q, STM32N6570-DK, STM32N657A0H3Q, STM32N657B0H3Q, STM32N657I0H3Q, STM32N657L0H3Q, STM32N657X0H3Q, STM32N657Z0H3Q, STM32U031C6T6, STM32U031C6U6, STM32U031C8T6, STM32U031C8U6, STM32U031F4P6, STM32U031F6P6, STM32U031F8P6, STM32U031G6Y6TR, STM32U031G8Y6TR, STM32U031K4U6, STM32U031K6U6, STM32U031K8U6, STM32U031R6I6, STM32U031R6T6, STM32U031R8I6, STM32U031R8T6, STM32U073C8T6, STM32U073C8U6, STM32U073CBT6, STM32U073CBU6, STM32U073CCT6, STM32U073CCU6, STM32U073H8Y6TR, STM32U073HBY6TR, STM32U073HCY6TR, STM32U073K8U6, STM32U073KBU6, STM32U073KCU6, STM32U073M8I6, STM32U073M8T6, STM32U073MBI6, STM32U073MBT6, STM32U073MCI6, STM32U073MCT6, STM32U073R8I6, STM32U073R8T6, STM32U073RBI6, STM32U073RBT6, STM32U073RCI6, STM32U073RCT6, STM32U083C-DK, STM32U083CCT6, STM32U083CCU6, STM32U083HCY6TR, STM32U083KCU6, STM32U083MCI6, STM32U083MCT6, STM32U083RCI6, STM32U083RCT6, STM32U375CET6, STM32U375CET6Q, STM32U375CEU6, STM32U375CEU6Q, STM32U375CEY6QTR, STM32U375CGT6, STM32U375CGT6Q, STM32U375CGU6, STM32U375CGU6Q, STM32U375CGY6QTR, STM32U375KEU6, STM32U375KGU6, STM32U375REI6, STM32U375REI6Q, STM32U375RET6, STM32U375RET6Q, STM32U375REY6GTR, STM32U375REY6QTR, STM32U375RGI6, STM32U375RGI6Q, STM32U375RGT6, STM32U375RGT6Q, STM32U375RGY6GTR, STM32U375RGY6QTR, STM32U375VEI6, STM32U375VEI6Q, STM32U375VET6, STM32U375VET6Q, STM32U375VGI6, STM32U375VGI6Q, STM32U375VGT6, STM32U375VGT6Q, STM32U385CGT6, STM32U385CGT6Q, STM32U385CGU6, STM32U385CGU6Q, STM32U385CGY6QTR, STM32U385KGU6, STM32U385RGI6, STM32U385RGI6Q, STM32U385RGT6, STM32U385RGT6Q, STM32U385RGY6GTR, STM32U385RGY6QTR, STM32U385VGI6, STM32U385VGI6Q, STM32U385VGT6, STM32U385VGT6Q, STM32U535CBT6, STM32U535CBT6Q, STM32U535CBU6, STM32U535CBU6Q, STM32U535CCT6, STM32U535CCT6Q, STM32U535CCU6, STM32U535CCU6Q, STM32U535CET6, STM32U535CET6Q, STM32U535CEU6, STM32U535CEU6Q, STM32U535JEY6QTR, STM32U535NCY6QTR, STM32U535NEY6QTR, STM32U535RBI6, STM32U535RBI6Q, STM32U535RBT6, STM32U535RBT6Q, STM32U535RCI6, STM32U535RCI6Q, STM32U535RCT6, STM32U535RCT6Q, STM32U535REI6, STM32U535REI6Q, STM32U535RET6, STM32U535RET6Q, STM32U535VCI6, STM32U535VCI6Q, STM32U535VCT6, STM32U535VCT6Q, STM32U535VEI6, STM32U535VEI6Q, STM32U535VET6, STM32U535VET6Q, STM32U545CET6, STM32U545CET6Q, STM32U545CEU6, STM32U545CEU6Q, STM32U545JEY6QTR, STM32U545NEY6QTR, STM32U545REI6, STM32U545REI6Q, STM32U545RET6, STM32U545RET6Q, STM32U545VEI6, STM32U545VEI6Q, STM32U545VET6, STM32U545VET6Q, STM32U595AIH6, STM32U595AIH6Q, STM32U595AJH6, STM32U595AJH6Q, STM32U595QII6, STM32U595QII6Q, STM32U595QJI6, STM32U595QJI6Q, STM32U595RIT6, STM32U595RIT6Q, STM32U595RJT6, STM32U595RJT6Q, STM32U595VIT6, STM32U595VIT6Q, STM32U595VJT6, STM32U595VJT6Q, STM32U595ZIT6, STM32U595ZIT6Q, STM32U595ZIY6QTR, STM32U595ZJT6, STM32U595ZJT6Q, STM32U595ZJY6QTR, STM32U599BJY6QTR, STM32U599NIH6Q, STM32U599NJH6Q, STM32U599VIT6Q, STM32U599VJT6, STM32U599VJT6Q, STM32U599ZIT6Q, STM32U599ZIY6QTR, STM32U599ZJT6Q, STM32U599ZJY6QTR, STM32U5A5AJH6, STM32U5A5AJH6Q, STM32U5A5QII3Q , STM32U5A5QJI6, STM32U5A5QJI6Q, STM32U5A5RJT6, STM32U5A5RJT6Q, STM32U5A5VJT6, STM32U5A5VJT6Q, STM32U5A5ZJT6, STM32U5A5ZJT6Q, STM32U5A5ZJY6QTR, STM32U5A9BJY6QTR, STM32U5A9J-DK, STM32U5A9NJH6Q, STM32U5A9VJT6Q, STM32U5A9ZJT6Q, STM32U5A9ZJY6QTR, STM32U5F7VIT6, STM32U5F7VIT6Q, STM32U5F7VJT6, STM32U5F7VJT6Q, STM32U5F9BJY6QTR, STM32U5F9NJH6Q, STM32U5F9VIT6Q, STM32U5F9VJT6Q, STM32U5F9ZIJ6QTR, STM32U5F9ZIT6Q, STM32U5F9ZJJ6QTR, STM32U5F9ZJT6Q, STM32U5G7VJT6, STM32U5G7VJT6Q, STM32U5G9BJY6QTR, STM32U5G9J-DK1, STM32U5G9J-DK2, STM32U5G9NJH6Q, STM32U5G9VJT6Q, STM32U5G9ZJJ6QTR, STM32U5G9ZJT6Q, STM32WB05KZV6TR, STM32WB05KZV7TR, STM32WB05TZF6TR, STM32WB05TZF7TR, STM32WB06CCF6TR, STM32WB06CCF7TR, STM32WB06CCV6TR, STM32WB06CCV7TR, STM32WB06KCV6TR, STM32WB06KCV7TR, STM32WB07CCF6TR, STM32WB07CCF7TR, STM32WB07CCV6TR, STM32WB07CCV7TR, STM32WB07KCV6TR, STM32WB07KCV7TR, STM32WB09KEV6TR, STM32WB09KEV7TR, STM32WB09TEF6TR, STM32WB09TEF7TR, STM32WB1MMCH6, STM32WBA50KGU6, STM32WBA50KGU6TR, STM32WBA52CEU6, STM32WBA52CEU6TR, STM32WBA52CEU7, STM32WBA52CEU7TR, STM32WBA52CGU6, STM32WBA52CGU6TR, STM32WBA52CGU6U, STM32WBA52CGU7, STM32WBA52CGU7TR, STM32WBA52KEU6, STM32WBA52KEU6TR, STM32WBA52KGU6, STM32WBA52KGU6TR, STM32WBA54CEU6, STM32WBA54CEU6TR, STM32WBA54CEU7, STM32WBA54CEU7TR, STM32WBA54CGU6, STM32WBA54CGU6TR, STM32WBA54CGU7, STM32WBA54CGU7TR, STM32WBA54KEU6, STM32WBA54KEU6TR, STM32WBA54KEU7, STM32WBA54KEU7TR, STM32WBA54KGU6, STM32WBA54KGU6TR, STM32WBA54KGU7, STM32WBA54KGU7TR, STM32WBA55CEU6, STM32WBA55CEU6TR, STM32WBA55CEU7, STM32WBA55CEU7TR, STM32WBA55CGU6, STM32WBA55CGU6TR, STM32WBA55CGU6U, STM32WBA55CGU7, STM32WBA55CGU7TR, STM32WBA55G-DK1, STM32WBA55HEF6, STM32WBA55HEF7, STM32WBA55HGF6, STM32WBA55HGF7, STM32WBA55UEI6, STM32WBA55UEI6TR, STM32WBA55UEI7, STM32WBA55UEI7TR, STM32WBA55UGI6, STM32WBA55UGI6TR, STM32WBA55UGI7, STM32WBA55UGI7TR, STM32WBA5MJGH6TR, STM32WBA62CGU6, STM32WBA62CIU6, STM32WBA62MGF6, STM32WBA62MIF6, STM32WBA62PGI6, STM32WBA62PII6, STM32WBA63CGU6, STM32WBA63CGU7, STM32WBA63CIU6, STM32WBA63CIU7, STM32WBA64CGU6, STM32WBA64CGU7, STM32WBA64CIU6, STM32WBA64CIU7, STM32WBA65CGU6, STM32WBA65CGU7, STM32WBA65CIU6, STM32WBA65CIU7, STM32WBA65I-DK1, STM32WBA65MGF6, STM32WBA65MGF7, STM32WBA65MIF6, STM32WBA65MIF7, STM32WBA65PGI6, STM32WBA65PGI7, STM32WBA65PII6, STM32WBA65PII7, STM32WBA65RGV6, STM32WBA65RGV7, STM32WBA65RIV6, STM32WBA65RIV7, STM32WL30K8V6, STM32WL30KBV6, STM32WL31C8V6, STM32WL31CBV6, STM32WL31K8V6, STM32WL31KBV6, STM32WL33C8V6, STM32WL33C8V6TR, STM32WL33C8V7, STM32WL33C8V7TR, STM32WL33CBV6, STM32WL33CBV6TR, STM32WL33CBV7, STM32WL33CBV7TR, STM32WL33CCV6, STM32WL33CCV6TR, STM32WL33CCV7, STM32WL33CCV7A, STM32WL33CCV7ATR, STM32WL33CCV7TR, STM32WL33K8V6, STM32WL33K8V6TR, STM32WL33K8V7, STM32WL33K8V7TR, STM32WL33KBV6, STM32WL33KBV6TR, STM32WL33KBV7, STM32WL33KBV7TR, STM32WL33KCV6, STM32WL33KCV6TR, STM32WL33KCV7, STM32WL33KCV7TR, STM32WL5MOCH6, STM32WL5MOCH6TR]
2025-05-29 19:11:17,995 [INFO] BoardInfo:889 - No configuration file found for board P-NUCLEO-WB55
2025-05-29 19:11:17,997 [INFO] DbBoards:161 - Kit is not supported: P-NUCLEO-WB55
2025-05-29 19:11:18,010 [INFO] BoardInfo:889 - No configuration file found for board STEVAL-BFA001V1B
2025-05-29 19:11:18,011 [INFO] DbBoards:161 - Kit is not supported: STEVAL-BFA001V1B
2025-05-29 19:11:18,013 [INFO] BoardInfo:889 - No configuration file found for board STEVAL-BFA001V2B
2025-05-29 19:11:18,016 [INFO] DbBoards:161 - Kit is not supported: STEVAL-BFA001V2B
2025-05-29 19:11:18,425 [INFO] DbBoards:168 - Found 211 boards, 208 are supported
2025-05-29 19:11:18,426 [INFO] DbBoards:169 - Found 211 boards, 43 of them is supported for  Bsp
2025-05-29 19:11:18,433 [INFO] ApiDb:668 - CubeFinder database Data Model version=2.1
2025-05-29 19:11:18,433 [INFO] ApiDb:669 - CubeFinder database Configuration version=3.0.39
2025-05-29 19:11:18,433 [INFO] ApiDb:670 - CubeFinder database generation date=2025-03-24 (1742811287)
2025-05-29 19:11:18,433 [INFO] ApiDb:671 - CubeFinder database FW Pack versions=[FP-ATR-ASTRA1_V2.0.0, FP-SNS-FLIGHT1_V5.0.2, FP-SNS-MOTENV1_V5.0.0, FP-SNS-MOTENVWB1_V1.4.0, FP-SNS-SMARTAG2_V1.2.0, FP-SNS-STBOX1_V2.0.0, STM32Cube_FW_C0_V1.4.0, STM32Cube_FW_F4_V1.28.1, STM32Cube_FW_F7_V1.17.2, STM32Cube_FW_G0_V1.6.2, STM32Cube_FW_G4_V1.6.1, STM32Cube_FW_H5_V1.5.0, STM32Cube_FW_H7RS_V1.2.0, STM32Cube_FW_H7_V1.12.1, STM32Cube_FW_L0_V1.12.2, STM32Cube_FW_L4_V1.18.1, STM32Cube_FW_L5_V1.5.1, STM32Cube_FW_N6_V1.1.0, STM32Cube_FW_U0_V1.2.0, STM32Cube_FW_U3_V1.1.0, STM32Cube_FW_U5_V1.7.0, STM32Cube_FW_WB0_V1.2.0, STM32Cube_FW_WBA_V1.6.0, STM32Cube_FW_WB_V1.22.0, STM32Cube_FW_WL3_V1.1.0, STM32Cube_FW_WL_V1.3.1, X-CUBE-ALGOBUILD_V1.4.0, X-CUBE-ALS_V1.0.2, X-CUBE-AZRTOS-F4_V1.1.0, X-CUBE-AZRTOS-F7_V1.1.0, X-CUBE-AZRTOS-G0_V1.1.0, X-CUBE-AZRTOS-G4_V2.0.0, X-CUBE-AZRTOS-H7RS_V1.0.0, X-CUBE-AZRTOS-H7_V3.3.0, X-CUBE-AZRTOS-L4_V2.0.0, X-CUBE-AZRTOS-L5_V2.0.0, X-CUBE-AZRTOS-WB_V2.0.0, X-CUBE-AZRTOS-WL_V2.0.0, X-CUBE-BLE1_V7.1.0, X-CUBE-BLE2_V3.3.0, X-CUBE-BLEMGR_V4.0.0, X-CUBE-EEPRMA1_V5.1.0, X-CUBE-FREERTOS_V1.3.0, X-CUBE-GNSS1_V6.0.0, X-CUBE-MEMS1_V11.1.0, X-CUBE-NFC4_V3.0.0, X-CUBE-NFC7_V1.0.1, X-CUBE-SFXS2LP1_V4.0.0, X-CUBE-SUBG2_V5.0.0, X-CUBE-TOF1_V3.4.2]
2025-05-29 19:11:21,628 [INFO] ApiDb:240 - Found 895 in-development CPN: [B-G473E-ZEST1S, B-WB1M-WPAN1, B-WBA5M-WPAN, B-WL5M-SUBG1, NUCLEO-C031C6, NUCLEO-C051C8, NUCLEO-C071RB, NUCLEO-C092RC, NUCLEO-H503RB, NUCLEO-H533RE, NUCLEO-H563ZI, NUCLEO-H7S3L8, NUCLEO-N657X0-Q, NUCLEO-U031R8, NUCLEO-U083RC, NUCLEO-U385RG-Q, NUCLEO-U545RE-Q, NUCLEO-U5A5ZJ-Q, NUCLEO-WB05KZ, NUCLEO-WB07CC, NUCLEO-WB09KE, NUCLEO-WBA52CG, NUCLEO-WBA55CG, NUCLEO-WBA65RI, NUCLEO-WL33CC1, NUCLEO-WL33CC2, STEVAL-PROTEUS1, STEVAL-SMARTAG2, STEVAL-STWINBX1, STM320518-EVAL, STM32C0116-DK, STM32C011D6Y3TR, STM32C011D6Y6TR, STM32C011F4P3, STM32C011F4P6, STM32C011F4U3, STM32C011F4U6TR, STM32C011F6P3, STM32C011F6P6, STM32C011F6U3, STM32C011F6U6TR, STM32C011J4M3, STM32C011J4M6, STM32C011J6M3, STM32C011J6M6, STM32C0316-DK, STM32C031C4T3, STM32C031C4T6, STM32C031C4U3, STM32C031C4U6, STM32C031C6T3, STM32C031C6T6, STM32C031C6U3, STM32C031C6U6, STM32C031F4P3, STM32C031F4P6, STM32C031F6P3, STM32C031F6P6, STM32C031G4U3, STM32C031G4U6, STM32C031G6U3, STM32C031G6U6, STM32C031K4T3, STM32C031K4T6, STM32C031K4U3, STM32C031K4U6, STM32C031K6T3, STM32C031K6T6, STM32C031K6U3, STM32C031K6U6, STM32C051C6T6, STM32C051C6U6, STM32C051C8T6, STM32C051C8U6, STM32C051D8Y6TR, STM32C051F6P6, STM32C051F8P6, STM32C051G6U6, STM32C051G8U6, STM32C051K6T6, STM32C051K6U6, STM32C051K8T6, STM32C071C8T6, STM32C071C8T6N, STM32C071C8U6, STM32C071C8U6N, STM32C071CBT6, STM32C071CBT6N, STM32C071CBU6, STM32C071CBU6N, STM32C071F8P6, STM32C071F8P6N, STM32C071FBP6, STM32C071FBP6N, STM32C071FBY6TR, STM32C071G8U6, STM32C071G8U6N, STM32C071GBU6, STM32C071GBU6N, STM32C071K8T6, STM32C071K8T6N, STM32C071K8U6, STM32C071K8U6N, STM32C071KBT6, STM32C071KBT6N, STM32C071KBU6, STM32C071KBU6N, STM32C071R8T6, STM32C071R8T6N, STM32C071RBI6N, STM32C071RBT6, STM32C071RBT6N, STM32C091CBT6, STM32C091CBU6, STM32C091CCT6, STM32C091CCU6, STM32C091ECY6TR, STM32C091FBP6, STM32C091FCP6, STM32C091GBU6, STM32C091GCU6, STM32C091KBT6, STM32C091KBU6, STM32C091KCT6, STM32C091KCU6, STM32C091RBT6, STM32C091RCI6, STM32C091RCT6, STM32C092CBT6, STM32C092CBU6, STM32C092CCT6, STM32C092CCU6, STM32C092ECY6TR, STM32C092FBP6, STM32C092FCP6, STM32C092GBU6, STM32C092GCU6, STM32C092KBT6, STM32C092KBU6, STM32C092KCT6, STM32C092KCU6, STM32C092RBT6, STM32C092RCI6, STM32C092RCT6, STM32G071K8TXN, STM32G071K8UXN, STM32G081GBU6N, STM32G081KBT6N, STM32G081KBUXN, STM32G0B1CCT6N, STM32G0B1KCT6, STM32G0B1NEY6TR, STM32G0B1RCT6N, STM32G0C1CCT6, STM32G0C1CCT6N, STM32G0C1CCU6N, STM32G0C1CET6N, STM32G0C1CEU6N, STM32G0C1KCT6, STM32G0C1NEY6TR, STM32G0C1RCI6N, STM32G0C1RCT6N, STM32G0C1REI6N, STM32G0C1RET6N, STM32G0C1VCI6, STM32G0C1VEI6, STM32G411C6T3, STM32G411C6T6, STM32G411C6U3, STM32G411C6U6, STM32G411C8T3, STM32G411C8T6, STM32G411C8U3, STM32G411C8U6, STM32G411CBT3, STM32G411CBT6, STM32G411CBU3, STM32G411CBU6, STM32G411CCT3, STM32G411CCT6, STM32G411CCU3, STM32G411CCU6, STM32G411K6T3, STM32G411K6T6, STM32G411K6U3, STM32G411K6U6, STM32G411K8T3, STM32G411K8T6, STM32G411K8U3, STM32G411K8U6, STM32G411KBT3, STM32G411KBT6, STM32G411KBU3, STM32G411KBU6, STM32G411M6T3, STM32G411M6T6, STM32G411M8T3, STM32G411M8T6, STM32G411MBT3, STM32G411MBT6, STM32G411MCT3, STM32G411MCT6, STM32G411R6T3, STM32G411R6T6, STM32G411R8T3, STM32G411R8T6, STM32G411RBT3, STM32G411RBT6, STM32G411RCT3, STM32G411RCT6, STM32G414CBT3, STM32G414CBT6, STM32G414CBU3, STM32G414CBU6, STM32G414CCT3, STM32G414CCT6, STM32G414CCU3, STM32G414CCU6, STM32G414MBT3, STM32G414MBT6, STM32G414MCT3, STM32G414MCT6, STM32G414RBT3, STM32G414RBT6, STM32G414RCT3, STM32G414RCT6, STM32G414VBT3, STM32G414VBT6, STM32G414VCT3, STM32G414VCT6, STM32G431CBT3Z, STM32G431RBT3Z, STM32G471CCT6, STM32G471CCU6, STM32G471CET3, STM32G471CET6, STM32G471CEU3, STM32G471CEU6, STM32G471MCT6, STM32G471MET3, STM32G471MET6, STM32G471MEY6TR, STM32G471QCT6, STM32G471QET3, STM32G471RCT6, STM32G471RET3, STM32G471RET6, STM32G471VCH6, STM32G471VCI6, STM32G471VCT6, STM32G471VEH3, STM32G471VEH6, STM32G471VEI3, STM32G471VEI6, STM32G471VET3, STM32G471VET6, STM32G473QET3Z, STM32G473RET3Z, STM32G474CCT6, STM32G491RET3Z, STM32H503CBT6, STM32H503CBU6, STM32H503EBY6TR, STM32H503KBU6, STM32H503RBT6, STM32H523CCT6, STM32H523CCU6, STM32H523CET6, STM32H523CEU6, STM32H523HEY6TR, STM32H523RCT6, STM32H523RET6, STM32H523VCI6, STM32H523VCT6, STM32H523VEI6, STM32H523VET6, STM32H523ZCJ6, STM32H523ZCT6, STM32H523ZEJ6, STM32H523ZET6, STM32H533CET6, STM32H533CEU6, STM32H533HEY6TR, STM32H533RET6, STM32H533VEI6, STM32H533VET6, STM32H533ZEJ6, STM32H533ZET6, STM32H562AGI6, STM32H562AII6, STM32H562IGK6, STM32H562IGT6, STM32H562IIK6, STM32H562IIT6, STM32H562RGT6, STM32H562RGV6, STM32H562RIT6, STM32H562RIV6, STM32H562VGT6, STM32H562VIT6, STM32H562ZGT6, STM32H562ZIT6, STM32H563AGI6, STM32H563AII3Q, STM32H563AII6, STM32H563IGK6, STM32H563IGT6, STM32H563IIK3Q, STM32H563IIK6, STM32H563IIT3Q, STM32H563IIT6, STM32H563MIY3QTR, STM32H563RGT6, STM32H563RGV6, STM32H563RIT6, STM32H563RIV6, STM32H563VGT6, STM32H563VIT3Q, STM32H563VIT6, STM32H563ZGT6, STM32H563ZIT3Q, STM32H563ZIT6, STM32H573AII3Q, STM32H573AII6, STM32H573I-DK, STM32H573IIK3Q, STM32H573IIK6, STM32H573IIT3Q, STM32H573IIT6, STM32H573MIY3QTR, STM32H573RIT6, STM32H573RIV6, STM32H573VIT3Q, STM32H573VIT6, STM32H573ZIT3Q, STM32H573ZIT6, STM32H7R3A8I6, STM32H7R3I8K6, STM32H7R3I8T6, STM32H7R3L8H6, STM32H7R3L8H6H, STM32H7R3R8V6, STM32H7R3V8H6, STM32H7R3V8T6, STM32H7R3V8Y6TR, STM32H7R3Z8J6, STM32H7R3Z8T6, STM32H7R7A8I6, STM32H7R7I8K6, STM32H7R7I8T6, STM32H7R7L8H6, STM32H7R7L8H6H, STM32H7R7Z8J6, STM32H7S3A8I6, STM32H7S3I8K6, STM32H7S3I8T6, STM32H7S3L8H6, STM32H7S3L8H6H, STM32H7S3R8V6, STM32H7S3V8H6, STM32H7S3V8T6, STM32H7S3V8Y6TR, STM32H7S3Z8J6, STM32H7S3Z8T6, STM32H7S78-DK, STM32H7S7A8I6, STM32H7S7I8K6, STM32H7S7I8T6, STM32H7S7L8H6, STM32H7S7L8H6H, STM32H7S7Z8J6, STM32L4R5QGI6STR, STM32MP131AAE3, STM32MP131AAF3, STM32MP131AAG3, STM32MP131CAE3, STM32MP131CAF3, STM32MP131CAG3, STM32MP131DAE7, STM32MP131DAF7, STM32MP131DAG7, STM32MP131FAE7, STM32MP131FAF7, STM32MP131FAG7, STM32MP133AAE3, STM32MP133AAF3, STM32MP133AAG3, STM32MP133CAE3, STM32MP133CAF3, STM32MP133CAG3, STM32MP133DAE7, STM32MP133DAF7, STM32MP133DAG7, STM32MP133FAE7, STM32MP133FAF7, STM32MP133FAG7, STM32MP135AAE3, STM32MP135AAF3, STM32MP135AAG3, STM32MP135CAE3, STM32MP135CAF3, STM32MP135CAG3, STM32MP135DAE7, STM32MP135DAF7, STM32MP135DAG7, STM32MP135F-DK, STM32MP135FAE7, STM32MP135FAF7, STM32MP135FAF7T, STM32MP135FAF7U, STM32MP135FAG7, STM32MP231AAJ3, STM32MP231AAK3, STM32MP231AAL3, STM32MP231CAJ3, STM32MP231CAK3, STM32MP231CAL3, STM32MP231DAJ3, STM32MP231DAK3, STM32MP231DAL3, STM32MP231FAJ3, STM32MP231FAK3, STM32MP231FAL3, STM32MP233AAJ3, STM32MP233AAK3, STM32MP233AAL3, STM32MP233CAJ3, STM32MP233CAK3, STM32MP233CAL3, STM32MP233DAJ3, STM32MP233DAK3, STM32MP233DAL3, STM32MP233FAJ3, STM32MP233FAK3, STM32MP233FAL3, STM32MP235AAJ3, STM32MP235AAK3, STM32MP235AAL3, STM32MP235CAJ3, STM32MP235CAK3, STM32MP235CAL3, STM32MP235DAJ3, STM32MP235DAK3, STM32MP235DAL3, STM32MP235FAJ3, STM32MP235FAK3, STM32MP235FAL3, STM32MP251AAI3, STM32MP251AAJ3, STM32MP251AAK3, STM32MP251AAL3, STM32MP251CAI3, STM32MP251CAJ3, STM32MP251CAK3, STM32MP251CAL3, STM32MP251DAI3, STM32MP251DAJ3, STM32MP251DAK3, STM32MP251DAL3, STM32MP251FAI3, STM32MP251FAJ3, STM32MP251FAK3, STM32MP251FAL3, STM32MP253AAI3, STM32MP253AAJ3, STM32MP253AAK3, STM32MP253AAL3, STM32MP253CAI3, STM32MP253CAJ3, STM32MP253CAK3, STM32MP253CAL3, STM32MP253DAI3, STM32MP253DAJ3, STM32MP253DAK3, STM32MP253DAL3, STM32MP253FAI3, STM32MP253FAJ3, STM32MP253FAK3, STM32MP253FAL3, STM32MP255AAI3, STM32MP255AAJ3, STM32MP255AAK3, STM32MP255AAL3, STM32MP255CAI3, STM32MP255CAJ3, STM32MP255CAK3, STM32MP255CAL3, STM32MP255DAI3, STM32MP255DAJ3, STM32MP255DAK3, STM32MP255DAL3, STM32MP255FAI3, STM32MP255FAJ3, STM32MP255FAK3, STM32MP255FAL3, STM32MP257AAI3, STM32MP257AAJ3, STM32MP257AAK3, STM32MP257AAL3, STM32MP257CAI3, STM32MP257CAJ3, STM32MP257CAK3, STM32MP257CAL3, STM32MP257DAI3, STM32MP257DAJ3, STM32MP257DAK3, STM32MP257DAL3, STM32MP257F-DK, STM32MP257F-EV1, STM32MP257FAI3, STM32MP257FAJ3, STM32MP257FAK3, STM32MP257FAL3, STM32N645A0H3Q, STM32N645B0H3Q, STM32N645I0H3Q, STM32N645L0H3Q, STM32N645X0H3Q, STM32N645Z0H3Q, STM32N647A0H3Q, STM32N647B0H3Q, STM32N647I0H3Q, STM32N647L0H3Q, STM32N647X0H3Q, STM32N647Z0H3Q, STM32N655A0H3Q, STM32N655B0H3Q, STM32N655I0H3Q, STM32N655L0H3Q, STM32N655X0H3Q, STM32N655Z0H3Q, STM32N6570-DK, STM32N657A0H3Q, STM32N657B0H3Q, STM32N657I0H3Q, STM32N657L0H3Q, STM32N657X0H3Q, STM32N657Z0H3Q, STM32U031C6T6, STM32U031C6U6, STM32U031C8T6, STM32U031C8U6, STM32U031F4P6, STM32U031F6P6, STM32U031F8P6, STM32U031G6Y6TR, STM32U031G8Y6TR, STM32U031K4U6, STM32U031K6U6, STM32U031K8U6, STM32U031R6I6, STM32U031R6T6, STM32U031R8I6, STM32U031R8T6, STM32U073C8T6, STM32U073C8U6, STM32U073CBT6, STM32U073CBU6, STM32U073CCT6, STM32U073CCU6, STM32U073H8Y6TR, STM32U073HBY6TR, STM32U073HCY6TR, STM32U073K8U6, STM32U073KBU6, STM32U073KCU6, STM32U073M8I6, STM32U073M8T6, STM32U073MBI6, STM32U073MBT6, STM32U073MCI6, STM32U073MCT6, STM32U073R8I6, STM32U073R8T6, STM32U073RBI6, STM32U073RBT6, STM32U073RCI6, STM32U073RCT6, STM32U083C-DK, STM32U083CCT6, STM32U083CCU6, STM32U083HCY6TR, STM32U083KCU6, STM32U083MCI6, STM32U083MCT6, STM32U083RCI6, STM32U083RCT6, STM32U375CET6, STM32U375CET6Q, STM32U375CEU6, STM32U375CEU6Q, STM32U375CEY6QTR, STM32U375CGT6, STM32U375CGT6Q, STM32U375CGU6, STM32U375CGU6Q, STM32U375CGY6QTR, STM32U375KEU6, STM32U375KGU6, STM32U375REI6, STM32U375REI6Q, STM32U375RET6, STM32U375RET6Q, STM32U375REY6GTR, STM32U375REY6QTR, STM32U375RGI6, STM32U375RGI6Q, STM32U375RGT6, STM32U375RGT6Q, STM32U375RGY6GTR, STM32U375RGY6QTR, STM32U375VEI6, STM32U375VEI6Q, STM32U375VET6, STM32U375VET6Q, STM32U375VGI6, STM32U375VGI6Q, STM32U375VGT6, STM32U375VGT6Q, STM32U385CGT6, STM32U385CGT6Q, STM32U385CGU6, STM32U385CGU6Q, STM32U385CGY6QTR, STM32U385KGU6, STM32U385RGI6, STM32U385RGI6Q, STM32U385RGT6, STM32U385RGT6Q, STM32U385RGY6GTR, STM32U385RGY6QTR, STM32U385VGI6, STM32U385VGI6Q, STM32U385VGT6, STM32U385VGT6Q, STM32U535CBT6, STM32U535CBT6Q, STM32U535CBU6, STM32U535CBU6Q, STM32U535CCT6, STM32U535CCT6Q, STM32U535CCU6, STM32U535CCU6Q, STM32U535CET6, STM32U535CET6Q, STM32U535CEU6, STM32U535CEU6Q, STM32U535JEY6QTR, STM32U535NCY6QTR, STM32U535NEY6QTR, STM32U535RBI6, STM32U535RBI6Q, STM32U535RBT6, STM32U535RBT6Q, STM32U535RCI6, STM32U535RCI6Q, STM32U535RCT6, STM32U535RCT6Q, STM32U535REI6, STM32U535REI6Q, STM32U535RET6, STM32U535RET6Q, STM32U535VCI6, STM32U535VCI6Q, STM32U535VCT6, STM32U535VCT6Q, STM32U535VEI6, STM32U535VEI6Q, STM32U535VET6, STM32U535VET6Q, STM32U545CET6, STM32U545CET6Q, STM32U545CEU6, STM32U545CEU6Q, STM32U545JEY6QTR, STM32U545NEY6QTR, STM32U545REI6, STM32U545REI6Q, STM32U545RET6, STM32U545RET6Q, STM32U545VEI6, STM32U545VEI6Q, STM32U545VET6, STM32U545VET6Q, STM32U595AIH6, STM32U595AIH6Q, STM32U595AJH6, STM32U595AJH6Q, STM32U595QII6, STM32U595QII6Q, STM32U595QJI6, STM32U595QJI6Q, STM32U595RIT6, STM32U595RIT6Q, STM32U595RJT6, STM32U595RJT6Q, STM32U595VIT6, STM32U595VIT6Q, STM32U595VJT6, STM32U595VJT6Q, STM32U595ZIT6, STM32U595ZIT6Q, STM32U595ZIY6QTR, STM32U595ZJT6, STM32U595ZJT6Q, STM32U595ZJY6QTR, STM32U599BJY6QTR, STM32U599NIH6Q, STM32U599NJH6Q, STM32U599VIT6Q, STM32U599VJT6, STM32U599VJT6Q, STM32U599ZIT6Q, STM32U599ZIY6QTR, STM32U599ZJT6Q, STM32U599ZJY6QTR, STM32U5A5AJH6, STM32U5A5AJH6Q, STM32U5A5QII3Q , STM32U5A5QJI6, STM32U5A5QJI6Q, STM32U5A5RJT6, STM32U5A5RJT6Q, STM32U5A5VJT6, STM32U5A5VJT6Q, STM32U5A5ZJT6, STM32U5A5ZJT6Q, STM32U5A5ZJY6QTR, STM32U5A9BJY6QTR, STM32U5A9J-DK, STM32U5A9NJH6Q, STM32U5A9VJT6Q, STM32U5A9ZJT6Q, STM32U5A9ZJY6QTR, STM32U5F7VIT6, STM32U5F7VIT6Q, STM32U5F7VJT6, STM32U5F7VJT6Q, STM32U5F9BJY6QTR, STM32U5F9NJH6Q, STM32U5F9VIT6Q, STM32U5F9VJT6Q, STM32U5F9ZIJ6QTR, STM32U5F9ZIT6Q, STM32U5F9ZJJ6QTR, STM32U5F9ZJT6Q, STM32U5G7VJT6, STM32U5G7VJT6Q, STM32U5G9BJY6QTR, STM32U5G9J-DK1, STM32U5G9J-DK2, STM32U5G9NJH6Q, STM32U5G9VJT6Q, STM32U5G9ZJJ6QTR, STM32U5G9ZJT6Q, STM32WB05KZV6TR, STM32WB05KZV7TR, STM32WB05TZF6TR, STM32WB05TZF7TR, STM32WB06CCF6TR, STM32WB06CCF7TR, STM32WB06CCV6TR, STM32WB06CCV7TR, STM32WB06KCV6TR, STM32WB06KCV7TR, STM32WB07CCF6TR, STM32WB07CCF7TR, STM32WB07CCV6TR, STM32WB07CCV7TR, STM32WB07KCV6TR, STM32WB07KCV7TR, STM32WB09KEV6TR, STM32WB09KEV7TR, STM32WB09TEF6TR, STM32WB09TEF7TR, STM32WB1MMCH6, STM32WBA50KGU6, STM32WBA50KGU6TR, STM32WBA52CEU6, STM32WBA52CEU6TR, STM32WBA52CEU7, STM32WBA52CEU7TR, STM32WBA52CGU6, STM32WBA52CGU6TR, STM32WBA52CGU6U, STM32WBA52CGU7, STM32WBA52CGU7TR, STM32WBA52KEU6, STM32WBA52KEU6TR, STM32WBA52KGU6, STM32WBA52KGU6TR, STM32WBA54CEU6, STM32WBA54CEU6TR, STM32WBA54CEU7, STM32WBA54CEU7TR, STM32WBA54CGU6, STM32WBA54CGU6TR, STM32WBA54CGU7, STM32WBA54CGU7TR, STM32WBA54KEU6, STM32WBA54KEU6TR, STM32WBA54KEU7, STM32WBA54KEU7TR, STM32WBA54KGU6, STM32WBA54KGU6TR, STM32WBA54KGU7, STM32WBA54KGU7TR, STM32WBA55CEU6, STM32WBA55CEU6TR, STM32WBA55CEU7, STM32WBA55CEU7TR, STM32WBA55CGU6, STM32WBA55CGU6TR, STM32WBA55CGU6U, STM32WBA55CGU7, STM32WBA55CGU7TR, STM32WBA55G-DK1, STM32WBA55HEF6, STM32WBA55HEF7, STM32WBA55HGF6, STM32WBA55HGF7, STM32WBA55UEI6, STM32WBA55UEI6TR, STM32WBA55UEI7, STM32WBA55UEI7TR, STM32WBA55UGI6, STM32WBA55UGI6TR, STM32WBA55UGI7, STM32WBA55UGI7TR, STM32WBA5MJGH6TR, STM32WBA62CGU6, STM32WBA62CIU6, STM32WBA62MGF6, STM32WBA62MIF6, STM32WBA62PGI6, STM32WBA62PII6, STM32WBA63CGU6, STM32WBA63CGU7, STM32WBA63CIU6, STM32WBA63CIU7, STM32WBA64CGU6, STM32WBA64CGU7, STM32WBA64CIU6, STM32WBA64CIU7, STM32WBA65CGU6, STM32WBA65CGU7, STM32WBA65CIU6, STM32WBA65CIU7, STM32WBA65I-DK1, STM32WBA65MGF6, STM32WBA65MGF7, STM32WBA65MIF6, STM32WBA65MIF7, STM32WBA65PGI6, STM32WBA65PGI7, STM32WBA65PII6, STM32WBA65PII7, STM32WBA65RGV6, STM32WBA65RGV7, STM32WBA65RIV6, STM32WBA65RIV7, STM32WL30K8V6, STM32WL30KBV6, STM32WL31C8V6, STM32WL31CBV6, STM32WL31K8V6, STM32WL31KBV6, STM32WL33C8V6, STM32WL33C8V6TR, STM32WL33C8V7, STM32WL33C8V7TR, STM32WL33CBV6, STM32WL33CBV6TR, STM32WL33CBV7, STM32WL33CBV7TR, STM32WL33CCV6, STM32WL33CCV6TR, STM32WL33CCV7, STM32WL33CCV7A, STM32WL33CCV7ATR, STM32WL33CCV7TR, STM32WL33K8V6, STM32WL33K8V6TR, STM32WL33K8V7, STM32WL33K8V7TR, STM32WL33KBV6, STM32WL33KBV6TR, STM32WL33KBV7, STM32WL33KBV7TR, STM32WL33KCV6, STM32WL33KCV6TR, STM32WL33KCV7, STM32WL33KCV7TR, STM32WL5MOCH6, STM32WL5MOCH6TR]
2025-05-29 19:11:21,634 [INFO] DbMcus:218 - Found 4686 MCUs, 4686 are supported
2025-05-29 19:11:21,638 [INFO] ApiDb:423 - Load user favorites file C:\Users\pwlub/.stm32cubeide/favorites.mcus.txt: 0 item(s)
2025-05-29 19:11:21,639 [INFO] ApiDb:427 - User favorites MCUs=[]
2025-05-29 19:11:21,640 [INFO] DbMcus:224 - Set 0 / 0 favorites MCUs
2025-05-29 19:11:22,752 [INFO] ApiDb:414 - User favorites file not found: C:\Users\pwlub/.stm32cubeide/favorites.boards.txt
2025-05-29 19:11:22,752 [INFO] DbBoards:198 - Set 0 / 0 favorites Boards
2025-05-29 19:11:22,826 [INFO] UtilMem:75 - End LoadConfig() Used Memory: 906831160 Bytes (1073741824)
2025-05-29 19:11:23,143 [WARN] ThirdParty:833 - waiting for thirdparty lock release [change project]
2025-05-29 19:11:23,143 [INFO] ThirdParty:835 - entering critical section [change project]
2025-05-29 19:11:23,143 [INFO] ThirdParty:1030 - CMSIS Pack Vendor :STMicroelectronics USBPD 4.1
2025-05-29 19:11:23,143 [INFO] ThirdParty:1030 - CMSIS Pack Vendor :STMicroelectronics X-CUBE-AZRTOS-H7 3.3.0
2025-05-29 19:11:23,143 [INFO] ThirdParty:1030 - CMSIS Pack Vendor :STMicroelectronics X-CUBE-NFC9 1.0.0
2025-05-29 19:11:23,143 [INFO] ThirdParty:1030 - CMSIS Pack Vendor :STMicroelectronics USB_HOST 2.0.0
2025-05-29 19:11:23,143 [INFO] ThirdParty:1030 - CMSIS Pack Vendor :STMicroelectronics FP-SNS-MOTENVWB1 1.4.0
2025-05-29 19:11:23,143 [INFO] ThirdParty:1030 - CMSIS Pack Vendor :STMicroelectronics X-CUBE-AZRTOS-F4 1.1.0
2025-05-29 19:11:23,143 [INFO] ThirdParty:1030 - CMSIS Pack Vendor :STMicroelectronics LIBJPEG 8.0.0
2025-05-29 19:11:23,143 [INFO] ThirdParty:1030 - CMSIS Pack Vendor :STMicroelectronics FP-ATR-ASTRA1 2.0.2
2025-05-29 19:11:23,143 [INFO] ThirdParty:1030 - CMSIS Pack Vendor :STMicroelectronics X-CUBE-BLE1 7.1.0
2025-05-29 19:11:23,143 [INFO] ThirdParty:1030 - CMSIS Pack Vendor :Avnet-IotConnect X-CUBE-IoTC-DA16k-PMOD 1.0.0
2025-05-29 19:11:23,143 [INFO] ThirdParty:1030 - CMSIS Pack Vendor :STMicroelectronics X-CUBE-SMBUS 2.1.0
2025-05-29 19:11:23,143 [INFO] ThirdParty:1030 - CMSIS Pack Vendor :STMicroelectronics X-CUBE-WB05N 1.1.0
2025-05-29 19:11:23,143 [INFO] ThirdParty:1030 - CMSIS Pack Vendor :STMicroelectronics USB_DEVICE 3.0.0
2025-05-29 19:11:23,144 [INFO] ThirdParty:1030 - CMSIS Pack Vendor :STMicroelectronics X-CUBE-ISPU 2.1.0
2025-05-29 19:11:23,144 [INFO] ThirdParty:1030 - CMSIS Pack Vendor :STMicroelectronics X-CUBE-AZRTOS-WB 2.0.0
2025-05-29 19:11:23,144 [INFO] ThirdParty:1030 - CMSIS Pack Vendor :STMicroelectronics X-CUBE-ST60 1.0.0
2025-05-29 19:11:23,144 [INFO] ThirdParty:1030 - CMSIS Pack Vendor :STMicroelectronics X-CUBE-GNSS1 7.0.1
2025-05-29 19:11:23,144 [INFO] ThirdParty:1030 - CMSIS Pack Vendor :STMicroelectronics X-CUBE-AZRTOS-F7 1.1.0
2025-05-29 19:11:23,144 [INFO] ThirdParty:1030 - CMSIS Pack Vendor :STMicroelectronics X-CUBE-AZRTOS-L5 2.0.0
2025-05-29 19:11:23,144 [INFO] ThirdParty:1030 - CMSIS Pack Vendor :STMicroelectronics X-CUBE-TOUCHGFX 4.25.0
2025-05-29 19:11:23,144 [INFO] ThirdParty:1030 - CMSIS Pack Vendor :STMicroelectronics USB_DEVICE 2.0.0
2025-05-29 19:11:23,144 [INFO] ThirdParty:1030 - CMSIS Pack Vendor :STMicroelectronics X-CUBE-NFC6 3.1.0
2025-05-29 19:11:23,144 [INFO] ThirdParty:1030 - CMSIS Pack Vendor :STMicroelectronics FP-SNS-STBOX1 2.0.0
2025-05-29 19:11:23,144 [INFO] ThirdParty:1030 - CMSIS Pack Vendor :STMicroelectronics X-CUBE-MEMS1 11.2.0
2025-05-29 19:11:23,144 [INFO] ThirdParty:1030 - CMSIS Pack Vendor :STMicroelectronics FreeRTOS 0.0.1
2025-05-29 19:11:23,144 [INFO] ThirdParty:1030 - CMSIS Pack Vendor :STMicroelectronics X-CUBE-AZRTOS-G0 1.1.0
2025-05-29 19:11:23,144 [INFO] ThirdParty:1030 - CMSIS Pack Vendor :STMicroelectronics X-CUBE-SAFEA1 1.2.2
2025-05-29 19:11:23,144 [INFO] ThirdParty:1030 - CMSIS Pack Vendor :STMicroelectronics X-CUBE-NFC4 3.0.0
2025-05-29 19:11:23,144 [INFO] ThirdParty:1030 - CMSIS Pack Vendor :STMicroelectronics X-CUBE-DPower 1.2.0
2025-05-29 19:11:23,144 [INFO] ThirdParty:1030 - CMSIS Pack Vendor :STMicroelectronics X-CUBE-SUBG2 5.0.0
2025-05-29 19:11:23,144 [INFO] ThirdParty:1030 - CMSIS Pack Vendor :STMicroelectronics STM32_WPAN 1.0.0
2025-05-29 19:11:23,145 [INFO] ThirdParty:1030 - CMSIS Pack Vendor :EmbeddedOffice I-CUBE-FS-RTOS 1.0.1
2025-05-29 19:11:23,145 [INFO] ThirdParty:1030 - CMSIS Pack Vendor :STMicroelectronics lwIP 2.0.3
2025-05-29 19:11:23,145 [INFO] ThirdParty:1030 - CMSIS Pack Vendor :Cesanta I-CUBE-Mongoose 7.13.0
2025-05-29 19:11:23,145 [INFO] ThirdParty:1030 - CMSIS Pack Vendor :STMicroelectronics USB_HOST 1.0.0
2025-05-29 19:11:23,145 [INFO] ThirdParty:1030 - CMSIS Pack Vendor :Infineon AIROC-Wi-Fi-Bluetooth-STM32 1.7.0
2025-05-29 19:11:23,145 [INFO] ThirdParty:1030 - CMSIS Pack Vendor :STMicroelectronics X-CUBE-AZRTOS-G4 2.0.0
2025-05-29 19:11:23,145 [INFO] ThirdParty:1030 - CMSIS Pack Vendor :STMicroelectronics X-CUBE-WB05N 2.0.0
2025-05-29 19:11:23,145 [INFO] ThirdParty:1030 - CMSIS Pack Vendor :STMicroelectronics PDM2PCM 3.1.0
2025-05-29 19:11:23,145 [INFO] ThirdParty:1030 - CMSIS Pack Vendor :STMicroelectronics PDM2PCM 3.3.0
2025-05-29 19:11:23,145 [INFO] ThirdParty:1030 - CMSIS Pack Vendor :wolfSSL I-CUBE-wolfTPM 3.8.0
2025-05-29 19:11:23,145 [INFO] ThirdParty:1030 - CMSIS Pack Vendor :STMicroelectronics X-CUBE-DISPLAY 3.0.0
2025-05-29 19:11:23,145 [INFO] ThirdParty:1030 - CMSIS Pack Vendor :wolfSSL I-CUBE-wolfSSH 1.4.20
2025-05-29 19:11:23,145 [INFO] ThirdParty:1030 - CMSIS Pack Vendor :STMicroelectronics X-CUBE-NFC7 2.0.0
2025-05-29 19:11:23,145 [INFO] ThirdParty:1030 - CMSIS Pack Vendor :STMicroelectronics X-CUBE-TCPP 4.2.0
2025-05-29 19:11:23,146 [INFO] ThirdParty:1030 - CMSIS Pack Vendor :RealThread X-CUBE-RT-Thread_Nano 4.1.1
2025-05-29 19:11:23,146 [INFO] ThirdParty:1030 - CMSIS Pack Vendor :STMicroelectronics FP-ATR-SIGFOX1 3.2.0
2025-05-29 19:11:23,146 [INFO] ThirdParty:1030 - CMSIS Pack Vendor :STMicroelectronics X-CUBE-NFC10 1.0.0
2025-05-29 19:11:23,146 [INFO] ThirdParty:1030 - CMSIS Pack Vendor :STMicroelectronics X-CUBE-BLEMGR 4.0.0
2025-05-29 19:11:23,146 [INFO] ThirdParty:1030 - CMSIS Pack Vendor :STMicroelectronics X-CUBE-EEPRMA1 5.1.0
2025-05-29 19:11:23,146 [INFO] ThirdParty:1030 - CMSIS Pack Vendor :STMicroelectronics X-CUBE-FREERTOS 1.3.1
2025-05-29 19:11:23,146 [INFO] ThirdParty:1030 - CMSIS Pack Vendor :STMicroelectronics HAL Drivers 0.0.0
2025-05-29 19:11:23,146 [INFO] ThirdParty:1030 - CMSIS Pack Vendor :STMicroelectronics MBEDTLS 2.16.2
2025-05-29 19:11:23,146 [INFO] ThirdParty:1030 - CMSIS Pack Vendor :STMicroelectronics X-CUBE-IPS 3.1.0
2025-05-29 19:11:23,146 [INFO] ThirdParty:1030 - CMSIS Pack Vendor :STMicroelectronics X-CUBE-ALS 1.0.2
2025-05-29 19:11:23,146 [INFO] ThirdParty:1030 - CMSIS Pack Vendor :emotas I-CUBE-CANOPEN 1.3.0
2025-05-29 19:11:23,146 [INFO] ThirdParty:1030 - CMSIS Pack Vendor :STMicroelectronics X-CUBE-FREERTOS 1.3.0
2025-05-29 19:11:23,146 [INFO] ThirdParty:1030 - CMSIS Pack Vendor :STMicroelectronics X-CUBE-NFC7 1.0.1
2025-05-29 19:11:23,146 [INFO] ThirdParty:1030 - CMSIS Pack Vendor :STMicroelectronics MBEDTLS 2.14.1
2025-05-29 19:11:23,147 [INFO] ThirdParty:1030 - CMSIS Pack Vendor :ITTIA_DB I-CUBE-ITTIADB 8.9.0
2025-05-29 19:11:23,147 [INFO] ThirdParty:1030 - CMSIS Pack Vendor :portGmbH I-Cube-SoM-uGOAL 1.1.0
2025-05-29 19:11:23,147 [INFO] ThirdParty:1030 - CMSIS Pack Vendor :quantropi X-CUBE-qispace-sdk-base 2.0.0
2025-05-29 19:11:23,147 [INFO] ThirdParty:1030 - CMSIS Pack Vendor :STMicroelectronics X-CUBE-AI 10.0.0
2025-05-29 19:11:23,147 [INFO] ThirdParty:1030 - CMSIS Pack Vendor :STMicroelectronics ThreadX 1.0.0
2025-05-29 19:11:23,147 [INFO] ThirdParty:1030 - CMSIS Pack Vendor :STMicroelectronics FP-SNS-SMARTAG2 1.2.0
2025-05-29 19:11:23,147 [INFO] ThirdParty:1030 - CMSIS Pack Vendor :STMicroelectronics FP-SNS-FLIGHT1 5.1.0
2025-05-29 19:11:23,147 [INFO] ThirdParty:1030 - CMSIS Pack Vendor :STMicroelectronics X-CUBE-MEMS1 11.1.0
2025-05-29 19:11:23,147 [INFO] ThirdParty:1030 - CMSIS Pack Vendor :STMicroelectronics X-CUBE-AZRTOS-WL 2.0.0
2025-05-29 19:11:23,147 [INFO] ThirdParty:1030 - CMSIS Pack Vendor :SEGGER I-CUBE-embOS 1.3.1
2025-05-29 19:11:23,148 [INFO] ThirdParty:1030 - CMSIS Pack Vendor :STMicroelectronics X-CUBE-ALGOBUILD 1.4.0
2025-05-29 19:11:23,148 [INFO] ThirdParty:1030 - CMSIS Pack Vendor :STMicroelectronics FP-SNS-MOTENV1 5.0.0
2025-05-29 19:11:23,148 [INFO] ThirdParty:1030 - CMSIS Pack Vendor :STMicroelectronics USB_DEVICE 1.0.0
2025-05-29 19:11:23,148 [INFO] ThirdParty:1030 - CMSIS Pack Vendor :STMicroelectronics X-CUBE-AZRTOS-H7RS 1.0.0
2025-05-29 19:11:23,148 [INFO] ThirdParty:1030 - CMSIS Pack Vendor :STMicroelectronics X-CUBE-AZRTOS-L4 2.0.0
2025-05-29 19:11:23,148 [INFO] ThirdParty:1030 - CMSIS Pack Vendor :STMicroelectronics ThreadX 0.0.2
2025-05-29 19:11:23,148 [INFO] ThirdParty:1030 - CMSIS Pack Vendor :WES I-CUBE-Cesium 1.3.0
2025-05-29 19:11:23,148 [INFO] ThirdParty:1030 - CMSIS Pack Vendor :STMicroelectronics lwIP 2.1.2
2025-05-29 19:11:23,148 [INFO] ThirdParty:1030 - CMSIS Pack Vendor :STMicroelectronics X-CUBE-SFXS2LP1 4.0.0
2025-05-29 19:11:23,148 [INFO] ThirdParty:1030 - CMSIS Pack Vendor :STMicroelectronics X-CUBE-BLE2 3.3.0
2025-05-29 19:11:23,148 [INFO] ThirdParty:1030 - CMSIS Pack Vendor :STMicroelectronics X-CUBE-TOF1 3.4.2
2025-05-29 19:11:23,148 [INFO] ThirdParty:1030 - CMSIS Pack Vendor :STMicroelectronics X-CUBE-TOF1 3.4.3
2025-05-29 19:11:23,148 [INFO] ThirdParty:1030 - CMSIS Pack Vendor :STMicroelectronics PDM2PCM 3.2.0
2025-05-29 19:11:23,148 [INFO] ThirdParty:841 - exiting critical section [change project]
2025-05-29 19:11:24,878 [INFO] PinOutPanel:1589 - setPackage(No Configuration,No Configuration)
2025-05-29 19:11:24,881 [INFO] PinOutPanel:1589 - setPackage(STM32G473RCTx,LQFP64)
2025-05-29 19:11:27,328 [INFO] UtilMem:75 - Before build in PCC Used Memory: 790102016 Bytes (1073741824)
2025-05-29 19:11:30,703 [INFO] UtilMem:75 - After build in PCC Used Memory: 984195552 Bytes (1073741824)
2025-05-29 19:11:30,895 [INFO] ApiDbMcu:508 - Load IP Config File for FREERTOS
2025-05-29 19:11:31,067 [INFO] IPUIPlugin:80 - create IPUIPlugin
2025-05-29 19:11:31,067 [INFO] IPUIPlugin:80 - create IPUIPlugin
2025-05-29 19:11:31,067 [INFO] IPUIPlugin:80 - create IPUIPlugin
2025-05-29 19:11:31,067 [INFO] IPUIPlugin:80 - create IPUIPlugin
2025-05-29 19:11:31,067 [INFO] IPUIPlugin:80 - create IPUIPlugin
2025-05-29 19:11:31,068 [INFO] IPUIPlugin:80 - create IPUIPlugin
2025-05-29 19:11:31,068 [INFO] IPUIPlugin:80 - create IPUIPlugin
2025-05-29 19:11:31,068 [INFO] IPUIPlugin:80 - create IPUIPlugin
2025-05-29 19:11:31,068 [INFO] IPUIPlugin:80 - create IPUIPlugin
2025-05-29 19:11:31,068 [INFO] IPUIPlugin:80 - create IPUIPlugin
2025-05-29 19:11:31,069 [INFO] IPUIPlugin:80 - create IPUIPlugin
2025-05-29 19:11:31,069 [INFO] IPUIPlugin:80 - create IPUIPlugin
2025-05-29 19:11:31,069 [INFO] IPUIPlugin:80 - create IPUIPlugin
2025-05-29 19:11:31,070 [INFO] IPUIPlugin:80 - create IPUIPlugin
2025-05-29 19:11:31,071 [INFO] IPUIPlugin:80 - create IPUIPlugin
2025-05-29 19:11:31,072 [INFO] IPUIPlugin:80 - create IPUIPlugin
2025-05-29 19:11:31,072 [INFO] IPUIPlugin:80 - create IPUIPlugin
2025-05-29 19:11:31,073 [INFO] IPUIPlugin:80 - create IPUIPlugin
2025-05-29 19:11:31,073 [INFO] IPUIPlugin:80 - create IPUIPlugin
2025-05-29 19:11:31,073 [INFO] IPUIPlugin:80 - create IPUIPlugin
2025-05-29 19:11:31,074 [INFO] IPUIPlugin:80 - create IPUIPlugin
2025-05-29 19:11:31,074 [INFO] IPUIPlugin:80 - create IPUIPlugin
2025-05-29 19:11:31,074 [INFO] IPUIPlugin:80 - create IPUIPlugin
2025-05-29 19:11:31,074 [INFO] IPUIPlugin:80 - create IPUIPlugin
2025-05-29 19:11:31,075 [INFO] IPUIPlugin:80 - create IPUIPlugin
2025-05-29 19:11:31,075 [INFO] IPUIPlugin:80 - create IPUIPlugin
2025-05-29 19:11:31,075 [INFO] IPUIPlugin:80 - create IPUIPlugin
2025-05-29 19:11:31,076 [INFO] IPUIPlugin:80 - create IPUIPlugin
2025-05-29 19:11:31,076 [INFO] IPUIPlugin:80 - create IPUIPlugin
2025-05-29 19:11:31,076 [INFO] IPUIPlugin:80 - create IPUIPlugin
2025-05-29 19:11:31,077 [INFO] IPUIPlugin:80 - create IPUIPlugin
2025-05-29 19:11:31,077 [INFO] IPUIPlugin:80 - create IPUIPlugin
2025-05-29 19:11:31,077 [INFO] IPUIPlugin:80 - create IPUIPlugin
2025-05-29 19:11:31,078 [INFO] IPUIPlugin:80 - create IPUIPlugin
2025-05-29 19:11:31,078 [INFO] IPUIPlugin:80 - create IPUIPlugin
2025-05-29 19:11:31,079 [INFO] IPUIPlugin:80 - create IPUIPlugin
2025-05-29 19:11:31,079 [INFO] IPUIPlugin:80 - create IPUIPlugin
2025-05-29 19:11:31,080 [INFO] IPUIPlugin:80 - create IPUIPlugin
2025-05-29 19:11:31,080 [INFO] IPUIPlugin:80 - create IPUIPlugin
2025-05-29 19:11:31,080 [INFO] IPUIPlugin:80 - create IPUIPlugin
2025-05-29 19:11:31,081 [INFO] IPUIPlugin:80 - create IPUIPlugin
2025-05-29 19:11:31,081 [INFO] IPUIPlugin:80 - create IPUIPlugin
2025-05-29 19:11:31,081 [INFO] IPUIPlugin:80 - create IPUIPlugin
2025-05-29 19:11:31,082 [INFO] IPUIPlugin:80 - create IPUIPlugin
2025-05-29 19:11:31,082 [INFO] IPUIPlugin:80 - create IPUIPlugin
2025-05-29 19:11:31,083 [INFO] IPUIPlugin:80 - create IPUIPlugin
2025-05-29 19:11:31,083 [INFO] IPUIPlugin:80 - create IPUIPlugin
2025-05-29 19:11:31,084 [INFO] IPUIPlugin:80 - create IPUIPlugin
2025-05-29 19:11:31,084 [INFO] IPUIPlugin:80 - create IPUIPlugin
2025-05-29 19:11:31,085 [INFO] IPUIPlugin:80 - create IPUIPlugin
2025-05-29 19:11:31,085 [INFO] IPUIPlugin:80 - create IPUIPlugin
2025-05-29 19:11:31,086 [INFO] IPUIPlugin:80 - create IPUIPlugin
2025-05-29 19:11:31,086 [INFO] IPUIPlugin:80 - create IPUIPlugin
2025-05-29 19:11:31,087 [INFO] IPUIPlugin:80 - create IPUIPlugin
2025-05-29 19:11:31,087 [INFO] IPUIPlugin:80 - create IPUIPlugin
2025-05-29 19:11:31,088 [INFO] IPUIPlugin:80 - create IPUIPlugin
2025-05-29 19:11:31,088 [INFO] IPUIPlugin:80 - create IPUIPlugin
2025-05-29 19:11:31,089 [INFO] IPUIPlugin:80 - create IPUIPlugin
2025-05-29 19:11:31,089 [INFO] IPUIPlugin:80 - create IPUIPlugin
2025-05-29 19:11:31,090 [INFO] IPUIPlugin:80 - create IPUIPlugin
2025-05-29 19:11:31,090 [INFO] IPUIPlugin:80 - create IPUIPlugin
2025-05-29 19:11:31,091 [INFO] IPUIPlugin:80 - create IPUIPlugin
2025-05-29 19:11:31,092 [INFO] IPUIPlugin:80 - create IPUIPlugin
2025-05-29 19:11:31,092 [INFO] IPUIPlugin:80 - create IPUIPlugin
2025-05-29 19:11:31,093 [INFO] IPUIPlugin:80 - create IPUIPlugin
2025-05-29 19:11:31,094 [INFO] IPUIPlugin:80 - create IPUIPlugin
2025-05-29 19:11:31,094 [INFO] IPUIPlugin:80 - create IPUIPlugin
2025-05-29 19:11:31,095 [INFO] IPUIPlugin:80 - create IPUIPlugin
2025-05-29 19:11:31,096 [INFO] IPUIPlugin:80 - create IPUIPlugin
2025-05-29 19:11:31,097 [INFO] IPUIPlugin:80 - create IPUIPlugin
2025-05-29 19:11:31,098 [INFO] IPUIPlugin:80 - create IPUIPlugin
2025-05-29 19:11:31,099 [INFO] IPUIPlugin:80 - create IPUIPlugin
2025-05-29 19:11:31,099 [INFO] IPUIPlugin:80 - create IPUIPlugin
2025-05-29 19:11:31,100 [INFO] IPUIPlugin:80 - create IPUIPlugin
2025-05-29 19:11:31,102 [INFO] IPUIPlugin:80 - create IPUIPlugin
2025-05-29 19:11:31,103 [INFO] IPUIPlugin:80 - create IPUIPlugin
2025-05-29 19:11:31,120 [WARN] IP:2250 - MessageRAMOffset not found: check if there is a RefParameter without a condition.
2025-05-29 19:11:31,120 [WARN] IP:2250 - RxFifo0ElmtsNbr not found: check if there is a RefParameter without a condition.
2025-05-29 19:11:31,121 [WARN] IP:2250 - RxFifo0ElmtSize not found: check if there is a RefParameter without a condition.
2025-05-29 19:11:31,121 [WARN] IP:2250 - RxFifo1ElmtsNbr not found: check if there is a RefParameter without a condition.
2025-05-29 19:11:31,121 [WARN] IP:2250 - RxFifo1ElmtSize not found: check if there is a RefParameter without a condition.
2025-05-29 19:11:31,121 [WARN] IP:2250 - RxBuffersNbr not found: check if there is a RefParameter without a condition.
2025-05-29 19:11:31,121 [WARN] IP:2250 - RxBufferSize not found: check if there is a RefParameter without a condition.
2025-05-29 19:11:31,121 [WARN] IP:2250 - TxEventsNbr not found: check if there is a RefParameter without a condition.
2025-05-29 19:11:31,121 [WARN] IP:2250 - TxBuffersNbr not found: check if there is a RefParameter without a condition.
2025-05-29 19:11:31,121 [WARN] IP:2250 - TxFifoQueueElmtsNbr not found: check if there is a RefParameter without a condition.
2025-05-29 19:11:31,121 [WARN] IP:2250 - TxElmtSize not found: check if there is a RefParameter without a condition.
2025-05-29 19:11:31,121 [WARN] IP:2250 - ClockCalibrationCCU not found: check if there is a RefParameter without a condition.
2025-05-29 19:11:31,122 [WARN] IP:2250 - ClockDividerCCU not found: check if there is a RefParameter without a condition.
2025-05-29 19:11:31,122 [WARN] IP:2250 - MinOscClkPeriodsCCU not found: check if there is a RefParameter without a condition.
2025-05-29 19:11:31,122 [WARN] IP:2250 - TimeQuantaPerBitTimeCCU not found: check if there is a RefParameter without a condition.
2025-05-29 19:11:31,122 [WARN] IP:2250 - WatchdogStartValueCCU not found: check if there is a RefParameter without a condition.
2025-05-29 19:11:31,131 [INFO] LogOutputStream:77 - [STDOUT_REDIRECT] Nominal 
2025-05-29 19:11:31,131 [INFO] Can:71 - Can Add PropertyChangeListener com.st.microxplorer.plugins.ip.can.Can@329798ee
2025-05-29 19:11:31,197 [WARN] FreeRTOS:1023 - Null or empty value: should not occur! (nothing added to the table)
2025-05-29 19:11:31,614 [INFO] CADModel:165 - CPN selected for project levelSTM32G473RCT6
2025-05-29 19:11:31,615 [INFO] CADModel:114 - Register for checkConnection events
2025-05-29 19:11:31,619 [INFO] RtosManager:725 - Active RTOS found at IOC load: FREERTOS [Cortex-M4NS]
2025-05-29 19:11:31,714 [INFO] OpenFileManager:385 - Restore cursor
2025-05-29 19:11:32,335 [WARN] IP:2250 - MessageRAMOffset not found: check if there is a RefParameter without a condition.
2025-05-29 19:11:32,335 [WARN] IP:2250 - RxFifo0ElmtsNbr not found: check if there is a RefParameter without a condition.
2025-05-29 19:11:32,336 [WARN] IP:2250 - RxFifo0ElmtSize not found: check if there is a RefParameter without a condition.
2025-05-29 19:11:32,336 [WARN] IP:2250 - RxFifo1ElmtsNbr not found: check if there is a RefParameter without a condition.
2025-05-29 19:11:32,336 [WARN] IP:2250 - RxFifo1ElmtSize not found: check if there is a RefParameter without a condition.
2025-05-29 19:11:32,336 [WARN] IP:2250 - RxBuffersNbr not found: check if there is a RefParameter without a condition.
2025-05-29 19:11:32,336 [WARN] IP:2250 - RxBufferSize not found: check if there is a RefParameter without a condition.
2025-05-29 19:11:32,336 [WARN] IP:2250 - TxEventsNbr not found: check if there is a RefParameter without a condition.
2025-05-29 19:11:32,336 [WARN] IP:2250 - TxBuffersNbr not found: check if there is a RefParameter without a condition.
2025-05-29 19:11:32,337 [WARN] IP:2250 - TxFifoQueueElmtsNbr not found: check if there is a RefParameter without a condition.
2025-05-29 19:11:32,337 [WARN] IP:2250 - TxElmtSize not found: check if there is a RefParameter without a condition.
2025-05-29 19:11:32,337 [WARN] IP:2250 - ClockCalibrationCCU not found: check if there is a RefParameter without a condition.
2025-05-29 19:11:32,337 [WARN] IP:2250 - ClockDividerCCU not found: check if there is a RefParameter without a condition.
2025-05-29 19:11:32,337 [WARN] IP:2250 - MinOscClkPeriodsCCU not found: check if there is a RefParameter without a condition.
2025-05-29 19:11:32,337 [WARN] IP:2250 - TimeQuantaPerBitTimeCCU not found: check if there is a RefParameter without a condition.
2025-05-29 19:11:32,337 [WARN] IP:2250 - WatchdogStartValueCCU not found: check if there is a RefParameter without a condition.
2025-05-29 19:11:59,596 [INFO] ADCParametersView:116 -                Rank 1 : false
2025-05-29 19:11:59,597 [INFO] ADCParametersView:116 -                Rank 1 : false
2025-05-29 19:11:59,598 [INFO] ADCParametersView:116 -                Rank 2 : false
2025-05-29 19:11:59,600 [INFO] ADCParametersView:116 -                Rank 1 : false
2025-05-29 19:11:59,601 [INFO] ADCParametersView:116 -                Rank 2 : false
2025-05-29 19:11:59,603 [INFO] ADCParametersView:116 -                Rank 3 : false
2025-05-29 19:11:59,604 [INFO] ADCParametersView:116 -                Rank 1 : false
2025-05-29 19:11:59,605 [INFO] ADCParametersView:116 -                Rank 2 : false
2025-05-29 19:11:59,605 [INFO] ADCParametersView:116 -                Rank 3 : false
2025-05-29 19:11:59,605 [INFO] ADCParametersView:116 -                Rank 4 : false
2025-05-29 19:11:59,607 [INFO] ADCParametersView:116 -                Rank 1 : false
2025-05-29 19:11:59,607 [INFO] ADCParametersView:116 -                Rank 2 : false
2025-05-29 19:11:59,608 [INFO] ADCParametersView:116 -                Rank 3 : false
2025-05-29 19:11:59,608 [INFO] ADCParametersView:116 -                Rank 4 : false
2025-05-29 19:11:59,608 [INFO] ADCParametersView:116 -                Rank 5 : false
2025-05-29 19:11:59,609 [INFO] ADCParametersView:116 -                Rank 1 : false
2025-05-29 19:11:59,609 [INFO] ADCParametersView:116 -                Rank 2 : false
2025-05-29 19:11:59,609 [INFO] ADCParametersView:116 -                Rank 3 : false
2025-05-29 19:11:59,610 [INFO] ADCParametersView:116 -                Rank 4 : false
2025-05-29 19:11:59,610 [INFO] ADCParametersView:116 -                Rank 5 : false
2025-05-29 19:11:59,610 [INFO] ADCParametersView:116 -                Rank 6 : false
2025-05-29 19:11:59,911 [INFO] ADCParametersView:116 -                Rank 1 : false
2025-05-29 19:11:59,912 [INFO] ADCParametersView:116 -                Rank 2 : false
2025-05-29 19:11:59,912 [INFO] ADCParametersView:116 -                Rank 3 : false
2025-05-29 19:11:59,912 [INFO] ADCParametersView:116 -                Rank 4 : false
2025-05-29 19:11:59,913 [INFO] ADCParametersView:116 -                Rank 5 : false
2025-05-29 19:11:59,913 [INFO] ADCParametersView:116 -                Rank 6 : false
2025-05-29 19:11:59,913 [INFO] ADCParametersView:116 -                Rank 1 : false
2025-05-29 19:11:59,914 [INFO] ADCParametersView:116 -                Rank 2 : false
2025-05-29 19:11:59,914 [INFO] ADCParametersView:116 -                Rank 3 : false
2025-05-29 19:11:59,914 [INFO] ADCParametersView:116 -                Rank 4 : false
2025-05-29 19:11:59,914 [INFO] ADCParametersView:116 -                Rank 5 : false
2025-05-29 19:11:59,914 [INFO] ADCParametersView:116 -                Rank 6 : false
2025-05-29 19:11:59,915 [INFO] ADCParametersView:116 -                Rank 1 : false
2025-05-29 19:11:59,915 [INFO] ADCParametersView:116 -                Rank 2 : false
2025-05-29 19:11:59,915 [INFO] ADCParametersView:116 -                Rank 3 : false
2025-05-29 19:11:59,915 [INFO] ADCParametersView:116 -                Rank 4 : false
2025-05-29 19:11:59,915 [INFO] ADCParametersView:116 -                Rank 5 : false
2025-05-29 19:11:59,915 [INFO] ADCParametersView:116 -                Rank 6 : false
2025-05-29 19:11:59,916 [INFO] ADCParametersView:116 -                Rank 1 : false
2025-05-29 19:11:59,916 [INFO] ADCParametersView:116 -                Rank 2 : false
2025-05-29 19:11:59,916 [INFO] ADCParametersView:116 -                Rank 3 : false
2025-05-29 19:11:59,916 [INFO] ADCParametersView:116 -                Rank 4 : false
2025-05-29 19:11:59,916 [INFO] ADCParametersView:116 -                Rank 5 : false
2025-05-29 19:11:59,916 [INFO] ADCParametersView:116 -                Rank 6 : false
2025-05-29 19:11:59,917 [INFO] ADCParametersView:116 -                Rank 1 : false
2025-05-29 19:11:59,917 [INFO] ADCParametersView:116 -                Rank 2 : false
2025-05-29 19:11:59,917 [INFO] ADCParametersView:116 -                Rank 3 : false
2025-05-29 19:11:59,917 [INFO] ADCParametersView:116 -                Rank 4 : false
2025-05-29 19:11:59,917 [INFO] ADCParametersView:116 -                Rank 5 : false
2025-05-29 19:11:59,917 [INFO] ADCParametersView:116 -                Rank 6 : false
2025-05-29 19:11:59,918 [INFO] ADCParametersView:116 -                Rank 1 : false
2025-05-29 19:11:59,918 [INFO] ADCParametersView:116 -                Rank 2 : false
2025-05-29 19:11:59,918 [INFO] ADCParametersView:116 -                Rank 3 : false
2025-05-29 19:11:59,918 [INFO] ADCParametersView:116 -                Rank 4 : false
2025-05-29 19:11:59,918 [INFO] ADCParametersView:116 -                Rank 5 : false
2025-05-29 19:11:59,918 [INFO] ADCParametersView:116 -                Rank 6 : false
2025-05-29 19:11:59,919 [INFO] ADCParametersView:116 -                Rank 1 : false
2025-05-29 19:11:59,919 [INFO] ADCParametersView:116 -                Rank 2 : false
2025-05-29 19:11:59,919 [INFO] ADCParametersView:116 -                Rank 3 : false
2025-05-29 19:11:59,919 [INFO] ADCParametersView:116 -                Rank 4 : false
2025-05-29 19:11:59,919 [INFO] ADCParametersView:116 -                Rank 5 : false
2025-05-29 19:11:59,919 [INFO] ADCParametersView:116 -                Rank 6 : false
2025-05-29 19:11:59,920 [INFO] ADCParametersView:116 -                Rank 1 : false
2025-05-29 19:11:59,920 [INFO] ADCParametersView:116 -                Rank 2 : false
2025-05-29 19:11:59,920 [INFO] ADCParametersView:116 -                Rank 3 : false
2025-05-29 19:11:59,920 [INFO] ADCParametersView:116 -                Rank 4 : false
2025-05-29 19:11:59,920 [INFO] ADCParametersView:116 -                Rank 5 : false
2025-05-29 19:11:59,920 [INFO] ADCParametersView:116 -                Rank 6 : false
2025-05-29 19:11:59,921 [INFO] ADCParametersView:116 -                Rank 1 : false
2025-05-29 19:11:59,921 [INFO] ADCParametersView:116 -                Rank 2 : false
2025-05-29 19:11:59,921 [INFO] ADCParametersView:116 -                Rank 3 : false
2025-05-29 19:11:59,921 [INFO] ADCParametersView:116 -                Rank 4 : false
2025-05-29 19:11:59,921 [INFO] ADCParametersView:116 -                Rank 5 : false
2025-05-29 19:11:59,921 [INFO] ADCParametersView:116 -                Rank 6 : false
2025-05-29 19:11:59,922 [INFO] ADCParametersView:116 -                Rank 1 : false
2025-05-29 19:11:59,922 [INFO] ADCParametersView:116 -                Rank 2 : false
2025-05-29 19:11:59,923 [INFO] ADCParametersView:116 -                Rank 3 : false
2025-05-29 19:11:59,923 [INFO] ADCParametersView:116 -                Rank 4 : false
2025-05-29 19:11:59,923 [INFO] ADCParametersView:116 -                Rank 5 : false
2025-05-29 19:11:59,923 [INFO] ADCParametersView:116 -                Rank 6 : false
2025-05-29 19:11:59,924 [INFO] ADCParametersView:116 -                Rank 1 : false
2025-05-29 19:11:59,924 [INFO] ADCParametersView:116 -                Rank 2 : false
2025-05-29 19:11:59,929 [INFO] ADCParametersView:116 -                Rank 3 : false
2025-05-29 19:11:59,929 [INFO] ADCParametersView:116 -                Rank 4 : false
2025-05-29 19:11:59,929 [INFO] ADCParametersView:116 -                Rank 5 : false
2025-05-29 19:11:59,929 [INFO] ADCParametersView:116 -                Rank 6 : false
2025-05-29 19:11:59,930 [INFO] ADCParametersView:116 -                Rank 1 : false
2025-05-29 19:11:59,931 [INFO] ADCParametersView:116 -                Rank 2 : false
2025-05-29 19:11:59,931 [INFO] ADCParametersView:116 -                Rank 3 : false
2025-05-29 19:11:59,931 [INFO] ADCParametersView:116 -                Rank 4 : false
2025-05-29 19:11:59,931 [INFO] ADCParametersView:116 -                Rank 5 : false
2025-05-29 19:11:59,931 [INFO] ADCParametersView:116 -                Rank 6 : false
2025-05-29 19:11:59,931 [INFO] ADCParametersView:116 -                Rank 1 : false
2025-05-29 19:11:59,932 [INFO] ADCParametersView:116 -                Rank 2 : false
2025-05-29 19:11:59,932 [INFO] ADCParametersView:116 -                Rank 3 : false
2025-05-29 19:11:59,932 [INFO] ADCParametersView:116 -                Rank 4 : false
2025-05-29 19:11:59,932 [INFO] ADCParametersView:116 -                Rank 5 : false
2025-05-29 19:11:59,932 [INFO] ADCParametersView:116 -                Rank 6 : false
2025-05-29 19:11:59,932 [INFO] ADCParametersView:116 -                Rank 1 : false
2025-05-29 19:11:59,932 [INFO] ADCParametersView:116 -                Rank 2 : false
2025-05-29 19:11:59,932 [INFO] ADCParametersView:116 -                Rank 3 : false
2025-05-29 19:11:59,933 [INFO] ADCParametersView:116 -                Rank 4 : false
2025-05-29 19:11:59,933 [INFO] ADCParametersView:116 -                Rank 5 : false
2025-05-29 19:11:59,933 [INFO] ADCParametersView:116 -                Rank 6 : false
2025-05-29 19:11:59,933 [INFO] ADCParametersView:116 -                Rank 1 : false
2025-05-29 19:11:59,933 [INFO] ADCParametersView:116 -                Rank 2 : false
2025-05-29 19:11:59,933 [INFO] ADCParametersView:116 -                Rank 3 : false
2025-05-29 19:11:59,933 [INFO] ADCParametersView:116 -                Rank 4 : false
2025-05-29 19:11:59,933 [INFO] ADCParametersView:116 -                Rank 5 : false
2025-05-29 19:11:59,933 [INFO] ADCParametersView:116 -                Rank 6 : false
2025-05-29 19:11:59,934 [INFO] ADCParametersView:116 -                Rank 1 : false
2025-05-29 19:11:59,934 [INFO] ADCParametersView:116 -                Rank 2 : false
2025-05-29 19:11:59,934 [INFO] ADCParametersView:116 -                Rank 3 : false
2025-05-29 19:11:59,934 [INFO] ADCParametersView:116 -                Rank 4 : false
2025-05-29 19:11:59,934 [INFO] ADCParametersView:116 -                Rank 5 : false
2025-05-29 19:11:59,934 [INFO] ADCParametersView:116 -                Rank 6 : false
2025-05-29 19:11:59,935 [INFO] ADCParametersView:116 -                Rank 1 : false
2025-05-29 19:11:59,935 [INFO] ADCParametersView:116 -                Rank 2 : false
2025-05-29 19:11:59,935 [INFO] ADCParametersView:116 -                Rank 3 : false
2025-05-29 19:11:59,935 [INFO] ADCParametersView:116 -                Rank 4 : false
2025-05-29 19:11:59,936 [INFO] ADCParametersView:116 -                Rank 5 : false
2025-05-29 19:11:59,936 [INFO] ADCParametersView:116 -                Rank 6 : false
2025-05-29 19:11:59,936 [INFO] ADCParametersView:116 -                Rank 1 : false
2025-05-29 19:11:59,936 [INFO] ADCParametersView:116 -                Rank 2 : false
2025-05-29 19:11:59,936 [INFO] ADCParametersView:116 -                Rank 3 : false
2025-05-29 19:11:59,936 [INFO] ADCParametersView:116 -                Rank 4 : false
2025-05-29 19:11:59,937 [INFO] ADCParametersView:116 -                Rank 5 : false
2025-05-29 19:11:59,938 [INFO] ADCParametersView:116 -                Rank 6 : false
2025-05-29 19:11:59,938 [INFO] ADCParametersView:116 -                Rank 1 : false
2025-05-29 19:11:59,938 [INFO] ADCParametersView:116 -                Rank 2 : false
2025-05-29 19:11:59,939 [INFO] ADCParametersView:116 -                Rank 3 : false
2025-05-29 19:11:59,939 [INFO] ADCParametersView:116 -                Rank 4 : false
2025-05-29 19:11:59,939 [INFO] ADCParametersView:116 -                Rank 5 : false
2025-05-29 19:11:59,939 [INFO] ADCParametersView:116 -                Rank 6 : false
2025-05-29 19:11:59,940 [INFO] ADCParametersView:116 -                Rank 1 : false
2025-05-29 19:11:59,940 [INFO] ADCParametersView:116 -                Rank 2 : false
2025-05-29 19:11:59,940 [INFO] ADCParametersView:116 -                Rank 3 : false
2025-05-29 19:11:59,940 [INFO] ADCParametersView:116 -                Rank 4 : false
2025-05-29 19:11:59,940 [INFO] ADCParametersView:116 -                Rank 5 : false
2025-05-29 19:11:59,940 [INFO] ADCParametersView:116 -                Rank 6 : false
2025-05-29 19:11:59,941 [INFO] ADCParametersView:116 -                Rank 1 : false
2025-05-29 19:11:59,941 [INFO] ADCParametersView:116 -                Rank 2 : false
2025-05-29 19:11:59,941 [INFO] ADCParametersView:116 -                Rank 3 : false
2025-05-29 19:11:59,941 [INFO] ADCParametersView:116 -                Rank 4 : false
2025-05-29 19:11:59,941 [INFO] ADCParametersView:116 -                Rank 5 : false
2025-05-29 19:11:59,941 [INFO] ADCParametersView:116 -                Rank 6 : false
2025-05-29 19:11:59,942 [INFO] ADCParametersView:116 -                Rank 2 : false
2025-05-29 19:11:59,942 [INFO] ADCParametersView:116 -                Rank 3 : false
2025-05-29 19:11:59,942 [INFO] ADCParametersView:116 -                Rank 4 : false
2025-05-29 19:11:59,942 [INFO] ADCParametersView:116 -                Rank 5 : false
2025-05-29 19:11:59,942 [INFO] ADCParametersView:116 -                Rank 6 : false
2025-05-29 19:11:59,942 [INFO] ADCParametersView:116 -                Rank 3 : false
2025-05-29 19:11:59,943 [INFO] ADCParametersView:116 -                Rank 4 : false
2025-05-29 19:11:59,943 [INFO] ADCParametersView:116 -                Rank 5 : false
2025-05-29 19:11:59,943 [INFO] ADCParametersView:116 -                Rank 6 : false
2025-05-29 19:11:59,943 [INFO] ADCParametersView:116 -                Rank 4 : false
2025-05-29 19:11:59,943 [INFO] ADCParametersView:116 -                Rank 5 : false
2025-05-29 19:11:59,943 [INFO] ADCParametersView:116 -                Rank 6 : false
2025-05-29 19:11:59,943 [INFO] ADCParametersView:116 -                Rank 5 : false
2025-05-29 19:11:59,944 [INFO] ADCParametersView:116 -                Rank 6 : false
2025-05-29 19:11:59,944 [INFO] ADCParametersView:116 -                Rank 6 : false
2025-05-29 19:12:00,060 [INFO] ADCParametersView:116 -                Rank 1 : false
2025-05-29 19:12:00,061 [INFO] ADCParametersView:116 -                Rank 1 : false
2025-05-29 19:12:00,061 [INFO] ADCParametersView:116 -                Rank 2 : false
2025-05-29 19:12:00,062 [INFO] ADCParametersView:116 -                Rank 1 : false
2025-05-29 19:12:00,062 [INFO] ADCParametersView:116 -                Rank 2 : false
2025-05-29 19:12:00,062 [INFO] ADCParametersView:116 -                Rank 3 : false
2025-05-29 19:12:00,063 [INFO] ADCParametersView:116 -                Rank 1 : false
2025-05-29 19:12:00,064 [INFO] ADCParametersView:116 -                Rank 2 : false
2025-05-29 19:12:00,064 [INFO] ADCParametersView:116 -                Rank 3 : false
2025-05-29 19:12:00,064 [INFO] ADCParametersView:116 -                Rank 4 : false
2025-05-29 19:12:00,066 [INFO] ADCParametersView:116 -                Rank 1 : false
2025-05-29 19:12:00,066 [INFO] ADCParametersView:116 -                Rank 2 : false
2025-05-29 19:12:00,066 [INFO] ADCParametersView:116 -                Rank 3 : false
2025-05-29 19:12:00,066 [INFO] ADCParametersView:116 -                Rank 4 : false
2025-05-29 19:12:00,066 [INFO] ADCParametersView:116 -                Rank 5 : false
2025-05-29 19:12:00,068 [INFO] ADCParametersView:116 -                Rank 1 : false
2025-05-29 19:12:00,068 [INFO] ADCParametersView:116 -                Rank 2 : false
2025-05-29 19:12:00,068 [INFO] ADCParametersView:116 -                Rank 3 : false
2025-05-29 19:12:00,068 [INFO] ADCParametersView:116 -                Rank 4 : false
2025-05-29 19:12:00,068 [INFO] ADCParametersView:116 -                Rank 5 : false
2025-05-29 19:12:00,068 [INFO] ADCParametersView:116 -                Rank 6 : false
2025-05-29 19:12:28,209 [INFO] NvicIntPanel:101 - NVIC parent = com.st.microxplorer.plugins.ip.nvic.MultiNvicIntPanel[,0,0,450x146,layout=javax.swing.BoxLayout,alignmentX=0.0,alignmentY=0.0,border=,flags=9,maximumSize=,minimumSize=,preferredSize=]
2025-05-29 19:12:28,850 [INFO] ADCParametersView:116 -                Rank 1 : false
2025-05-29 19:12:28,851 [INFO] ADCParametersView:116 -                Rank 2 : false
2025-05-29 19:12:28,851 [INFO] ADCParametersView:116 -                Rank 3 : false
2025-05-29 19:12:28,851 [INFO] ADCParametersView:116 -                Rank 4 : false
2025-05-29 19:12:28,851 [INFO] ADCParametersView:116 -                Rank 5 : false
2025-05-29 19:12:28,851 [INFO] ADCParametersView:116 -                Rank 6 : false
2025-05-29 19:12:28,852 [INFO] ADCParametersView:116 -                Rank 1 : false
2025-05-29 19:12:28,852 [INFO] ADCParametersView:116 -                Rank 2 : false
2025-05-29 19:12:28,852 [INFO] ADCParametersView:116 -                Rank 3 : false
2025-05-29 19:12:28,852 [INFO] ADCParametersView:116 -                Rank 4 : false
2025-05-29 19:12:28,852 [INFO] ADCParametersView:116 -                Rank 5 : false
2025-05-29 19:12:28,852 [INFO] ADCParametersView:116 -                Rank 6 : false
2025-05-29 19:12:28,852 [INFO] ADCParametersView:116 -                Rank 1 : false
2025-05-29 19:12:28,853 [INFO] ADCParametersView:116 -                Rank 2 : false
2025-05-29 19:12:28,853 [INFO] ADCParametersView:116 -                Rank 3 : false
2025-05-29 19:12:28,853 [INFO] ADCParametersView:116 -                Rank 4 : false
2025-05-29 19:12:28,853 [INFO] ADCParametersView:116 -                Rank 5 : false
2025-05-29 19:12:28,853 [INFO] ADCParametersView:116 -                Rank 6 : false
2025-05-29 19:12:28,853 [INFO] ADCParametersView:116 -                Rank 1 : false
2025-05-29 19:12:28,853 [INFO] ADCParametersView:116 -                Rank 2 : false
2025-05-29 19:12:28,853 [INFO] ADCParametersView:116 -                Rank 3 : false
2025-05-29 19:12:28,853 [INFO] ADCParametersView:116 -                Rank 4 : false
2025-05-29 19:12:28,853 [INFO] ADCParametersView:116 -                Rank 5 : false
2025-05-29 19:12:28,853 [INFO] ADCParametersView:116 -                Rank 6 : false
2025-05-29 19:12:28,854 [INFO] ADCParametersView:116 -                Rank 1 : false
2025-05-29 19:12:28,854 [INFO] ADCParametersView:116 -                Rank 2 : false
2025-05-29 19:12:28,854 [INFO] ADCParametersView:116 -                Rank 3 : false
2025-05-29 19:12:28,854 [INFO] ADCParametersView:116 -                Rank 4 : false
2025-05-29 19:12:28,854 [INFO] ADCParametersView:116 -                Rank 5 : false
2025-05-29 19:12:28,854 [INFO] ADCParametersView:116 -                Rank 6 : false
2025-05-29 19:12:28,854 [INFO] ADCParametersView:116 -                Rank 1 : false
2025-05-29 19:12:28,854 [INFO] ADCParametersView:116 -                Rank 2 : false
2025-05-29 19:12:28,854 [INFO] ADCParametersView:116 -                Rank 3 : false
2025-05-29 19:12:28,854 [INFO] ADCParametersView:116 -                Rank 4 : false
2025-05-29 19:12:28,855 [INFO] ADCParametersView:116 -                Rank 5 : false
2025-05-29 19:12:28,855 [INFO] ADCParametersView:116 -                Rank 6 : false
2025-05-29 19:12:28,855 [INFO] ADCParametersView:116 -                Rank 1 : false
2025-05-29 19:12:28,855 [INFO] ADCParametersView:116 -                Rank 2 : false
2025-05-29 19:12:28,855 [INFO] ADCParametersView:116 -                Rank 3 : false
2025-05-29 19:12:28,855 [INFO] ADCParametersView:116 -                Rank 4 : false
2025-05-29 19:12:28,855 [INFO] ADCParametersView:116 -                Rank 5 : false
2025-05-29 19:12:28,855 [INFO] ADCParametersView:116 -                Rank 6 : false
2025-05-29 19:12:28,855 [INFO] ADCParametersView:116 -                Rank 1 : false
2025-05-29 19:12:28,855 [INFO] ADCParametersView:116 -                Rank 2 : false
2025-05-29 19:12:28,855 [INFO] ADCParametersView:116 -                Rank 3 : false
2025-05-29 19:12:28,855 [INFO] ADCParametersView:116 -                Rank 4 : false
2025-05-29 19:12:28,855 [INFO] ADCParametersView:116 -                Rank 5 : false
2025-05-29 19:12:28,856 [INFO] ADCParametersView:116 -                Rank 6 : false
2025-05-29 19:12:28,856 [INFO] ADCParametersView:116 -                Rank 1 : false
2025-05-29 19:12:28,856 [INFO] ADCParametersView:116 -                Rank 2 : false
2025-05-29 19:12:28,856 [INFO] ADCParametersView:116 -                Rank 3 : false
2025-05-29 19:12:28,856 [INFO] ADCParametersView:116 -                Rank 4 : false
2025-05-29 19:12:28,856 [INFO] ADCParametersView:116 -                Rank 5 : false
2025-05-29 19:12:28,857 [INFO] ADCParametersView:116 -                Rank 6 : false
2025-05-29 19:12:28,857 [INFO] ADCParametersView:116 -                Rank 1 : false
2025-05-29 19:12:28,857 [INFO] ADCParametersView:116 -                Rank 2 : false
2025-05-29 19:12:28,857 [INFO] ADCParametersView:116 -                Rank 3 : false
2025-05-29 19:12:28,857 [INFO] ADCParametersView:116 -                Rank 4 : false
2025-05-29 19:12:28,857 [INFO] ADCParametersView:116 -                Rank 5 : false
2025-05-29 19:12:28,858 [INFO] ADCParametersView:116 -                Rank 6 : false
2025-05-29 19:12:28,858 [INFO] ADCParametersView:116 -                Rank 1 : false
2025-05-29 19:12:28,858 [INFO] ADCParametersView:116 -                Rank 2 : false
2025-05-29 19:12:28,858 [INFO] ADCParametersView:116 -                Rank 3 : false
2025-05-29 19:12:28,858 [INFO] ADCParametersView:116 -                Rank 4 : false
2025-05-29 19:12:28,858 [INFO] ADCParametersView:116 -                Rank 5 : false
2025-05-29 19:12:28,859 [INFO] ADCParametersView:116 -                Rank 6 : false
2025-05-29 19:12:28,859 [INFO] ADCParametersView:116 -                Rank 1 : false
2025-05-29 19:12:28,859 [INFO] ADCParametersView:116 -                Rank 2 : false
2025-05-29 19:12:28,859 [INFO] ADCParametersView:116 -                Rank 3 : false
2025-05-29 19:12:28,859 [INFO] ADCParametersView:116 -                Rank 4 : false
2025-05-29 19:12:28,859 [INFO] ADCParametersView:116 -                Rank 5 : false
2025-05-29 19:12:28,859 [INFO] ADCParametersView:116 -                Rank 6 : false
2025-05-29 19:12:28,860 [INFO] ADCParametersView:116 -                Rank 1 : false
2025-05-29 19:12:28,860 [INFO] ADCParametersView:116 -                Rank 2 : false
2025-05-29 19:12:28,860 [INFO] ADCParametersView:116 -                Rank 3 : false
2025-05-29 19:12:28,860 [INFO] ADCParametersView:116 -                Rank 4 : false
2025-05-29 19:12:28,860 [INFO] ADCParametersView:116 -                Rank 5 : false
2025-05-29 19:12:28,860 [INFO] ADCParametersView:116 -                Rank 6 : false
2025-05-29 19:12:28,861 [INFO] ADCParametersView:116 -                Rank 1 : false
2025-05-29 19:12:28,861 [INFO] ADCParametersView:116 -                Rank 2 : false
2025-05-29 19:12:28,861 [INFO] ADCParametersView:116 -                Rank 3 : false
2025-05-29 19:12:28,861 [INFO] ADCParametersView:116 -                Rank 4 : false
2025-05-29 19:12:28,861 [INFO] ADCParametersView:116 -                Rank 5 : false
2025-05-29 19:12:28,861 [INFO] ADCParametersView:116 -                Rank 6 : false
2025-05-29 19:12:28,862 [INFO] ADCParametersView:116 -                Rank 1 : false
2025-05-29 19:12:28,862 [INFO] ADCParametersView:116 -                Rank 2 : false
2025-05-29 19:12:28,862 [INFO] ADCParametersView:116 -                Rank 3 : false
2025-05-29 19:12:28,862 [INFO] ADCParametersView:116 -                Rank 4 : false
2025-05-29 19:12:28,862 [INFO] ADCParametersView:116 -                Rank 5 : false
2025-05-29 19:12:28,862 [INFO] ADCParametersView:116 -                Rank 6 : false
2025-05-29 19:12:28,862 [INFO] ADCParametersView:116 -                Rank 1 : false
2025-05-29 19:12:28,863 [INFO] ADCParametersView:116 -                Rank 2 : false
2025-05-29 19:12:28,863 [INFO] ADCParametersView:116 -                Rank 3 : false
2025-05-29 19:12:28,863 [INFO] ADCParametersView:116 -                Rank 4 : false
2025-05-29 19:12:28,863 [INFO] ADCParametersView:116 -                Rank 5 : false
2025-05-29 19:12:28,863 [INFO] ADCParametersView:116 -                Rank 6 : false
2025-05-29 19:12:28,863 [INFO] ADCParametersView:116 -                Rank 1 : false
2025-05-29 19:12:28,864 [INFO] ADCParametersView:116 -                Rank 2 : false
2025-05-29 19:12:28,864 [INFO] ADCParametersView:116 -                Rank 3 : false
2025-05-29 19:12:28,864 [INFO] ADCParametersView:116 -                Rank 4 : false
2025-05-29 19:12:28,864 [INFO] ADCParametersView:116 -                Rank 5 : false
2025-05-29 19:12:28,864 [INFO] ADCParametersView:116 -                Rank 6 : false
2025-05-29 19:12:28,864 [INFO] ADCParametersView:116 -                Rank 1 : false
2025-05-29 19:12:28,864 [INFO] ADCParametersView:116 -                Rank 2 : false
2025-05-29 19:12:28,865 [INFO] ADCParametersView:116 -                Rank 3 : false
2025-05-29 19:12:28,865 [INFO] ADCParametersView:116 -                Rank 4 : false
2025-05-29 19:12:28,865 [INFO] ADCParametersView:116 -                Rank 5 : false
2025-05-29 19:12:28,865 [INFO] ADCParametersView:116 -                Rank 6 : false
2025-05-29 19:12:28,865 [INFO] ADCParametersView:116 -                Rank 1 : false
2025-05-29 19:12:28,865 [INFO] ADCParametersView:116 -                Rank 2 : false
2025-05-29 19:12:28,865 [INFO] ADCParametersView:116 -                Rank 3 : false
2025-05-29 19:12:28,866 [INFO] ADCParametersView:116 -                Rank 4 : false
2025-05-29 19:12:28,866 [INFO] ADCParametersView:116 -                Rank 5 : false
2025-05-29 19:12:28,866 [INFO] ADCParametersView:116 -                Rank 6 : false
2025-05-29 19:12:28,866 [INFO] ADCParametersView:116 -                Rank 1 : false
2025-05-29 19:12:28,866 [INFO] ADCParametersView:116 -                Rank 2 : false
2025-05-29 19:12:28,866 [INFO] ADCParametersView:116 -                Rank 3 : false
2025-05-29 19:12:28,866 [INFO] ADCParametersView:116 -                Rank 4 : false
2025-05-29 19:12:28,867 [INFO] ADCParametersView:116 -                Rank 5 : false
2025-05-29 19:12:28,867 [INFO] ADCParametersView:116 -                Rank 6 : false
2025-05-29 19:12:28,867 [INFO] ADCParametersView:116 -                Rank 1 : false
2025-05-29 19:12:28,867 [INFO] ADCParametersView:116 -                Rank 2 : false
2025-05-29 19:12:28,867 [INFO] ADCParametersView:116 -                Rank 3 : false
2025-05-29 19:12:28,867 [INFO] ADCParametersView:116 -                Rank 4 : false
2025-05-29 19:12:28,867 [INFO] ADCParametersView:116 -                Rank 5 : false
2025-05-29 19:12:28,867 [INFO] ADCParametersView:116 -                Rank 6 : false
2025-05-29 19:12:28,867 [INFO] ADCParametersView:116 -                Rank 2 : false
2025-05-29 19:12:28,868 [INFO] ADCParametersView:116 -                Rank 3 : false
2025-05-29 19:12:28,868 [INFO] ADCParametersView:116 -                Rank 4 : false
2025-05-29 19:12:28,868 [INFO] ADCParametersView:116 -                Rank 5 : false
2025-05-29 19:12:28,868 [INFO] ADCParametersView:116 -                Rank 6 : false
2025-05-29 19:12:28,868 [INFO] ADCParametersView:116 -                Rank 3 : false
2025-05-29 19:12:28,868 [INFO] ADCParametersView:116 -                Rank 4 : false
2025-05-29 19:12:28,868 [INFO] ADCParametersView:116 -                Rank 5 : false
2025-05-29 19:12:28,868 [INFO] ADCParametersView:116 -                Rank 6 : false
2025-05-29 19:12:28,868 [INFO] ADCParametersView:116 -                Rank 4 : false
2025-05-29 19:12:28,868 [INFO] ADCParametersView:116 -                Rank 5 : false
2025-05-29 19:12:28,868 [INFO] ADCParametersView:116 -                Rank 6 : false
2025-05-29 19:12:28,868 [INFO] ADCParametersView:116 -                Rank 5 : false
2025-05-29 19:12:28,869 [INFO] ADCParametersView:116 -                Rank 6 : false
2025-05-29 19:12:28,869 [INFO] ADCParametersView:116 -                Rank 6 : false
2025-05-29 19:12:28,964 [INFO] ADCParametersView:116 -                Rank 1 : false
2025-05-29 19:12:28,965 [INFO] ADCParametersView:116 -                Rank 1 : false
2025-05-29 19:12:28,965 [INFO] ADCParametersView:116 -                Rank 2 : false
2025-05-29 19:12:28,966 [INFO] ADCParametersView:116 -                Rank 1 : false
2025-05-29 19:12:28,966 [INFO] ADCParametersView:116 -                Rank 2 : false
2025-05-29 19:12:28,966 [INFO] ADCParametersView:116 -                Rank 3 : false
2025-05-29 19:12:28,967 [INFO] ADCParametersView:116 -                Rank 1 : false
2025-05-29 19:12:28,967 [INFO] ADCParametersView:116 -                Rank 2 : false
2025-05-29 19:12:28,967 [INFO] ADCParametersView:116 -                Rank 3 : false
2025-05-29 19:12:28,967 [INFO] ADCParametersView:116 -                Rank 4 : false
2025-05-29 19:12:28,968 [INFO] ADCParametersView:116 -                Rank 1 : false
2025-05-29 19:12:28,969 [INFO] ADCParametersView:116 -                Rank 2 : false
2025-05-29 19:12:28,969 [INFO] ADCParametersView:116 -                Rank 3 : false
2025-05-29 19:12:28,969 [INFO] ADCParametersView:116 -                Rank 4 : false
2025-05-29 19:12:28,969 [INFO] ADCParametersView:116 -                Rank 5 : false
2025-05-29 19:12:28,970 [INFO] ADCParametersView:116 -                Rank 1 : false
2025-05-29 19:12:28,970 [INFO] ADCParametersView:116 -                Rank 2 : false
2025-05-29 19:12:28,970 [INFO] ADCParametersView:116 -                Rank 3 : false
2025-05-29 19:12:28,970 [INFO] ADCParametersView:116 -                Rank 4 : false
2025-05-29 19:12:28,970 [INFO] ADCParametersView:116 -                Rank 5 : false
2025-05-29 19:12:28,970 [INFO] ADCParametersView:116 -                Rank 6 : false
2025-05-29 19:12:36,224 [INFO] ADCParametersView:116 -                Rank 1 : true
2025-05-29 19:12:36,225 [INFO] ADCParametersView:116 -                Rank 2 : false
2025-05-29 19:12:36,225 [INFO] ADCParametersView:116 -                Rank 3 : false
2025-05-29 19:12:36,225 [INFO] ADCParametersView:116 -                Rank 4 : false
2025-05-29 19:12:36,225 [INFO] ADCParametersView:116 -                Rank 5 : false
2025-05-29 19:12:36,225 [INFO] ADCParametersView:116 -                Rank 6 : false
2025-05-29 19:12:39,745 [INFO] ADCParametersView:116 -                Rank 1 : true
2025-05-29 19:12:39,745 [INFO] ADCParametersView:116 -                Rank 2 : true
2025-05-29 19:12:39,745 [INFO] ADCParametersView:116 -                Rank 3 : false
2025-05-29 19:12:39,745 [INFO] ADCParametersView:116 -                Rank 4 : false
2025-05-29 19:12:39,745 [INFO] ADCParametersView:116 -                Rank 5 : false
2025-05-29 19:12:39,745 [INFO] ADCParametersView:116 -                Rank 6 : false
2025-05-29 19:12:58,626 [INFO] ADCParametersView:116 -                Rank 1 : true
2025-05-29 19:12:58,626 [INFO] ADCParametersView:116 -                Rank 2 : true
2025-05-29 19:12:58,626 [INFO] ADCParametersView:116 -                Rank 3 : false
2025-05-29 19:12:58,626 [INFO] ADCParametersView:116 -                Rank 4 : false
2025-05-29 19:12:58,627 [INFO] ADCParametersView:116 -                Rank 5 : false
2025-05-29 19:12:58,627 [INFO] ADCParametersView:116 -                Rank 6 : false
2025-05-29 19:12:58,627 [INFO] ADCParametersView:116 -                Rank 1 : true
2025-05-29 19:12:58,627 [INFO] ADCParametersView:116 -                Rank 2 : true
2025-05-29 19:12:58,627 [INFO] ADCParametersView:116 -                Rank 3 : false
2025-05-29 19:12:58,627 [INFO] ADCParametersView:116 -                Rank 4 : false
2025-05-29 19:12:58,627 [INFO] ADCParametersView:116 -                Rank 5 : false
2025-05-29 19:12:58,627 [INFO] ADCParametersView:116 -                Rank 6 : false
2025-05-29 19:12:58,627 [INFO] ADCParametersView:116 -                Rank 1 : true
2025-05-29 19:12:58,628 [INFO] ADCParametersView:116 -                Rank 2 : true
2025-05-29 19:12:58,628 [INFO] ADCParametersView:116 -                Rank 3 : false
2025-05-29 19:12:58,628 [INFO] ADCParametersView:116 -                Rank 4 : false
2025-05-29 19:12:58,628 [INFO] ADCParametersView:116 -                Rank 5 : false
2025-05-29 19:12:58,628 [INFO] ADCParametersView:116 -                Rank 6 : false
2025-05-29 19:12:58,628 [INFO] ADCParametersView:116 -                Rank 1 : true
2025-05-29 19:12:58,628 [INFO] ADCParametersView:116 -                Rank 2 : true
2025-05-29 19:12:58,629 [INFO] ADCParametersView:116 -                Rank 3 : false
2025-05-29 19:12:58,629 [INFO] ADCParametersView:116 -                Rank 4 : false
2025-05-29 19:12:58,629 [INFO] ADCParametersView:116 -                Rank 5 : false
2025-05-29 19:12:58,629 [INFO] ADCParametersView:116 -                Rank 6 : false
2025-05-29 19:12:58,629 [INFO] ADCParametersView:116 -                Rank 1 : true
2025-05-29 19:12:58,629 [INFO] ADCParametersView:116 -                Rank 2 : true
2025-05-29 19:12:58,629 [INFO] ADCParametersView:116 -                Rank 3 : false
2025-05-29 19:12:58,629 [INFO] ADCParametersView:116 -                Rank 4 : false
2025-05-29 19:12:58,629 [INFO] ADCParametersView:116 -                Rank 5 : false
2025-05-29 19:12:58,629 [INFO] ADCParametersView:116 -                Rank 6 : false
2025-05-29 19:12:58,630 [INFO] ADCParametersView:116 -                Rank 1 : true
2025-05-29 19:12:58,630 [INFO] ADCParametersView:116 -                Rank 2 : true
2025-05-29 19:12:58,630 [INFO] ADCParametersView:116 -                Rank 3 : false
2025-05-29 19:12:58,630 [INFO] ADCParametersView:116 -                Rank 4 : false
2025-05-29 19:12:58,630 [INFO] ADCParametersView:116 -                Rank 5 : false
2025-05-29 19:12:58,630 [INFO] ADCParametersView:116 -                Rank 6 : false
2025-05-29 19:12:58,630 [INFO] ADCParametersView:116 -                Rank 1 : true
2025-05-29 19:12:58,631 [INFO] ADCParametersView:116 -                Rank 2 : true
2025-05-29 19:12:58,631 [INFO] ADCParametersView:116 -                Rank 3 : false
2025-05-29 19:12:58,631 [INFO] ADCParametersView:116 -                Rank 4 : false
2025-05-29 19:12:58,631 [INFO] ADCParametersView:116 -                Rank 5 : false
2025-05-29 19:12:58,631 [INFO] ADCParametersView:116 -                Rank 6 : false
2025-05-29 19:12:58,631 [INFO] ADCParametersView:116 -                Rank 1 : true
2025-05-29 19:12:58,631 [INFO] ADCParametersView:116 -                Rank 2 : true
2025-05-29 19:12:58,631 [INFO] ADCParametersView:116 -                Rank 3 : false
2025-05-29 19:12:58,631 [INFO] ADCParametersView:116 -                Rank 4 : false
2025-05-29 19:12:58,631 [INFO] ADCParametersView:116 -                Rank 5 : false
2025-05-29 19:12:58,631 [INFO] ADCParametersView:116 -                Rank 6 : false
2025-05-29 19:12:58,632 [INFO] ADCParametersView:116 -                Rank 1 : true
2025-05-29 19:12:58,632 [INFO] ADCParametersView:116 -                Rank 2 : true
2025-05-29 19:12:58,632 [INFO] ADCParametersView:116 -                Rank 3 : false
2025-05-29 19:12:58,632 [INFO] ADCParametersView:116 -                Rank 4 : false
2025-05-29 19:12:58,632 [INFO] ADCParametersView:116 -                Rank 5 : false
2025-05-29 19:12:58,632 [INFO] ADCParametersView:116 -                Rank 6 : false
2025-05-29 19:12:58,632 [INFO] ADCParametersView:116 -                Rank 1 : true
2025-05-29 19:12:58,632 [INFO] ADCParametersView:116 -                Rank 2 : true
2025-05-29 19:12:58,632 [INFO] ADCParametersView:116 -                Rank 3 : false
2025-05-29 19:12:58,633 [INFO] ADCParametersView:116 -                Rank 4 : false
2025-05-29 19:12:58,633 [INFO] ADCParametersView:116 -                Rank 5 : false
2025-05-29 19:12:58,633 [INFO] ADCParametersView:116 -                Rank 6 : false
2025-05-29 19:12:58,633 [INFO] ADCParametersView:116 -                Rank 1 : true
2025-05-29 19:12:58,633 [INFO] ADCParametersView:116 -                Rank 2 : true
2025-05-29 19:12:58,633 [INFO] ADCParametersView:116 -                Rank 3 : false
2025-05-29 19:12:58,633 [INFO] ADCParametersView:116 -                Rank 4 : false
2025-05-29 19:12:58,633 [INFO] ADCParametersView:116 -                Rank 5 : false
2025-05-29 19:12:58,633 [INFO] ADCParametersView:116 -                Rank 6 : false
2025-05-29 19:12:58,634 [INFO] ADCParametersView:116 -                Rank 1 : true
2025-05-29 19:12:58,634 [INFO] ADCParametersView:116 -                Rank 2 : true
2025-05-29 19:12:58,634 [INFO] ADCParametersView:116 -                Rank 3 : false
2025-05-29 19:12:58,634 [INFO] ADCParametersView:116 -                Rank 4 : false
2025-05-29 19:12:58,634 [INFO] ADCParametersView:116 -                Rank 5 : false
2025-05-29 19:12:58,634 [INFO] ADCParametersView:116 -                Rank 6 : false
2025-05-29 19:12:58,634 [INFO] ADCParametersView:116 -                Rank 1 : true
2025-05-29 19:12:58,634 [INFO] ADCParametersView:116 -                Rank 2 : true
2025-05-29 19:12:58,635 [INFO] ADCParametersView:116 -                Rank 3 : false
2025-05-29 19:12:58,635 [INFO] ADCParametersView:116 -                Rank 4 : false
2025-05-29 19:12:58,635 [INFO] ADCParametersView:116 -                Rank 5 : false
2025-05-29 19:12:58,635 [INFO] ADCParametersView:116 -                Rank 6 : false
2025-05-29 19:12:58,635 [INFO] ADCParametersView:116 -                Rank 1 : true
2025-05-29 19:12:58,635 [INFO] ADCParametersView:116 -                Rank 2 : true
2025-05-29 19:12:58,635 [INFO] ADCParametersView:116 -                Rank 3 : false
2025-05-29 19:12:58,635 [INFO] ADCParametersView:116 -                Rank 4 : false
2025-05-29 19:12:58,635 [INFO] ADCParametersView:116 -                Rank 5 : false
2025-05-29 19:12:58,635 [INFO] ADCParametersView:116 -                Rank 6 : false
2025-05-29 19:12:58,636 [INFO] ADCParametersView:116 -                Rank 1 : true
2025-05-29 19:12:58,636 [INFO] ADCParametersView:116 -                Rank 2 : true
2025-05-29 19:12:58,636 [INFO] ADCParametersView:116 -                Rank 3 : false
2025-05-29 19:12:58,636 [INFO] ADCParametersView:116 -                Rank 4 : false
2025-05-29 19:12:58,636 [INFO] ADCParametersView:116 -                Rank 5 : false
2025-05-29 19:12:58,636 [INFO] ADCParametersView:116 -                Rank 6 : false
2025-05-29 19:12:58,636 [INFO] ADCParametersView:116 -                Rank 1 : true
2025-05-29 19:12:58,636 [INFO] ADCParametersView:116 -                Rank 2 : true
2025-05-29 19:12:58,636 [INFO] ADCParametersView:116 -                Rank 3 : false
2025-05-29 19:12:58,636 [INFO] ADCParametersView:116 -                Rank 4 : false
2025-05-29 19:12:58,637 [INFO] ADCParametersView:116 -                Rank 5 : false
2025-05-29 19:12:58,637 [INFO] ADCParametersView:116 -                Rank 6 : false
2025-05-29 19:12:58,637 [INFO] ADCParametersView:116 -                Rank 1 : true
2025-05-29 19:12:58,637 [INFO] ADCParametersView:116 -                Rank 2 : true
2025-05-29 19:12:58,637 [INFO] ADCParametersView:116 -                Rank 3 : false
2025-05-29 19:12:58,637 [INFO] ADCParametersView:116 -                Rank 4 : false
2025-05-29 19:12:58,637 [INFO] ADCParametersView:116 -                Rank 5 : false
2025-05-29 19:12:58,637 [INFO] ADCParametersView:116 -                Rank 6 : false
2025-05-29 19:12:58,637 [INFO] ADCParametersView:116 -                Rank 1 : true
2025-05-29 19:12:58,637 [INFO] ADCParametersView:116 -                Rank 2 : true
2025-05-29 19:12:58,639 [INFO] ADCParametersView:116 -                Rank 3 : false
2025-05-29 19:12:58,639 [INFO] ADCParametersView:116 -                Rank 4 : false
2025-05-29 19:12:58,640 [INFO] ADCParametersView:116 -                Rank 5 : false
2025-05-29 19:12:58,640 [INFO] ADCParametersView:116 -                Rank 6 : false
2025-05-29 19:12:58,640 [INFO] ADCParametersView:116 -                Rank 1 : true
2025-05-29 19:12:58,640 [INFO] ADCParametersView:116 -                Rank 2 : true
2025-05-29 19:12:58,642 [INFO] ADCParametersView:116 -                Rank 3 : false
2025-05-29 19:12:58,642 [INFO] ADCParametersView:116 -                Rank 4 : false
2025-05-29 19:12:58,642 [INFO] ADCParametersView:116 -                Rank 5 : false
2025-05-29 19:12:58,642 [INFO] ADCParametersView:116 -                Rank 6 : false
2025-05-29 19:12:58,643 [INFO] ADCParametersView:116 -                Rank 1 : true
2025-05-29 19:12:58,643 [INFO] ADCParametersView:116 -                Rank 2 : true
2025-05-29 19:12:58,643 [INFO] ADCParametersView:116 -                Rank 3 : false
2025-05-29 19:12:58,643 [INFO] ADCParametersView:116 -                Rank 4 : false
2025-05-29 19:12:58,643 [INFO] ADCParametersView:116 -                Rank 5 : false
2025-05-29 19:12:58,643 [INFO] ADCParametersView:116 -                Rank 6 : false
2025-05-29 19:12:58,643 [INFO] ADCParametersView:116 -                Rank 1 : true
2025-05-29 19:12:58,644 [INFO] ADCParametersView:116 -                Rank 2 : true
2025-05-29 19:12:58,644 [INFO] ADCParametersView:116 -                Rank 3 : false
2025-05-29 19:12:58,644 [INFO] ADCParametersView:116 -                Rank 4 : false
2025-05-29 19:12:58,644 [INFO] ADCParametersView:116 -                Rank 5 : false
2025-05-29 19:12:58,644 [INFO] ADCParametersView:116 -                Rank 6 : false
2025-05-29 19:12:58,644 [INFO] ADCParametersView:116 -                Rank 2 : true
2025-05-29 19:12:58,644 [INFO] ADCParametersView:116 -                Rank 3 : false
2025-05-29 19:12:58,644 [INFO] ADCParametersView:116 -                Rank 4 : false
2025-05-29 19:12:58,644 [INFO] ADCParametersView:116 -                Rank 5 : false
2025-05-29 19:12:58,644 [INFO] ADCParametersView:116 -                Rank 6 : false
2025-05-29 19:12:58,645 [INFO] ADCParametersView:116 -                Rank 3 : false
2025-05-29 19:12:58,645 [INFO] ADCParametersView:116 -                Rank 4 : false
2025-05-29 19:12:58,645 [INFO] ADCParametersView:116 -                Rank 5 : false
2025-05-29 19:12:58,645 [INFO] ADCParametersView:116 -                Rank 6 : false
2025-05-29 19:12:58,645 [INFO] ADCParametersView:116 -                Rank 4 : false
2025-05-29 19:12:58,645 [INFO] ADCParametersView:116 -                Rank 5 : false
2025-05-29 19:12:58,645 [INFO] ADCParametersView:116 -                Rank 6 : false
2025-05-29 19:12:58,645 [INFO] ADCParametersView:116 -                Rank 5 : false
2025-05-29 19:12:58,645 [INFO] ADCParametersView:116 -                Rank 6 : false
2025-05-29 19:12:58,645 [INFO] ADCParametersView:116 -                Rank 6 : false
2025-05-29 19:12:58,736 [INFO] ADCParametersView:116 -                Rank 1 : true
2025-05-29 19:12:58,736 [INFO] ADCParametersView:116 -                Rank 1 : true
2025-05-29 19:12:58,736 [INFO] ADCParametersView:116 -                Rank 2 : true
2025-05-29 19:12:58,737 [INFO] ADCParametersView:116 -                Rank 1 : true
2025-05-29 19:12:58,737 [INFO] ADCParametersView:116 -                Rank 2 : true
2025-05-29 19:12:58,738 [INFO] ADCParametersView:116 -                Rank 3 : false
2025-05-29 19:12:58,738 [INFO] ADCParametersView:116 -                Rank 1 : true
2025-05-29 19:12:58,738 [INFO] ADCParametersView:116 -                Rank 2 : true
2025-05-29 19:12:58,738 [INFO] ADCParametersView:116 -                Rank 3 : false
2025-05-29 19:12:58,738 [INFO] ADCParametersView:116 -                Rank 4 : false
2025-05-29 19:12:58,739 [INFO] ADCParametersView:116 -                Rank 1 : true
2025-05-29 19:12:58,739 [INFO] ADCParametersView:116 -                Rank 2 : true
2025-05-29 19:12:58,739 [INFO] ADCParametersView:116 -                Rank 3 : false
2025-05-29 19:12:58,739 [INFO] ADCParametersView:116 -                Rank 4 : false
2025-05-29 19:12:58,740 [INFO] ADCParametersView:116 -                Rank 5 : false
2025-05-29 19:12:58,741 [INFO] ADCParametersView:116 -                Rank 1 : true
2025-05-29 19:12:58,741 [INFO] ADCParametersView:116 -                Rank 2 : true
2025-05-29 19:12:58,741 [INFO] ADCParametersView:116 -                Rank 3 : false
2025-05-29 19:12:58,741 [INFO] ADCParametersView:116 -                Rank 4 : false
2025-05-29 19:12:58,742 [INFO] ADCParametersView:116 -                Rank 5 : false
2025-05-29 19:12:58,742 [INFO] ADCParametersView:116 -                Rank 6 : false
2025-05-29 19:13:03,109 [INFO] ADCParametersView:116 -                Rank 1 : true
2025-05-29 19:13:03,109 [INFO] ADCParametersView:116 -                Rank 2 : true
2025-05-29 19:13:03,110 [INFO] ADCParametersView:116 -                Rank 3 : true
2025-05-29 19:13:03,110 [INFO] ADCParametersView:116 -                Rank 4 : false
2025-05-29 19:13:03,110 [INFO] ADCParametersView:116 -                Rank 5 : false
2025-05-29 19:13:03,110 [INFO] ADCParametersView:116 -                Rank 6 : false
2025-05-29 19:13:04,637 [INFO] ADCParametersView:116 -                Rank 1 : true
2025-05-29 19:13:04,637 [INFO] ADCParametersView:116 -                Rank 2 : true
2025-05-29 19:13:04,637 [INFO] ADCParametersView:116 -                Rank 3 : false
2025-05-29 19:13:04,637 [INFO] ADCParametersView:116 -                Rank 4 : false
2025-05-29 19:13:04,638 [INFO] ADCParametersView:116 -                Rank 5 : false
2025-05-29 19:13:04,638 [INFO] ADCParametersView:116 -                Rank 6 : false
2025-05-29 19:13:05,554 [INFO] ADCParametersView:116 -                Rank 1 : true
2025-05-29 19:13:05,554 [INFO] ADCParametersView:116 -                Rank 2 : true
2025-05-29 19:13:05,554 [INFO] ADCParametersView:116 -                Rank 3 : false
2025-05-29 19:13:05,554 [INFO] ADCParametersView:116 -                Rank 4 : true
2025-05-29 19:13:05,554 [INFO] ADCParametersView:116 -                Rank 5 : false
2025-05-29 19:13:05,554 [INFO] ADCParametersView:116 -                Rank 6 : false
2025-05-29 19:13:06,545 [INFO] ADCParametersView:116 -                Rank 1 : true
2025-05-29 19:13:06,545 [INFO] ADCParametersView:116 -                Rank 2 : true
2025-05-29 19:13:06,545 [INFO] ADCParametersView:116 -                Rank 3 : false
2025-05-29 19:13:06,545 [INFO] ADCParametersView:116 -                Rank 4 : false
2025-05-29 19:13:06,545 [INFO] ADCParametersView:116 -                Rank 5 : false
2025-05-29 19:13:06,545 [INFO] ADCParametersView:116 -                Rank 6 : false
2025-05-29 19:13:07,348 [INFO] ADCParametersView:116 -                Rank 1 : true
2025-05-29 19:13:07,348 [INFO] ADCParametersView:116 -                Rank 2 : true
2025-05-29 19:13:07,348 [INFO] ADCParametersView:116 -                Rank 3 : false
2025-05-29 19:13:07,348 [INFO] ADCParametersView:116 -                Rank 4 : false
2025-05-29 19:13:07,348 [INFO] ADCParametersView:116 -                Rank 5 : true
2025-05-29 19:13:07,348 [INFO] ADCParametersView:116 -                Rank 6 : false
2025-05-29 19:13:08,166 [INFO] ADCParametersView:116 -                Rank 1 : true
2025-05-29 19:13:08,166 [INFO] ADCParametersView:116 -                Rank 2 : true
2025-05-29 19:13:08,166 [INFO] ADCParametersView:116 -                Rank 3 : false
2025-05-29 19:13:08,167 [INFO] ADCParametersView:116 -                Rank 4 : false
2025-05-29 19:13:08,167 [INFO] ADCParametersView:116 -                Rank 5 : false
2025-05-29 19:13:08,167 [INFO] ADCParametersView:116 -                Rank 6 : false
2025-05-29 20:52:48,495 [INFO] WebApp:194 - Connection lost
2025-05-29 20:52:51,764 [INFO] WebApp:191 - Connection restablished
2025-05-29 20:52:54,551 [INFO] WebApp:194 - Connection lost
2025-05-29 20:52:54,889 [INFO] WebApp:191 - Connection restablished
2025-05-29 20:53:10,352 [INFO] ADCParametersView:116 -                Rank 1 : true
2025-05-29 20:53:10,352 [INFO] ADCParametersView:116 -                Rank 2 : false
2025-05-29 20:53:10,352 [INFO] ADCParametersView:116 -                Rank 3 : false
2025-05-29 20:53:10,352 [INFO] ADCParametersView:116 -                Rank 4 : false
2025-05-29 20:53:10,352 [INFO] ADCParametersView:116 -                Rank 5 : false
2025-05-29 20:53:10,352 [INFO] ADCParametersView:116 -                Rank 6 : false
2025-05-29 20:53:28,819 [INFO] ADCParametersView:116 -                Rank 1 : true
2025-05-29 20:53:28,820 [INFO] ADCParametersView:116 -                Rank 2 : true
2025-05-29 20:53:28,820 [INFO] ADCParametersView:116 -                Rank 3 : false
2025-05-29 20:53:28,820 [INFO] ADCParametersView:116 -                Rank 4 : false
2025-05-29 20:53:28,820 [INFO] ADCParametersView:116 -                Rank 5 : false
2025-05-29 20:53:28,820 [INFO] ADCParametersView:116 -                Rank 6 : false
2025-05-29 21:38:59,357 [INFO] WebApp:194 - Connection lost
2025-05-29 21:39:00,677 [INFO] WebApp:191 - Connection restablished
2025-05-29 21:39:03,168 [INFO] WebApp:194 - Connection lost
2025-05-29 21:39:03,350 [INFO] WebApp:191 - Connection restablished
2025-05-29 21:39:06,486 [INFO] WebApp:194 - Connection lost
2025-05-29 21:39:06,775 [INFO] WebApp:191 - Connection restablished
2025-05-29 21:40:03,706 [INFO] WebApp:194 - Connection lost
2025-05-29 21:40:28,080 [INFO] WebApp:191 - Connection restablished
2025-05-29 21:40:30,904 [INFO] WebApp:194 - Connection lost
2025-05-29 21:40:31,092 [INFO] WebApp:191 - Connection restablished
2025-05-29 21:41:12,512 [INFO] WebApp:194 - Connection lost
2025-05-29 21:48:28,914 [ERROR] ConfigurationRetriever:142 - IOException on connection: sw-center.st.com
2025-05-29 21:48:28,922 [ERROR] ConfigurationRetriever:142 - IOException on connection: sw-center.st.com
2025-05-29 21:48:28,928 [ERROR] ConfigurationRetriever:142 - IOException on connection: sw-center.st.com
2025-05-29 21:59:34,617 [INFO] Activator:176 - 


2025-05-29 21:59:34,620 [INFO] Activator:177 - !SESSION log4j initialized
2025-05-29 21:59:45,584 [INFO] LogOutputStream:77 - [STDOUT_REDIRECT] 
2025-05-29 21:59:47,675 [INFO] LogOutputStream:77 - [STDOUT_REDIRECT] 
2025-05-29 21:59:51,597 [INFO] ApplicationProperties:184 - Using Application install path: C:\ST\STM32CubeIDE_1.18.0\STM32CubeIDE\plugins\com.st.stm32cube.common.mx_6.14.0.202502271554
2025-05-29 21:59:51,630 [INFO] DbMcusXml:78 - Set database path to: C:\ST\STM32CubeIDE_1.18.0\STM32CubeIDE\plugins\com.st.stm32cube.common.mx_6.14.0.202502271554\\db\/mcu/
2025-05-29 21:59:51,631 [INFO] ApiDb:274 - Set plugin database path to: C:\ST\STM32CubeIDE_1.18.0\STM32CubeIDE\plugins\com.st.stm32cube.common.mx_6.14.0.202502271554\\db\/plugins/boardmanager/
2025-05-29 21:59:51,631 [WARN] ApiDb:259 - Overriding images path with different value:  => C:\ST\STM32CubeIDE_1.18.0\STM32CubeIDE\plugins\com.st.stm32cube.common.mx_6.14.0.202502271554\\db\/plugins/mcufinder/images/
2025-05-29 21:59:51,657 [INFO] ApiDb:250 - Set database path to: C:\Users\pwlub\.stmcufinder\plugins\mcufinder//mcu/
2025-05-29 21:59:51,658 [INFO] DbMcusAds:125 - Set database path to: C:\Users\pwlub\.stmcufinder\plugins\mcufinder//mcu/
2025-05-29 21:59:51,663 [INFO] CrossReferenceDbSqlite:203 - Set database path to: C:\Users\pwlub\.stmcufinder\plugins\mcufinder//mcu/cs/
2025-05-29 21:59:51,819 [INFO] RulesReader:64 - Compatibility file has been processed (301 Rules)
2025-05-29 21:59:51,923 [INFO] DbMcusXml:78 - Set database path to: C:\ST\STM32CubeIDE_1.18.0\STM32CubeIDE\plugins\com.st.stm32cube.common.mx_6.14.0.202502271554\\db\/mcu/
2025-05-29 21:59:51,923 [INFO] ApiDb:274 - Set plugin database path to: C:\ST\STM32CubeIDE_1.18.0\STM32CubeIDE\plugins\com.st.stm32cube.common.mx_6.14.0.202502271554\\db\/plugins/boardmanager/
2025-05-29 21:59:51,923 [INFO] ApiDb:261 - Set plugin images path to: C:\ST\STM32CubeIDE_1.18.0\STM32CubeIDE\plugins\com.st.stm32cube.common.mx_6.14.0.202502271554\\db\/plugins/mcufinder/images/
2025-05-29 21:59:51,924 [WARN] DbFile:41 - Overriding database path with different value: C:\Users\pwlub\.stmcufinder\plugins\mcufinder/ => C:\Users\pwlub\.stmcufinder\plugins\mcufinder
2025-05-29 21:59:51,924 [INFO] ApiDb:250 - Set database path to: C:\Users\pwlub\.stmcufinder\plugins\mcufinder//mcu/
2025-05-29 21:59:51,924 [WARN] DbFile:41 - Overriding database path with different value: C:\Users\pwlub\.stmcufinder\plugins\mcufinder/ => C:\Users\pwlub\.stmcufinder\plugins\mcufinder
2025-05-29 21:59:51,924 [INFO] DbMcusAds:125 - Set database path to: C:\Users\pwlub\.stmcufinder\plugins\mcufinder//mcu/
2025-05-29 21:59:51,924 [WARN] DbFile:41 - Overriding database path with different value: C:\Users\pwlub\.stmcufinder\plugins\mcufinder/ => C:\Users\pwlub\.stmcufinder\plugins\mcufinder
2025-05-29 21:59:51,924 [WARN] DbFile:41 - Overriding database path with different value: C:\Users\pwlub\.stmcufinder\plugins\mcufinder/ => C:\Users\pwlub\.stmcufinder\plugins\mcufinder
2025-05-29 21:59:51,924 [INFO] CrossReferenceDbSqlite:203 - Set database path to: C:\Users\pwlub\.stmcufinder\plugins\mcufinder//mcu/cs/
2025-05-29 21:59:52,042 [INFO] MainPanel:272 - HeapMemory: 278921216
2025-05-29 21:59:52,227 [INFO] DbMcusXml:78 - Set database path to: C:\ST\STM32CubeIDE_1.18.0\STM32CubeIDE\plugins\com.st.stm32cube.common.mx_6.14.0.202502271554\\db\/mcu/
2025-05-29 21:59:52,227 [INFO] ApiDb:274 - Set plugin database path to: C:\ST\STM32CubeIDE_1.18.0\STM32CubeIDE\plugins\com.st.stm32cube.common.mx_6.14.0.202502271554\\db\/plugins/boardmanager/
2025-05-29 21:59:52,227 [INFO] ApiDb:261 - Set plugin images path to: C:\ST\STM32CubeIDE_1.18.0\STM32CubeIDE\plugins\com.st.stm32cube.common.mx_6.14.0.202502271554\\db\/plugins/mcufinder/images/
2025-05-29 21:59:52,228 [WARN] DbFile:41 - Overriding database path with different value: C:\Users\pwlub\.stmcufinder\plugins\mcufinder/ => C:\Users\pwlub\.stmcufinder\plugins\mcufinder
2025-05-29 21:59:52,228 [INFO] ApiDb:250 - Set database path to: C:\Users\pwlub\.stmcufinder\plugins\mcufinder//mcu/
2025-05-29 21:59:52,228 [WARN] DbFile:41 - Overriding database path with different value: C:\Users\pwlub\.stmcufinder\plugins\mcufinder/ => C:\Users\pwlub\.stmcufinder\plugins\mcufinder
2025-05-29 21:59:52,228 [INFO] DbMcusAds:125 - Set database path to: C:\Users\pwlub\.stmcufinder\plugins\mcufinder//mcu/
2025-05-29 21:59:52,228 [WARN] DbFile:41 - Overriding database path with different value: C:\Users\pwlub\.stmcufinder\plugins\mcufinder/ => C:\Users\pwlub\.stmcufinder\plugins\mcufinder
2025-05-29 21:59:52,228 [WARN] DbFile:41 - Overriding database path with different value: C:\Users\pwlub\.stmcufinder\plugins\mcufinder/ => C:\Users\pwlub\.stmcufinder\plugins\mcufinder
2025-05-29 21:59:52,228 [INFO] CrossReferenceDbSqlite:203 - Set database path to: C:\Users\pwlub\.stmcufinder\plugins\mcufinder//mcu/cs/
2025-05-29 21:59:52,259 [INFO] ApplicationProperties:184 - Using Application install path: C:\ST\STM32CubeIDE_1.18.0\STM32CubeIDE\plugins\com.st.stm32cube.common.mx_6.14.0.202502271554
2025-05-29 21:59:52,262 [INFO] PluginManage:196 - Search for loadable plugins [exclusion list=, ]
2025-05-29 21:59:52,265 [INFO] PluginManage:310 - Check plugin analytics
2025-05-29 21:59:57,127 [INFO] AnalyticsPlugin:253 - Accepted Software Licenses: STM32CubeMX.6.14.0
2025-05-29 21:59:57,127 [INFO] AnalyticsPlugin:255 - Accepted CMSIS Pack Licenses: 
2025-05-29 21:59:57,128 [INFO] AnalyticsPlugin:257 - Accepted Firmware Licenses: FW.G4.1.5.0,FW.G4.1.6.0
2025-05-29 21:59:57,132 [INFO] PluginManage:359 - Loaded plugin analytics (category:tool,tabindex:-1)
2025-05-29 21:59:57,133 [INFO] PluginManage:310 - Check plugin cadmodel
2025-05-29 21:59:57,143 [INFO] CADModel:105 - Init CAD model plugin
2025-05-29 21:59:57,144 [INFO] PluginManage:359 - Loaded plugin cadmodel (category:power,tabindex:5)
2025-05-29 21:59:57,144 [INFO] PluginManage:310 - Check plugin clock
2025-05-29 21:59:57,158 [INFO] PluginManage:359 - Loaded plugin clock (category:base,tabindex:2)
2025-05-29 21:59:57,158 [INFO] PluginManage:310 - Check plugin ddr
2025-05-29 21:59:57,162 [INFO] PluginManage:359 - Loaded plugin ddr (category:tool,tabindex:6)
2025-05-29 21:59:57,162 [INFO] PluginManage:310 - Check plugin filemanager
2025-05-29 21:59:57,352 [INFO] PluginManage:359 - Loaded plugin filemanager (category:base,tabindex:10)
2025-05-29 21:59:57,352 [INFO] PluginManage:310 - Check plugin ipmanager
2025-05-29 21:59:57,364 [INFO] PluginManage:359 - Loaded plugin ipmanager (category:base,tabindex:5)
2025-05-29 21:59:57,365 [INFO] PluginManage:310 - Check plugin lpbam
2025-05-29 21:59:57,379 [INFO] PluginManage:359 - Loaded plugin lpbam (category:base,tabindex:0)
2025-05-29 21:59:57,379 [INFO] PluginManage:310 - Check plugin memorymap
2025-05-29 21:59:57,410 [INFO] PluginManage:359 - Loaded plugin memorymap (category:base,tabindex:4)
2025-05-29 21:59:57,410 [INFO] PluginManage:310 - Check plugin pinoutandconfiguration
2025-05-29 21:59:57,431 [INFO] PluginManage:359 - Loaded plugin pinoutandconfiguration (category:base,tabindex:1)
2025-05-29 21:59:57,431 [INFO] PluginManage:310 - Check plugin pinoutconfig
2025-05-29 21:59:57,584 [WARN] SupportedApi:132 - Cannot load RTOS API schema: s4s-elt-must-match.1: The content of 'definitions' must match (annotation?, (simpleType | complexType)?, (unique | key | keyref)*)). A problem was found starting at: attribute.
2025-05-29 21:59:57,822 [INFO] PluginManage:359 - Loaded plugin pinoutconfig (category:base,tabindex:0)
2025-05-29 21:59:57,823 [INFO] PluginManage:310 - Check plugin power
2025-05-29 21:59:57,839 [INFO] PluginManage:359 - Loaded plugin power (category:power,tabindex:4)
2025-05-29 21:59:57,840 [INFO] PluginManage:310 - Check plugin projectmanager
2025-05-29 21:59:57,866 [INFO] PluginManage:359 - Loaded plugin projectmanager (category:projectmanager,tabindex:4)
2025-05-29 21:59:57,866 [INFO] PluginManage:310 - Check plugin rif
2025-05-29 21:59:57,880 [INFO] PluginManage:359 - Loaded plugin rif (category:base,tabindex:3)
2025-05-29 21:59:57,881 [INFO] PluginManage:310 - Check plugin thirdparty
2025-05-29 21:59:58,141 [INFO] PluginManage:359 - Loaded plugin thirdparty (category:base,tabindex:-1)
2025-05-29 21:59:58,142 [INFO] PluginManage:310 - Check plugin tools
2025-05-29 21:59:58,141 [WARN] IntegrityCheckThread:84 - waiting for thirdparty lock release [integrity check]
2025-05-29 21:59:58,143 [INFO] IntegrityCheckThread:86 - entering critical section [integrity check]
2025-05-29 21:59:58,146 [INFO] ThirdPartyUpdaterWithRetryManager:70 - Updater plugin not ready yet. [1/15]
2025-05-29 21:59:58,148 [INFO] PluginManage:359 - Loaded plugin tools (category:base,tabindex:7)
2025-05-29 21:59:58,148 [INFO] PluginManage:310 - Check plugin tutovideos
2025-05-29 21:59:58,415 [INFO] PluginManage:359 - Loaded plugin tutovideos (category:base,tabindex:-1)
2025-05-29 21:59:58,415 [INFO] PluginManage:310 - Check plugin updater
2025-05-29 21:59:58,455 [INFO] PluginManage:359 - Loaded plugin updater (category:base,tabindex:12)
2025-05-29 21:59:58,455 [INFO] PluginManage:310 - Check plugin userauth
2025-05-29 21:59:58,463 [INFO] UserAuth:118 - Init User Auth plugin
2025-05-29 21:59:58,465 [INFO] PluginManage:359 - Loaded plugin userauth (category:base,tabindex:14)
2025-05-29 21:59:58,466 [INFO] PluginManage:283 - PluginManage : Loaded plugins [18]
2025-05-29 21:59:58,888 [INFO] PinOutPanel:1589 - setPackage(No Configuration,No Configuration)
2025-05-29 21:59:59,001 [INFO] CADModel:165 - CPN selected for project level
2025-05-29 21:59:59,002 [INFO] CADModel:114 - Register for checkConnection events
2025-05-29 21:59:59,026 [INFO] IPUIPlugin:80 - create IPUIPlugin
2025-05-29 21:59:59,027 [INFO] PluginManager:220 - loadIPPluginJar : add adc
2025-05-29 21:59:59,032 [INFO] IPUIPlugin:80 - create IPUIPlugin
2025-05-29 21:59:59,033 [INFO] PluginManager:220 - loadIPPluginJar : add aes
2025-05-29 21:59:59,037 [INFO] IPUIPlugin:80 - create IPUIPlugin
2025-05-29 21:59:59,037 [INFO] PluginManager:220 - loadIPPluginJar : add can
2025-05-29 21:59:59,041 [INFO] IPUIPlugin:80 - create IPUIPlugin
2025-05-29 21:59:59,041 [INFO] PluginManager:220 - loadIPPluginJar : add comp
2025-05-29 21:59:59,045 [INFO] IPUIPlugin:80 - create IPUIPlugin
2025-05-29 21:59:59,045 [INFO] PluginManager:220 - loadIPPluginJar : add cryp
2025-05-29 21:59:59,052 [INFO] IPUIPlugin:80 - create IPUIPlugin
2025-05-29 21:59:59,052 [INFO] PluginManager:220 - loadIPPluginJar : add ddr_ctrl_phy
2025-05-29 21:59:59,056 [INFO] IPUIPlugin:80 - create IPUIPlugin
2025-05-29 21:59:59,056 [INFO] PluginManager:220 - loadIPPluginJar : add dfsdm
2025-05-29 21:59:59,062 [INFO] IPUIPlugin:80 - create IPUIPlugin
2025-05-29 21:59:59,063 [INFO] PluginManager:220 - loadIPPluginJar : add dma
2025-05-29 21:59:59,068 [INFO] IPUIPlugin:80 - create IPUIPlugin
2025-05-29 21:59:59,068 [INFO] PluginManager:220 - loadIPPluginJar : add dma3
2025-05-29 21:59:59,073 [INFO] IPUIPlugin:80 - create IPUIPlugin
2025-05-29 21:59:59,073 [INFO] PluginManager:220 - loadIPPluginJar : add extmemmanager
2025-05-29 21:59:59,076 [INFO] IPUIPlugin:80 - create IPUIPlugin
2025-05-29 21:59:59,076 [INFO] PluginManager:220 - loadIPPluginJar : add fatfs
2025-05-29 21:59:59,082 [INFO] IPUIPlugin:80 - create IPUIPlugin
2025-05-29 21:59:59,082 [INFO] PluginManager:220 - loadIPPluginJar : add fmc
2025-05-29 21:59:59,091 [INFO] IPUIPlugin:80 - create IPUIPlugin
2025-05-29 21:59:59,091 [INFO] PluginManager:220 - loadIPPluginJar : add freertos
2025-05-29 21:59:59,093 [INFO] IPUIPlugin:80 - create IPUIPlugin
2025-05-29 21:59:59,094 [INFO] PluginManager:220 - loadIPPluginJar : add genericplugin
2025-05-29 21:59:59,097 [INFO] IPUIPlugin:80 - create IPUIPlugin
2025-05-29 21:59:59,098 [INFO] PluginManager:220 - loadIPPluginJar : add gfxmmu
2025-05-29 21:59:59,103 [INFO] IPUIPlugin:80 - create IPUIPlugin
2025-05-29 21:59:59,103 [INFO] PluginManager:220 - loadIPPluginJar : add gic
2025-05-29 21:59:59,109 [INFO] IPUIPlugin:80 - create IPUIPlugin
2025-05-29 21:59:59,109 [INFO] PluginManager:220 - loadIPPluginJar : add gpio
2025-05-29 21:59:59,115 [INFO] IPUIPlugin:80 - create IPUIPlugin
2025-05-29 21:59:59,115 [INFO] PluginManager:220 - loadIPPluginJar : add gtzc
2025-05-29 21:59:59,120 [INFO] IPUIPlugin:80 - create IPUIPlugin
2025-05-29 21:59:59,120 [INFO] PluginManager:220 - loadIPPluginJar : add hash
2025-05-29 21:59:59,125 [INFO] IPUIPlugin:80 - create IPUIPlugin
2025-05-29 21:59:59,125 [INFO] PluginManager:220 - loadIPPluginJar : add i2c
2025-05-29 21:59:59,130 [INFO] IPUIPlugin:80 - create IPUIPlugin
2025-05-29 21:59:59,130 [INFO] PluginManager:220 - loadIPPluginJar : add i2s
2025-05-29 21:59:59,135 [INFO] IPUIPlugin:80 - create IPUIPlugin
2025-05-29 21:59:59,135 [INFO] PluginManager:220 - loadIPPluginJar : add i3c
2025-05-29 21:59:59,139 [INFO] IPUIPlugin:80 - create IPUIPlugin
2025-05-29 21:59:59,139 [INFO] PluginManager:220 - loadIPPluginJar : add ipddr
2025-05-29 21:59:59,150 [INFO] IPUIPlugin:80 - create IPUIPlugin
2025-05-29 21:59:59,150 [INFO] PluginManager:220 - loadIPPluginJar : add linkedlist
2025-05-29 21:59:59,155 [INFO] IPUIPlugin:80 - create IPUIPlugin
2025-05-29 21:59:59,155 [INFO] PluginManager:220 - loadIPPluginJar : add lorawan
2025-05-29 21:59:59,158 [INFO] IPUIPlugin:80 - create IPUIPlugin
2025-05-29 21:59:59,158 [INFO] PluginManager:220 - loadIPPluginJar : add ltdc
2025-05-29 21:59:59,165 [INFO] IPUIPlugin:80 - create IPUIPlugin
2025-05-29 21:59:59,165 [INFO] PluginManager:220 - loadIPPluginJar : add mdma
2025-05-29 21:59:59,169 [INFO] IPUIPlugin:80 - create IPUIPlugin
2025-05-29 21:59:59,169 [INFO] PluginManager:220 - loadIPPluginJar : add nvic
2025-05-29 21:59:59,173 [INFO] IPUIPlugin:80 - create IPUIPlugin
2025-05-29 21:59:59,173 [INFO] PluginManager:220 - loadIPPluginJar : add opamp
2025-05-29 21:59:59,178 [INFO] IPUIPlugin:80 - create IPUIPlugin
2025-05-29 21:59:59,178 [INFO] PluginManager:220 - loadIPPluginJar : add openamp
2025-05-29 21:59:59,183 [INFO] IPUIPlugin:80 - create IPUIPlugin
2025-05-29 21:59:59,183 [INFO] PluginManager:220 - loadIPPluginJar : add pdm2pcm
2025-05-29 21:59:59,192 [INFO] IPUIPlugin:80 - create IPUIPlugin
2025-05-29 21:59:59,198 [INFO] PluginManager:220 - loadIPPluginJar : add plateformsettings
2025-05-29 21:59:59,201 [INFO] IPUIPlugin:80 - create IPUIPlugin
2025-05-29 21:59:59,201 [INFO] PluginManager:220 - loadIPPluginJar : add quadspi
2025-05-29 21:59:59,204 [INFO] IPUIPlugin:80 - create IPUIPlugin
2025-05-29 21:59:59,205 [INFO] PluginManager:220 - loadIPPluginJar : add radio
2025-05-29 21:59:59,212 [INFO] IPUIPlugin:80 - create IPUIPlugin
2025-05-29 21:59:59,212 [INFO] PluginManager:220 - loadIPPluginJar : add resmgrutility
2025-05-29 21:59:59,217 [INFO] IPUIPlugin:80 - create IPUIPlugin
2025-05-29 21:59:59,217 [INFO] PluginManager:220 - loadIPPluginJar : add sai
2025-05-29 21:59:59,220 [INFO] IPUIPlugin:80 - create IPUIPlugin
2025-05-29 21:59:59,221 [INFO] PluginManager:220 - loadIPPluginJar : add spi
2025-05-29 21:59:59,228 [INFO] IPUIPlugin:80 - create IPUIPlugin
2025-05-29 21:59:59,229 [INFO] PluginManager:220 - loadIPPluginJar : add stm32_wpan
2025-05-29 21:59:59,233 [INFO] IPUIPlugin:80 - create IPUIPlugin
2025-05-29 21:59:59,233 [INFO] PluginManager:220 - loadIPPluginJar : add tim
2025-05-29 21:59:59,238 [INFO] IPUIPlugin:80 - create IPUIPlugin
2025-05-29 21:59:59,238 [INFO] PluginManager:220 - loadIPPluginJar : add touchsensing
2025-05-29 21:59:59,241 [INFO] IPUIPlugin:80 - create IPUIPlugin
2025-05-29 21:59:59,241 [INFO] PluginManager:220 - loadIPPluginJar : add tracer_emb
2025-05-29 21:59:59,244 [INFO] IPUIPlugin:80 - create IPUIPlugin
2025-05-29 21:59:59,244 [INFO] PluginManager:220 - loadIPPluginJar : add ts
2025-05-29 21:59:59,247 [INFO] IPUIPlugin:80 - create IPUIPlugin
2025-05-29 21:59:59,247 [INFO] PluginManager:220 - loadIPPluginJar : add tsc
2025-05-29 21:59:59,250 [INFO] IPUIPlugin:80 - create IPUIPlugin
2025-05-29 21:59:59,250 [INFO] PluginManager:220 - loadIPPluginJar : add ucpd
2025-05-29 21:59:59,254 [INFO] IPUIPlugin:80 - create IPUIPlugin
2025-05-29 21:59:59,254 [INFO] PluginManager:220 - loadIPPluginJar : add usart
2025-05-29 21:59:59,259 [INFO] IPUIPlugin:80 - create IPUIPlugin
2025-05-29 21:59:59,259 [INFO] PluginManager:220 - loadIPPluginJar : add usbx
2025-05-29 21:59:59,444 [FATAL] Updater:351 - Updater called before beeing initialized
2025-05-29 21:59:59,486 [INFO] RulesReader:64 - Compatibility file has been processed (301 Rules)
2025-05-29 21:59:59,501 [INFO] RulesReader:64 - Compatibility file has been processed (301 Rules)
2025-05-29 21:59:59,511 [INFO] CADModel:165 - CPN selected for project level
2025-05-29 21:59:59,511 [INFO] CADModel:114 - Register for checkConnection events
2025-05-29 21:59:59,511 [FATAL] Updater:351 - Updater called before beeing initialized
2025-05-29 21:59:59,511 [ERROR] CADModel:125 - Updater not yet initialized, retry later 
2025-05-29 21:59:59,722 [FATAL] Updater:351 - Updater called before beeing initialized
2025-05-29 21:59:59,724 [INFO] CADModel:165 - CPN selected for project level
2025-05-29 21:59:59,725 [INFO] CADModel:114 - Register for checkConnection events
2025-05-29 21:59:59,725 [FATAL] Updater:351 - Updater called before beeing initialized
2025-05-29 21:59:59,725 [ERROR] CADModel:125 - Updater not yet initialized, retry later 
2025-05-29 21:59:59,728 [FATAL] Updater:351 - Updater called before beeing initialized
2025-05-29 21:59:59,922 [FATAL] Updater:351 - Updater called before beeing initialized
2025-05-29 21:59:59,937 [INFO] DbMcusAds:53 - JSON generation date=Thu Mar 06 15:54:21 CET 2025 (1741272861825)
2025-05-29 21:59:59,937 [FATAL] Updater:351 - Updater called before beeing initialized
2025-05-29 21:59:59,992 [WARN] DetailPanel:346 - Failed to get advertising image, set to default
2025-05-29 22:00:00,335 [FATAL] Updater:351 - Updater called before beeing initialized
2025-05-29 22:00:00,337 [FATAL] Updater:351 - Updater called before beeing initialized
2025-05-29 22:00:00,337 [FATAL] Updater:351 - Updater called before beeing initialized
2025-05-29 22:00:00,337 [WARN] DetailPanel:346 - Failed to get advertising image, set to default
2025-05-29 22:00:00,338 [FATAL] Updater:351 - Updater called before beeing initialized
2025-05-29 22:00:00,410 [ERROR] Updater:1198 - MainUpdater not yet initialized. External WinMGr cannot be set.
2025-05-29 22:00:00,413 [INFO] Updater:1134 - Updater Version found : 6.14.0
2025-05-29 22:00:00,437 [INFO] ApplicationProperties:184 - Using Application install path: C:\ST\STM32CubeIDE_1.18.0\STM32CubeIDE\plugins\com.st.stm32cube.common.mx_6.14.0.202502271554
2025-05-29 22:00:01,149 [INFO] ThirdPartyUpdaterWithRetryManager:70 - Updater plugin not ready yet. [2/15]
2025-05-29 22:00:02,042 [ERROR] LogOutputStream:75 - [STDERR_REDIRECT] May 29, 2025 10:00:02 PM java.util.prefs.WindowsPreferences <init>
2025-05-29 22:00:02,048 [ERROR] LogOutputStream:75 - [STDERR_REDIRECT] WARNING: Could not open/create prefs root node Software\JavaSoft\Prefs at root 0xffffffff80000002. Windows RegCreateKeyEx(...) returned error code 5.
2025-05-29 22:00:02,049 [ERROR] LogOutputStream:75 - [STDERR_REDIRECT] 
2025-05-29 22:00:02,703 [INFO] MainUpdater:2872 - connection check result : 10
2025-05-29 22:00:02,705 [INFO] MainUpdater:289 - Updater Check For Update Now.
2025-05-29 22:00:02,705 [INFO] MicroXplorer:498 - Change Database Version : DB.6.0.140
2025-05-29 22:00:02,723 [INFO] McuFinderGlobals:63 - Set McuFinder mode to 2 (CubeIDE integrated)
2025-05-29 22:00:02,740 [INFO] UserAuth:486 - Internet connection configuration mode: 1
2025-05-29 22:00:02,804 [INFO] JxBrowserEngine:152 - Initiate JxBrowser Engine with user profile folder
2025-05-29 22:00:03,082 [INFO] CheckServerUpdateThread:120 - End of CheckServer Thread
2025-05-29 22:00:04,819 [WARN] PackLoader:240 - Cannot read IP mode file for STMicroelectronics.FP-SNS-MOTENVWB1.1.4.0
2025-05-29 22:00:05,002 [WARN] PackLoader:240 - Cannot read IP mode file for STMicroelectronics.FP-ATR-ASTRA1.2.0.2
2025-05-29 22:00:05,045 [WARN] PackLoader:240 - Cannot read IP mode file for STMicroelectronics.X-CUBE-SMBUS.2.1.0
2025-05-29 22:00:05,081 [WARN] PackLoader:240 - Cannot read IP mode file for STMicroelectronics.X-CUBE-WB05N.1.1.0
2025-05-29 22:00:05,110 [WARN] PackLoader:240 - Cannot read IP mode file for STMicroelectronics.X-CUBE-ST60.1.0.0
2025-05-29 22:00:05,223 [INFO] WebApp:169 - Instantiating new browser for Auth
2025-05-29 22:00:05,227 [WARN] PackLoader:240 - Cannot read IP mode file for STMicroelectronics.X-CUBE-AZRTOS-F7.1.1.0
2025-05-29 22:00:05,307 [WARN] PackLoader:240 - Cannot read IP mode file for Infineon.AIROC-Wi-Fi-Bluetooth-STM32.1.7.0
2025-05-29 22:00:05,353 [WARN] PackLoader:240 - Cannot read IP mode file for STMicroelectronics.X-CUBE-DISPLAY.3.0.0
2025-05-29 22:00:05,418 [WARN] PackLoader:240 - Cannot read IP mode file for STMicroelectronics.X-CUBE-NFC10.1.0.0
2025-05-29 22:00:05,469 [WARN] PackLoader:240 - Cannot read IP mode file for STMicroelectronics.X-CUBE-BLEMGR.4.0.0
2025-05-29 22:00:05,518 [WARN] PackLoader:240 - Cannot read IP mode file for emotas.I-CUBE-CANOPEN.1.3.0
2025-05-29 22:00:05,547 [WARN] ConditionMgr:438 - getConditionDescription Invalid condition id : Cortex-A Device cause : null
2025-05-29 22:00:05,592 [WARN] ConditionMgr:1044 - genDependencies : Invalid condition id : Cortex-A Device cause : null
2025-05-29 22:00:05,592 [WARN] ConditionMgr:1044 - genDependencies : Invalid condition id : Cortex-A Device cause : null
2025-05-29 22:00:05,593 [WARN] ConditionMgr:1044 - genDependencies : Invalid condition id : Cortex-A Device cause : null
2025-05-29 22:00:05,618 [WARN] PackLoader:240 - Cannot read IP mode file for STMicroelectronics.X-CUBE-AI.10.0.0
2025-05-29 22:00:05,643 [WARN] PackLoader:240 - Cannot read IP mode file for STMicroelectronics.FP-SNS-SMARTAG2.1.2.0
2025-05-29 22:00:05,668 [WARN] PackLoader:240 - Cannot read IP mode file for STMicroelectronics.FP-SNS-FLIGHT1.5.1.0
2025-05-29 22:00:05,863 [WARN] PackLoader:240 - Cannot read IP mode file for STMicroelectronics.X-CUBE-MEMS1.11.1.0
2025-05-29 22:00:06,250 [INFO] LogOutputStream:77 - [STDOUT_REDIRECT] 1 : Invalid condition id : UX_CORESTACK_Condition cause : null
2025-05-29 22:00:06,252 [INFO] LogOutputStream:77 - [STDOUT_REDIRECT] 1 : Invalid condition id : UX_CORESTACK_Condition cause : null
2025-05-29 22:00:06,255 [INFO] LogOutputStream:77 - [STDOUT_REDIRECT] 1 : Invalid condition id : UX_CORESTACK_Condition cause : null
2025-05-29 22:00:06,257 [INFO] LogOutputStream:77 - [STDOUT_REDIRECT] 1 : Invalid condition id : UX_CORESTACK_Condition cause : null
2025-05-29 22:00:06,259 [INFO] LogOutputStream:77 - [STDOUT_REDIRECT] 1 : Invalid condition id : UX_CORESTACK_Condition cause : null
2025-05-29 22:00:06,265 [WARN] PackLoader:240 - Cannot read IP mode file for STMicroelectronics.X-CUBE-AZRTOS-WL.2.0.0
2025-05-29 22:00:06,291 [WARN] PackLoader:240 - Cannot read IP mode file for STMicroelectronics.FP-SNS-MOTENV1.5.0.0
2025-05-29 22:00:06,323 [WARN] PackLoader:240 - Cannot read IP mode file for WES.I-CUBE-Cesium.1.3.0
2025-05-29 22:00:06,347 [WARN] PackLoader:240 - Cannot read IP mode file for STMicroelectronics.X-CUBE-BLE2.3.3.0
2025-05-29 22:00:06,383 [WARN] PackLoader:240 - Cannot read IP mode file for STMicroelectronics.X-CUBE-NFC9.1.0.0
2025-05-29 22:00:06,415 [WARN] PackLoader:240 - Cannot read IP mode file for STMicroelectronics.X-CUBE-BLE1.7.1.0
2025-05-29 22:00:06,669 [WARN] PackLoader:240 - Cannot read IP mode file for STMicroelectronics.X-CUBE-MEMS1.11.2.0
2025-05-29 22:00:07,078 [WARN] PackLoader:240 - Cannot read IP mode file for STMicroelectronics.X-CUBE-AZRTOS-G0.1.1.0
2025-05-29 22:00:07,110 [WARN] PackLoader:240 - Cannot read IP mode file for STMicroelectronics.X-CUBE-SAFEA1.1.2.2
2025-05-29 22:00:07,139 [WARN] PackLoader:240 - Cannot read IP mode file for STMicroelectronics.X-CUBE-NFC4.3.0.0
2025-05-29 22:00:07,215 [WARN] PackLoader:240 - Cannot read IP mode file for EmbeddedOffice.I-CUBE-FS-RTOS.1.0.1
2025-05-29 22:00:07,257 [WARN] PackLoader:240 - Cannot read IP mode file for STMicroelectronics.X-CUBE-WB05N.2.0.0
2025-05-29 22:00:07,287 [WARN] PackLoader:240 - Cannot read IP mode file for wolfSSL.I-CUBE-wolfTPM.3.8.0
2025-05-29 22:00:07,320 [WARN] PackLoader:240 - Cannot read IP mode file for STMicroelectronics.X-CUBE-TCPP.4.2.0
2025-05-29 22:00:07,351 [WARN] PackLoader:240 - Cannot read IP mode file for RealThread.X-CUBE-RT-Thread_Nano.4.1.1
2025-05-29 22:00:07,375 [WARN] PackLoader:240 - Cannot read IP mode file for STMicroelectronics.FP-ATR-SIGFOX1.3.2.0
2025-05-29 22:00:07,402 [WARN] PackLoader:240 - Cannot read IP mode file for STMicroelectronics.X-CUBE-EEPRMA1.5.1.0
2025-05-29 22:00:07,434 [WARN] PackLoader:240 - Cannot read IP mode file for ITTIA_DB.I-CUBE-ITTIADB.8.9.0
2025-05-29 22:00:07,524 [WARN] PackLoader:240 - Cannot read IP mode file for SEGGER.I-CUBE-embOS.1.3.1
2025-05-29 22:00:07,613 [WARN] PackLoader:240 - Cannot read IP mode file for STMicroelectronics.X-CUBE-ALGOBUILD.1.4.0
2025-05-29 22:00:07,670 [WARN] PackLoader:240 - Cannot read IP mode file for STMicroelectronics.X-CUBE-AZRTOS-F4.1.1.0
2025-05-29 22:00:07,710 [WARN] PackLoader:240 - Cannot read IP mode file for Avnet-IotConnect.X-CUBE-IoTC-DA16k-PMOD.1.0.0
2025-05-29 22:00:07,732 [WARN] PackLoader:240 - Cannot read IP mode file for STMicroelectronics.X-CUBE-ISPU.2.1.0
2025-05-29 22:00:07,787 [WARN] PackLoader:240 - Cannot read IP mode file for STMicroelectronics.X-CUBE-AZRTOS-L5.2.0.0
2025-05-29 22:00:07,826 [WARN] PackLoader:240 - Cannot read IP mode file for STMicroelectronics.X-CUBE-NFC6.3.1.0
2025-05-29 22:00:07,857 [WARN] PackLoader:240 - Cannot read IP mode file for STMicroelectronics.X-CUBE-DPower.1.2.0
2025-05-29 22:00:07,889 [WARN] PackLoader:240 - Cannot read IP mode file for STMicroelectronics.X-CUBE-FREERTOS.1.3.1
2025-05-29 22:00:07,957 [WARN] PackLoader:240 - Cannot read IP mode file for STMicroelectronics.X-CUBE-FREERTOS.1.3.0
2025-05-29 22:00:07,992 [WARN] PackLoader:240 - Cannot read IP mode file for STMicroelectronics.X-CUBE-NFC7.1.0.1
2025-05-29 22:00:08,073 [WARN] ConditionMgr:438 - getConditionDescription Invalid condition id : LAN8742 Phy interface Condition cause : null
2025-05-29 22:00:08,075 [WARN] PackLoader:240 - Cannot read IP mode file for STMicroelectronics.X-CUBE-AZRTOS-L4.2.0.0
2025-05-29 22:00:08,077 [WARN] ConditionMgr:1044 - genDependencies : Invalid condition id : LAN8742 Phy interface Condition cause : null
2025-05-29 22:00:08,077 [WARN] ConditionMgr:1044 - genDependencies : Invalid condition id : LAN8742 Phy interface Condition cause : null
2025-05-29 22:00:08,078 [WARN] ConditionMgr:1044 - genDependencies : Invalid condition id : LAN8742 Phy interface Condition cause : null
2025-05-29 22:00:08,116 [WARN] PackLoader:240 - Cannot read IP mode file for STMicroelectronics.X-CUBE-SFXS2LP1.4.0.0
2025-05-29 22:00:08,179 [WARN] PackLoader:240 - Cannot read IP mode file for STMicroelectronics.X-CUBE-AZRTOS-H7.3.3.0
2025-05-29 22:00:08,235 [WARN] ConditionMgr:438 - getConditionDescription Invalid condition id : UX DEVICE CLASS RTOS Condition cause : null
2025-05-29 22:00:08,235 [WARN] ConditionMgr:438 - getConditionDescription Invalid condition id : UX DEVICE CLASS RTOS Condition cause : null
2025-05-29 22:00:08,247 [WARN] PackLoader:240 - Cannot read IP mode file for STMicroelectronics.X-CUBE-AZRTOS-WB.2.0.0
2025-05-29 22:00:08,248 [WARN] ConditionMgr:1044 - genDependencies : Invalid condition id : UX DEVICE CLASS RTOS Condition cause : null
2025-05-29 22:00:08,248 [WARN] ConditionMgr:1044 - genDependencies : Invalid condition id : UX DEVICE CLASS RTOS Condition cause : null
2025-05-29 22:00:08,249 [WARN] ConditionMgr:1044 - genDependencies : Invalid condition id : UX DEVICE CLASS RTOS Condition cause : null
2025-05-29 22:00:08,249 [WARN] ConditionMgr:1044 - genDependencies : Invalid condition id : UX DEVICE CLASS RTOS Condition cause : null
2025-05-29 22:00:08,250 [WARN] ConditionMgr:1044 - genDependencies : Invalid condition id : UX DEVICE CLASS RTOS Condition cause : null
2025-05-29 22:00:08,282 [WARN] PackLoader:240 - Cannot read IP mode file for STMicroelectronics.X-CUBE-GNSS1.7.0.1
2025-05-29 22:00:08,309 [WARN] PackLoader:240 - Cannot read IP mode file for STMicroelectronics.X-CUBE-TOUCHGFX.4.25.0
2025-05-29 22:00:08,341 [WARN] PackLoader:240 - Cannot read IP mode file for STMicroelectronics.FP-SNS-STBOX1.2.0.0
2025-05-29 22:00:08,383 [WARN] PackLoader:240 - Cannot read IP mode file for STMicroelectronics.X-CUBE-SUBG2.5.0.0
2025-05-29 22:00:08,452 [WARN] PackLoader:240 - Cannot read IP mode file for Cesanta.I-CUBE-Mongoose.7.13.0
2025-05-29 22:00:08,506 [WARN] PackLoader:240 - Cannot read IP mode file for STMicroelectronics.X-CUBE-AZRTOS-G4.2.0.0
2025-05-29 22:00:08,534 [WARN] PackLoader:240 - Cannot read IP mode file for wolfSSL.I-CUBE-wolfSSH.1.4.20
2025-05-29 22:00:08,584 [WARN] PackLoader:240 - Cannot read IP mode file for STMicroelectronics.X-CUBE-NFC7.2.0.0
2025-05-29 22:00:08,637 [WARN] PackLoader:240 - Cannot read IP mode file for STMicroelectronics.X-CUBE-IPS.3.1.0
2025-05-29 22:00:08,679 [WARN] PackLoader:240 - Cannot read IP mode file for STMicroelectronics.X-CUBE-ALS.1.0.2
2025-05-29 22:00:08,711 [WARN] PackLoader:240 - Cannot read IP mode file for portGmbH.I-Cube-SoM-uGOAL.1.1.0
2025-05-29 22:00:08,766 [WARN] PackLoader:240 - Cannot read IP mode file for STMicroelectronics.X-CUBE-AZRTOS-H7RS.1.0.0
2025-05-29 22:00:08,806 [WARN] PackLoader:240 - Cannot read IP mode file for STMicroelectronics.X-CUBE-TOF1.3.4.2
2025-05-29 22:00:08,876 [WARN] PackLoader:240 - Cannot read IP mode file for STMicroelectronics.X-CUBE-TOF1.3.4.3
2025-05-29 22:00:08,892 [INFO] ThirdParty:978 - Integrity check success = true
2025-05-29 22:00:08,892 [INFO] IntegrityCheckThread:100 - exiting critical section [integrity check]
2025-05-29 22:00:08,892 [INFO] IntegrityCheckThread:103 - End integrity checks thread
2025-05-29 22:00:09,712 [INFO] WebApp:463 - Apply proxy settings
2025-05-29 22:00:09,713 [INFO] WebApp:548 - Chromium requires no authentication
2025-05-29 22:00:09,732 [INFO] WebApp:491 - Direct internet connection detected
2025-05-29 22:00:09,780 [INFO] WebApp:894 - Register for checkConnection events
2025-05-29 22:00:09,780 [INFO] WebApp:463 - Apply proxy settings
2025-05-29 22:00:09,780 [INFO] WebApp:548 - Chromium requires no authentication
2025-05-29 22:00:09,781 [INFO] WebApp:491 - Direct internet connection detected
2025-05-29 22:00:10,135 [INFO] WebApp:225 - Starting web application
2025-05-29 22:00:10,135 [INFO] WebApp:593 - Web application path used C:\ST\STM32CubeIDE_1.18.0\STM32CubeIDE\plugins\com.st.stm32cube.common.mx_6.14.0.202502271554\db\plugins\mcufinder\reactClient1\index.html
2025-05-29 22:00:10,287 [INFO] UserAuth:486 - Internet connection configuration mode: 1
2025-05-29 22:00:11,047 [ERROR] LogOutputStream:75 - [STDERR_REDIRECT] May 29, 2025 10:00:11 PM org.glassfish.grizzly.http.server.NetworkListener start
2025-05-29 22:00:11,049 [ERROR] LogOutputStream:75 - [STDERR_REDIRECT] INFO: Started listener bound to [localhost:16721]
2025-05-29 22:00:11,050 [ERROR] LogOutputStream:75 - [STDERR_REDIRECT] 
2025-05-29 22:00:11,053 [ERROR] LogOutputStream:75 - [STDERR_REDIRECT] May 29, 2025 10:00:11 PM org.glassfish.grizzly.http.server.HttpServer start
2025-05-29 22:00:11,054 [ERROR] LogOutputStream:75 - [STDERR_REDIRECT] INFO: [HttpServer] Started.
2025-05-29 22:00:11,054 [ERROR] LogOutputStream:75 - [STDERR_REDIRECT] 
2025-05-29 22:00:11,217 [INFO] WebApp:191 - Connection restablished
2025-05-29 22:22:21,907 [INFO] WebApp:194 - Connection lost
2025-05-29 23:51:00,607 [ERROR] ConfigurationRetriever:142 - IOException on connection: sw-center.st.com
2025-05-29 23:51:00,626 [ERROR] ConfigurationRetriever:142 - IOException on connection: sw-center.st.com
2025-05-29 23:51:00,639 [ERROR] ConfigurationRetriever:142 - IOException on connection: sw-center.st.com
