2025-05-27 13:53:50,409 [INFO] Activator:176 - 


2025-05-27 13:53:50,416 [INFO] Activator:177 - !SESSION log4j initialized
2025-05-27 13:54:01,295 [INFO] LogOutputStream:77 - [STDOUT_REDIRECT] 
2025-05-27 13:54:03,880 [INFO] LogOutputStream:77 - [STDOUT_REDIRECT] 
2025-05-27 13:54:07,796 [INFO] ApplicationProperties:184 - Using Application install path: C:\ST\STM32CubeIDE_1.18.0\STM32CubeIDE\plugins\com.st.stm32cube.common.mx_6.14.0.202502271554
2025-05-27 13:54:07,828 [INFO] DbMcusXml:78 - Set database path to: C:\ST\STM32CubeIDE_1.18.0\STM32CubeIDE\plugins\com.st.stm32cube.common.mx_6.14.0.202502271554\\db\/mcu/
2025-05-27 13:54:07,829 [INFO] ApiDb:274 - Set plugin database path to: C:\ST\STM32CubeIDE_1.18.0\STM32CubeIDE\plugins\com.st.stm32cube.common.mx_6.14.0.202502271554\\db\/plugins/boardmanager/
2025-05-27 13:54:07,829 [WARN] ApiDb:259 - Overriding images path with different value:  => C:\ST\STM32CubeIDE_1.18.0\STM32CubeIDE\plugins\com.st.stm32cube.common.mx_6.14.0.202502271554\\db\/plugins/mcufinder/images/
2025-05-27 13:54:07,853 [INFO] ApiDb:250 - Set database path to: C:\Users\pwlub\.stmcufinder\plugins\mcufinder//mcu/
2025-05-27 13:54:07,855 [INFO] DbMcusAds:125 - Set database path to: C:\Users\pwlub\.stmcufinder\plugins\mcufinder//mcu/
2025-05-27 13:54:07,860 [INFO] CrossReferenceDbSqlite:203 - Set database path to: C:\Users\pwlub\.stmcufinder\plugins\mcufinder//mcu/cs/
2025-05-27 13:54:08,096 [INFO] RulesReader:64 - Compatibility file has been processed (301 Rules)
2025-05-27 13:54:08,177 [INFO] McuFinderGlobals:63 - Set McuFinder mode to 2 (CubeIDE integrated)
2025-05-27 13:54:08,219 [INFO] DbMcusXml:78 - Set database path to: C:\ST\STM32CubeIDE_1.18.0\STM32CubeIDE\plugins\com.st.stm32cube.common.mx_6.14.0.202502271554\\db\/mcu/
2025-05-27 13:54:08,219 [INFO] ApiDb:274 - Set plugin database path to: C:\ST\STM32CubeIDE_1.18.0\STM32CubeIDE\plugins\com.st.stm32cube.common.mx_6.14.0.202502271554\\db\/plugins/boardmanager/
2025-05-27 13:54:08,220 [INFO] ApiDb:261 - Set plugin images path to: C:\ST\STM32CubeIDE_1.18.0\STM32CubeIDE\plugins\com.st.stm32cube.common.mx_6.14.0.202502271554\\db\/plugins/mcufinder/images/
2025-05-27 13:54:08,221 [WARN] DbFile:41 - Overriding database path with different value: C:\Users\pwlub\.stmcufinder\plugins\mcufinder/ => C:\Users\pwlub\.stmcufinder\plugins\mcufinder
2025-05-27 13:54:08,221 [INFO] ApiDb:250 - Set database path to: C:\Users\pwlub\.stmcufinder\plugins\mcufinder//mcu/
2025-05-27 13:54:08,221 [WARN] DbFile:41 - Overriding database path with different value: C:\Users\pwlub\.stmcufinder\plugins\mcufinder/ => C:\Users\pwlub\.stmcufinder\plugins\mcufinder
2025-05-27 13:54:08,221 [INFO] DbMcusAds:125 - Set database path to: C:\Users\pwlub\.stmcufinder\plugins\mcufinder//mcu/
2025-05-27 13:54:08,221 [WARN] DbFile:41 - Overriding database path with different value: C:\Users\pwlub\.stmcufinder\plugins\mcufinder/ => C:\Users\pwlub\.stmcufinder\plugins\mcufinder
2025-05-27 13:54:08,222 [WARN] DbFile:41 - Overriding database path with different value: C:\Users\pwlub\.stmcufinder\plugins\mcufinder/ => C:\Users\pwlub\.stmcufinder\plugins\mcufinder
2025-05-27 13:54:08,222 [INFO] CrossReferenceDbSqlite:203 - Set database path to: C:\Users\pwlub\.stmcufinder\plugins\mcufinder//mcu/cs/
2025-05-27 13:54:08,363 [INFO] MainPanel:272 - HeapMemory: 282066944
2025-05-27 13:54:08,573 [INFO] DbMcusXml:78 - Set database path to: C:\ST\STM32CubeIDE_1.18.0\STM32CubeIDE\plugins\com.st.stm32cube.common.mx_6.14.0.202502271554\\db\/mcu/
2025-05-27 13:54:08,573 [INFO] ApiDb:274 - Set plugin database path to: C:\ST\STM32CubeIDE_1.18.0\STM32CubeIDE\plugins\com.st.stm32cube.common.mx_6.14.0.202502271554\\db\/plugins/boardmanager/
2025-05-27 13:54:08,573 [INFO] ApiDb:261 - Set plugin images path to: C:\ST\STM32CubeIDE_1.18.0\STM32CubeIDE\plugins\com.st.stm32cube.common.mx_6.14.0.202502271554\\db\/plugins/mcufinder/images/
2025-05-27 13:54:08,574 [WARN] DbFile:41 - Overriding database path with different value: C:\Users\pwlub\.stmcufinder\plugins\mcufinder/ => C:\Users\pwlub\.stmcufinder\plugins\mcufinder
2025-05-27 13:54:08,575 [INFO] ApiDb:250 - Set database path to: C:\Users\pwlub\.stmcufinder\plugins\mcufinder//mcu/
2025-05-27 13:54:08,575 [WARN] DbFile:41 - Overriding database path with different value: C:\Users\pwlub\.stmcufinder\plugins\mcufinder/ => C:\Users\pwlub\.stmcufinder\plugins\mcufinder
2025-05-27 13:54:08,575 [INFO] DbMcusAds:125 - Set database path to: C:\Users\pwlub\.stmcufinder\plugins\mcufinder//mcu/
2025-05-27 13:54:08,576 [WARN] DbFile:41 - Overriding database path with different value: C:\Users\pwlub\.stmcufinder\plugins\mcufinder/ => C:\Users\pwlub\.stmcufinder\plugins\mcufinder
2025-05-27 13:54:08,576 [WARN] DbFile:41 - Overriding database path with different value: C:\Users\pwlub\.stmcufinder\plugins\mcufinder/ => C:\Users\pwlub\.stmcufinder\plugins\mcufinder
2025-05-27 13:54:08,576 [INFO] CrossReferenceDbSqlite:203 - Set database path to: C:\Users\pwlub\.stmcufinder\plugins\mcufinder//mcu/cs/
2025-05-27 13:54:08,612 [INFO] ApplicationProperties:184 - Using Application install path: C:\ST\STM32CubeIDE_1.18.0\STM32CubeIDE\plugins\com.st.stm32cube.common.mx_6.14.0.202502271554
2025-05-27 13:54:08,614 [INFO] PluginManage:196 - Search for loadable plugins [exclusion list=, ]
2025-05-27 13:54:08,617 [INFO] PluginManage:310 - Check plugin analytics
2025-05-27 13:54:08,970 [INFO] AnalyticsPlugin:253 - Accepted Software Licenses: STM32CubeMX.6.14.0
2025-05-27 13:54:08,970 [INFO] AnalyticsPlugin:255 - Accepted CMSIS Pack Licenses: 
2025-05-27 13:54:08,970 [INFO] AnalyticsPlugin:257 - Accepted Firmware Licenses: FW.G4.1.5.0,FW.G4.1.6.0
2025-05-27 13:54:08,971 [INFO] PluginManage:359 - Loaded plugin analytics (category:tool,tabindex:-1)
2025-05-27 13:54:08,971 [INFO] PluginManage:310 - Check plugin cadmodel
2025-05-27 13:54:08,985 [INFO] CADModel:105 - Init CAD model plugin
2025-05-27 13:54:08,986 [INFO] PluginManage:359 - Loaded plugin cadmodel (category:power,tabindex:5)
2025-05-27 13:54:08,986 [INFO] PluginManage:310 - Check plugin clock
2025-05-27 13:54:09,007 [INFO] PluginManage:359 - Loaded plugin clock (category:base,tabindex:2)
2025-05-27 13:54:09,007 [INFO] PluginManage:310 - Check plugin ddr
2025-05-27 13:54:09,011 [INFO] PluginManage:359 - Loaded plugin ddr (category:tool,tabindex:6)
2025-05-27 13:54:09,012 [INFO] PluginManage:310 - Check plugin filemanager
2025-05-27 13:54:09,268 [INFO] PluginManage:359 - Loaded plugin filemanager (category:base,tabindex:10)
2025-05-27 13:54:09,268 [INFO] PluginManage:310 - Check plugin ipmanager
2025-05-27 13:54:09,282 [INFO] PluginManage:359 - Loaded plugin ipmanager (category:base,tabindex:5)
2025-05-27 13:54:09,282 [INFO] PluginManage:310 - Check plugin lpbam
2025-05-27 13:54:09,298 [INFO] PluginManage:359 - Loaded plugin lpbam (category:base,tabindex:0)
2025-05-27 13:54:09,298 [INFO] PluginManage:310 - Check plugin memorymap
2025-05-27 13:54:09,326 [INFO] PluginManage:359 - Loaded plugin memorymap (category:base,tabindex:4)
2025-05-27 13:54:09,326 [INFO] PluginManage:310 - Check plugin pinoutandconfiguration
2025-05-27 13:54:09,340 [INFO] PluginManage:359 - Loaded plugin pinoutandconfiguration (category:base,tabindex:1)
2025-05-27 13:54:09,340 [INFO] PluginManage:310 - Check plugin pinoutconfig
2025-05-27 13:54:09,503 [WARN] SupportedApi:132 - Cannot load RTOS API schema: s4s-elt-must-match.1: The content of 'definitions' must match (annotation?, (simpleType | complexType)?, (unique | key | keyref)*)). A problem was found starting at: attribute.
2025-05-27 13:54:09,799 [INFO] PluginManage:359 - Loaded plugin pinoutconfig (category:base,tabindex:0)
2025-05-27 13:54:09,799 [INFO] PluginManage:310 - Check plugin power
2025-05-27 13:54:09,821 [INFO] PluginManage:359 - Loaded plugin power (category:power,tabindex:4)
2025-05-27 13:54:09,821 [INFO] PluginManage:310 - Check plugin projectmanager
2025-05-27 13:54:09,851 [INFO] PluginManage:359 - Loaded plugin projectmanager (category:projectmanager,tabindex:4)
2025-05-27 13:54:09,851 [INFO] PluginManage:310 - Check plugin rif
2025-05-27 13:54:09,865 [INFO] PluginManage:359 - Loaded plugin rif (category:base,tabindex:3)
2025-05-27 13:54:09,865 [INFO] PluginManage:310 - Check plugin thirdparty
2025-05-27 13:54:10,126 [INFO] PluginManage:359 - Loaded plugin thirdparty (category:base,tabindex:-1)
2025-05-27 13:54:10,126 [WARN] IntegrityCheckThread:84 - waiting for thirdparty lock release [integrity check]
2025-05-27 13:54:10,126 [INFO] PluginManage:310 - Check plugin tools
2025-05-27 13:54:10,126 [INFO] IntegrityCheckThread:86 - entering critical section [integrity check]
2025-05-27 13:54:10,127 [INFO] ThirdPartyUpdaterWithRetryManager:70 - Updater plugin not ready yet. [1/15]
2025-05-27 13:54:10,131 [INFO] PluginManage:359 - Loaded plugin tools (category:base,tabindex:7)
2025-05-27 13:54:10,131 [INFO] PluginManage:310 - Check plugin tutovideos
2025-05-27 13:54:10,521 [INFO] PluginManage:359 - Loaded plugin tutovideos (category:base,tabindex:-1)
2025-05-27 13:54:10,522 [INFO] PluginManage:310 - Check plugin updater
2025-05-27 13:54:10,594 [INFO] PluginManage:359 - Loaded plugin updater (category:base,tabindex:12)
2025-05-27 13:54:10,594 [INFO] PluginManage:310 - Check plugin userauth
2025-05-27 13:54:10,602 [INFO] UserAuth:118 - Init User Auth plugin
2025-05-27 13:54:10,604 [INFO] PluginManage:359 - Loaded plugin userauth (category:base,tabindex:14)
2025-05-27 13:54:10,604 [INFO] PluginManage:283 - PluginManage : Loaded plugins [18]
2025-05-27 13:54:10,999 [INFO] PinOutPanel:1589 - setPackage(No Configuration,No Configuration)
2025-05-27 13:54:11,155 [INFO] CADModel:165 - CPN selected for project level
2025-05-27 13:54:11,155 [INFO] CADModel:114 - Register for checkConnection events
2025-05-27 13:54:11,192 [INFO] IPUIPlugin:80 - create IPUIPlugin
2025-05-27 13:54:11,193 [INFO] PluginManager:220 - loadIPPluginJar : add adc
2025-05-27 13:54:11,199 [INFO] IPUIPlugin:80 - create IPUIPlugin
2025-05-27 13:54:11,199 [INFO] PluginManager:220 - loadIPPluginJar : add aes
2025-05-27 13:54:11,205 [INFO] IPUIPlugin:80 - create IPUIPlugin
2025-05-27 13:54:11,206 [INFO] PluginManager:220 - loadIPPluginJar : add can
2025-05-27 13:54:11,209 [INFO] IPUIPlugin:80 - create IPUIPlugin
2025-05-27 13:54:11,210 [INFO] PluginManager:220 - loadIPPluginJar : add comp
2025-05-27 13:54:11,215 [INFO] IPUIPlugin:80 - create IPUIPlugin
2025-05-27 13:54:11,215 [INFO] PluginManager:220 - loadIPPluginJar : add cryp
2025-05-27 13:54:11,223 [INFO] IPUIPlugin:80 - create IPUIPlugin
2025-05-27 13:54:11,224 [INFO] PluginManager:220 - loadIPPluginJar : add ddr_ctrl_phy
2025-05-27 13:54:11,230 [INFO] IPUIPlugin:80 - create IPUIPlugin
2025-05-27 13:54:11,231 [INFO] PluginManager:220 - loadIPPluginJar : add dfsdm
2025-05-27 13:54:11,241 [INFO] IPUIPlugin:80 - create IPUIPlugin
2025-05-27 13:54:11,242 [INFO] PluginManager:220 - loadIPPluginJar : add dma
2025-05-27 13:54:11,249 [INFO] IPUIPlugin:80 - create IPUIPlugin
2025-05-27 13:54:11,249 [INFO] PluginManager:220 - loadIPPluginJar : add dma3
2025-05-27 13:54:11,255 [INFO] IPUIPlugin:80 - create IPUIPlugin
2025-05-27 13:54:11,256 [INFO] PluginManager:220 - loadIPPluginJar : add extmemmanager
2025-05-27 13:54:11,260 [INFO] IPUIPlugin:80 - create IPUIPlugin
2025-05-27 13:54:11,260 [INFO] PluginManager:220 - loadIPPluginJar : add fatfs
2025-05-27 13:54:11,268 [INFO] IPUIPlugin:80 - create IPUIPlugin
2025-05-27 13:54:11,268 [INFO] PluginManager:220 - loadIPPluginJar : add fmc
2025-05-27 13:54:11,280 [INFO] IPUIPlugin:80 - create IPUIPlugin
2025-05-27 13:54:11,280 [INFO] PluginManager:220 - loadIPPluginJar : add freertos
2025-05-27 13:54:11,284 [INFO] IPUIPlugin:80 - create IPUIPlugin
2025-05-27 13:54:11,284 [INFO] PluginManager:220 - loadIPPluginJar : add genericplugin
2025-05-27 13:54:11,289 [INFO] IPUIPlugin:80 - create IPUIPlugin
2025-05-27 13:54:11,290 [INFO] PluginManager:220 - loadIPPluginJar : add gfxmmu
2025-05-27 13:54:11,299 [INFO] IPUIPlugin:80 - create IPUIPlugin
2025-05-27 13:54:11,299 [INFO] PluginManager:220 - loadIPPluginJar : add gic
2025-05-27 13:54:11,306 [INFO] IPUIPlugin:80 - create IPUIPlugin
2025-05-27 13:54:11,307 [INFO] PluginManager:220 - loadIPPluginJar : add gpio
2025-05-27 13:54:11,314 [INFO] IPUIPlugin:80 - create IPUIPlugin
2025-05-27 13:54:11,314 [INFO] PluginManager:220 - loadIPPluginJar : add gtzc
2025-05-27 13:54:11,320 [INFO] IPUIPlugin:80 - create IPUIPlugin
2025-05-27 13:54:11,320 [INFO] PluginManager:220 - loadIPPluginJar : add hash
2025-05-27 13:54:11,326 [INFO] IPUIPlugin:80 - create IPUIPlugin
2025-05-27 13:54:11,326 [INFO] PluginManager:220 - loadIPPluginJar : add i2c
2025-05-27 13:54:11,331 [INFO] IPUIPlugin:80 - create IPUIPlugin
2025-05-27 13:54:11,331 [INFO] PluginManager:220 - loadIPPluginJar : add i2s
2025-05-27 13:54:11,336 [INFO] IPUIPlugin:80 - create IPUIPlugin
2025-05-27 13:54:11,336 [INFO] PluginManager:220 - loadIPPluginJar : add i3c
2025-05-27 13:54:11,341 [INFO] IPUIPlugin:80 - create IPUIPlugin
2025-05-27 13:54:11,342 [INFO] PluginManager:220 - loadIPPluginJar : add ipddr
2025-05-27 13:54:11,355 [INFO] IPUIPlugin:80 - create IPUIPlugin
2025-05-27 13:54:11,355 [INFO] PluginManager:220 - loadIPPluginJar : add linkedlist
2025-05-27 13:54:11,362 [INFO] IPUIPlugin:80 - create IPUIPlugin
2025-05-27 13:54:11,362 [INFO] PluginManager:220 - loadIPPluginJar : add lorawan
2025-05-27 13:54:11,365 [INFO] IPUIPlugin:80 - create IPUIPlugin
2025-05-27 13:54:11,366 [INFO] PluginManager:220 - loadIPPluginJar : add ltdc
2025-05-27 13:54:11,375 [INFO] IPUIPlugin:80 - create IPUIPlugin
2025-05-27 13:54:11,375 [INFO] PluginManager:220 - loadIPPluginJar : add mdma
2025-05-27 13:54:11,383 [INFO] IPUIPlugin:80 - create IPUIPlugin
2025-05-27 13:54:11,383 [INFO] PluginManager:220 - loadIPPluginJar : add nvic
2025-05-27 13:54:11,389 [INFO] IPUIPlugin:80 - create IPUIPlugin
2025-05-27 13:54:11,389 [INFO] PluginManager:220 - loadIPPluginJar : add opamp
2025-05-27 13:54:11,396 [INFO] IPUIPlugin:80 - create IPUIPlugin
2025-05-27 13:54:11,396 [INFO] PluginManager:220 - loadIPPluginJar : add openamp
2025-05-27 13:54:11,403 [INFO] IPUIPlugin:80 - create IPUIPlugin
2025-05-27 13:54:11,404 [INFO] PluginManager:220 - loadIPPluginJar : add pdm2pcm
2025-05-27 13:54:11,416 [INFO] IPUIPlugin:80 - create IPUIPlugin
2025-05-27 13:54:11,421 [INFO] PluginManager:220 - loadIPPluginJar : add plateformsettings
2025-05-27 13:54:11,424 [INFO] IPUIPlugin:80 - create IPUIPlugin
2025-05-27 13:54:11,424 [INFO] PluginManager:220 - loadIPPluginJar : add quadspi
2025-05-27 13:54:11,429 [INFO] IPUIPlugin:80 - create IPUIPlugin
2025-05-27 13:54:11,430 [INFO] PluginManager:220 - loadIPPluginJar : add radio
2025-05-27 13:54:11,439 [INFO] IPUIPlugin:80 - create IPUIPlugin
2025-05-27 13:54:11,439 [INFO] PluginManager:220 - loadIPPluginJar : add resmgrutility
2025-05-27 13:54:11,446 [INFO] IPUIPlugin:80 - create IPUIPlugin
2025-05-27 13:54:11,447 [INFO] PluginManager:220 - loadIPPluginJar : add sai
2025-05-27 13:54:11,452 [INFO] IPUIPlugin:80 - create IPUIPlugin
2025-05-27 13:54:11,453 [INFO] PluginManager:220 - loadIPPluginJar : add spi
2025-05-27 13:54:11,465 [INFO] IPUIPlugin:80 - create IPUIPlugin
2025-05-27 13:54:11,465 [INFO] PluginManager:220 - loadIPPluginJar : add stm32_wpan
2025-05-27 13:54:11,469 [INFO] IPUIPlugin:80 - create IPUIPlugin
2025-05-27 13:54:11,470 [INFO] PluginManager:220 - loadIPPluginJar : add tim
2025-05-27 13:54:11,477 [INFO] IPUIPlugin:80 - create IPUIPlugin
2025-05-27 13:54:11,477 [INFO] PluginManager:220 - loadIPPluginJar : add touchsensing
2025-05-27 13:54:11,482 [INFO] IPUIPlugin:80 - create IPUIPlugin
2025-05-27 13:54:11,482 [INFO] PluginManager:220 - loadIPPluginJar : add tracer_emb
2025-05-27 13:54:11,487 [INFO] IPUIPlugin:80 - create IPUIPlugin
2025-05-27 13:54:11,487 [INFO] PluginManager:220 - loadIPPluginJar : add ts
2025-05-27 13:54:11,491 [INFO] IPUIPlugin:80 - create IPUIPlugin
2025-05-27 13:54:11,491 [INFO] PluginManager:220 - loadIPPluginJar : add tsc
2025-05-27 13:54:11,496 [INFO] IPUIPlugin:80 - create IPUIPlugin
2025-05-27 13:54:11,496 [INFO] PluginManager:220 - loadIPPluginJar : add ucpd
2025-05-27 13:54:11,502 [INFO] IPUIPlugin:80 - create IPUIPlugin
2025-05-27 13:54:11,502 [INFO] PluginManager:220 - loadIPPluginJar : add usart
2025-05-27 13:54:11,510 [INFO] IPUIPlugin:80 - create IPUIPlugin
2025-05-27 13:54:11,510 [INFO] PluginManager:220 - loadIPPluginJar : add usbx
2025-05-27 13:54:11,693 [FATAL] Updater:351 - Updater called before beeing initialized
2025-05-27 13:54:11,746 [INFO] RulesReader:64 - Compatibility file has been processed (301 Rules)
2025-05-27 13:54:11,768 [INFO] RulesReader:64 - Compatibility file has been processed (301 Rules)
2025-05-27 13:54:11,783 [INFO] CADModel:165 - CPN selected for project level
2025-05-27 13:54:11,784 [INFO] CADModel:114 - Register for checkConnection events
2025-05-27 13:54:11,784 [FATAL] Updater:351 - Updater called before beeing initialized
2025-05-27 13:54:11,784 [ERROR] CADModel:125 - Updater not yet initialized, retry later 
2025-05-27 13:54:12,028 [FATAL] Updater:351 - Updater called before beeing initialized
2025-05-27 13:54:12,031 [INFO] CADModel:165 - CPN selected for project level
2025-05-27 13:54:12,032 [INFO] CADModel:114 - Register for checkConnection events
2025-05-27 13:54:12,032 [FATAL] Updater:351 - Updater called before beeing initialized
2025-05-27 13:54:12,032 [ERROR] CADModel:125 - Updater not yet initialized, retry later 
2025-05-27 13:54:12,036 [FATAL] Updater:351 - Updater called before beeing initialized
2025-05-27 13:54:12,226 [FATAL] Updater:351 - Updater called before beeing initialized
2025-05-27 13:54:12,241 [INFO] DbMcusAds:53 - JSON generation date=Thu Mar 06 15:54:21 CET 2025 (1741272861825)
2025-05-27 13:54:12,241 [FATAL] Updater:351 - Updater called before beeing initialized
2025-05-27 13:54:12,300 [WARN] DetailPanel:346 - Failed to get advertising image, set to default
2025-05-27 13:54:12,632 [FATAL] Updater:351 - Updater called before beeing initialized
2025-05-27 13:54:12,636 [FATAL] Updater:351 - Updater called before beeing initialized
2025-05-27 13:54:12,637 [FATAL] Updater:351 - Updater called before beeing initialized
2025-05-27 13:54:12,637 [WARN] DetailPanel:346 - Failed to get advertising image, set to default
2025-05-27 13:54:12,638 [FATAL] Updater:351 - Updater called before beeing initialized
2025-05-27 13:54:12,716 [ERROR] Updater:1198 - MainUpdater not yet initialized. External WinMGr cannot be set.
2025-05-27 13:54:12,719 [INFO] Updater:1134 - Updater Version found : 6.14.0
2025-05-27 13:54:12,749 [INFO] ApplicationProperties:184 - Using Application install path: C:\ST\STM32CubeIDE_1.18.0\STM32CubeIDE\plugins\com.st.stm32cube.common.mx_6.14.0.202502271554
2025-05-27 13:54:13,128 [INFO] ThirdPartyUpdaterWithRetryManager:70 - Updater plugin not ready yet. [2/15]
2025-05-27 13:54:14,351 [ERROR] LogOutputStream:75 - [STDERR_REDIRECT] May 27, 2025 1:54:14 PM java.util.prefs.WindowsPreferences <init>
2025-05-27 13:54:14,359 [ERROR] LogOutputStream:75 - [STDERR_REDIRECT] WARNING: Could not open/create prefs root node Software\JavaSoft\Prefs at root 0xffffffff80000002. Windows RegCreateKeyEx(...) returned error code 5.
2025-05-27 13:54:14,359 [ERROR] LogOutputStream:75 - [STDERR_REDIRECT] 
2025-05-27 13:54:14,986 [INFO] MainUpdater:2872 - connection check result : 10
2025-05-27 13:54:14,988 [INFO] MainUpdater:289 - Updater Check For Update Now.
2025-05-27 13:54:14,988 [INFO] MicroXplorer:498 - Change Database Version : DB.6.0.140
2025-05-27 13:54:15,013 [INFO] McuFinderGlobals:63 - Set McuFinder mode to 2 (CubeIDE integrated)
2025-05-27 13:54:15,028 [INFO] UserAuth:486 - Internet connection configuration mode: 1
2025-05-27 13:54:15,085 [INFO] JxBrowserEngine:152 - Initiate JxBrowser Engine with user profile folder
2025-05-27 13:54:15,339 [INFO] CheckServerUpdateThread:120 - End of CheckServer Thread
2025-05-27 13:54:15,423 [INFO] MainUpdater:2872 - connection check result : 10
2025-05-27 13:54:15,424 [INFO] MainUpdater:2872 - connection check result : 10
2025-05-27 13:54:15,553 [INFO] MicroXplorer:468 - Change Database Path : 
2025-05-27 13:54:15,554 [INFO] MicroXplorer:498 - Change Database Version : DB.6.0.140
2025-05-27 13:54:15,572 [WARN] ThirdParty:871 - waiting for thirdparty lock release [close project]
2025-05-27 13:54:17,033 [WARN] PackLoader:240 - Cannot read IP mode file for STMicroelectronics.FP-SNS-MOTENVWB1.1.4.0
2025-05-27 13:54:17,069 [WARN] PackLoader:240 - Cannot read IP mode file for STMicroelectronics.FP-ATR-ASTRA1.2.0.2
2025-05-27 13:54:17,106 [WARN] PackLoader:240 - Cannot read IP mode file for STMicroelectronics.X-CUBE-SMBUS.2.1.0
2025-05-27 13:54:17,147 [WARN] PackLoader:240 - Cannot read IP mode file for STMicroelectronics.X-CUBE-WB05N.1.1.0
2025-05-27 13:54:17,177 [WARN] PackLoader:240 - Cannot read IP mode file for STMicroelectronics.X-CUBE-ST60.1.0.0
2025-05-27 13:54:17,306 [WARN] PackLoader:240 - Cannot read IP mode file for STMicroelectronics.X-CUBE-AZRTOS-F7.1.1.0
2025-05-27 13:54:17,415 [WARN] PackLoader:240 - Cannot read IP mode file for Infineon.AIROC-Wi-Fi-Bluetooth-STM32.1.7.0
2025-05-27 13:54:17,691 [WARN] PackLoader:240 - Cannot read IP mode file for STMicroelectronics.X-CUBE-DISPLAY.3.0.0
2025-05-27 13:54:17,776 [WARN] PackLoader:240 - Cannot read IP mode file for STMicroelectronics.X-CUBE-NFC10.1.0.0
2025-05-27 13:54:17,839 [WARN] PackLoader:240 - Cannot read IP mode file for STMicroelectronics.X-CUBE-BLEMGR.4.0.0
2025-05-27 13:54:17,962 [WARN] PackLoader:240 - Cannot read IP mode file for emotas.I-CUBE-CANOPEN.1.3.0
2025-05-27 13:54:18,030 [WARN] ConditionMgr:438 - getConditionDescription Invalid condition id : Cortex-A Device cause : null
2025-05-27 13:54:18,090 [WARN] ConditionMgr:1044 - genDependencies : Invalid condition id : Cortex-A Device cause : null
2025-05-27 13:54:18,090 [WARN] ConditionMgr:1044 - genDependencies : Invalid condition id : Cortex-A Device cause : null
2025-05-27 13:54:18,090 [WARN] ConditionMgr:1044 - genDependencies : Invalid condition id : Cortex-A Device cause : null
2025-05-27 13:54:18,149 [WARN] PackLoader:240 - Cannot read IP mode file for STMicroelectronics.X-CUBE-AI.10.0.0
2025-05-27 13:54:18,204 [WARN] PackLoader:240 - Cannot read IP mode file for STMicroelectronics.FP-SNS-SMARTAG2.1.2.0
2025-05-27 13:54:18,230 [WARN] PackLoader:240 - Cannot read IP mode file for STMicroelectronics.FP-SNS-FLIGHT1.5.1.0
2025-05-27 13:54:18,422 [WARN] PackLoader:240 - Cannot read IP mode file for STMicroelectronics.X-CUBE-MEMS1.11.1.0
2025-05-27 13:54:18,824 [INFO] LogOutputStream:77 - [STDOUT_REDIRECT] 1 : Invalid condition id : UX_CORESTACK_Condition cause : null
2025-05-27 13:54:18,827 [INFO] LogOutputStream:77 - [STDOUT_REDIRECT] 1 : Invalid condition id : UX_CORESTACK_Condition cause : null
2025-05-27 13:54:18,829 [INFO] LogOutputStream:77 - [STDOUT_REDIRECT] 1 : Invalid condition id : UX_CORESTACK_Condition cause : null
2025-05-27 13:54:18,831 [INFO] LogOutputStream:77 - [STDOUT_REDIRECT] 1 : Invalid condition id : UX_CORESTACK_Condition cause : null
2025-05-27 13:54:18,833 [INFO] LogOutputStream:77 - [STDOUT_REDIRECT] 1 : Invalid condition id : UX_CORESTACK_Condition cause : null
2025-05-27 13:54:18,838 [WARN] PackLoader:240 - Cannot read IP mode file for STMicroelectronics.X-CUBE-AZRTOS-WL.2.0.0
2025-05-27 13:54:18,869 [WARN] PackLoader:240 - Cannot read IP mode file for STMicroelectronics.FP-SNS-MOTENV1.5.0.0
2025-05-27 13:54:18,935 [WARN] PackLoader:240 - Cannot read IP mode file for WES.I-CUBE-Cesium.1.3.0
2025-05-27 13:54:18,963 [WARN] PackLoader:240 - Cannot read IP mode file for STMicroelectronics.X-CUBE-BLE2.3.3.0
2025-05-27 13:54:18,996 [WARN] PackLoader:240 - Cannot read IP mode file for STMicroelectronics.X-CUBE-NFC9.1.0.0
2025-05-27 13:54:19,034 [WARN] PackLoader:240 - Cannot read IP mode file for STMicroelectronics.X-CUBE-BLE1.7.1.0
2025-05-27 13:54:19,171 [WARN] PackLoader:240 - Cannot read IP mode file for STMicroelectronics.X-CUBE-MEMS1.11.2.0
2025-05-27 13:54:19,347 [INFO] WebApp:169 - Instantiating new browser for Auth
2025-05-27 13:54:19,470 [WARN] PackLoader:240 - Cannot read IP mode file for STMicroelectronics.X-CUBE-AZRTOS-G0.1.1.0
2025-05-27 13:54:19,512 [WARN] PackLoader:240 - Cannot read IP mode file for STMicroelectronics.X-CUBE-SAFEA1.1.2.2
2025-05-27 13:54:19,541 [WARN] PackLoader:240 - Cannot read IP mode file for STMicroelectronics.X-CUBE-NFC4.3.0.0
2025-05-27 13:54:19,579 [WARN] PackLoader:240 - Cannot read IP mode file for EmbeddedOffice.I-CUBE-FS-RTOS.1.0.1
2025-05-27 13:54:19,611 [WARN] PackLoader:240 - Cannot read IP mode file for STMicroelectronics.X-CUBE-WB05N.2.0.0
2025-05-27 13:54:19,637 [WARN] PackLoader:240 - Cannot read IP mode file for wolfSSL.I-CUBE-wolfTPM.3.8.0
2025-05-27 13:54:19,665 [WARN] PackLoader:240 - Cannot read IP mode file for STMicroelectronics.X-CUBE-TCPP.4.2.0
2025-05-27 13:54:19,694 [WARN] PackLoader:240 - Cannot read IP mode file for RealThread.X-CUBE-RT-Thread_Nano.4.1.1
2025-05-27 13:54:19,722 [WARN] PackLoader:240 - Cannot read IP mode file for STMicroelectronics.FP-ATR-SIGFOX1.3.2.0
2025-05-27 13:54:19,750 [WARN] PackLoader:240 - Cannot read IP mode file for STMicroelectronics.X-CUBE-EEPRMA1.5.1.0
2025-05-27 13:54:19,781 [WARN] PackLoader:240 - Cannot read IP mode file for ITTIA_DB.I-CUBE-ITTIADB.8.9.0
2025-05-27 13:54:19,966 [WARN] PackLoader:240 - Cannot read IP mode file for SEGGER.I-CUBE-embOS.1.3.1
2025-05-27 13:54:20,086 [WARN] PackLoader:240 - Cannot read IP mode file for STMicroelectronics.X-CUBE-ALGOBUILD.1.4.0
2025-05-27 13:54:20,330 [WARN] PackLoader:240 - Cannot read IP mode file for STMicroelectronics.X-CUBE-AZRTOS-F4.1.1.0
2025-05-27 13:54:20,449 [WARN] PackLoader:240 - Cannot read IP mode file for Avnet-IotConnect.X-CUBE-IoTC-DA16k-PMOD.1.0.0
2025-05-27 13:54:20,538 [WARN] PackLoader:240 - Cannot read IP mode file for STMicroelectronics.X-CUBE-ISPU.2.1.0
2025-05-27 13:54:20,602 [WARN] PackLoader:240 - Cannot read IP mode file for STMicroelectronics.X-CUBE-AZRTOS-L5.2.0.0
2025-05-27 13:54:20,644 [WARN] PackLoader:240 - Cannot read IP mode file for STMicroelectronics.X-CUBE-NFC6.3.1.0
2025-05-27 13:54:20,673 [WARN] PackLoader:240 - Cannot read IP mode file for STMicroelectronics.X-CUBE-DPower.1.2.0
2025-05-27 13:54:20,725 [WARN] PackLoader:240 - Cannot read IP mode file for STMicroelectronics.X-CUBE-FREERTOS.1.3.1
2025-05-27 13:54:20,754 [WARN] PackLoader:240 - Cannot read IP mode file for STMicroelectronics.X-CUBE-FREERTOS.1.3.0
2025-05-27 13:54:20,781 [WARN] PackLoader:240 - Cannot read IP mode file for STMicroelectronics.X-CUBE-NFC7.1.0.1
2025-05-27 13:54:20,998 [WARN] ConditionMgr:438 - getConditionDescription Invalid condition id : LAN8742 Phy interface Condition cause : null
2025-05-27 13:54:20,999 [WARN] PackLoader:240 - Cannot read IP mode file for STMicroelectronics.X-CUBE-AZRTOS-L4.2.0.0
2025-05-27 13:54:21,001 [WARN] ConditionMgr:1044 - genDependencies : Invalid condition id : LAN8742 Phy interface Condition cause : null
2025-05-27 13:54:21,002 [WARN] ConditionMgr:1044 - genDependencies : Invalid condition id : LAN8742 Phy interface Condition cause : null
2025-05-27 13:54:21,003 [WARN] ConditionMgr:1044 - genDependencies : Invalid condition id : LAN8742 Phy interface Condition cause : null
2025-05-27 13:54:21,033 [WARN] PackLoader:240 - Cannot read IP mode file for STMicroelectronics.X-CUBE-SFXS2LP1.4.0.0
2025-05-27 13:54:21,127 [WARN] PackLoader:240 - Cannot read IP mode file for STMicroelectronics.X-CUBE-AZRTOS-H7.3.3.0
2025-05-27 13:54:21,200 [WARN] ConditionMgr:438 - getConditionDescription Invalid condition id : UX DEVICE CLASS RTOS Condition cause : null
2025-05-27 13:54:21,200 [WARN] ConditionMgr:438 - getConditionDescription Invalid condition id : UX DEVICE CLASS RTOS Condition cause : null
2025-05-27 13:54:21,203 [WARN] PackLoader:240 - Cannot read IP mode file for STMicroelectronics.X-CUBE-AZRTOS-WB.2.0.0
2025-05-27 13:54:21,204 [WARN] ConditionMgr:1044 - genDependencies : Invalid condition id : UX DEVICE CLASS RTOS Condition cause : null
2025-05-27 13:54:21,204 [WARN] ConditionMgr:1044 - genDependencies : Invalid condition id : UX DEVICE CLASS RTOS Condition cause : null
2025-05-27 13:54:21,205 [WARN] ConditionMgr:1044 - genDependencies : Invalid condition id : UX DEVICE CLASS RTOS Condition cause : null
2025-05-27 13:54:21,205 [WARN] ConditionMgr:1044 - genDependencies : Invalid condition id : UX DEVICE CLASS RTOS Condition cause : null
2025-05-27 13:54:21,205 [WARN] ConditionMgr:1044 - genDependencies : Invalid condition id : UX DEVICE CLASS RTOS Condition cause : null
2025-05-27 13:54:21,234 [WARN] PackLoader:240 - Cannot read IP mode file for STMicroelectronics.X-CUBE-GNSS1.7.0.1
2025-05-27 13:54:21,262 [WARN] PackLoader:240 - Cannot read IP mode file for STMicroelectronics.X-CUBE-TOUCHGFX.4.25.0
2025-05-27 13:54:21,434 [WARN] PackLoader:240 - Cannot read IP mode file for STMicroelectronics.FP-SNS-STBOX1.2.0.0
2025-05-27 13:54:21,473 [WARN] PackLoader:240 - Cannot read IP mode file for STMicroelectronics.X-CUBE-SUBG2.5.0.0
2025-05-27 13:54:21,504 [WARN] PackLoader:240 - Cannot read IP mode file for Cesanta.I-CUBE-Mongoose.7.13.0
2025-05-27 13:54:21,573 [WARN] PackLoader:240 - Cannot read IP mode file for STMicroelectronics.X-CUBE-AZRTOS-G4.2.0.0
2025-05-27 13:54:21,599 [WARN] PackLoader:240 - Cannot read IP mode file for wolfSSL.I-CUBE-wolfSSH.1.4.20
2025-05-27 13:54:21,700 [WARN] PackLoader:240 - Cannot read IP mode file for STMicroelectronics.X-CUBE-NFC7.2.0.0
2025-05-27 13:54:21,739 [WARN] PackLoader:240 - Cannot read IP mode file for STMicroelectronics.X-CUBE-IPS.3.1.0
2025-05-27 13:54:21,770 [WARN] PackLoader:240 - Cannot read IP mode file for STMicroelectronics.X-CUBE-ALS.1.0.2
2025-05-27 13:54:21,798 [WARN] PackLoader:240 - Cannot read IP mode file for portGmbH.I-Cube-SoM-uGOAL.1.1.0
2025-05-27 13:54:21,855 [WARN] PackLoader:240 - Cannot read IP mode file for STMicroelectronics.X-CUBE-AZRTOS-H7RS.1.0.0
2025-05-27 13:54:21,931 [WARN] PackLoader:240 - Cannot read IP mode file for STMicroelectronics.X-CUBE-TOF1.3.4.2
2025-05-27 13:54:21,984 [WARN] PackLoader:240 - Cannot read IP mode file for STMicroelectronics.X-CUBE-TOF1.3.4.3
2025-05-27 13:54:21,999 [INFO] ThirdParty:978 - Integrity check success = true
2025-05-27 13:54:22,000 [INFO] IntegrityCheckThread:100 - exiting critical section [integrity check]
2025-05-27 13:54:22,000 [INFO] IntegrityCheckThread:103 - End integrity checks thread
2025-05-27 13:54:22,000 [INFO] ThirdParty:873 - entering critical section [close project]
2025-05-27 13:54:22,001 [INFO] ThirdParty:883 - exiting critical section [close project]
2025-05-27 13:54:22,005 [INFO] PinOutPanel:1589 - setPackage(No Configuration,No Configuration)
2025-05-27 13:54:22,011 [INFO] UtilMem:75 - Begin LoadConfig() Used Memory: 264876256 Bytes (398458880)
2025-05-27 13:54:22,027 [INFO] MicroXplorer:468 - Change Database Path : C:/Users/pwlub/.stm32cubemx/databases/DB.6.0.111/db/
2025-05-27 13:54:22,027 [INFO] MicroXplorer:498 - Change Database Version : DB.6.0.111
2025-05-27 13:54:22,614 [INFO] WebApp:463 - Apply proxy settings
2025-05-27 13:54:22,614 [INFO] WebApp:548 - Chromium requires no authentication
2025-05-27 13:54:22,637 [INFO] WebApp:491 - Direct internet connection detected
2025-05-27 13:54:22,696 [INFO] WebApp:894 - Register for checkConnection events
2025-05-27 13:54:22,696 [INFO] WebApp:463 - Apply proxy settings
2025-05-27 13:54:22,697 [INFO] WebApp:548 - Chromium requires no authentication
2025-05-27 13:54:22,697 [INFO] WebApp:491 - Direct internet connection detected
2025-05-27 13:54:23,056 [INFO] WebApp:191 - Connection restablished
2025-05-27 13:54:23,080 [INFO] WebApp:225 - Starting web application
2025-05-27 13:54:23,080 [INFO] WebApp:593 - Web application path used C:\ST\STM32CubeIDE_1.18.0\STM32CubeIDE\plugins\com.st.stm32cube.common.mx_6.14.0.202502271554\db\plugins\mcufinder\reactClient1\index.html
2025-05-27 13:54:23,262 [INFO] UserAuth:486 - Internet connection configuration mode: 1
2025-05-27 13:54:24,152 [ERROR] LogOutputStream:75 - [STDERR_REDIRECT] May 27, 2025 1:54:24 PM org.glassfish.grizzly.http.server.NetworkListener start
2025-05-27 13:54:24,153 [ERROR] LogOutputStream:75 - [STDERR_REDIRECT] INFO: Started listener bound to [localhost:16721]
2025-05-27 13:54:24,154 [ERROR] LogOutputStream:75 - [STDERR_REDIRECT] 
2025-05-27 13:54:24,156 [ERROR] LogOutputStream:75 - [STDERR_REDIRECT] May 27, 2025 1:54:24 PM org.glassfish.grizzly.http.server.HttpServer start
2025-05-27 13:54:24,158 [ERROR] LogOutputStream:75 - [STDERR_REDIRECT] INFO: [HttpServer] Started.
2025-05-27 13:54:24,158 [ERROR] LogOutputStream:75 - [STDERR_REDIRECT] 
2025-05-27 13:54:25,168 [INFO] OpenFileManager:354 - Change cursor
2025-05-27 13:54:25,454 [INFO] Mcu:2011 - Initializing MCU STM32G473R(B-C-E)Tx STM32G473RCTx STM32G473RCT6
2025-05-27 13:54:33,822 [INFO] Context:756 - Trying to add GPIOservice into a context  which must be forbidden
2025-05-27 13:54:35,807 [INFO] ImportTextPane:218 - (OptionalMessage_ERROR) Pin53 (VP_RIF_VS_RIF1) cannot be retrieved for this MCU
2025-05-27 13:54:36,243 [INFO] RtosManager:558 - Registered RTOS mode: class=CMSIS, group=RTOS, mode=CMSIS_V1, owner=FREERTOS
2025-05-27 13:54:36,244 [INFO] RtosManager:558 - Registered RTOS mode: class=CMSIS, group=RTOS2, mode=CMSIS_V2, owner=FREERTOS
2025-05-27 13:54:36,244 [INFO] RtosManager:558 - Registered RTOS mode: class=RTOS, group=Core, mode=CMSIS_V1, owner=FREERTOS
2025-05-27 13:54:36,244 [INFO] RtosManager:558 - Registered RTOS mode: class=RTOS, group=Core, mode=CMSIS_V2, owner=FREERTOS
2025-05-27 13:54:36,244 [WARN] ModelIntegratedComponent:184 - Missing modes for component STMicroelectronics:FreeRTOS:0.0.1:STMicroelectronics:RTOS:FreeRTOS:Core:::10.2.0:
2025-05-27 13:54:36,300 [WARN] ModelIntegratedComponent:63 - No mode defined for component null
2025-05-27 13:54:36,300 [WARN] ModelIntegratedComponent:63 - No mode defined for component null
2025-05-27 13:54:36,301 [WARN] ModelIntegratedComponent:63 - No mode defined for component null
2025-05-27 13:54:36,301 [WARN] ModelIntegratedComponent:63 - No mode defined for component null
2025-05-27 13:54:36,301 [WARN] ModelIntegratedComponent:63 - No mode defined for component null
2025-05-27 13:54:36,301 [WARN] ModelIntegratedComponent:63 - No mode defined for component null
2025-05-27 13:54:36,301 [WARN] ModelIntegratedComponent:63 - No mode defined for component null
2025-05-27 13:54:36,301 [WARN] ModelIntegratedComponent:63 - No mode defined for component null
2025-05-27 13:54:36,301 [WARN] ModelIntegratedComponent:63 - No mode defined for component null
2025-05-27 13:54:36,302 [WARN] ModelIntegratedComponent:63 - No mode defined for component null
2025-05-27 13:54:36,302 [WARN] ModelIntegratedComponent:63 - No mode defined for component null
2025-05-27 13:54:36,302 [WARN] ModelIntegratedComponent:63 - No mode defined for component null
2025-05-27 13:54:36,302 [WARN] ModelIntegratedComponent:63 - No mode defined for component null
2025-05-27 13:54:36,302 [WARN] ModelIntegratedComponent:63 - No mode defined for component null
2025-05-27 13:54:36,302 [WARN] ModelIntegratedComponent:63 - No mode defined for component null
2025-05-27 13:54:36,302 [WARN] ModelIntegratedComponent:63 - No mode defined for component null
2025-05-27 13:54:36,302 [WARN] ModelIntegratedComponent:63 - No mode defined for component null
2025-05-27 13:54:36,302 [WARN] ModelIntegratedComponent:63 - No mode defined for component null
2025-05-27 13:54:36,302 [WARN] ModelIntegratedComponent:63 - No mode defined for component null
2025-05-27 13:54:36,303 [WARN] ModelIntegratedComponent:63 - No mode defined for component null
2025-05-27 13:54:36,303 [WARN] ModelIntegratedComponent:63 - No mode defined for component null
2025-05-27 13:54:36,303 [WARN] ModelIntegratedComponent:63 - No mode defined for component null
2025-05-27 13:54:36,303 [WARN] ModelIntegratedComponent:63 - No mode defined for component null
2025-05-27 13:54:36,303 [WARN] ModelIntegratedComponent:63 - No mode defined for component null
2025-05-27 13:54:36,303 [WARN] ModelIntegratedComponent:63 - No mode defined for component null
2025-05-27 13:54:36,303 [WARN] ModelIntegratedComponent:63 - No mode defined for component null
2025-05-27 13:54:36,303 [WARN] ModelIntegratedComponent:63 - No mode defined for component null
2025-05-27 13:54:36,303 [WARN] ModelIntegratedComponent:63 - No mode defined for component null
2025-05-27 13:54:36,303 [WARN] ModelIntegratedComponent:63 - No mode defined for component null
2025-05-27 13:54:36,304 [WARN] ModelIntegratedComponent:63 - No mode defined for component null
2025-05-27 13:54:36,304 [WARN] ModelIntegratedComponent:63 - No mode defined for component null
2025-05-27 13:54:36,304 [WARN] ModelIntegratedComponent:63 - No mode defined for component null
2025-05-27 13:54:36,304 [WARN] ModelIntegratedComponent:63 - No mode defined for component null
2025-05-27 13:54:36,304 [WARN] ModelIntegratedComponent:63 - No mode defined for component null
2025-05-27 13:54:36,304 [WARN] ModelIntegratedComponent:63 - No mode defined for component null
2025-05-27 13:54:36,304 [WARN] ModelPack:524 - Component already loaded: STMicroelectronics:HAL Drivers:0.0.0:STMicroelectronics:Device:STMicro_Driver:XSPI:HAL::0.0.1:HAL_XSPI
2025-05-27 13:54:36,521 [INFO] ThirdPartyModel:298 - Start build external matchings
2025-05-27 13:54:37,446 [INFO] ThirdPartyModel:316 - End build external matchings
2025-05-27 13:54:37,477 [INFO] RtosManager:967 - Current active RTOS is FREERTOS [Cortex-M4NS]
2025-05-27 13:54:37,498 [INFO] ImportTextPane:218 - (OptionalMessage_ERROR) IP (ADC1) : Parameter (CommonPathInternal) has invalid value (null|null|null|null)
2025-05-27 13:54:37,500 [INFO] ImportTextPane:218 - (OptionalMessage_ERROR) IP (ADC2) : Parameter (CommonPathInternal) has invalid value (null|null|null|null)
2025-05-27 13:54:37,502 [INFO] ImportTextPane:218 - (OptionalMessage_ERROR) IP (DMA) : Parameter (Instance) has Id (ADC1) currently not set
2025-05-27 13:54:37,502 [INFO] ImportTextPane:218 - (OptionalMessage_ERROR) IP (DMA) : Parameter (Request) has Id (ADC1) currently not set
2025-05-27 13:54:37,503 [INFO] ImportTextPane:218 - (OptionalMessage_ERROR) IP (DMA) : Parameter (Direction) has Id (ADC1) currently not set
2025-05-27 13:54:37,503 [INFO] ImportTextPane:218 - (OptionalMessage_ERROR) IP (DMA) : Parameter (PeriphInc) has Id (ADC1) currently not set
2025-05-27 13:54:37,503 [INFO] ImportTextPane:218 - (OptionalMessage_ERROR) IP (DMA) : Parameter (MemInc) has Id (ADC1) currently not set
2025-05-27 13:54:37,504 [INFO] ImportTextPane:218 - (OptionalMessage_ERROR) IP (DMA) : Parameter (PeriphDataAlignment) has Id (ADC1) currently not set
2025-05-27 13:54:37,504 [INFO] ImportTextPane:218 - (OptionalMessage_ERROR) IP (DMA) : Parameter (MemDataAlignment) has Id (ADC1) currently not set
2025-05-27 13:54:37,505 [INFO] ImportTextPane:218 - (OptionalMessage_ERROR) IP (DMA) : Parameter (Mode) has Id (ADC1) currently not set
2025-05-27 13:54:37,505 [INFO] ImportTextPane:218 - (OptionalMessage_ERROR) IP (DMA) : Parameter (Priority) has Id (ADC1) currently not set
2025-05-27 13:54:37,505 [INFO] ImportTextPane:218 - (OptionalMessage_ERROR) IP (DMA) : Parameter (SignalID) has Id (ADC1) currently not set
2025-05-27 13:54:37,505 [INFO] ImportTextPane:218 - (OptionalMessage_ERROR) IP (DMA) : Parameter (Polarity) has Id (ADC1) currently not set
2025-05-27 13:54:37,505 [INFO] ImportTextPane:218 - (OptionalMessage_ERROR) IP (DMA) : Parameter (RequestNumber) has Id (ADC1) currently not set
2025-05-27 13:54:37,505 [INFO] ImportTextPane:218 - (OptionalMessage_ERROR) IP (DMA) : Parameter (SyncSignalID) has Id (ADC1) currently not set
2025-05-27 13:54:37,505 [INFO] ImportTextPane:218 - (OptionalMessage_ERROR) IP (DMA) : Parameter (SyncPolarity) has Id (ADC1) currently not set
2025-05-27 13:54:37,505 [INFO] ImportTextPane:218 - (OptionalMessage_ERROR) IP (DMA) : Parameter (SyncEnable) has Id (ADC1) currently not set
2025-05-27 13:54:37,505 [INFO] ImportTextPane:218 - (OptionalMessage_ERROR) IP (DMA) : Parameter (EventEnable) has Id (ADC1) currently not set
2025-05-27 13:54:37,506 [INFO] ImportTextPane:218 - (OptionalMessage_ERROR) IP (DMA) : Parameter (SyncRequestNumber) has Id (ADC1) currently not set
2025-05-27 13:54:37,506 [INFO] ImportTextPane:218 - (OptionalMessage_ERROR) IP (DMA) : Parameter (Instance) has Id (ADC2) currently not set
2025-05-27 13:54:37,506 [INFO] ImportTextPane:218 - (OptionalMessage_ERROR) IP (DMA) : Parameter (Request) has Id (ADC2) currently not set
2025-05-27 13:54:37,506 [INFO] ImportTextPane:218 - (OptionalMessage_ERROR) IP (DMA) : Parameter (Direction) has Id (ADC2) currently not set
2025-05-27 13:54:37,506 [INFO] ImportTextPane:218 - (OptionalMessage_ERROR) IP (DMA) : Parameter (PeriphInc) has Id (ADC2) currently not set
2025-05-27 13:54:37,506 [INFO] ImportTextPane:218 - (OptionalMessage_ERROR) IP (DMA) : Parameter (MemInc) has Id (ADC2) currently not set
2025-05-27 13:54:37,506 [INFO] ImportTextPane:218 - (OptionalMessage_ERROR) IP (DMA) : Parameter (PeriphDataAlignment) has Id (ADC2) currently not set
2025-05-27 13:54:37,506 [INFO] ImportTextPane:218 - (OptionalMessage_ERROR) IP (DMA) : Parameter (MemDataAlignment) has Id (ADC2) currently not set
2025-05-27 13:54:37,506 [INFO] ImportTextPane:218 - (OptionalMessage_ERROR) IP (DMA) : Parameter (Mode) has Id (ADC2) currently not set
2025-05-27 13:54:37,506 [INFO] ImportTextPane:218 - (OptionalMessage_ERROR) IP (DMA) : Parameter (Priority) has Id (ADC2) currently not set
2025-05-27 13:54:37,507 [INFO] ImportTextPane:218 - (OptionalMessage_ERROR) IP (DMA) : Parameter (SignalID) has Id (ADC2) currently not set
2025-05-27 13:54:37,507 [INFO] ImportTextPane:218 - (OptionalMessage_ERROR) IP (DMA) : Parameter (Polarity) has Id (ADC2) currently not set
2025-05-27 13:54:37,507 [INFO] ImportTextPane:218 - (OptionalMessage_ERROR) IP (DMA) : Parameter (RequestNumber) has Id (ADC2) currently not set
2025-05-27 13:54:37,507 [INFO] ImportTextPane:218 - (OptionalMessage_ERROR) IP (DMA) : Parameter (SyncSignalID) has Id (ADC2) currently not set
2025-05-27 13:54:37,507 [INFO] ImportTextPane:218 - (OptionalMessage_ERROR) IP (DMA) : Parameter (SyncPolarity) has Id (ADC2) currently not set
2025-05-27 13:54:37,507 [INFO] ImportTextPane:218 - (OptionalMessage_ERROR) IP (DMA) : Parameter (SyncEnable) has Id (ADC2) currently not set
2025-05-27 13:54:37,507 [INFO] ImportTextPane:218 - (OptionalMessage_ERROR) IP (DMA) : Parameter (EventEnable) has Id (ADC2) currently not set
2025-05-27 13:54:37,507 [INFO] ImportTextPane:218 - (OptionalMessage_ERROR) IP (DMA) : Parameter (SyncRequestNumber) has Id (ADC2) currently not set
2025-05-27 13:54:37,508 [WARN] IP:2250 - MessageRAMOffset not found: check if there is a RefParameter without a condition.
2025-05-27 13:54:37,509 [WARN] IP:2250 - RxFifo0ElmtsNbr not found: check if there is a RefParameter without a condition.
2025-05-27 13:54:37,510 [WARN] IP:2250 - RxFifo0ElmtSize not found: check if there is a RefParameter without a condition.
2025-05-27 13:54:37,510 [WARN] IP:2250 - RxFifo1ElmtsNbr not found: check if there is a RefParameter without a condition.
2025-05-27 13:54:37,510 [WARN] IP:2250 - RxFifo1ElmtSize not found: check if there is a RefParameter without a condition.
2025-05-27 13:54:37,510 [WARN] IP:2250 - RxBuffersNbr not found: check if there is a RefParameter without a condition.
2025-05-27 13:54:37,510 [WARN] IP:2250 - RxBufferSize not found: check if there is a RefParameter without a condition.
2025-05-27 13:54:37,510 [WARN] IP:2250 - TxEventsNbr not found: check if there is a RefParameter without a condition.
2025-05-27 13:54:37,511 [WARN] IP:2250 - TxBuffersNbr not found: check if there is a RefParameter without a condition.
2025-05-27 13:54:37,511 [WARN] IP:2250 - TxFifoQueueElmtsNbr not found: check if there is a RefParameter without a condition.
2025-05-27 13:54:37,511 [WARN] IP:2250 - TxElmtSize not found: check if there is a RefParameter without a condition.
2025-05-27 13:54:37,511 [WARN] IP:2250 - ClockCalibrationCCU not found: check if there is a RefParameter without a condition.
2025-05-27 13:54:37,511 [WARN] IP:2250 - ClockDividerCCU not found: check if there is a RefParameter without a condition.
2025-05-27 13:54:37,512 [WARN] IP:2250 - MinOscClkPeriodsCCU not found: check if there is a RefParameter without a condition.
2025-05-27 13:54:37,512 [WARN] IP:2250 - TimeQuantaPerBitTimeCCU not found: check if there is a RefParameter without a condition.
2025-05-27 13:54:37,512 [WARN] IP:2250 - WatchdogStartValueCCU not found: check if there is a RefParameter without a condition.
2025-05-27 13:54:37,548 [INFO] ImportTextPane:218 - (OptionalMessage_ERROR) IP (RCC) : Invalid parameter (FamilyName)
2025-05-27 13:54:38,420 [INFO] ApiDb:581 - Connected to CubeFinder SQLite database (C:\Users\pwlub\.stmcufinder\plugins\mcufinder\mcu\cube-finder-db.db)
2025-05-27 13:54:38,638 [INFO] ApiDb:668 - CubeFinder database Data Model version=2.1
2025-05-27 13:54:38,638 [INFO] ApiDb:669 - CubeFinder database Configuration version=3.0.39
2025-05-27 13:54:38,638 [INFO] ApiDb:670 - CubeFinder database generation date=2025-03-24 (1742811287)
2025-05-27 13:54:38,638 [INFO] ApiDb:671 - CubeFinder database FW Pack versions=[FP-ATR-ASTRA1_V2.0.0, FP-SNS-FLIGHT1_V5.0.2, FP-SNS-MOTENV1_V5.0.0, FP-SNS-MOTENVWB1_V1.4.0, FP-SNS-SMARTAG2_V1.2.0, FP-SNS-STBOX1_V2.0.0, STM32Cube_FW_C0_V1.4.0, STM32Cube_FW_F4_V1.28.1, STM32Cube_FW_F7_V1.17.2, STM32Cube_FW_G0_V1.6.2, STM32Cube_FW_G4_V1.6.1, STM32Cube_FW_H5_V1.5.0, STM32Cube_FW_H7RS_V1.2.0, STM32Cube_FW_H7_V1.12.1, STM32Cube_FW_L0_V1.12.2, STM32Cube_FW_L4_V1.18.1, STM32Cube_FW_L5_V1.5.1, STM32Cube_FW_N6_V1.1.0, STM32Cube_FW_U0_V1.2.0, STM32Cube_FW_U3_V1.1.0, STM32Cube_FW_U5_V1.7.0, STM32Cube_FW_WB0_V1.2.0, STM32Cube_FW_WBA_V1.6.0, STM32Cube_FW_WB_V1.22.0, STM32Cube_FW_WL3_V1.1.0, STM32Cube_FW_WL_V1.3.1, X-CUBE-ALGOBUILD_V1.4.0, X-CUBE-ALS_V1.0.2, X-CUBE-AZRTOS-F4_V1.1.0, X-CUBE-AZRTOS-F7_V1.1.0, X-CUBE-AZRTOS-G0_V1.1.0, X-CUBE-AZRTOS-G4_V2.0.0, X-CUBE-AZRTOS-H7RS_V1.0.0, X-CUBE-AZRTOS-H7_V3.3.0, X-CUBE-AZRTOS-L4_V2.0.0, X-CUBE-AZRTOS-L5_V2.0.0, X-CUBE-AZRTOS-WB_V2.0.0, X-CUBE-AZRTOS-WL_V2.0.0, X-CUBE-BLE1_V7.1.0, X-CUBE-BLE2_V3.3.0, X-CUBE-BLEMGR_V4.0.0, X-CUBE-EEPRMA1_V5.1.0, X-CUBE-FREERTOS_V1.3.0, X-CUBE-GNSS1_V6.0.0, X-CUBE-MEMS1_V11.1.0, X-CUBE-NFC4_V3.0.0, X-CUBE-NFC7_V1.0.1, X-CUBE-SFXS2LP1_V4.0.0, X-CUBE-SUBG2_V5.0.0, X-CUBE-TOF1_V3.4.2]
2025-05-27 13:54:38,883 [INFO] DbBoardsSqlite:226 - include board P-NUCLEO-WB55-NUCLEO as a kit item of type 'Nucleo-64'
2025-05-27 13:54:38,884 [INFO] DbBoardsSqlite:226 - include board P-NUCLEO-WB55-USBDONGLE as a kit item of type 'Nucleo USB Dongle'
2025-05-27 13:54:38,886 [INFO] DbBoardsSqlite:226 - include board STEVAL-IDP005V1 as a kit item of type 'Evaluation Board'
2025-05-27 13:54:38,886 [INFO] DbBoardsSqlite:226 - include board STEVAL-IDP005V2 as a kit item of type 'Evaluation Board'
2025-05-27 13:54:40,307 [INFO] ApiDb:240 - Found 895 in-development CPN: [B-G473E-ZEST1S, B-WB1M-WPAN1, B-WBA5M-WPAN, B-WL5M-SUBG1, NUCLEO-C031C6, NUCLEO-C051C8, NUCLEO-C071RB, NUCLEO-C092RC, NUCLEO-H503RB, NUCLEO-H533RE, NUCLEO-H563ZI, NUCLEO-H7S3L8, NUCLEO-N657X0-Q, NUCLEO-U031R8, NUCLEO-U083RC, NUCLEO-U385RG-Q, NUCLEO-U545RE-Q, NUCLEO-U5A5ZJ-Q, NUCLEO-WB05KZ, NUCLEO-WB07CC, NUCLEO-WB09KE, NUCLEO-WBA52CG, NUCLEO-WBA55CG, NUCLEO-WBA65RI, NUCLEO-WL33CC1, NUCLEO-WL33CC2, STEVAL-PROTEUS1, STEVAL-SMARTAG2, STEVAL-STWINBX1, STM320518-EVAL, STM32C0116-DK, STM32C011D6Y3TR, STM32C011D6Y6TR, STM32C011F4P3, STM32C011F4P6, STM32C011F4U3, STM32C011F4U6TR, STM32C011F6P3, STM32C011F6P6, STM32C011F6U3, STM32C011F6U6TR, STM32C011J4M3, STM32C011J4M6, STM32C011J6M3, STM32C011J6M6, STM32C0316-DK, STM32C031C4T3, STM32C031C4T6, STM32C031C4U3, STM32C031C4U6, STM32C031C6T3, STM32C031C6T6, STM32C031C6U3, STM32C031C6U6, STM32C031F4P3, STM32C031F4P6, STM32C031F6P3, STM32C031F6P6, STM32C031G4U3, STM32C031G4U6, STM32C031G6U3, STM32C031G6U6, STM32C031K4T3, STM32C031K4T6, STM32C031K4U3, STM32C031K4U6, STM32C031K6T3, STM32C031K6T6, STM32C031K6U3, STM32C031K6U6, STM32C051C6T6, STM32C051C6U6, STM32C051C8T6, STM32C051C8U6, STM32C051D8Y6TR, STM32C051F6P6, STM32C051F8P6, STM32C051G6U6, STM32C051G8U6, STM32C051K6T6, STM32C051K6U6, STM32C051K8T6, STM32C071C8T6, STM32C071C8T6N, STM32C071C8U6, STM32C071C8U6N, STM32C071CBT6, STM32C071CBT6N, STM32C071CBU6, STM32C071CBU6N, STM32C071F8P6, STM32C071F8P6N, STM32C071FBP6, STM32C071FBP6N, STM32C071FBY6TR, STM32C071G8U6, STM32C071G8U6N, STM32C071GBU6, STM32C071GBU6N, STM32C071K8T6, STM32C071K8T6N, STM32C071K8U6, STM32C071K8U6N, STM32C071KBT6, STM32C071KBT6N, STM32C071KBU6, STM32C071KBU6N, STM32C071R8T6, STM32C071R8T6N, STM32C071RBI6N, STM32C071RBT6, STM32C071RBT6N, STM32C091CBT6, STM32C091CBU6, STM32C091CCT6, STM32C091CCU6, STM32C091ECY6TR, STM32C091FBP6, STM32C091FCP6, STM32C091GBU6, STM32C091GCU6, STM32C091KBT6, STM32C091KBU6, STM32C091KCT6, STM32C091KCU6, STM32C091RBT6, STM32C091RCI6, STM32C091RCT6, STM32C092CBT6, STM32C092CBU6, STM32C092CCT6, STM32C092CCU6, STM32C092ECY6TR, STM32C092FBP6, STM32C092FCP6, STM32C092GBU6, STM32C092GCU6, STM32C092KBT6, STM32C092KBU6, STM32C092KCT6, STM32C092KCU6, STM32C092RBT6, STM32C092RCI6, STM32C092RCT6, STM32G071K8TXN, STM32G071K8UXN, STM32G081GBU6N, STM32G081KBT6N, STM32G081KBUXN, STM32G0B1CCT6N, STM32G0B1KCT6, STM32G0B1NEY6TR, STM32G0B1RCT6N, STM32G0C1CCT6, STM32G0C1CCT6N, STM32G0C1CCU6N, STM32G0C1CET6N, STM32G0C1CEU6N, STM32G0C1KCT6, STM32G0C1NEY6TR, STM32G0C1RCI6N, STM32G0C1RCT6N, STM32G0C1REI6N, STM32G0C1RET6N, STM32G0C1VCI6, STM32G0C1VEI6, STM32G411C6T3, STM32G411C6T6, STM32G411C6U3, STM32G411C6U6, STM32G411C8T3, STM32G411C8T6, STM32G411C8U3, STM32G411C8U6, STM32G411CBT3, STM32G411CBT6, STM32G411CBU3, STM32G411CBU6, STM32G411CCT3, STM32G411CCT6, STM32G411CCU3, STM32G411CCU6, STM32G411K6T3, STM32G411K6T6, STM32G411K6U3, STM32G411K6U6, STM32G411K8T3, STM32G411K8T6, STM32G411K8U3, STM32G411K8U6, STM32G411KBT3, STM32G411KBT6, STM32G411KBU3, STM32G411KBU6, STM32G411M6T3, STM32G411M6T6, STM32G411M8T3, STM32G411M8T6, STM32G411MBT3, STM32G411MBT6, STM32G411MCT3, STM32G411MCT6, STM32G411R6T3, STM32G411R6T6, STM32G411R8T3, STM32G411R8T6, STM32G411RBT3, STM32G411RBT6, STM32G411RCT3, STM32G411RCT6, STM32G414CBT3, STM32G414CBT6, STM32G414CBU3, STM32G414CBU6, STM32G414CCT3, STM32G414CCT6, STM32G414CCU3, STM32G414CCU6, STM32G414MBT3, STM32G414MBT6, STM32G414MCT3, STM32G414MCT6, STM32G414RBT3, STM32G414RBT6, STM32G414RCT3, STM32G414RCT6, STM32G414VBT3, STM32G414VBT6, STM32G414VCT3, STM32G414VCT6, STM32G431CBT3Z, STM32G431RBT3Z, STM32G471CCT6, STM32G471CCU6, STM32G471CET3, STM32G471CET6, STM32G471CEU3, STM32G471CEU6, STM32G471MCT6, STM32G471MET3, STM32G471MET6, STM32G471MEY6TR, STM32G471QCT6, STM32G471QET3, STM32G471RCT6, STM32G471RET3, STM32G471RET6, STM32G471VCH6, STM32G471VCI6, STM32G471VCT6, STM32G471VEH3, STM32G471VEH6, STM32G471VEI3, STM32G471VEI6, STM32G471VET3, STM32G471VET6, STM32G473QET3Z, STM32G473RET3Z, STM32G474CCT6, STM32G491RET3Z, STM32H503CBT6, STM32H503CBU6, STM32H503EBY6TR, STM32H503KBU6, STM32H503RBT6, STM32H523CCT6, STM32H523CCU6, STM32H523CET6, STM32H523CEU6, STM32H523HEY6TR, STM32H523RCT6, STM32H523RET6, STM32H523VCI6, STM32H523VCT6, STM32H523VEI6, STM32H523VET6, STM32H523ZCJ6, STM32H523ZCT6, STM32H523ZEJ6, STM32H523ZET6, STM32H533CET6, STM32H533CEU6, STM32H533HEY6TR, STM32H533RET6, STM32H533VEI6, STM32H533VET6, STM32H533ZEJ6, STM32H533ZET6, STM32H562AGI6, STM32H562AII6, STM32H562IGK6, STM32H562IGT6, STM32H562IIK6, STM32H562IIT6, STM32H562RGT6, STM32H562RGV6, STM32H562RIT6, STM32H562RIV6, STM32H562VGT6, STM32H562VIT6, STM32H562ZGT6, STM32H562ZIT6, STM32H563AGI6, STM32H563AII3Q, STM32H563AII6, STM32H563IGK6, STM32H563IGT6, STM32H563IIK3Q, STM32H563IIK6, STM32H563IIT3Q, STM32H563IIT6, STM32H563MIY3QTR, STM32H563RGT6, STM32H563RGV6, STM32H563RIT6, STM32H563RIV6, STM32H563VGT6, STM32H563VIT3Q, STM32H563VIT6, STM32H563ZGT6, STM32H563ZIT3Q, STM32H563ZIT6, STM32H573AII3Q, STM32H573AII6, STM32H573I-DK, STM32H573IIK3Q, STM32H573IIK6, STM32H573IIT3Q, STM32H573IIT6, STM32H573MIY3QTR, STM32H573RIT6, STM32H573RIV6, STM32H573VIT3Q, STM32H573VIT6, STM32H573ZIT3Q, STM32H573ZIT6, STM32H7R3A8I6, STM32H7R3I8K6, STM32H7R3I8T6, STM32H7R3L8H6, STM32H7R3L8H6H, STM32H7R3R8V6, STM32H7R3V8H6, STM32H7R3V8T6, STM32H7R3V8Y6TR, STM32H7R3Z8J6, STM32H7R3Z8T6, STM32H7R7A8I6, STM32H7R7I8K6, STM32H7R7I8T6, STM32H7R7L8H6, STM32H7R7L8H6H, STM32H7R7Z8J6, STM32H7S3A8I6, STM32H7S3I8K6, STM32H7S3I8T6, STM32H7S3L8H6, STM32H7S3L8H6H, STM32H7S3R8V6, STM32H7S3V8H6, STM32H7S3V8T6, STM32H7S3V8Y6TR, STM32H7S3Z8J6, STM32H7S3Z8T6, STM32H7S78-DK, STM32H7S7A8I6, STM32H7S7I8K6, STM32H7S7I8T6, STM32H7S7L8H6, STM32H7S7L8H6H, STM32H7S7Z8J6, STM32L4R5QGI6STR, STM32MP131AAE3, STM32MP131AAF3, STM32MP131AAG3, STM32MP131CAE3, STM32MP131CAF3, STM32MP131CAG3, STM32MP131DAE7, STM32MP131DAF7, STM32MP131DAG7, STM32MP131FAE7, STM32MP131FAF7, STM32MP131FAG7, STM32MP133AAE3, STM32MP133AAF3, STM32MP133AAG3, STM32MP133CAE3, STM32MP133CAF3, STM32MP133CAG3, STM32MP133DAE7, STM32MP133DAF7, STM32MP133DAG7, STM32MP133FAE7, STM32MP133FAF7, STM32MP133FAG7, STM32MP135AAE3, STM32MP135AAF3, STM32MP135AAG3, STM32MP135CAE3, STM32MP135CAF3, STM32MP135CAG3, STM32MP135DAE7, STM32MP135DAF7, STM32MP135DAG7, STM32MP135F-DK, STM32MP135FAE7, STM32MP135FAF7, STM32MP135FAF7T, STM32MP135FAF7U, STM32MP135FAG7, STM32MP231AAJ3, STM32MP231AAK3, STM32MP231AAL3, STM32MP231CAJ3, STM32MP231CAK3, STM32MP231CAL3, STM32MP231DAJ3, STM32MP231DAK3, STM32MP231DAL3, STM32MP231FAJ3, STM32MP231FAK3, STM32MP231FAL3, STM32MP233AAJ3, STM32MP233AAK3, STM32MP233AAL3, STM32MP233CAJ3, STM32MP233CAK3, STM32MP233CAL3, STM32MP233DAJ3, STM32MP233DAK3, STM32MP233DAL3, STM32MP233FAJ3, STM32MP233FAK3, STM32MP233FAL3, STM32MP235AAJ3, STM32MP235AAK3, STM32MP235AAL3, STM32MP235CAJ3, STM32MP235CAK3, STM32MP235CAL3, STM32MP235DAJ3, STM32MP235DAK3, STM32MP235DAL3, STM32MP235FAJ3, STM32MP235FAK3, STM32MP235FAL3, STM32MP251AAI3, STM32MP251AAJ3, STM32MP251AAK3, STM32MP251AAL3, STM32MP251CAI3, STM32MP251CAJ3, STM32MP251CAK3, STM32MP251CAL3, STM32MP251DAI3, STM32MP251DAJ3, STM32MP251DAK3, STM32MP251DAL3, STM32MP251FAI3, STM32MP251FAJ3, STM32MP251FAK3, STM32MP251FAL3, STM32MP253AAI3, STM32MP253AAJ3, STM32MP253AAK3, STM32MP253AAL3, STM32MP253CAI3, STM32MP253CAJ3, STM32MP253CAK3, STM32MP253CAL3, STM32MP253DAI3, STM32MP253DAJ3, STM32MP253DAK3, STM32MP253DAL3, STM32MP253FAI3, STM32MP253FAJ3, STM32MP253FAK3, STM32MP253FAL3, STM32MP255AAI3, STM32MP255AAJ3, STM32MP255AAK3, STM32MP255AAL3, STM32MP255CAI3, STM32MP255CAJ3, STM32MP255CAK3, STM32MP255CAL3, STM32MP255DAI3, STM32MP255DAJ3, STM32MP255DAK3, STM32MP255DAL3, STM32MP255FAI3, STM32MP255FAJ3, STM32MP255FAK3, STM32MP255FAL3, STM32MP257AAI3, STM32MP257AAJ3, STM32MP257AAK3, STM32MP257AAL3, STM32MP257CAI3, STM32MP257CAJ3, STM32MP257CAK3, STM32MP257CAL3, STM32MP257DAI3, STM32MP257DAJ3, STM32MP257DAK3, STM32MP257DAL3, STM32MP257F-DK, STM32MP257F-EV1, STM32MP257FAI3, STM32MP257FAJ3, STM32MP257FAK3, STM32MP257FAL3, STM32N645A0H3Q, STM32N645B0H3Q, STM32N645I0H3Q, STM32N645L0H3Q, STM32N645X0H3Q, STM32N645Z0H3Q, STM32N647A0H3Q, STM32N647B0H3Q, STM32N647I0H3Q, STM32N647L0H3Q, STM32N647X0H3Q, STM32N647Z0H3Q, STM32N655A0H3Q, STM32N655B0H3Q, STM32N655I0H3Q, STM32N655L0H3Q, STM32N655X0H3Q, STM32N655Z0H3Q, STM32N6570-DK, STM32N657A0H3Q, STM32N657B0H3Q, STM32N657I0H3Q, STM32N657L0H3Q, STM32N657X0H3Q, STM32N657Z0H3Q, STM32U031C6T6, STM32U031C6U6, STM32U031C8T6, STM32U031C8U6, STM32U031F4P6, STM32U031F6P6, STM32U031F8P6, STM32U031G6Y6TR, STM32U031G8Y6TR, STM32U031K4U6, STM32U031K6U6, STM32U031K8U6, STM32U031R6I6, STM32U031R6T6, STM32U031R8I6, STM32U031R8T6, STM32U073C8T6, STM32U073C8U6, STM32U073CBT6, STM32U073CBU6, STM32U073CCT6, STM32U073CCU6, STM32U073H8Y6TR, STM32U073HBY6TR, STM32U073HCY6TR, STM32U073K8U6, STM32U073KBU6, STM32U073KCU6, STM32U073M8I6, STM32U073M8T6, STM32U073MBI6, STM32U073MBT6, STM32U073MCI6, STM32U073MCT6, STM32U073R8I6, STM32U073R8T6, STM32U073RBI6, STM32U073RBT6, STM32U073RCI6, STM32U073RCT6, STM32U083C-DK, STM32U083CCT6, STM32U083CCU6, STM32U083HCY6TR, STM32U083KCU6, STM32U083MCI6, STM32U083MCT6, STM32U083RCI6, STM32U083RCT6, STM32U375CET6, STM32U375CET6Q, STM32U375CEU6, STM32U375CEU6Q, STM32U375CEY6QTR, STM32U375CGT6, STM32U375CGT6Q, STM32U375CGU6, STM32U375CGU6Q, STM32U375CGY6QTR, STM32U375KEU6, STM32U375KGU6, STM32U375REI6, STM32U375REI6Q, STM32U375RET6, STM32U375RET6Q, STM32U375REY6GTR, STM32U375REY6QTR, STM32U375RGI6, STM32U375RGI6Q, STM32U375RGT6, STM32U375RGT6Q, STM32U375RGY6GTR, STM32U375RGY6QTR, STM32U375VEI6, STM32U375VEI6Q, STM32U375VET6, STM32U375VET6Q, STM32U375VGI6, STM32U375VGI6Q, STM32U375VGT6, STM32U375VGT6Q, STM32U385CGT6, STM32U385CGT6Q, STM32U385CGU6, STM32U385CGU6Q, STM32U385CGY6QTR, STM32U385KGU6, STM32U385RGI6, STM32U385RGI6Q, STM32U385RGT6, STM32U385RGT6Q, STM32U385RGY6GTR, STM32U385RGY6QTR, STM32U385VGI6, STM32U385VGI6Q, STM32U385VGT6, STM32U385VGT6Q, STM32U535CBT6, STM32U535CBT6Q, STM32U535CBU6, STM32U535CBU6Q, STM32U535CCT6, STM32U535CCT6Q, STM32U535CCU6, STM32U535CCU6Q, STM32U535CET6, STM32U535CET6Q, STM32U535CEU6, STM32U535CEU6Q, STM32U535JEY6QTR, STM32U535NCY6QTR, STM32U535NEY6QTR, STM32U535RBI6, STM32U535RBI6Q, STM32U535RBT6, STM32U535RBT6Q, STM32U535RCI6, STM32U535RCI6Q, STM32U535RCT6, STM32U535RCT6Q, STM32U535REI6, STM32U535REI6Q, STM32U535RET6, STM32U535RET6Q, STM32U535VCI6, STM32U535VCI6Q, STM32U535VCT6, STM32U535VCT6Q, STM32U535VEI6, STM32U535VEI6Q, STM32U535VET6, STM32U535VET6Q, STM32U545CET6, STM32U545CET6Q, STM32U545CEU6, STM32U545CEU6Q, STM32U545JEY6QTR, STM32U545NEY6QTR, STM32U545REI6, STM32U545REI6Q, STM32U545RET6, STM32U545RET6Q, STM32U545VEI6, STM32U545VEI6Q, STM32U545VET6, STM32U545VET6Q, STM32U595AIH6, STM32U595AIH6Q, STM32U595AJH6, STM32U595AJH6Q, STM32U595QII6, STM32U595QII6Q, STM32U595QJI6, STM32U595QJI6Q, STM32U595RIT6, STM32U595RIT6Q, STM32U595RJT6, STM32U595RJT6Q, STM32U595VIT6, STM32U595VIT6Q, STM32U595VJT6, STM32U595VJT6Q, STM32U595ZIT6, STM32U595ZIT6Q, STM32U595ZIY6QTR, STM32U595ZJT6, STM32U595ZJT6Q, STM32U595ZJY6QTR, STM32U599BJY6QTR, STM32U599NIH6Q, STM32U599NJH6Q, STM32U599VIT6Q, STM32U599VJT6, STM32U599VJT6Q, STM32U599ZIT6Q, STM32U599ZIY6QTR, STM32U599ZJT6Q, STM32U599ZJY6QTR, STM32U5A5AJH6, STM32U5A5AJH6Q, STM32U5A5QII3Q , STM32U5A5QJI6, STM32U5A5QJI6Q, STM32U5A5RJT6, STM32U5A5RJT6Q, STM32U5A5VJT6, STM32U5A5VJT6Q, STM32U5A5ZJT6, STM32U5A5ZJT6Q, STM32U5A5ZJY6QTR, STM32U5A9BJY6QTR, STM32U5A9J-DK, STM32U5A9NJH6Q, STM32U5A9VJT6Q, STM32U5A9ZJT6Q, STM32U5A9ZJY6QTR, STM32U5F7VIT6, STM32U5F7VIT6Q, STM32U5F7VJT6, STM32U5F7VJT6Q, STM32U5F9BJY6QTR, STM32U5F9NJH6Q, STM32U5F9VIT6Q, STM32U5F9VJT6Q, STM32U5F9ZIJ6QTR, STM32U5F9ZIT6Q, STM32U5F9ZJJ6QTR, STM32U5F9ZJT6Q, STM32U5G7VJT6, STM32U5G7VJT6Q, STM32U5G9BJY6QTR, STM32U5G9J-DK1, STM32U5G9J-DK2, STM32U5G9NJH6Q, STM32U5G9VJT6Q, STM32U5G9ZJJ6QTR, STM32U5G9ZJT6Q, STM32WB05KZV6TR, STM32WB05KZV7TR, STM32WB05TZF6TR, STM32WB05TZF7TR, STM32WB06CCF6TR, STM32WB06CCF7TR, STM32WB06CCV6TR, STM32WB06CCV7TR, STM32WB06KCV6TR, STM32WB06KCV7TR, STM32WB07CCF6TR, STM32WB07CCF7TR, STM32WB07CCV6TR, STM32WB07CCV7TR, STM32WB07KCV6TR, STM32WB07KCV7TR, STM32WB09KEV6TR, STM32WB09KEV7TR, STM32WB09TEF6TR, STM32WB09TEF7TR, STM32WB1MMCH6, STM32WBA50KGU6, STM32WBA50KGU6TR, STM32WBA52CEU6, STM32WBA52CEU6TR, STM32WBA52CEU7, STM32WBA52CEU7TR, STM32WBA52CGU6, STM32WBA52CGU6TR, STM32WBA52CGU6U, STM32WBA52CGU7, STM32WBA52CGU7TR, STM32WBA52KEU6, STM32WBA52KEU6TR, STM32WBA52KGU6, STM32WBA52KGU6TR, STM32WBA54CEU6, STM32WBA54CEU6TR, STM32WBA54CEU7, STM32WBA54CEU7TR, STM32WBA54CGU6, STM32WBA54CGU6TR, STM32WBA54CGU7, STM32WBA54CGU7TR, STM32WBA54KEU6, STM32WBA54KEU6TR, STM32WBA54KEU7, STM32WBA54KEU7TR, STM32WBA54KGU6, STM32WBA54KGU6TR, STM32WBA54KGU7, STM32WBA54KGU7TR, STM32WBA55CEU6, STM32WBA55CEU6TR, STM32WBA55CEU7, STM32WBA55CEU7TR, STM32WBA55CGU6, STM32WBA55CGU6TR, STM32WBA55CGU6U, STM32WBA55CGU7, STM32WBA55CGU7TR, STM32WBA55G-DK1, STM32WBA55HEF6, STM32WBA55HEF7, STM32WBA55HGF6, STM32WBA55HGF7, STM32WBA55UEI6, STM32WBA55UEI6TR, STM32WBA55UEI7, STM32WBA55UEI7TR, STM32WBA55UGI6, STM32WBA55UGI6TR, STM32WBA55UGI7, STM32WBA55UGI7TR, STM32WBA5MJGH6TR, STM32WBA62CGU6, STM32WBA62CIU6, STM32WBA62MGF6, STM32WBA62MIF6, STM32WBA62PGI6, STM32WBA62PII6, STM32WBA63CGU6, STM32WBA63CGU7, STM32WBA63CIU6, STM32WBA63CIU7, STM32WBA64CGU6, STM32WBA64CGU7, STM32WBA64CIU6, STM32WBA64CIU7, STM32WBA65CGU6, STM32WBA65CGU7, STM32WBA65CIU6, STM32WBA65CIU7, STM32WBA65I-DK1, STM32WBA65MGF6, STM32WBA65MGF7, STM32WBA65MIF6, STM32WBA65MIF7, STM32WBA65PGI6, STM32WBA65PGI7, STM32WBA65PII6, STM32WBA65PII7, STM32WBA65RGV6, STM32WBA65RGV7, STM32WBA65RIV6, STM32WBA65RIV7, STM32WL30K8V6, STM32WL30KBV6, STM32WL31C8V6, STM32WL31CBV6, STM32WL31K8V6, STM32WL31KBV6, STM32WL33C8V6, STM32WL33C8V6TR, STM32WL33C8V7, STM32WL33C8V7TR, STM32WL33CBV6, STM32WL33CBV6TR, STM32WL33CBV7, STM32WL33CBV7TR, STM32WL33CCV6, STM32WL33CCV6TR, STM32WL33CCV7, STM32WL33CCV7A, STM32WL33CCV7ATR, STM32WL33CCV7TR, STM32WL33K8V6, STM32WL33K8V6TR, STM32WL33K8V7, STM32WL33K8V7TR, STM32WL33KBV6, STM32WL33KBV6TR, STM32WL33KBV7, STM32WL33KBV7TR, STM32WL33KCV6, STM32WL33KCV6TR, STM32WL33KCV7, STM32WL33KCV7TR, STM32WL5MOCH6, STM32WL5MOCH6TR]
2025-05-27 13:54:40,716 [INFO] BoardInfo:889 - No configuration file found for board P-NUCLEO-WB55
2025-05-27 13:54:40,719 [INFO] DbBoards:161 - Kit is not supported: P-NUCLEO-WB55
2025-05-27 13:54:40,734 [INFO] BoardInfo:889 - No configuration file found for board STEVAL-BFA001V1B
2025-05-27 13:54:40,736 [INFO] DbBoards:161 - Kit is not supported: STEVAL-BFA001V1B
2025-05-27 13:54:40,738 [INFO] BoardInfo:889 - No configuration file found for board STEVAL-BFA001V2B
2025-05-27 13:54:40,739 [INFO] DbBoards:161 - Kit is not supported: STEVAL-BFA001V2B
2025-05-27 13:54:41,102 [INFO] DbBoards:168 - Found 211 boards, 208 are supported
2025-05-27 13:54:41,102 [INFO] DbBoards:169 - Found 211 boards, 43 of them is supported for  Bsp
2025-05-27 13:54:41,110 [INFO] ApiDb:668 - CubeFinder database Data Model version=2.1
2025-05-27 13:54:41,111 [INFO] ApiDb:669 - CubeFinder database Configuration version=3.0.39
2025-05-27 13:54:41,111 [INFO] ApiDb:670 - CubeFinder database generation date=2025-03-24 (1742811287)
2025-05-27 13:54:41,111 [INFO] ApiDb:671 - CubeFinder database FW Pack versions=[FP-ATR-ASTRA1_V2.0.0, FP-SNS-FLIGHT1_V5.0.2, FP-SNS-MOTENV1_V5.0.0, FP-SNS-MOTENVWB1_V1.4.0, FP-SNS-SMARTAG2_V1.2.0, FP-SNS-STBOX1_V2.0.0, STM32Cube_FW_C0_V1.4.0, STM32Cube_FW_F4_V1.28.1, STM32Cube_FW_F7_V1.17.2, STM32Cube_FW_G0_V1.6.2, STM32Cube_FW_G4_V1.6.1, STM32Cube_FW_H5_V1.5.0, STM32Cube_FW_H7RS_V1.2.0, STM32Cube_FW_H7_V1.12.1, STM32Cube_FW_L0_V1.12.2, STM32Cube_FW_L4_V1.18.1, STM32Cube_FW_L5_V1.5.1, STM32Cube_FW_N6_V1.1.0, STM32Cube_FW_U0_V1.2.0, STM32Cube_FW_U3_V1.1.0, STM32Cube_FW_U5_V1.7.0, STM32Cube_FW_WB0_V1.2.0, STM32Cube_FW_WBA_V1.6.0, STM32Cube_FW_WB_V1.22.0, STM32Cube_FW_WL3_V1.1.0, STM32Cube_FW_WL_V1.3.1, X-CUBE-ALGOBUILD_V1.4.0, X-CUBE-ALS_V1.0.2, X-CUBE-AZRTOS-F4_V1.1.0, X-CUBE-AZRTOS-F7_V1.1.0, X-CUBE-AZRTOS-G0_V1.1.0, X-CUBE-AZRTOS-G4_V2.0.0, X-CUBE-AZRTOS-H7RS_V1.0.0, X-CUBE-AZRTOS-H7_V3.3.0, X-CUBE-AZRTOS-L4_V2.0.0, X-CUBE-AZRTOS-L5_V2.0.0, X-CUBE-AZRTOS-WB_V2.0.0, X-CUBE-AZRTOS-WL_V2.0.0, X-CUBE-BLE1_V7.1.0, X-CUBE-BLE2_V3.3.0, X-CUBE-BLEMGR_V4.0.0, X-CUBE-EEPRMA1_V5.1.0, X-CUBE-FREERTOS_V1.3.0, X-CUBE-GNSS1_V6.0.0, X-CUBE-MEMS1_V11.1.0, X-CUBE-NFC4_V3.0.0, X-CUBE-NFC7_V1.0.1, X-CUBE-SFXS2LP1_V4.0.0, X-CUBE-SUBG2_V5.0.0, X-CUBE-TOF1_V3.4.2]
2025-05-27 13:54:43,782 [INFO] ApiDb:240 - Found 895 in-development CPN: [B-G473E-ZEST1S, B-WB1M-WPAN1, B-WBA5M-WPAN, B-WL5M-SUBG1, NUCLEO-C031C6, NUCLEO-C051C8, NUCLEO-C071RB, NUCLEO-C092RC, NUCLEO-H503RB, NUCLEO-H533RE, NUCLEO-H563ZI, NUCLEO-H7S3L8, NUCLEO-N657X0-Q, NUCLEO-U031R8, NUCLEO-U083RC, NUCLEO-U385RG-Q, NUCLEO-U545RE-Q, NUCLEO-U5A5ZJ-Q, NUCLEO-WB05KZ, NUCLEO-WB07CC, NUCLEO-WB09KE, NUCLEO-WBA52CG, NUCLEO-WBA55CG, NUCLEO-WBA65RI, NUCLEO-WL33CC1, NUCLEO-WL33CC2, STEVAL-PROTEUS1, STEVAL-SMARTAG2, STEVAL-STWINBX1, STM320518-EVAL, STM32C0116-DK, STM32C011D6Y3TR, STM32C011D6Y6TR, STM32C011F4P3, STM32C011F4P6, STM32C011F4U3, STM32C011F4U6TR, STM32C011F6P3, STM32C011F6P6, STM32C011F6U3, STM32C011F6U6TR, STM32C011J4M3, STM32C011J4M6, STM32C011J6M3, STM32C011J6M6, STM32C0316-DK, STM32C031C4T3, STM32C031C4T6, STM32C031C4U3, STM32C031C4U6, STM32C031C6T3, STM32C031C6T6, STM32C031C6U3, STM32C031C6U6, STM32C031F4P3, STM32C031F4P6, STM32C031F6P3, STM32C031F6P6, STM32C031G4U3, STM32C031G4U6, STM32C031G6U3, STM32C031G6U6, STM32C031K4T3, STM32C031K4T6, STM32C031K4U3, STM32C031K4U6, STM32C031K6T3, STM32C031K6T6, STM32C031K6U3, STM32C031K6U6, STM32C051C6T6, STM32C051C6U6, STM32C051C8T6, STM32C051C8U6, STM32C051D8Y6TR, STM32C051F6P6, STM32C051F8P6, STM32C051G6U6, STM32C051G8U6, STM32C051K6T6, STM32C051K6U6, STM32C051K8T6, STM32C071C8T6, STM32C071C8T6N, STM32C071C8U6, STM32C071C8U6N, STM32C071CBT6, STM32C071CBT6N, STM32C071CBU6, STM32C071CBU6N, STM32C071F8P6, STM32C071F8P6N, STM32C071FBP6, STM32C071FBP6N, STM32C071FBY6TR, STM32C071G8U6, STM32C071G8U6N, STM32C071GBU6, STM32C071GBU6N, STM32C071K8T6, STM32C071K8T6N, STM32C071K8U6, STM32C071K8U6N, STM32C071KBT6, STM32C071KBT6N, STM32C071KBU6, STM32C071KBU6N, STM32C071R8T6, STM32C071R8T6N, STM32C071RBI6N, STM32C071RBT6, STM32C071RBT6N, STM32C091CBT6, STM32C091CBU6, STM32C091CCT6, STM32C091CCU6, STM32C091ECY6TR, STM32C091FBP6, STM32C091FCP6, STM32C091GBU6, STM32C091GCU6, STM32C091KBT6, STM32C091KBU6, STM32C091KCT6, STM32C091KCU6, STM32C091RBT6, STM32C091RCI6, STM32C091RCT6, STM32C092CBT6, STM32C092CBU6, STM32C092CCT6, STM32C092CCU6, STM32C092ECY6TR, STM32C092FBP6, STM32C092FCP6, STM32C092GBU6, STM32C092GCU6, STM32C092KBT6, STM32C092KBU6, STM32C092KCT6, STM32C092KCU6, STM32C092RBT6, STM32C092RCI6, STM32C092RCT6, STM32G071K8TXN, STM32G071K8UXN, STM32G081GBU6N, STM32G081KBT6N, STM32G081KBUXN, STM32G0B1CCT6N, STM32G0B1KCT6, STM32G0B1NEY6TR, STM32G0B1RCT6N, STM32G0C1CCT6, STM32G0C1CCT6N, STM32G0C1CCU6N, STM32G0C1CET6N, STM32G0C1CEU6N, STM32G0C1KCT6, STM32G0C1NEY6TR, STM32G0C1RCI6N, STM32G0C1RCT6N, STM32G0C1REI6N, STM32G0C1RET6N, STM32G0C1VCI6, STM32G0C1VEI6, STM32G411C6T3, STM32G411C6T6, STM32G411C6U3, STM32G411C6U6, STM32G411C8T3, STM32G411C8T6, STM32G411C8U3, STM32G411C8U6, STM32G411CBT3, STM32G411CBT6, STM32G411CBU3, STM32G411CBU6, STM32G411CCT3, STM32G411CCT6, STM32G411CCU3, STM32G411CCU6, STM32G411K6T3, STM32G411K6T6, STM32G411K6U3, STM32G411K6U6, STM32G411K8T3, STM32G411K8T6, STM32G411K8U3, STM32G411K8U6, STM32G411KBT3, STM32G411KBT6, STM32G411KBU3, STM32G411KBU6, STM32G411M6T3, STM32G411M6T6, STM32G411M8T3, STM32G411M8T6, STM32G411MBT3, STM32G411MBT6, STM32G411MCT3, STM32G411MCT6, STM32G411R6T3, STM32G411R6T6, STM32G411R8T3, STM32G411R8T6, STM32G411RBT3, STM32G411RBT6, STM32G411RCT3, STM32G411RCT6, STM32G414CBT3, STM32G414CBT6, STM32G414CBU3, STM32G414CBU6, STM32G414CCT3, STM32G414CCT6, STM32G414CCU3, STM32G414CCU6, STM32G414MBT3, STM32G414MBT6, STM32G414MCT3, STM32G414MCT6, STM32G414RBT3, STM32G414RBT6, STM32G414RCT3, STM32G414RCT6, STM32G414VBT3, STM32G414VBT6, STM32G414VCT3, STM32G414VCT6, STM32G431CBT3Z, STM32G431RBT3Z, STM32G471CCT6, STM32G471CCU6, STM32G471CET3, STM32G471CET6, STM32G471CEU3, STM32G471CEU6, STM32G471MCT6, STM32G471MET3, STM32G471MET6, STM32G471MEY6TR, STM32G471QCT6, STM32G471QET3, STM32G471RCT6, STM32G471RET3, STM32G471RET6, STM32G471VCH6, STM32G471VCI6, STM32G471VCT6, STM32G471VEH3, STM32G471VEH6, STM32G471VEI3, STM32G471VEI6, STM32G471VET3, STM32G471VET6, STM32G473QET3Z, STM32G473RET3Z, STM32G474CCT6, STM32G491RET3Z, STM32H503CBT6, STM32H503CBU6, STM32H503EBY6TR, STM32H503KBU6, STM32H503RBT6, STM32H523CCT6, STM32H523CCU6, STM32H523CET6, STM32H523CEU6, STM32H523HEY6TR, STM32H523RCT6, STM32H523RET6, STM32H523VCI6, STM32H523VCT6, STM32H523VEI6, STM32H523VET6, STM32H523ZCJ6, STM32H523ZCT6, STM32H523ZEJ6, STM32H523ZET6, STM32H533CET6, STM32H533CEU6, STM32H533HEY6TR, STM32H533RET6, STM32H533VEI6, STM32H533VET6, STM32H533ZEJ6, STM32H533ZET6, STM32H562AGI6, STM32H562AII6, STM32H562IGK6, STM32H562IGT6, STM32H562IIK6, STM32H562IIT6, STM32H562RGT6, STM32H562RGV6, STM32H562RIT6, STM32H562RIV6, STM32H562VGT6, STM32H562VIT6, STM32H562ZGT6, STM32H562ZIT6, STM32H563AGI6, STM32H563AII3Q, STM32H563AII6, STM32H563IGK6, STM32H563IGT6, STM32H563IIK3Q, STM32H563IIK6, STM32H563IIT3Q, STM32H563IIT6, STM32H563MIY3QTR, STM32H563RGT6, STM32H563RGV6, STM32H563RIT6, STM32H563RIV6, STM32H563VGT6, STM32H563VIT3Q, STM32H563VIT6, STM32H563ZGT6, STM32H563ZIT3Q, STM32H563ZIT6, STM32H573AII3Q, STM32H573AII6, STM32H573I-DK, STM32H573IIK3Q, STM32H573IIK6, STM32H573IIT3Q, STM32H573IIT6, STM32H573MIY3QTR, STM32H573RIT6, STM32H573RIV6, STM32H573VIT3Q, STM32H573VIT6, STM32H573ZIT3Q, STM32H573ZIT6, STM32H7R3A8I6, STM32H7R3I8K6, STM32H7R3I8T6, STM32H7R3L8H6, STM32H7R3L8H6H, STM32H7R3R8V6, STM32H7R3V8H6, STM32H7R3V8T6, STM32H7R3V8Y6TR, STM32H7R3Z8J6, STM32H7R3Z8T6, STM32H7R7A8I6, STM32H7R7I8K6, STM32H7R7I8T6, STM32H7R7L8H6, STM32H7R7L8H6H, STM32H7R7Z8J6, STM32H7S3A8I6, STM32H7S3I8K6, STM32H7S3I8T6, STM32H7S3L8H6, STM32H7S3L8H6H, STM32H7S3R8V6, STM32H7S3V8H6, STM32H7S3V8T6, STM32H7S3V8Y6TR, STM32H7S3Z8J6, STM32H7S3Z8T6, STM32H7S78-DK, STM32H7S7A8I6, STM32H7S7I8K6, STM32H7S7I8T6, STM32H7S7L8H6, STM32H7S7L8H6H, STM32H7S7Z8J6, STM32L4R5QGI6STR, STM32MP131AAE3, STM32MP131AAF3, STM32MP131AAG3, STM32MP131CAE3, STM32MP131CAF3, STM32MP131CAG3, STM32MP131DAE7, STM32MP131DAF7, STM32MP131DAG7, STM32MP131FAE7, STM32MP131FAF7, STM32MP131FAG7, STM32MP133AAE3, STM32MP133AAF3, STM32MP133AAG3, STM32MP133CAE3, STM32MP133CAF3, STM32MP133CAG3, STM32MP133DAE7, STM32MP133DAF7, STM32MP133DAG7, STM32MP133FAE7, STM32MP133FAF7, STM32MP133FAG7, STM32MP135AAE3, STM32MP135AAF3, STM32MP135AAG3, STM32MP135CAE3, STM32MP135CAF3, STM32MP135CAG3, STM32MP135DAE7, STM32MP135DAF7, STM32MP135DAG7, STM32MP135F-DK, STM32MP135FAE7, STM32MP135FAF7, STM32MP135FAF7T, STM32MP135FAF7U, STM32MP135FAG7, STM32MP231AAJ3, STM32MP231AAK3, STM32MP231AAL3, STM32MP231CAJ3, STM32MP231CAK3, STM32MP231CAL3, STM32MP231DAJ3, STM32MP231DAK3, STM32MP231DAL3, STM32MP231FAJ3, STM32MP231FAK3, STM32MP231FAL3, STM32MP233AAJ3, STM32MP233AAK3, STM32MP233AAL3, STM32MP233CAJ3, STM32MP233CAK3, STM32MP233CAL3, STM32MP233DAJ3, STM32MP233DAK3, STM32MP233DAL3, STM32MP233FAJ3, STM32MP233FAK3, STM32MP233FAL3, STM32MP235AAJ3, STM32MP235AAK3, STM32MP235AAL3, STM32MP235CAJ3, STM32MP235CAK3, STM32MP235CAL3, STM32MP235DAJ3, STM32MP235DAK3, STM32MP235DAL3, STM32MP235FAJ3, STM32MP235FAK3, STM32MP235FAL3, STM32MP251AAI3, STM32MP251AAJ3, STM32MP251AAK3, STM32MP251AAL3, STM32MP251CAI3, STM32MP251CAJ3, STM32MP251CAK3, STM32MP251CAL3, STM32MP251DAI3, STM32MP251DAJ3, STM32MP251DAK3, STM32MP251DAL3, STM32MP251FAI3, STM32MP251FAJ3, STM32MP251FAK3, STM32MP251FAL3, STM32MP253AAI3, STM32MP253AAJ3, STM32MP253AAK3, STM32MP253AAL3, STM32MP253CAI3, STM32MP253CAJ3, STM32MP253CAK3, STM32MP253CAL3, STM32MP253DAI3, STM32MP253DAJ3, STM32MP253DAK3, STM32MP253DAL3, STM32MP253FAI3, STM32MP253FAJ3, STM32MP253FAK3, STM32MP253FAL3, STM32MP255AAI3, STM32MP255AAJ3, STM32MP255AAK3, STM32MP255AAL3, STM32MP255CAI3, STM32MP255CAJ3, STM32MP255CAK3, STM32MP255CAL3, STM32MP255DAI3, STM32MP255DAJ3, STM32MP255DAK3, STM32MP255DAL3, STM32MP255FAI3, STM32MP255FAJ3, STM32MP255FAK3, STM32MP255FAL3, STM32MP257AAI3, STM32MP257AAJ3, STM32MP257AAK3, STM32MP257AAL3, STM32MP257CAI3, STM32MP257CAJ3, STM32MP257CAK3, STM32MP257CAL3, STM32MP257DAI3, STM32MP257DAJ3, STM32MP257DAK3, STM32MP257DAL3, STM32MP257F-DK, STM32MP257F-EV1, STM32MP257FAI3, STM32MP257FAJ3, STM32MP257FAK3, STM32MP257FAL3, STM32N645A0H3Q, STM32N645B0H3Q, STM32N645I0H3Q, STM32N645L0H3Q, STM32N645X0H3Q, STM32N645Z0H3Q, STM32N647A0H3Q, STM32N647B0H3Q, STM32N647I0H3Q, STM32N647L0H3Q, STM32N647X0H3Q, STM32N647Z0H3Q, STM32N655A0H3Q, STM32N655B0H3Q, STM32N655I0H3Q, STM32N655L0H3Q, STM32N655X0H3Q, STM32N655Z0H3Q, STM32N6570-DK, STM32N657A0H3Q, STM32N657B0H3Q, STM32N657I0H3Q, STM32N657L0H3Q, STM32N657X0H3Q, STM32N657Z0H3Q, STM32U031C6T6, STM32U031C6U6, STM32U031C8T6, STM32U031C8U6, STM32U031F4P6, STM32U031F6P6, STM32U031F8P6, STM32U031G6Y6TR, STM32U031G8Y6TR, STM32U031K4U6, STM32U031K6U6, STM32U031K8U6, STM32U031R6I6, STM32U031R6T6, STM32U031R8I6, STM32U031R8T6, STM32U073C8T6, STM32U073C8U6, STM32U073CBT6, STM32U073CBU6, STM32U073CCT6, STM32U073CCU6, STM32U073H8Y6TR, STM32U073HBY6TR, STM32U073HCY6TR, STM32U073K8U6, STM32U073KBU6, STM32U073KCU6, STM32U073M8I6, STM32U073M8T6, STM32U073MBI6, STM32U073MBT6, STM32U073MCI6, STM32U073MCT6, STM32U073R8I6, STM32U073R8T6, STM32U073RBI6, STM32U073RBT6, STM32U073RCI6, STM32U073RCT6, STM32U083C-DK, STM32U083CCT6, STM32U083CCU6, STM32U083HCY6TR, STM32U083KCU6, STM32U083MCI6, STM32U083MCT6, STM32U083RCI6, STM32U083RCT6, STM32U375CET6, STM32U375CET6Q, STM32U375CEU6, STM32U375CEU6Q, STM32U375CEY6QTR, STM32U375CGT6, STM32U375CGT6Q, STM32U375CGU6, STM32U375CGU6Q, STM32U375CGY6QTR, STM32U375KEU6, STM32U375KGU6, STM32U375REI6, STM32U375REI6Q, STM32U375RET6, STM32U375RET6Q, STM32U375REY6GTR, STM32U375REY6QTR, STM32U375RGI6, STM32U375RGI6Q, STM32U375RGT6, STM32U375RGT6Q, STM32U375RGY6GTR, STM32U375RGY6QTR, STM32U375VEI6, STM32U375VEI6Q, STM32U375VET6, STM32U375VET6Q, STM32U375VGI6, STM32U375VGI6Q, STM32U375VGT6, STM32U375VGT6Q, STM32U385CGT6, STM32U385CGT6Q, STM32U385CGU6, STM32U385CGU6Q, STM32U385CGY6QTR, STM32U385KGU6, STM32U385RGI6, STM32U385RGI6Q, STM32U385RGT6, STM32U385RGT6Q, STM32U385RGY6GTR, STM32U385RGY6QTR, STM32U385VGI6, STM32U385VGI6Q, STM32U385VGT6, STM32U385VGT6Q, STM32U535CBT6, STM32U535CBT6Q, STM32U535CBU6, STM32U535CBU6Q, STM32U535CCT6, STM32U535CCT6Q, STM32U535CCU6, STM32U535CCU6Q, STM32U535CET6, STM32U535CET6Q, STM32U535CEU6, STM32U535CEU6Q, STM32U535JEY6QTR, STM32U535NCY6QTR, STM32U535NEY6QTR, STM32U535RBI6, STM32U535RBI6Q, STM32U535RBT6, STM32U535RBT6Q, STM32U535RCI6, STM32U535RCI6Q, STM32U535RCT6, STM32U535RCT6Q, STM32U535REI6, STM32U535REI6Q, STM32U535RET6, STM32U535RET6Q, STM32U535VCI6, STM32U535VCI6Q, STM32U535VCT6, STM32U535VCT6Q, STM32U535VEI6, STM32U535VEI6Q, STM32U535VET6, STM32U535VET6Q, STM32U545CET6, STM32U545CET6Q, STM32U545CEU6, STM32U545CEU6Q, STM32U545JEY6QTR, STM32U545NEY6QTR, STM32U545REI6, STM32U545REI6Q, STM32U545RET6, STM32U545RET6Q, STM32U545VEI6, STM32U545VEI6Q, STM32U545VET6, STM32U545VET6Q, STM32U595AIH6, STM32U595AIH6Q, STM32U595AJH6, STM32U595AJH6Q, STM32U595QII6, STM32U595QII6Q, STM32U595QJI6, STM32U595QJI6Q, STM32U595RIT6, STM32U595RIT6Q, STM32U595RJT6, STM32U595RJT6Q, STM32U595VIT6, STM32U595VIT6Q, STM32U595VJT6, STM32U595VJT6Q, STM32U595ZIT6, STM32U595ZIT6Q, STM32U595ZIY6QTR, STM32U595ZJT6, STM32U595ZJT6Q, STM32U595ZJY6QTR, STM32U599BJY6QTR, STM32U599NIH6Q, STM32U599NJH6Q, STM32U599VIT6Q, STM32U599VJT6, STM32U599VJT6Q, STM32U599ZIT6Q, STM32U599ZIY6QTR, STM32U599ZJT6Q, STM32U599ZJY6QTR, STM32U5A5AJH6, STM32U5A5AJH6Q, STM32U5A5QII3Q , STM32U5A5QJI6, STM32U5A5QJI6Q, STM32U5A5RJT6, STM32U5A5RJT6Q, STM32U5A5VJT6, STM32U5A5VJT6Q, STM32U5A5ZJT6, STM32U5A5ZJT6Q, STM32U5A5ZJY6QTR, STM32U5A9BJY6QTR, STM32U5A9J-DK, STM32U5A9NJH6Q, STM32U5A9VJT6Q, STM32U5A9ZJT6Q, STM32U5A9ZJY6QTR, STM32U5F7VIT6, STM32U5F7VIT6Q, STM32U5F7VJT6, STM32U5F7VJT6Q, STM32U5F9BJY6QTR, STM32U5F9NJH6Q, STM32U5F9VIT6Q, STM32U5F9VJT6Q, STM32U5F9ZIJ6QTR, STM32U5F9ZIT6Q, STM32U5F9ZJJ6QTR, STM32U5F9ZJT6Q, STM32U5G7VJT6, STM32U5G7VJT6Q, STM32U5G9BJY6QTR, STM32U5G9J-DK1, STM32U5G9J-DK2, STM32U5G9NJH6Q, STM32U5G9VJT6Q, STM32U5G9ZJJ6QTR, STM32U5G9ZJT6Q, STM32WB05KZV6TR, STM32WB05KZV7TR, STM32WB05TZF6TR, STM32WB05TZF7TR, STM32WB06CCF6TR, STM32WB06CCF7TR, STM32WB06CCV6TR, STM32WB06CCV7TR, STM32WB06KCV6TR, STM32WB06KCV7TR, STM32WB07CCF6TR, STM32WB07CCF7TR, STM32WB07CCV6TR, STM32WB07CCV7TR, STM32WB07KCV6TR, STM32WB07KCV7TR, STM32WB09KEV6TR, STM32WB09KEV7TR, STM32WB09TEF6TR, STM32WB09TEF7TR, STM32WB1MMCH6, STM32WBA50KGU6, STM32WBA50KGU6TR, STM32WBA52CEU6, STM32WBA52CEU6TR, STM32WBA52CEU7, STM32WBA52CEU7TR, STM32WBA52CGU6, STM32WBA52CGU6TR, STM32WBA52CGU6U, STM32WBA52CGU7, STM32WBA52CGU7TR, STM32WBA52KEU6, STM32WBA52KEU6TR, STM32WBA52KGU6, STM32WBA52KGU6TR, STM32WBA54CEU6, STM32WBA54CEU6TR, STM32WBA54CEU7, STM32WBA54CEU7TR, STM32WBA54CGU6, STM32WBA54CGU6TR, STM32WBA54CGU7, STM32WBA54CGU7TR, STM32WBA54KEU6, STM32WBA54KEU6TR, STM32WBA54KEU7, STM32WBA54KEU7TR, STM32WBA54KGU6, STM32WBA54KGU6TR, STM32WBA54KGU7, STM32WBA54KGU7TR, STM32WBA55CEU6, STM32WBA55CEU6TR, STM32WBA55CEU7, STM32WBA55CEU7TR, STM32WBA55CGU6, STM32WBA55CGU6TR, STM32WBA55CGU6U, STM32WBA55CGU7, STM32WBA55CGU7TR, STM32WBA55G-DK1, STM32WBA55HEF6, STM32WBA55HEF7, STM32WBA55HGF6, STM32WBA55HGF7, STM32WBA55UEI6, STM32WBA55UEI6TR, STM32WBA55UEI7, STM32WBA55UEI7TR, STM32WBA55UGI6, STM32WBA55UGI6TR, STM32WBA55UGI7, STM32WBA55UGI7TR, STM32WBA5MJGH6TR, STM32WBA62CGU6, STM32WBA62CIU6, STM32WBA62MGF6, STM32WBA62MIF6, STM32WBA62PGI6, STM32WBA62PII6, STM32WBA63CGU6, STM32WBA63CGU7, STM32WBA63CIU6, STM32WBA63CIU7, STM32WBA64CGU6, STM32WBA64CGU7, STM32WBA64CIU6, STM32WBA64CIU7, STM32WBA65CGU6, STM32WBA65CGU7, STM32WBA65CIU6, STM32WBA65CIU7, STM32WBA65I-DK1, STM32WBA65MGF6, STM32WBA65MGF7, STM32WBA65MIF6, STM32WBA65MIF7, STM32WBA65PGI6, STM32WBA65PGI7, STM32WBA65PII6, STM32WBA65PII7, STM32WBA65RGV6, STM32WBA65RGV7, STM32WBA65RIV6, STM32WBA65RIV7, STM32WL30K8V6, STM32WL30KBV6, STM32WL31C8V6, STM32WL31CBV6, STM32WL31K8V6, STM32WL31KBV6, STM32WL33C8V6, STM32WL33C8V6TR, STM32WL33C8V7, STM32WL33C8V7TR, STM32WL33CBV6, STM32WL33CBV6TR, STM32WL33CBV7, STM32WL33CBV7TR, STM32WL33CCV6, STM32WL33CCV6TR, STM32WL33CCV7, STM32WL33CCV7A, STM32WL33CCV7ATR, STM32WL33CCV7TR, STM32WL33K8V6, STM32WL33K8V6TR, STM32WL33K8V7, STM32WL33K8V7TR, STM32WL33KBV6, STM32WL33KBV6TR, STM32WL33KBV7, STM32WL33KBV7TR, STM32WL33KCV6, STM32WL33KCV6TR, STM32WL33KCV7, STM32WL33KCV7TR, STM32WL5MOCH6, STM32WL5MOCH6TR]
2025-05-27 13:54:43,790 [INFO] DbMcus:218 - Found 4686 MCUs, 4686 are supported
2025-05-27 13:54:43,794 [INFO] ApiDb:423 - Load user favorites file C:\Users\pwlub/.stm32cubeide/favorites.mcus.txt: 0 item(s)
2025-05-27 13:54:43,794 [INFO] ApiDb:427 - User favorites MCUs=[]
2025-05-27 13:54:43,795 [INFO] DbMcus:224 - Set 0 / 0 favorites MCUs
2025-05-27 13:54:44,956 [INFO] ApiDb:414 - User favorites file not found: C:\Users\pwlub/.stm32cubeide/favorites.boards.txt
2025-05-27 13:54:44,957 [INFO] DbBoards:198 - Set 0 / 0 favorites Boards
2025-05-27 13:54:45,032 [INFO] UtilMem:75 - End LoadConfig() Used Memory: 296231064 Bytes (759169024)
2025-05-27 13:54:45,441 [WARN] ThirdParty:833 - waiting for thirdparty lock release [change project]
2025-05-27 13:54:45,441 [INFO] ThirdParty:835 - entering critical section [change project]
2025-05-27 13:54:45,442 [INFO] ThirdParty:1030 - CMSIS Pack Vendor :STMicroelectronics USBPD 4.1
2025-05-27 13:54:45,442 [INFO] ThirdParty:1030 - CMSIS Pack Vendor :STMicroelectronics X-CUBE-AZRTOS-H7 3.3.0
2025-05-27 13:54:45,442 [INFO] ThirdParty:1030 - CMSIS Pack Vendor :STMicroelectronics X-CUBE-NFC9 1.0.0
2025-05-27 13:54:45,442 [INFO] ThirdParty:1030 - CMSIS Pack Vendor :STMicroelectronics USB_HOST 2.0.0
2025-05-27 13:54:45,442 [INFO] ThirdParty:1030 - CMSIS Pack Vendor :STMicroelectronics FP-SNS-MOTENVWB1 1.4.0
2025-05-27 13:54:45,443 [INFO] ThirdParty:1030 - CMSIS Pack Vendor :STMicroelectronics X-CUBE-AZRTOS-F4 1.1.0
2025-05-27 13:54:45,443 [INFO] ThirdParty:1030 - CMSIS Pack Vendor :STMicroelectronics LIBJPEG 8.0.0
2025-05-27 13:54:45,443 [INFO] ThirdParty:1030 - CMSIS Pack Vendor :STMicroelectronics FP-ATR-ASTRA1 2.0.2
2025-05-27 13:54:45,443 [INFO] ThirdParty:1030 - CMSIS Pack Vendor :STMicroelectronics X-CUBE-BLE1 7.1.0
2025-05-27 13:54:45,443 [INFO] ThirdParty:1030 - CMSIS Pack Vendor :Avnet-IotConnect X-CUBE-IoTC-DA16k-PMOD 1.0.0
2025-05-27 13:54:45,443 [INFO] ThirdParty:1030 - CMSIS Pack Vendor :STMicroelectronics X-CUBE-SMBUS 2.1.0
2025-05-27 13:54:45,443 [INFO] ThirdParty:1030 - CMSIS Pack Vendor :STMicroelectronics X-CUBE-WB05N 1.1.0
2025-05-27 13:54:45,444 [INFO] ThirdParty:1030 - CMSIS Pack Vendor :STMicroelectronics USB_DEVICE 3.0.0
2025-05-27 13:54:45,444 [INFO] ThirdParty:1030 - CMSIS Pack Vendor :STMicroelectronics X-CUBE-ISPU 2.1.0
2025-05-27 13:54:45,444 [INFO] ThirdParty:1030 - CMSIS Pack Vendor :STMicroelectronics X-CUBE-AZRTOS-WB 2.0.0
2025-05-27 13:54:45,444 [INFO] ThirdParty:1030 - CMSIS Pack Vendor :STMicroelectronics X-CUBE-ST60 1.0.0
2025-05-27 13:54:45,444 [INFO] ThirdParty:1030 - CMSIS Pack Vendor :STMicroelectronics X-CUBE-GNSS1 7.0.1
2025-05-27 13:54:45,444 [INFO] ThirdParty:1030 - CMSIS Pack Vendor :STMicroelectronics X-CUBE-AZRTOS-F7 1.1.0
2025-05-27 13:54:45,444 [INFO] ThirdParty:1030 - CMSIS Pack Vendor :STMicroelectronics X-CUBE-AZRTOS-L5 2.0.0
2025-05-27 13:54:45,445 [INFO] ThirdParty:1030 - CMSIS Pack Vendor :STMicroelectronics X-CUBE-TOUCHGFX 4.25.0
2025-05-27 13:54:45,445 [INFO] ThirdParty:1030 - CMSIS Pack Vendor :STMicroelectronics USB_DEVICE 2.0.0
2025-05-27 13:54:45,445 [INFO] ThirdParty:1030 - CMSIS Pack Vendor :STMicroelectronics X-CUBE-NFC6 3.1.0
2025-05-27 13:54:45,445 [INFO] ThirdParty:1030 - CMSIS Pack Vendor :STMicroelectronics FP-SNS-STBOX1 2.0.0
2025-05-27 13:54:45,446 [INFO] ThirdParty:1030 - CMSIS Pack Vendor :STMicroelectronics X-CUBE-MEMS1 11.2.0
2025-05-27 13:54:45,446 [INFO] ThirdParty:1030 - CMSIS Pack Vendor :STMicroelectronics FreeRTOS 0.0.1
2025-05-27 13:54:45,446 [INFO] ThirdParty:1030 - CMSIS Pack Vendor :STMicroelectronics X-CUBE-AZRTOS-G0 1.1.0
2025-05-27 13:54:45,446 [INFO] ThirdParty:1030 - CMSIS Pack Vendor :STMicroelectronics X-CUBE-SAFEA1 1.2.2
2025-05-27 13:54:45,446 [INFO] ThirdParty:1030 - CMSIS Pack Vendor :STMicroelectronics X-CUBE-NFC4 3.0.0
2025-05-27 13:54:45,446 [INFO] ThirdParty:1030 - CMSIS Pack Vendor :STMicroelectronics X-CUBE-DPower 1.2.0
2025-05-27 13:54:45,446 [INFO] ThirdParty:1030 - CMSIS Pack Vendor :STMicroelectronics X-CUBE-SUBG2 5.0.0
2025-05-27 13:54:45,446 [INFO] ThirdParty:1030 - CMSIS Pack Vendor :STMicroelectronics STM32_WPAN 1.0.0
2025-05-27 13:54:45,447 [INFO] ThirdParty:1030 - CMSIS Pack Vendor :EmbeddedOffice I-CUBE-FS-RTOS 1.0.1
2025-05-27 13:54:45,447 [INFO] ThirdParty:1030 - CMSIS Pack Vendor :STMicroelectronics lwIP 2.0.3
2025-05-27 13:54:45,447 [INFO] ThirdParty:1030 - CMSIS Pack Vendor :Cesanta I-CUBE-Mongoose 7.13.0
2025-05-27 13:54:45,447 [INFO] ThirdParty:1030 - CMSIS Pack Vendor :STMicroelectronics USB_HOST 1.0.0
2025-05-27 13:54:45,447 [INFO] ThirdParty:1030 - CMSIS Pack Vendor :Infineon AIROC-Wi-Fi-Bluetooth-STM32 1.7.0
2025-05-27 13:54:45,447 [INFO] ThirdParty:1030 - CMSIS Pack Vendor :STMicroelectronics X-CUBE-AZRTOS-G4 2.0.0
2025-05-27 13:54:45,447 [INFO] ThirdParty:1030 - CMSIS Pack Vendor :STMicroelectronics X-CUBE-WB05N 2.0.0
2025-05-27 13:54:45,447 [INFO] ThirdParty:1030 - CMSIS Pack Vendor :STMicroelectronics PDM2PCM 3.1.0
2025-05-27 13:54:45,447 [INFO] ThirdParty:1030 - CMSIS Pack Vendor :STMicroelectronics PDM2PCM 3.3.0
2025-05-27 13:54:45,447 [INFO] ThirdParty:1030 - CMSIS Pack Vendor :wolfSSL I-CUBE-wolfTPM 3.8.0
2025-05-27 13:54:45,447 [INFO] ThirdParty:1030 - CMSIS Pack Vendor :STMicroelectronics X-CUBE-DISPLAY 3.0.0
2025-05-27 13:54:45,447 [INFO] ThirdParty:1030 - CMSIS Pack Vendor :wolfSSL I-CUBE-wolfSSH 1.4.20
2025-05-27 13:54:45,448 [INFO] ThirdParty:1030 - CMSIS Pack Vendor :STMicroelectronics X-CUBE-NFC7 2.0.0
2025-05-27 13:54:45,448 [INFO] ThirdParty:1030 - CMSIS Pack Vendor :STMicroelectronics X-CUBE-TCPP 4.2.0
2025-05-27 13:54:45,448 [INFO] ThirdParty:1030 - CMSIS Pack Vendor :RealThread X-CUBE-RT-Thread_Nano 4.1.1
2025-05-27 13:54:45,448 [INFO] ThirdParty:1030 - CMSIS Pack Vendor :STMicroelectronics FP-ATR-SIGFOX1 3.2.0
2025-05-27 13:54:45,448 [INFO] ThirdParty:1030 - CMSIS Pack Vendor :STMicroelectronics X-CUBE-NFC10 1.0.0
2025-05-27 13:54:45,448 [INFO] ThirdParty:1030 - CMSIS Pack Vendor :STMicroelectronics X-CUBE-BLEMGR 4.0.0
2025-05-27 13:54:45,448 [INFO] ThirdParty:1030 - CMSIS Pack Vendor :STMicroelectronics X-CUBE-EEPRMA1 5.1.0
2025-05-27 13:54:45,448 [INFO] ThirdParty:1030 - CMSIS Pack Vendor :STMicroelectronics X-CUBE-FREERTOS 1.3.1
2025-05-27 13:54:45,448 [INFO] ThirdParty:1030 - CMSIS Pack Vendor :STMicroelectronics HAL Drivers 0.0.0
2025-05-27 13:54:45,448 [INFO] ThirdParty:1030 - CMSIS Pack Vendor :STMicroelectronics MBEDTLS 2.16.2
2025-05-27 13:54:45,448 [INFO] ThirdParty:1030 - CMSIS Pack Vendor :STMicroelectronics X-CUBE-IPS 3.1.0
2025-05-27 13:54:45,449 [INFO] ThirdParty:1030 - CMSIS Pack Vendor :STMicroelectronics X-CUBE-ALS 1.0.2
2025-05-27 13:54:45,449 [INFO] ThirdParty:1030 - CMSIS Pack Vendor :emotas I-CUBE-CANOPEN 1.3.0
2025-05-27 13:54:45,449 [INFO] ThirdParty:1030 - CMSIS Pack Vendor :STMicroelectronics X-CUBE-FREERTOS 1.3.0
2025-05-27 13:54:45,449 [INFO] ThirdParty:1030 - CMSIS Pack Vendor :STMicroelectronics X-CUBE-NFC7 1.0.1
2025-05-27 13:54:45,449 [INFO] ThirdParty:1030 - CMSIS Pack Vendor :STMicroelectronics MBEDTLS 2.14.1
2025-05-27 13:54:45,449 [INFO] ThirdParty:1030 - CMSIS Pack Vendor :ITTIA_DB I-CUBE-ITTIADB 8.9.0
2025-05-27 13:54:45,449 [INFO] ThirdParty:1030 - CMSIS Pack Vendor :portGmbH I-Cube-SoM-uGOAL 1.1.0
2025-05-27 13:54:45,449 [INFO] ThirdParty:1030 - CMSIS Pack Vendor :quantropi X-CUBE-qispace-sdk-base 2.0.0
2025-05-27 13:54:45,449 [INFO] ThirdParty:1030 - CMSIS Pack Vendor :STMicroelectronics X-CUBE-AI 10.0.0
2025-05-27 13:54:45,449 [INFO] ThirdParty:1030 - CMSIS Pack Vendor :STMicroelectronics ThreadX 1.0.0
2025-05-27 13:54:45,449 [INFO] ThirdParty:1030 - CMSIS Pack Vendor :STMicroelectronics FP-SNS-SMARTAG2 1.2.0
2025-05-27 13:54:45,450 [INFO] ThirdParty:1030 - CMSIS Pack Vendor :STMicroelectronics FP-SNS-FLIGHT1 5.1.0
2025-05-27 13:54:45,450 [INFO] ThirdParty:1030 - CMSIS Pack Vendor :STMicroelectronics X-CUBE-MEMS1 11.1.0
2025-05-27 13:54:45,450 [INFO] ThirdParty:1030 - CMSIS Pack Vendor :STMicroelectronics X-CUBE-AZRTOS-WL 2.0.0
2025-05-27 13:54:45,450 [INFO] ThirdParty:1030 - CMSIS Pack Vendor :SEGGER I-CUBE-embOS 1.3.1
2025-05-27 13:54:45,450 [INFO] ThirdParty:1030 - CMSIS Pack Vendor :STMicroelectronics X-CUBE-ALGOBUILD 1.4.0
2025-05-27 13:54:45,451 [INFO] ThirdParty:1030 - CMSIS Pack Vendor :STMicroelectronics FP-SNS-MOTENV1 5.0.0
2025-05-27 13:54:45,451 [INFO] ThirdParty:1030 - CMSIS Pack Vendor :STMicroelectronics USB_DEVICE 1.0.0
2025-05-27 13:54:45,451 [INFO] ThirdParty:1030 - CMSIS Pack Vendor :STMicroelectronics X-CUBE-AZRTOS-H7RS 1.0.0
2025-05-27 13:54:45,451 [INFO] ThirdParty:1030 - CMSIS Pack Vendor :STMicroelectronics X-CUBE-AZRTOS-L4 2.0.0
2025-05-27 13:54:45,451 [INFO] ThirdParty:1030 - CMSIS Pack Vendor :STMicroelectronics ThreadX 0.0.2
2025-05-27 13:54:45,451 [INFO] ThirdParty:1030 - CMSIS Pack Vendor :WES I-CUBE-Cesium 1.3.0
2025-05-27 13:54:45,451 [INFO] ThirdParty:1030 - CMSIS Pack Vendor :STMicroelectronics lwIP 2.1.2
2025-05-27 13:54:45,451 [INFO] ThirdParty:1030 - CMSIS Pack Vendor :STMicroelectronics X-CUBE-SFXS2LP1 4.0.0
2025-05-27 13:54:45,452 [INFO] ThirdParty:1030 - CMSIS Pack Vendor :STMicroelectronics X-CUBE-BLE2 3.3.0
2025-05-27 13:54:45,452 [INFO] ThirdParty:1030 - CMSIS Pack Vendor :STMicroelectronics X-CUBE-TOF1 3.4.2
2025-05-27 13:54:45,452 [INFO] ThirdParty:1030 - CMSIS Pack Vendor :STMicroelectronics X-CUBE-TOF1 3.4.3
2025-05-27 13:54:45,452 [INFO] ThirdParty:1030 - CMSIS Pack Vendor :STMicroelectronics PDM2PCM 3.2.0
2025-05-27 13:54:45,452 [INFO] ThirdParty:841 - exiting critical section [change project]
2025-05-27 13:54:47,429 [INFO] PinOutPanel:1589 - setPackage(No Configuration,No Configuration)
2025-05-27 13:54:47,444 [INFO] PinOutPanel:1589 - setPackage(STM32G473RCTx,LQFP64)
2025-05-27 13:54:49,219 [INFO] UtilMem:75 - Before build in PCC Used Memory: 614760464 Bytes (759169024)
2025-05-27 13:54:51,598 [INFO] UtilMem:75 - After build in PCC Used Memory: 362243032 Bytes (787480576)
2025-05-27 13:54:51,774 [INFO] ApiDbMcu:508 - Load IP Config File for FREERTOS
2025-05-27 13:54:51,900 [INFO] IPUIPlugin:80 - create IPUIPlugin
2025-05-27 13:54:51,900 [INFO] IPUIPlugin:80 - create IPUIPlugin
2025-05-27 13:54:51,900 [INFO] IPUIPlugin:80 - create IPUIPlugin
2025-05-27 13:54:51,900 [INFO] IPUIPlugin:80 - create IPUIPlugin
2025-05-27 13:54:51,900 [INFO] IPUIPlugin:80 - create IPUIPlugin
2025-05-27 13:54:51,903 [INFO] IPUIPlugin:80 - create IPUIPlugin
2025-05-27 13:54:51,903 [INFO] IPUIPlugin:80 - create IPUIPlugin
2025-05-27 13:54:51,903 [INFO] IPUIPlugin:80 - create IPUIPlugin
2025-05-27 13:54:51,903 [INFO] IPUIPlugin:80 - create IPUIPlugin
2025-05-27 13:54:51,903 [INFO] IPUIPlugin:80 - create IPUIPlugin
2025-05-27 13:54:51,904 [INFO] IPUIPlugin:80 - create IPUIPlugin
2025-05-27 13:54:51,904 [INFO] IPUIPlugin:80 - create IPUIPlugin
2025-05-27 13:54:51,904 [INFO] IPUIPlugin:80 - create IPUIPlugin
2025-05-27 13:54:51,905 [INFO] IPUIPlugin:80 - create IPUIPlugin
2025-05-27 13:54:51,906 [INFO] IPUIPlugin:80 - create IPUIPlugin
2025-05-27 13:54:51,906 [INFO] IPUIPlugin:80 - create IPUIPlugin
2025-05-27 13:54:51,906 [INFO] IPUIPlugin:80 - create IPUIPlugin
2025-05-27 13:54:51,907 [INFO] IPUIPlugin:80 - create IPUIPlugin
2025-05-27 13:54:51,907 [INFO] IPUIPlugin:80 - create IPUIPlugin
2025-05-27 13:54:51,907 [INFO] IPUIPlugin:80 - create IPUIPlugin
2025-05-27 13:54:51,907 [INFO] IPUIPlugin:80 - create IPUIPlugin
2025-05-27 13:54:51,907 [INFO] IPUIPlugin:80 - create IPUIPlugin
2025-05-27 13:54:51,908 [INFO] IPUIPlugin:80 - create IPUIPlugin
2025-05-27 13:54:51,908 [INFO] IPUIPlugin:80 - create IPUIPlugin
2025-05-27 13:54:51,908 [INFO] IPUIPlugin:80 - create IPUIPlugin
2025-05-27 13:54:51,908 [INFO] IPUIPlugin:80 - create IPUIPlugin
2025-05-27 13:54:51,909 [INFO] IPUIPlugin:80 - create IPUIPlugin
2025-05-27 13:54:51,909 [INFO] IPUIPlugin:80 - create IPUIPlugin
2025-05-27 13:54:51,914 [INFO] IPUIPlugin:80 - create IPUIPlugin
2025-05-27 13:54:51,914 [INFO] IPUIPlugin:80 - create IPUIPlugin
2025-05-27 13:54:51,915 [INFO] IPUIPlugin:80 - create IPUIPlugin
2025-05-27 13:54:51,915 [INFO] IPUIPlugin:80 - create IPUIPlugin
2025-05-27 13:54:51,915 [INFO] IPUIPlugin:80 - create IPUIPlugin
2025-05-27 13:54:51,916 [INFO] IPUIPlugin:80 - create IPUIPlugin
2025-05-27 13:54:51,916 [INFO] IPUIPlugin:80 - create IPUIPlugin
2025-05-27 13:54:51,919 [INFO] IPUIPlugin:80 - create IPUIPlugin
2025-05-27 13:54:51,920 [INFO] IPUIPlugin:80 - create IPUIPlugin
2025-05-27 13:54:51,920 [INFO] IPUIPlugin:80 - create IPUIPlugin
2025-05-27 13:54:51,921 [INFO] IPUIPlugin:80 - create IPUIPlugin
2025-05-27 13:54:51,922 [INFO] IPUIPlugin:80 - create IPUIPlugin
2025-05-27 13:54:51,923 [INFO] IPUIPlugin:80 - create IPUIPlugin
2025-05-27 13:54:51,923 [INFO] IPUIPlugin:80 - create IPUIPlugin
2025-05-27 13:54:51,924 [INFO] IPUIPlugin:80 - create IPUIPlugin
2025-05-27 13:54:51,924 [INFO] IPUIPlugin:80 - create IPUIPlugin
2025-05-27 13:54:51,925 [INFO] IPUIPlugin:80 - create IPUIPlugin
2025-05-27 13:54:51,926 [INFO] IPUIPlugin:80 - create IPUIPlugin
2025-05-27 13:54:51,929 [INFO] IPUIPlugin:80 - create IPUIPlugin
2025-05-27 13:54:51,929 [INFO] IPUIPlugin:80 - create IPUIPlugin
2025-05-27 13:54:51,930 [INFO] IPUIPlugin:80 - create IPUIPlugin
2025-05-27 13:54:51,931 [INFO] IPUIPlugin:80 - create IPUIPlugin
2025-05-27 13:54:51,931 [INFO] IPUIPlugin:80 - create IPUIPlugin
2025-05-27 13:54:51,932 [INFO] IPUIPlugin:80 - create IPUIPlugin
2025-05-27 13:54:51,933 [INFO] IPUIPlugin:80 - create IPUIPlugin
2025-05-27 13:54:51,934 [INFO] IPUIPlugin:80 - create IPUIPlugin
2025-05-27 13:54:51,934 [INFO] IPUIPlugin:80 - create IPUIPlugin
2025-05-27 13:54:51,935 [INFO] IPUIPlugin:80 - create IPUIPlugin
2025-05-27 13:54:51,936 [INFO] IPUIPlugin:80 - create IPUIPlugin
2025-05-27 13:54:51,936 [INFO] IPUIPlugin:80 - create IPUIPlugin
2025-05-27 13:54:51,937 [INFO] IPUIPlugin:80 - create IPUIPlugin
2025-05-27 13:54:51,938 [INFO] IPUIPlugin:80 - create IPUIPlugin
2025-05-27 13:54:51,938 [INFO] IPUIPlugin:80 - create IPUIPlugin
2025-05-27 13:54:51,939 [INFO] IPUIPlugin:80 - create IPUIPlugin
2025-05-27 13:54:51,940 [INFO] IPUIPlugin:80 - create IPUIPlugin
2025-05-27 13:54:51,940 [INFO] IPUIPlugin:80 - create IPUIPlugin
2025-05-27 13:54:51,941 [INFO] IPUIPlugin:80 - create IPUIPlugin
2025-05-27 13:54:51,942 [INFO] IPUIPlugin:80 - create IPUIPlugin
2025-05-27 13:54:51,943 [INFO] IPUIPlugin:80 - create IPUIPlugin
2025-05-27 13:54:51,945 [INFO] IPUIPlugin:80 - create IPUIPlugin
2025-05-27 13:54:51,946 [INFO] IPUIPlugin:80 - create IPUIPlugin
2025-05-27 13:54:51,947 [INFO] IPUIPlugin:80 - create IPUIPlugin
2025-05-27 13:54:51,948 [INFO] IPUIPlugin:80 - create IPUIPlugin
2025-05-27 13:54:51,948 [INFO] IPUIPlugin:80 - create IPUIPlugin
2025-05-27 13:54:51,949 [INFO] IPUIPlugin:80 - create IPUIPlugin
2025-05-27 13:54:51,950 [INFO] IPUIPlugin:80 - create IPUIPlugin
2025-05-27 13:54:51,951 [INFO] IPUIPlugin:80 - create IPUIPlugin
2025-05-27 13:54:51,951 [INFO] IPUIPlugin:80 - create IPUIPlugin
2025-05-27 13:54:51,971 [WARN] IP:2250 - MessageRAMOffset not found: check if there is a RefParameter without a condition.
2025-05-27 13:54:51,971 [WARN] IP:2250 - RxFifo0ElmtsNbr not found: check if there is a RefParameter without a condition.
2025-05-27 13:54:51,971 [WARN] IP:2250 - RxFifo0ElmtSize not found: check if there is a RefParameter without a condition.
2025-05-27 13:54:51,971 [WARN] IP:2250 - RxFifo1ElmtsNbr not found: check if there is a RefParameter without a condition.
2025-05-27 13:54:51,972 [WARN] IP:2250 - RxFifo1ElmtSize not found: check if there is a RefParameter without a condition.
2025-05-27 13:54:51,972 [WARN] IP:2250 - RxBuffersNbr not found: check if there is a RefParameter without a condition.
2025-05-27 13:54:51,972 [WARN] IP:2250 - RxBufferSize not found: check if there is a RefParameter without a condition.
2025-05-27 13:54:51,972 [WARN] IP:2250 - TxEventsNbr not found: check if there is a RefParameter without a condition.
2025-05-27 13:54:51,972 [WARN] IP:2250 - TxBuffersNbr not found: check if there is a RefParameter without a condition.
2025-05-27 13:54:51,972 [WARN] IP:2250 - TxFifoQueueElmtsNbr not found: check if there is a RefParameter without a condition.
2025-05-27 13:54:51,972 [WARN] IP:2250 - TxElmtSize not found: check if there is a RefParameter without a condition.
2025-05-27 13:54:51,972 [WARN] IP:2250 - ClockCalibrationCCU not found: check if there is a RefParameter without a condition.
2025-05-27 13:54:51,972 [WARN] IP:2250 - ClockDividerCCU not found: check if there is a RefParameter without a condition.
2025-05-27 13:54:51,973 [WARN] IP:2250 - MinOscClkPeriodsCCU not found: check if there is a RefParameter without a condition.
2025-05-27 13:54:51,973 [WARN] IP:2250 - TimeQuantaPerBitTimeCCU not found: check if there is a RefParameter without a condition.
2025-05-27 13:54:51,973 [WARN] IP:2250 - WatchdogStartValueCCU not found: check if there is a RefParameter without a condition.
2025-05-27 13:54:51,982 [INFO] LogOutputStream:77 - [STDOUT_REDIRECT] Nominal 
2025-05-27 13:54:51,982 [INFO] Can:71 - Can Add PropertyChangeListener com.st.microxplorer.plugins.ip.can.Can@1c451793
2025-05-27 13:54:52,050 [WARN] FreeRTOS:1023 - Null or empty value: should not occur! (nothing added to the table)
2025-05-27 13:54:52,532 [INFO] CADModel:165 - CPN selected for project levelSTM32G473RCT6
2025-05-27 13:54:52,532 [INFO] CADModel:114 - Register for checkConnection events
2025-05-27 13:54:52,538 [INFO] RtosManager:725 - Active RTOS found at IOC load: FREERTOS [Cortex-M4NS]
2025-05-27 13:54:52,627 [INFO] OpenFileManager:385 - Restore cursor
2025-05-27 13:54:53,263 [WARN] IP:2250 - MessageRAMOffset not found: check if there is a RefParameter without a condition.
2025-05-27 13:54:53,263 [WARN] IP:2250 - RxFifo0ElmtsNbr not found: check if there is a RefParameter without a condition.
2025-05-27 13:54:53,263 [WARN] IP:2250 - RxFifo0ElmtSize not found: check if there is a RefParameter without a condition.
2025-05-27 13:54:53,264 [WARN] IP:2250 - RxFifo1ElmtsNbr not found: check if there is a RefParameter without a condition.
2025-05-27 13:54:53,264 [WARN] IP:2250 - RxFifo1ElmtSize not found: check if there is a RefParameter without a condition.
2025-05-27 13:54:53,264 [WARN] IP:2250 - RxBuffersNbr not found: check if there is a RefParameter without a condition.
2025-05-27 13:54:53,264 [WARN] IP:2250 - RxBufferSize not found: check if there is a RefParameter without a condition.
2025-05-27 13:54:53,264 [WARN] IP:2250 - TxEventsNbr not found: check if there is a RefParameter without a condition.
2025-05-27 13:54:53,264 [WARN] IP:2250 - TxBuffersNbr not found: check if there is a RefParameter without a condition.
2025-05-27 13:54:53,264 [WARN] IP:2250 - TxFifoQueueElmtsNbr not found: check if there is a RefParameter without a condition.
2025-05-27 13:54:53,264 [WARN] IP:2250 - TxElmtSize not found: check if there is a RefParameter without a condition.
2025-05-27 13:54:53,265 [WARN] IP:2250 - ClockCalibrationCCU not found: check if there is a RefParameter without a condition.
2025-05-27 13:54:53,265 [WARN] IP:2250 - ClockDividerCCU not found: check if there is a RefParameter without a condition.
2025-05-27 13:54:53,265 [WARN] IP:2250 - MinOscClkPeriodsCCU not found: check if there is a RefParameter without a condition.
2025-05-27 13:54:53,265 [WARN] IP:2250 - TimeQuantaPerBitTimeCCU not found: check if there is a RefParameter without a condition.
2025-05-27 13:54:53,265 [WARN] IP:2250 - WatchdogStartValueCCU not found: check if there is a RefParameter without a condition.
2025-05-27 13:55:20,884 [INFO] NvicIntPanel:101 - NVIC parent = com.st.microxplorer.plugins.ip.nvic.MultiNvicIntPanel[,0,0,450x183,layout=javax.swing.BoxLayout,alignmentX=0.0,alignmentY=0.0,border=,flags=9,maximumSize=,minimumSize=,preferredSize=]
2025-05-27 14:05:56,431 [INFO] WebApp:194 - Connection lost
2025-05-27 14:05:56,671 [INFO] WebApp:191 - Connection restablished
2025-05-27 19:25:56,966 [INFO] Activator:176 - 


2025-05-27 19:25:56,969 [INFO] Activator:177 - !SESSION log4j initialized
2025-05-27 19:26:07,536 [INFO] LogOutputStream:77 - [STDOUT_REDIRECT] 
2025-05-27 19:26:07,710 [INFO] LogOutputStream:77 - [STDOUT_REDIRECT] 
2025-05-27 19:26:09,732 [INFO] ApplicationProperties:184 - Using Application install path: C:\ST\STM32CubeIDE_1.18.0\STM32CubeIDE\plugins\com.st.stm32cube.common.mx_6.14.0.202502271554
2025-05-27 19:26:09,763 [INFO] DbMcusXml:78 - Set database path to: C:\ST\STM32CubeIDE_1.18.0\STM32CubeIDE\plugins\com.st.stm32cube.common.mx_6.14.0.202502271554\\db\/mcu/
2025-05-27 19:26:09,764 [INFO] ApiDb:274 - Set plugin database path to: C:\ST\STM32CubeIDE_1.18.0\STM32CubeIDE\plugins\com.st.stm32cube.common.mx_6.14.0.202502271554\\db\/plugins/boardmanager/
2025-05-27 19:26:09,764 [WARN] ApiDb:259 - Overriding images path with different value:  => C:\ST\STM32CubeIDE_1.18.0\STM32CubeIDE\plugins\com.st.stm32cube.common.mx_6.14.0.202502271554\\db\/plugins/mcufinder/images/
2025-05-27 19:26:09,786 [INFO] ApiDb:250 - Set database path to: C:\Users\pwlub\.stmcufinder\plugins\mcufinder//mcu/
2025-05-27 19:26:09,788 [INFO] DbMcusAds:125 - Set database path to: C:\Users\pwlub\.stmcufinder\plugins\mcufinder//mcu/
2025-05-27 19:26:09,795 [INFO] CrossReferenceDbSqlite:203 - Set database path to: C:\Users\pwlub\.stmcufinder\plugins\mcufinder//mcu/cs/
2025-05-27 19:26:10,102 [INFO] RulesReader:64 - Compatibility file has been processed (301 Rules)
2025-05-27 19:26:10,246 [INFO] DbMcusXml:78 - Set database path to: C:\ST\STM32CubeIDE_1.18.0\STM32CubeIDE\plugins\com.st.stm32cube.common.mx_6.14.0.202502271554\\db\/mcu/
2025-05-27 19:26:10,247 [INFO] ApiDb:274 - Set plugin database path to: C:\ST\STM32CubeIDE_1.18.0\STM32CubeIDE\plugins\com.st.stm32cube.common.mx_6.14.0.202502271554\\db\/plugins/boardmanager/
2025-05-27 19:26:10,247 [INFO] ApiDb:261 - Set plugin images path to: C:\ST\STM32CubeIDE_1.18.0\STM32CubeIDE\plugins\com.st.stm32cube.common.mx_6.14.0.202502271554\\db\/plugins/mcufinder/images/
2025-05-27 19:26:10,247 [WARN] DbFile:41 - Overriding database path with different value: C:\Users\pwlub\.stmcufinder\plugins\mcufinder/ => C:\Users\pwlub\.stmcufinder\plugins\mcufinder
2025-05-27 19:26:10,247 [INFO] ApiDb:250 - Set database path to: C:\Users\pwlub\.stmcufinder\plugins\mcufinder//mcu/
2025-05-27 19:26:10,248 [WARN] DbFile:41 - Overriding database path with different value: C:\Users\pwlub\.stmcufinder\plugins\mcufinder/ => C:\Users\pwlub\.stmcufinder\plugins\mcufinder
2025-05-27 19:26:10,248 [INFO] DbMcusAds:125 - Set database path to: C:\Users\pwlub\.stmcufinder\plugins\mcufinder//mcu/
2025-05-27 19:26:10,248 [WARN] DbFile:41 - Overriding database path with different value: C:\Users\pwlub\.stmcufinder\plugins\mcufinder/ => C:\Users\pwlub\.stmcufinder\plugins\mcufinder
2025-05-27 19:26:10,248 [WARN] DbFile:41 - Overriding database path with different value: C:\Users\pwlub\.stmcufinder\plugins\mcufinder/ => C:\Users\pwlub\.stmcufinder\plugins\mcufinder
2025-05-27 19:26:10,248 [INFO] CrossReferenceDbSqlite:203 - Set database path to: C:\Users\pwlub\.stmcufinder\plugins\mcufinder//mcu/cs/
2025-05-27 19:26:10,408 [INFO] MainPanel:272 - HeapMemory: 270532608
2025-05-27 19:26:10,588 [INFO] DbMcusXml:78 - Set database path to: C:\ST\STM32CubeIDE_1.18.0\STM32CubeIDE\plugins\com.st.stm32cube.common.mx_6.14.0.202502271554\\db\/mcu/
2025-05-27 19:26:10,589 [INFO] ApiDb:274 - Set plugin database path to: C:\ST\STM32CubeIDE_1.18.0\STM32CubeIDE\plugins\com.st.stm32cube.common.mx_6.14.0.202502271554\\db\/plugins/boardmanager/
2025-05-27 19:26:10,589 [INFO] ApiDb:261 - Set plugin images path to: C:\ST\STM32CubeIDE_1.18.0\STM32CubeIDE\plugins\com.st.stm32cube.common.mx_6.14.0.202502271554\\db\/plugins/mcufinder/images/
2025-05-27 19:26:10,589 [WARN] DbFile:41 - Overriding database path with different value: C:\Users\pwlub\.stmcufinder\plugins\mcufinder/ => C:\Users\pwlub\.stmcufinder\plugins\mcufinder
2025-05-27 19:26:10,590 [INFO] ApiDb:250 - Set database path to: C:\Users\pwlub\.stmcufinder\plugins\mcufinder//mcu/
2025-05-27 19:26:10,590 [WARN] DbFile:41 - Overriding database path with different value: C:\Users\pwlub\.stmcufinder\plugins\mcufinder/ => C:\Users\pwlub\.stmcufinder\plugins\mcufinder
2025-05-27 19:26:10,590 [INFO] DbMcusAds:125 - Set database path to: C:\Users\pwlub\.stmcufinder\plugins\mcufinder//mcu/
2025-05-27 19:26:10,590 [WARN] DbFile:41 - Overriding database path with different value: C:\Users\pwlub\.stmcufinder\plugins\mcufinder/ => C:\Users\pwlub\.stmcufinder\plugins\mcufinder
2025-05-27 19:26:10,590 [WARN] DbFile:41 - Overriding database path with different value: C:\Users\pwlub\.stmcufinder\plugins\mcufinder/ => C:\Users\pwlub\.stmcufinder\plugins\mcufinder
2025-05-27 19:26:10,590 [INFO] CrossReferenceDbSqlite:203 - Set database path to: C:\Users\pwlub\.stmcufinder\plugins\mcufinder//mcu/cs/
2025-05-27 19:26:10,627 [INFO] ApplicationProperties:184 - Using Application install path: C:\ST\STM32CubeIDE_1.18.0\STM32CubeIDE\plugins\com.st.stm32cube.common.mx_6.14.0.202502271554
2025-05-27 19:26:10,630 [INFO] PluginManage:196 - Search for loadable plugins [exclusion list=, ]
2025-05-27 19:26:10,632 [INFO] PluginManage:310 - Check plugin analytics
2025-05-27 19:26:11,024 [INFO] AnalyticsPlugin:253 - Accepted Software Licenses: STM32CubeMX.6.14.0
2025-05-27 19:26:11,024 [INFO] AnalyticsPlugin:255 - Accepted CMSIS Pack Licenses: 
2025-05-27 19:26:11,025 [INFO] AnalyticsPlugin:257 - Accepted Firmware Licenses: FW.G4.1.5.0,FW.G4.1.6.0
2025-05-27 19:26:11,030 [INFO] PluginManage:359 - Loaded plugin analytics (category:tool,tabindex:-1)
2025-05-27 19:26:11,030 [INFO] PluginManage:310 - Check plugin cadmodel
2025-05-27 19:26:11,042 [INFO] CADModel:105 - Init CAD model plugin
2025-05-27 19:26:11,042 [INFO] PluginManage:359 - Loaded plugin cadmodel (category:power,tabindex:5)
2025-05-27 19:26:11,043 [INFO] PluginManage:310 - Check plugin clock
2025-05-27 19:26:11,065 [INFO] PluginManage:359 - Loaded plugin clock (category:base,tabindex:2)
2025-05-27 19:26:11,065 [INFO] PluginManage:310 - Check plugin ddr
2025-05-27 19:26:11,070 [INFO] PluginManage:359 - Loaded plugin ddr (category:tool,tabindex:6)
2025-05-27 19:26:11,070 [INFO] PluginManage:310 - Check plugin filemanager
2025-05-27 19:26:11,327 [INFO] PluginManage:359 - Loaded plugin filemanager (category:base,tabindex:10)
2025-05-27 19:26:11,327 [INFO] PluginManage:310 - Check plugin ipmanager
2025-05-27 19:26:11,343 [INFO] PluginManage:359 - Loaded plugin ipmanager (category:base,tabindex:5)
2025-05-27 19:26:11,343 [INFO] PluginManage:310 - Check plugin lpbam
2025-05-27 19:26:11,362 [INFO] PluginManage:359 - Loaded plugin lpbam (category:base,tabindex:0)
2025-05-27 19:26:11,363 [INFO] PluginManage:310 - Check plugin memorymap
2025-05-27 19:26:11,396 [INFO] PluginManage:359 - Loaded plugin memorymap (category:base,tabindex:4)
2025-05-27 19:26:11,396 [INFO] PluginManage:310 - Check plugin pinoutandconfiguration
2025-05-27 19:26:11,416 [INFO] PluginManage:359 - Loaded plugin pinoutandconfiguration (category:base,tabindex:1)
2025-05-27 19:26:11,417 [INFO] PluginManage:310 - Check plugin pinoutconfig
2025-05-27 19:26:11,591 [WARN] SupportedApi:132 - Cannot load RTOS API schema: s4s-elt-must-match.1: The content of 'definitions' must match (annotation?, (simpleType | complexType)?, (unique | key | keyref)*)). A problem was found starting at: attribute.
2025-05-27 19:26:11,887 [INFO] PluginManage:359 - Loaded plugin pinoutconfig (category:base,tabindex:0)
2025-05-27 19:26:11,887 [INFO] PluginManage:310 - Check plugin power
2025-05-27 19:26:11,908 [INFO] PluginManage:359 - Loaded plugin power (category:power,tabindex:4)
2025-05-27 19:26:11,909 [INFO] PluginManage:310 - Check plugin projectmanager
2025-05-27 19:26:11,948 [INFO] PluginManage:359 - Loaded plugin projectmanager (category:projectmanager,tabindex:4)
2025-05-27 19:26:11,948 [INFO] PluginManage:310 - Check plugin rif
2025-05-27 19:26:11,965 [INFO] PluginManage:359 - Loaded plugin rif (category:base,tabindex:3)
2025-05-27 19:26:11,965 [INFO] PluginManage:310 - Check plugin thirdparty
2025-05-27 19:26:12,276 [INFO] PluginManage:359 - Loaded plugin thirdparty (category:base,tabindex:-1)
2025-05-27 19:26:12,276 [INFO] PluginManage:310 - Check plugin tools
2025-05-27 19:26:12,277 [WARN] IntegrityCheckThread:84 - waiting for thirdparty lock release [integrity check]
2025-05-27 19:26:12,278 [INFO] IntegrityCheckThread:86 - entering critical section [integrity check]
2025-05-27 19:26:12,280 [INFO] ThirdPartyUpdaterWithRetryManager:70 - Updater plugin not ready yet. [1/15]
2025-05-27 19:26:12,282 [INFO] PluginManage:359 - Loaded plugin tools (category:base,tabindex:7)
2025-05-27 19:26:12,282 [INFO] PluginManage:310 - Check plugin tutovideos
2025-05-27 19:26:12,609 [INFO] PluginManage:359 - Loaded plugin tutovideos (category:base,tabindex:-1)
2025-05-27 19:26:12,609 [INFO] PluginManage:310 - Check plugin updater
2025-05-27 19:26:12,652 [INFO] PluginManage:359 - Loaded plugin updater (category:base,tabindex:12)
2025-05-27 19:26:12,652 [INFO] PluginManage:310 - Check plugin userauth
2025-05-27 19:26:12,661 [INFO] UserAuth:118 - Init User Auth plugin
2025-05-27 19:26:12,662 [INFO] PluginManage:359 - Loaded plugin userauth (category:base,tabindex:14)
2025-05-27 19:26:12,663 [INFO] PluginManage:283 - PluginManage : Loaded plugins [18]
2025-05-27 19:26:13,020 [INFO] PinOutPanel:1589 - setPackage(No Configuration,No Configuration)
2025-05-27 19:26:13,185 [INFO] CADModel:165 - CPN selected for project level
2025-05-27 19:26:13,185 [INFO] CADModel:114 - Register for checkConnection events
2025-05-27 19:26:13,220 [INFO] IPUIPlugin:80 - create IPUIPlugin
2025-05-27 19:26:13,220 [INFO] PluginManager:220 - loadIPPluginJar : add adc
2025-05-27 19:26:13,229 [INFO] IPUIPlugin:80 - create IPUIPlugin
2025-05-27 19:26:13,229 [INFO] PluginManager:220 - loadIPPluginJar : add aes
2025-05-27 19:26:13,234 [INFO] IPUIPlugin:80 - create IPUIPlugin
2025-05-27 19:26:13,235 [INFO] PluginManager:220 - loadIPPluginJar : add can
2025-05-27 19:26:13,238 [INFO] IPUIPlugin:80 - create IPUIPlugin
2025-05-27 19:26:13,238 [INFO] PluginManager:220 - loadIPPluginJar : add comp
2025-05-27 19:26:13,244 [INFO] IPUIPlugin:80 - create IPUIPlugin
2025-05-27 19:26:13,244 [INFO] PluginManager:220 - loadIPPluginJar : add cryp
2025-05-27 19:26:13,251 [INFO] IPUIPlugin:80 - create IPUIPlugin
2025-05-27 19:26:13,251 [INFO] PluginManager:220 - loadIPPluginJar : add ddr_ctrl_phy
2025-05-27 19:26:13,255 [INFO] IPUIPlugin:80 - create IPUIPlugin
2025-05-27 19:26:13,255 [INFO] PluginManager:220 - loadIPPluginJar : add dfsdm
2025-05-27 19:26:13,265 [INFO] IPUIPlugin:80 - create IPUIPlugin
2025-05-27 19:26:13,266 [INFO] PluginManager:220 - loadIPPluginJar : add dma
2025-05-27 19:26:13,271 [INFO] IPUIPlugin:80 - create IPUIPlugin
2025-05-27 19:26:13,272 [INFO] PluginManager:220 - loadIPPluginJar : add dma3
2025-05-27 19:26:13,279 [INFO] IPUIPlugin:80 - create IPUIPlugin
2025-05-27 19:26:13,279 [INFO] PluginManager:220 - loadIPPluginJar : add extmemmanager
2025-05-27 19:26:13,282 [INFO] IPUIPlugin:80 - create IPUIPlugin
2025-05-27 19:26:13,282 [INFO] PluginManager:220 - loadIPPluginJar : add fatfs
2025-05-27 19:26:13,291 [INFO] IPUIPlugin:80 - create IPUIPlugin
2025-05-27 19:26:13,291 [INFO] PluginManager:220 - loadIPPluginJar : add fmc
2025-05-27 19:26:13,299 [INFO] IPUIPlugin:80 - create IPUIPlugin
2025-05-27 19:26:13,299 [INFO] PluginManager:220 - loadIPPluginJar : add freertos
2025-05-27 19:26:13,302 [INFO] IPUIPlugin:80 - create IPUIPlugin
2025-05-27 19:26:13,302 [INFO] PluginManager:220 - loadIPPluginJar : add genericplugin
2025-05-27 19:26:13,309 [INFO] IPUIPlugin:80 - create IPUIPlugin
2025-05-27 19:26:13,309 [INFO] PluginManager:220 - loadIPPluginJar : add gfxmmu
2025-05-27 19:26:13,317 [INFO] IPUIPlugin:80 - create IPUIPlugin
2025-05-27 19:26:13,317 [INFO] PluginManager:220 - loadIPPluginJar : add gic
2025-05-27 19:26:13,325 [INFO] IPUIPlugin:80 - create IPUIPlugin
2025-05-27 19:26:13,326 [INFO] PluginManager:220 - loadIPPluginJar : add gpio
2025-05-27 19:26:13,332 [INFO] IPUIPlugin:80 - create IPUIPlugin
2025-05-27 19:26:13,332 [INFO] PluginManager:220 - loadIPPluginJar : add gtzc
2025-05-27 19:26:13,338 [INFO] IPUIPlugin:80 - create IPUIPlugin
2025-05-27 19:26:13,338 [INFO] PluginManager:220 - loadIPPluginJar : add hash
2025-05-27 19:26:13,344 [INFO] IPUIPlugin:80 - create IPUIPlugin
2025-05-27 19:26:13,344 [INFO] PluginManager:220 - loadIPPluginJar : add i2c
2025-05-27 19:26:13,349 [INFO] IPUIPlugin:80 - create IPUIPlugin
2025-05-27 19:26:13,349 [INFO] PluginManager:220 - loadIPPluginJar : add i2s
2025-05-27 19:26:13,353 [INFO] IPUIPlugin:80 - create IPUIPlugin
2025-05-27 19:26:13,355 [INFO] PluginManager:220 - loadIPPluginJar : add i3c
2025-05-27 19:26:13,361 [INFO] IPUIPlugin:80 - create IPUIPlugin
2025-05-27 19:26:13,362 [INFO] PluginManager:220 - loadIPPluginJar : add ipddr
2025-05-27 19:26:13,377 [INFO] IPUIPlugin:80 - create IPUIPlugin
2025-05-27 19:26:13,377 [INFO] PluginManager:220 - loadIPPluginJar : add linkedlist
2025-05-27 19:26:13,383 [INFO] IPUIPlugin:80 - create IPUIPlugin
2025-05-27 19:26:13,383 [INFO] PluginManager:220 - loadIPPluginJar : add lorawan
2025-05-27 19:26:13,386 [INFO] IPUIPlugin:80 - create IPUIPlugin
2025-05-27 19:26:13,386 [INFO] PluginManager:220 - loadIPPluginJar : add ltdc
2025-05-27 19:26:13,396 [INFO] IPUIPlugin:80 - create IPUIPlugin
2025-05-27 19:26:13,396 [INFO] PluginManager:220 - loadIPPluginJar : add mdma
2025-05-27 19:26:13,403 [INFO] IPUIPlugin:80 - create IPUIPlugin
2025-05-27 19:26:13,403 [INFO] PluginManager:220 - loadIPPluginJar : add nvic
2025-05-27 19:26:13,410 [INFO] IPUIPlugin:80 - create IPUIPlugin
2025-05-27 19:26:13,410 [INFO] PluginManager:220 - loadIPPluginJar : add opamp
2025-05-27 19:26:13,416 [INFO] IPUIPlugin:80 - create IPUIPlugin
2025-05-27 19:26:13,416 [INFO] PluginManager:220 - loadIPPluginJar : add openamp
2025-05-27 19:26:13,424 [INFO] IPUIPlugin:80 - create IPUIPlugin
2025-05-27 19:26:13,424 [INFO] PluginManager:220 - loadIPPluginJar : add pdm2pcm
2025-05-27 19:26:13,436 [INFO] IPUIPlugin:80 - create IPUIPlugin
2025-05-27 19:26:13,442 [INFO] PluginManager:220 - loadIPPluginJar : add plateformsettings
2025-05-27 19:26:13,445 [INFO] IPUIPlugin:80 - create IPUIPlugin
2025-05-27 19:26:13,446 [INFO] PluginManager:220 - loadIPPluginJar : add quadspi
2025-05-27 19:26:13,450 [INFO] IPUIPlugin:80 - create IPUIPlugin
2025-05-27 19:26:13,451 [INFO] PluginManager:220 - loadIPPluginJar : add radio
2025-05-27 19:26:13,460 [INFO] IPUIPlugin:80 - create IPUIPlugin
2025-05-27 19:26:13,460 [INFO] PluginManager:220 - loadIPPluginJar : add resmgrutility
2025-05-27 19:26:13,471 [INFO] IPUIPlugin:80 - create IPUIPlugin
2025-05-27 19:26:13,471 [INFO] PluginManager:220 - loadIPPluginJar : add sai
2025-05-27 19:26:13,478 [INFO] IPUIPlugin:80 - create IPUIPlugin
2025-05-27 19:26:13,478 [INFO] PluginManager:220 - loadIPPluginJar : add spi
2025-05-27 19:26:13,489 [INFO] IPUIPlugin:80 - create IPUIPlugin
2025-05-27 19:26:13,489 [INFO] PluginManager:220 - loadIPPluginJar : add stm32_wpan
2025-05-27 19:26:13,494 [INFO] IPUIPlugin:80 - create IPUIPlugin
2025-05-27 19:26:13,494 [INFO] PluginManager:220 - loadIPPluginJar : add tim
2025-05-27 19:26:13,501 [INFO] IPUIPlugin:80 - create IPUIPlugin
2025-05-27 19:26:13,501 [INFO] PluginManager:220 - loadIPPluginJar : add touchsensing
2025-05-27 19:26:13,506 [INFO] IPUIPlugin:80 - create IPUIPlugin
2025-05-27 19:26:13,507 [INFO] PluginManager:220 - loadIPPluginJar : add tracer_emb
2025-05-27 19:26:13,513 [INFO] IPUIPlugin:80 - create IPUIPlugin
2025-05-27 19:26:13,513 [INFO] PluginManager:220 - loadIPPluginJar : add ts
2025-05-27 19:26:13,516 [INFO] IPUIPlugin:80 - create IPUIPlugin
2025-05-27 19:26:13,516 [INFO] PluginManager:220 - loadIPPluginJar : add tsc
2025-05-27 19:26:13,519 [INFO] IPUIPlugin:80 - create IPUIPlugin
2025-05-27 19:26:13,520 [INFO] PluginManager:220 - loadIPPluginJar : add ucpd
2025-05-27 19:26:13,526 [INFO] IPUIPlugin:80 - create IPUIPlugin
2025-05-27 19:26:13,526 [INFO] PluginManager:220 - loadIPPluginJar : add usart
2025-05-27 19:26:13,532 [INFO] IPUIPlugin:80 - create IPUIPlugin
2025-05-27 19:26:13,532 [INFO] PluginManager:220 - loadIPPluginJar : add usbx
2025-05-27 19:26:13,706 [FATAL] Updater:351 - Updater called before beeing initialized
2025-05-27 19:26:13,758 [INFO] RulesReader:64 - Compatibility file has been processed (301 Rules)
2025-05-27 19:26:13,780 [INFO] RulesReader:64 - Compatibility file has been processed (301 Rules)
2025-05-27 19:26:13,795 [INFO] CADModel:165 - CPN selected for project level
2025-05-27 19:26:13,795 [INFO] CADModel:114 - Register for checkConnection events
2025-05-27 19:26:13,796 [FATAL] Updater:351 - Updater called before beeing initialized
2025-05-27 19:26:13,796 [ERROR] CADModel:125 - Updater not yet initialized, retry later 
2025-05-27 19:26:14,067 [FATAL] Updater:351 - Updater called before beeing initialized
2025-05-27 19:26:14,071 [INFO] CADModel:165 - CPN selected for project level
2025-05-27 19:26:14,071 [INFO] CADModel:114 - Register for checkConnection events
2025-05-27 19:26:14,071 [FATAL] Updater:351 - Updater called before beeing initialized
2025-05-27 19:26:14,072 [ERROR] CADModel:125 - Updater not yet initialized, retry later 
2025-05-27 19:26:14,078 [FATAL] Updater:351 - Updater called before beeing initialized
2025-05-27 19:26:14,420 [FATAL] Updater:351 - Updater called before beeing initialized
2025-05-27 19:26:14,429 [INFO] DbMcusAds:53 - JSON generation date=Thu Mar 06 15:54:21 CET 2025 (1741272861825)
2025-05-27 19:26:14,429 [FATAL] Updater:351 - Updater called before beeing initialized
2025-05-27 19:26:14,510 [WARN] DetailPanel:346 - Failed to get advertising image, set to default
2025-05-27 19:26:14,972 [FATAL] Updater:351 - Updater called before beeing initialized
2025-05-27 19:26:14,974 [FATAL] Updater:351 - Updater called before beeing initialized
2025-05-27 19:26:14,974 [FATAL] Updater:351 - Updater called before beeing initialized
2025-05-27 19:26:14,975 [WARN] DetailPanel:346 - Failed to get advertising image, set to default
2025-05-27 19:26:14,976 [FATAL] Updater:351 - Updater called before beeing initialized
2025-05-27 19:26:15,041 [ERROR] Updater:1198 - MainUpdater not yet initialized. External WinMGr cannot be set.
2025-05-27 19:26:15,044 [INFO] Updater:1134 - Updater Version found : 6.14.0
2025-05-27 19:26:15,074 [INFO] ApplicationProperties:184 - Using Application install path: C:\ST\STM32CubeIDE_1.18.0\STM32CubeIDE\plugins\com.st.stm32cube.common.mx_6.14.0.202502271554
2025-05-27 19:26:15,281 [INFO] ThirdPartyUpdaterWithRetryManager:70 - Updater plugin not ready yet. [2/15]
2025-05-27 19:26:16,661 [ERROR] LogOutputStream:75 - [STDERR_REDIRECT] May 27, 2025 7:26:16 PM java.util.prefs.WindowsPreferences <init>
2025-05-27 19:26:16,666 [ERROR] LogOutputStream:75 - [STDERR_REDIRECT] WARNING: Could not open/create prefs root node Software\JavaSoft\Prefs at root 0xffffffff80000002. Windows RegCreateKeyEx(...) returned error code 5.
2025-05-27 19:26:16,667 [ERROR] LogOutputStream:75 - [STDERR_REDIRECT] 
2025-05-27 19:26:17,336 [INFO] MainUpdater:2872 - connection check result : 10
2025-05-27 19:26:17,339 [INFO] MainUpdater:289 - Updater Check For Update Now.
2025-05-27 19:26:17,339 [INFO] MicroXplorer:498 - Change Database Version : DB.6.0.140
2025-05-27 19:26:17,358 [INFO] McuFinderGlobals:63 - Set McuFinder mode to 2 (CubeIDE integrated)
2025-05-27 19:26:17,360 [INFO] UserAuth:486 - Internet connection configuration mode: 1
2025-05-27 19:26:17,402 [INFO] JxBrowserEngine:152 - Initiate JxBrowser Engine with user profile folder
2025-05-27 19:26:17,641 [INFO] CheckServerUpdateThread:120 - End of CheckServer Thread
2025-05-27 19:26:19,075 [WARN] PackLoader:240 - Cannot read IP mode file for STMicroelectronics.FP-SNS-MOTENVWB1.1.4.0
2025-05-27 19:26:19,094 [WARN] PackLoader:240 - Cannot read IP mode file for STMicroelectronics.FP-ATR-ASTRA1.2.0.2
2025-05-27 19:26:19,108 [WARN] PackLoader:240 - Cannot read IP mode file for STMicroelectronics.X-CUBE-SMBUS.2.1.0
2025-05-27 19:26:19,142 [WARN] PackLoader:240 - Cannot read IP mode file for STMicroelectronics.X-CUBE-WB05N.1.1.0
2025-05-27 19:26:19,152 [WARN] PackLoader:240 - Cannot read IP mode file for STMicroelectronics.X-CUBE-ST60.1.0.0
2025-05-27 19:26:19,205 [WARN] PackLoader:240 - Cannot read IP mode file for STMicroelectronics.X-CUBE-AZRTOS-F7.1.1.0
2025-05-27 19:26:19,292 [WARN] PackLoader:240 - Cannot read IP mode file for Infineon.AIROC-Wi-Fi-Bluetooth-STM32.1.7.0
2025-05-27 19:26:19,318 [WARN] PackLoader:240 - Cannot read IP mode file for STMicroelectronics.X-CUBE-DISPLAY.3.0.0
2025-05-27 19:26:19,340 [WARN] PackLoader:240 - Cannot read IP mode file for STMicroelectronics.X-CUBE-NFC10.1.0.0
2025-05-27 19:26:19,377 [WARN] PackLoader:240 - Cannot read IP mode file for STMicroelectronics.X-CUBE-BLEMGR.4.0.0
2025-05-27 19:26:19,392 [WARN] PackLoader:240 - Cannot read IP mode file for emotas.I-CUBE-CANOPEN.1.3.0
2025-05-27 19:26:19,431 [WARN] ConditionMgr:438 - getConditionDescription Invalid condition id : Cortex-A Device cause : null
2025-05-27 19:26:19,472 [WARN] ConditionMgr:1044 - genDependencies : Invalid condition id : Cortex-A Device cause : null
2025-05-27 19:26:19,472 [WARN] ConditionMgr:1044 - genDependencies : Invalid condition id : Cortex-A Device cause : null
2025-05-27 19:26:19,472 [WARN] ConditionMgr:1044 - genDependencies : Invalid condition id : Cortex-A Device cause : null
2025-05-27 19:26:19,480 [WARN] PackLoader:240 - Cannot read IP mode file for STMicroelectronics.X-CUBE-AI.10.0.0
2025-05-27 19:26:19,488 [WARN] PackLoader:240 - Cannot read IP mode file for STMicroelectronics.FP-SNS-SMARTAG2.1.2.0
2025-05-27 19:26:19,496 [WARN] PackLoader:240 - Cannot read IP mode file for STMicroelectronics.FP-SNS-FLIGHT1.5.1.0
2025-05-27 19:26:19,626 [WARN] PackLoader:240 - Cannot read IP mode file for STMicroelectronics.X-CUBE-MEMS1.11.1.0
2025-05-27 19:26:19,803 [INFO] WebApp:169 - Instantiating new browser for Auth
2025-05-27 19:26:20,041 [INFO] LogOutputStream:77 - [STDOUT_REDIRECT] 1 : Invalid condition id : UX_CORESTACK_Condition cause : null
2025-05-27 19:26:20,042 [INFO] LogOutputStream:77 - [STDOUT_REDIRECT] 1 : Invalid condition id : UX_CORESTACK_Condition cause : null
2025-05-27 19:26:20,044 [INFO] LogOutputStream:77 - [STDOUT_REDIRECT] 1 : Invalid condition id : UX_CORESTACK_Condition cause : null
2025-05-27 19:26:20,046 [INFO] LogOutputStream:77 - [STDOUT_REDIRECT] 1 : Invalid condition id : UX_CORESTACK_Condition cause : null
2025-05-27 19:26:20,049 [INFO] LogOutputStream:77 - [STDOUT_REDIRECT] 1 : Invalid condition id : UX_CORESTACK_Condition cause : null
2025-05-27 19:26:20,057 [WARN] PackLoader:240 - Cannot read IP mode file for STMicroelectronics.X-CUBE-AZRTOS-WL.2.0.0
2025-05-27 19:26:20,082 [WARN] PackLoader:240 - Cannot read IP mode file for STMicroelectronics.FP-SNS-MOTENV1.5.0.0
2025-05-27 19:26:20,096 [WARN] PackLoader:240 - Cannot read IP mode file for WES.I-CUBE-Cesium.1.3.0
2025-05-27 19:26:20,104 [WARN] PackLoader:240 - Cannot read IP mode file for STMicroelectronics.X-CUBE-BLE2.3.3.0
2025-05-27 19:26:20,122 [WARN] PackLoader:240 - Cannot read IP mode file for STMicroelectronics.X-CUBE-NFC9.1.0.0
2025-05-27 19:26:20,133 [WARN] PackLoader:240 - Cannot read IP mode file for STMicroelectronics.X-CUBE-BLE1.7.1.0
2025-05-27 19:26:20,269 [WARN] PackLoader:240 - Cannot read IP mode file for STMicroelectronics.X-CUBE-MEMS1.11.2.0
2025-05-27 19:26:20,815 [WARN] PackLoader:240 - Cannot read IP mode file for STMicroelectronics.X-CUBE-AZRTOS-G0.1.1.0
2025-05-27 19:26:20,830 [WARN] PackLoader:240 - Cannot read IP mode file for STMicroelectronics.X-CUBE-SAFEA1.1.2.2
2025-05-27 19:26:20,843 [WARN] PackLoader:240 - Cannot read IP mode file for STMicroelectronics.X-CUBE-NFC4.3.0.0
2025-05-27 19:26:20,874 [WARN] PackLoader:240 - Cannot read IP mode file for EmbeddedOffice.I-CUBE-FS-RTOS.1.0.1
2025-05-27 19:26:20,884 [WARN] PackLoader:240 - Cannot read IP mode file for STMicroelectronics.X-CUBE-WB05N.2.0.0
2025-05-27 19:26:20,893 [WARN] PackLoader:240 - Cannot read IP mode file for wolfSSL.I-CUBE-wolfTPM.3.8.0
2025-05-27 19:26:20,902 [WARN] PackLoader:240 - Cannot read IP mode file for STMicroelectronics.X-CUBE-TCPP.4.2.0
2025-05-27 19:26:20,931 [WARN] PackLoader:240 - Cannot read IP mode file for RealThread.X-CUBE-RT-Thread_Nano.4.1.1
2025-05-27 19:26:20,938 [WARN] PackLoader:240 - Cannot read IP mode file for STMicroelectronics.FP-ATR-SIGFOX1.3.2.0
2025-05-27 19:26:20,949 [WARN] PackLoader:240 - Cannot read IP mode file for STMicroelectronics.X-CUBE-EEPRMA1.5.1.0
2025-05-27 19:26:20,961 [WARN] PackLoader:240 - Cannot read IP mode file for ITTIA_DB.I-CUBE-ITTIADB.8.9.0
2025-05-27 19:26:21,065 [WARN] PackLoader:240 - Cannot read IP mode file for SEGGER.I-CUBE-embOS.1.3.1
2025-05-27 19:26:21,164 [WARN] PackLoader:240 - Cannot read IP mode file for STMicroelectronics.X-CUBE-ALGOBUILD.1.4.0
2025-05-27 19:26:21,192 [WARN] PackLoader:240 - Cannot read IP mode file for STMicroelectronics.X-CUBE-AZRTOS-F4.1.1.0
2025-05-27 19:26:21,204 [WARN] PackLoader:240 - Cannot read IP mode file for Avnet-IotConnect.X-CUBE-IoTC-DA16k-PMOD.1.0.0
2025-05-27 19:26:21,211 [WARN] PackLoader:240 - Cannot read IP mode file for STMicroelectronics.X-CUBE-ISPU.2.1.0
2025-05-27 19:26:21,250 [WARN] PackLoader:240 - Cannot read IP mode file for STMicroelectronics.X-CUBE-AZRTOS-L5.2.0.0
2025-05-27 19:26:21,305 [WARN] PackLoader:240 - Cannot read IP mode file for STMicroelectronics.X-CUBE-NFC6.3.1.0
2025-05-27 19:26:21,317 [WARN] PackLoader:240 - Cannot read IP mode file for STMicroelectronics.X-CUBE-DPower.1.2.0
2025-05-27 19:26:21,327 [WARN] PackLoader:240 - Cannot read IP mode file for STMicroelectronics.X-CUBE-FREERTOS.1.3.1
2025-05-27 19:26:21,334 [WARN] PackLoader:240 - Cannot read IP mode file for STMicroelectronics.X-CUBE-FREERTOS.1.3.0
2025-05-27 19:26:21,341 [WARN] PackLoader:240 - Cannot read IP mode file for STMicroelectronics.X-CUBE-NFC7.1.0.1
2025-05-27 19:26:21,370 [WARN] ConditionMgr:438 - getConditionDescription Invalid condition id : LAN8742 Phy interface Condition cause : null
2025-05-27 19:26:21,371 [WARN] PackLoader:240 - Cannot read IP mode file for STMicroelectronics.X-CUBE-AZRTOS-L4.2.0.0
2025-05-27 19:26:21,373 [WARN] ConditionMgr:1044 - genDependencies : Invalid condition id : LAN8742 Phy interface Condition cause : null
2025-05-27 19:26:21,373 [WARN] ConditionMgr:1044 - genDependencies : Invalid condition id : LAN8742 Phy interface Condition cause : null
2025-05-27 19:26:21,374 [WARN] ConditionMgr:1044 - genDependencies : Invalid condition id : LAN8742 Phy interface Condition cause : null
2025-05-27 19:26:21,386 [WARN] PackLoader:240 - Cannot read IP mode file for STMicroelectronics.X-CUBE-SFXS2LP1.4.0.0
2025-05-27 19:26:21,465 [WARN] PackLoader:240 - Cannot read IP mode file for STMicroelectronics.X-CUBE-AZRTOS-H7.3.3.0
2025-05-27 19:26:21,871 [WARN] ConditionMgr:438 - getConditionDescription Invalid condition id : UX DEVICE CLASS RTOS Condition cause : null
2025-05-27 19:26:21,872 [WARN] ConditionMgr:438 - getConditionDescription Invalid condition id : UX DEVICE CLASS RTOS Condition cause : null
2025-05-27 19:26:21,877 [WARN] PackLoader:240 - Cannot read IP mode file for STMicroelectronics.X-CUBE-AZRTOS-WB.2.0.0
2025-05-27 19:26:21,878 [WARN] ConditionMgr:1044 - genDependencies : Invalid condition id : UX DEVICE CLASS RTOS Condition cause : null
2025-05-27 19:26:21,878 [WARN] ConditionMgr:1044 - genDependencies : Invalid condition id : UX DEVICE CLASS RTOS Condition cause : null
2025-05-27 19:26:21,878 [WARN] ConditionMgr:1044 - genDependencies : Invalid condition id : UX DEVICE CLASS RTOS Condition cause : null
2025-05-27 19:26:21,879 [WARN] ConditionMgr:1044 - genDependencies : Invalid condition id : UX DEVICE CLASS RTOS Condition cause : null
2025-05-27 19:26:21,879 [WARN] ConditionMgr:1044 - genDependencies : Invalid condition id : UX DEVICE CLASS RTOS Condition cause : null
2025-05-27 19:26:22,034 [WARN] PackLoader:240 - Cannot read IP mode file for STMicroelectronics.X-CUBE-GNSS1.7.0.1
2025-05-27 19:26:22,047 [WARN] PackLoader:240 - Cannot read IP mode file for STMicroelectronics.X-CUBE-TOUCHGFX.4.25.0
2025-05-27 19:26:22,059 [WARN] PackLoader:240 - Cannot read IP mode file for STMicroelectronics.FP-SNS-STBOX1.2.0.0
2025-05-27 19:26:22,079 [WARN] PackLoader:240 - Cannot read IP mode file for STMicroelectronics.X-CUBE-SUBG2.5.0.0
2025-05-27 19:26:22,092 [WARN] PackLoader:240 - Cannot read IP mode file for Cesanta.I-CUBE-Mongoose.7.13.0
2025-05-27 19:26:22,114 [WARN] PackLoader:240 - Cannot read IP mode file for STMicroelectronics.X-CUBE-AZRTOS-G4.2.0.0
2025-05-27 19:26:22,123 [WARN] PackLoader:240 - Cannot read IP mode file for wolfSSL.I-CUBE-wolfSSH.1.4.20
2025-05-27 19:26:22,129 [WARN] PackLoader:240 - Cannot read IP mode file for STMicroelectronics.X-CUBE-NFC7.2.0.0
2025-05-27 19:26:22,181 [WARN] PackLoader:240 - Cannot read IP mode file for STMicroelectronics.X-CUBE-IPS.3.1.0
2025-05-27 19:26:22,197 [WARN] PackLoader:240 - Cannot read IP mode file for STMicroelectronics.X-CUBE-ALS.1.0.2
2025-05-27 19:26:22,204 [WARN] PackLoader:240 - Cannot read IP mode file for portGmbH.I-Cube-SoM-uGOAL.1.1.0
2025-05-27 19:26:22,231 [WARN] PackLoader:240 - Cannot read IP mode file for STMicroelectronics.X-CUBE-AZRTOS-H7RS.1.0.0
2025-05-27 19:26:22,252 [WARN] PackLoader:240 - Cannot read IP mode file for STMicroelectronics.X-CUBE-TOF1.3.4.2
2025-05-27 19:26:22,323 [WARN] PackLoader:240 - Cannot read IP mode file for STMicroelectronics.X-CUBE-TOF1.3.4.3
2025-05-27 19:26:22,538 [INFO] ThirdParty:978 - Integrity check success = true
2025-05-27 19:26:22,539 [INFO] IntegrityCheckThread:100 - exiting critical section [integrity check]
2025-05-27 19:26:22,539 [INFO] IntegrityCheckThread:103 - End integrity checks thread
2025-05-27 19:26:24,432 [INFO] WebApp:463 - Apply proxy settings
2025-05-27 19:26:24,432 [INFO] WebApp:548 - Chromium requires no authentication
2025-05-27 19:26:24,452 [INFO] WebApp:491 - Direct internet connection detected
2025-05-27 19:26:24,504 [INFO] WebApp:894 - Register for checkConnection events
2025-05-27 19:26:24,504 [INFO] WebApp:463 - Apply proxy settings
2025-05-27 19:26:24,504 [INFO] WebApp:548 - Chromium requires no authentication
2025-05-27 19:26:24,505 [INFO] WebApp:491 - Direct internet connection detected
2025-05-27 19:26:25,064 [INFO] WebApp:225 - Starting web application
2025-05-27 19:26:25,064 [INFO] WebApp:593 - Web application path used C:\ST\STM32CubeIDE_1.18.0\STM32CubeIDE\plugins\com.st.stm32cube.common.mx_6.14.0.202502271554\db\plugins\mcufinder\reactClient1\index.html
2025-05-27 19:26:25,480 [INFO] UserAuth:486 - Internet connection configuration mode: 1
2025-05-27 19:26:26,126 [INFO] WebApp:191 - Connection restablished
2025-05-27 19:26:26,514 [ERROR] LogOutputStream:75 - [STDERR_REDIRECT] May 27, 2025 7:26:26 PM org.glassfish.grizzly.http.server.NetworkListener start
2025-05-27 19:26:26,516 [ERROR] LogOutputStream:75 - [STDERR_REDIRECT] INFO: Started listener bound to [localhost:16721]
2025-05-27 19:26:26,516 [ERROR] LogOutputStream:75 - [STDERR_REDIRECT] 
2025-05-27 19:26:26,519 [ERROR] LogOutputStream:75 - [STDERR_REDIRECT] May 27, 2025 7:26:26 PM org.glassfish.grizzly.http.server.HttpServer start
2025-05-27 19:26:26,520 [ERROR] LogOutputStream:75 - [STDERR_REDIRECT] INFO: [HttpServer] Started.
2025-05-27 19:26:26,520 [ERROR] LogOutputStream:75 - [STDERR_REDIRECT] 
