2025-03-18 19:46:20,558 [INFO] Activator:176 - 


2025-03-18 19:46:20,562 [INFO] Activator:177 - !SESSION log4j initialized
2025-03-18 19:46:23,699 [INFO] LogOutputStream:77 - [STDOUT_REDIRECT] 
2025-03-18 19:46:26,888 [INFO] ApplicationProperties:184 - Using Application install path: C:\ST\STM32CubeIDE_1.18.0\STM32CubeIDE\plugins\com.st.stm32cube.common.mx_6.14.0.202502271554
2025-03-18 19:46:26,907 [INFO] DbMcusXml:78 - Set database path to: C:\ST\STM32CubeIDE_1.18.0\STM32CubeIDE\plugins\com.st.stm32cube.common.mx_6.14.0.202502271554\\db\/mcu/
2025-03-18 19:46:26,908 [INFO] ApiDb:274 - Set plugin database path to: C:\ST\STM32CubeIDE_1.18.0\STM32CubeIDE\plugins\com.st.stm32cube.common.mx_6.14.0.202502271554\\db\/plugins/boardmanager/
2025-03-18 19:46:26,909 [WARN] ApiDb:259 - Overriding images path with different value:  => C:\ST\STM32CubeIDE_1.18.0\STM32CubeIDE\plugins\com.st.stm32cube.common.mx_6.14.0.202502271554\\db\/plugins/mcufinder/images/
2025-03-18 19:46:26,918 [INFO] ApiDb:250 - Set database path to: C:\Users\pwlub\.stmcufinder\plugins\mcufinder//mcu/
2025-03-18 19:46:26,919 [INFO] DbMcusAds:125 - Set database path to: C:\Users\pwlub\.stmcufinder\plugins\mcufinder//mcu/
2025-03-18 19:46:26,922 [INFO] CrossReferenceDbSqlite:203 - Set database path to: C:\Users\pwlub\.stmcufinder\plugins\mcufinder//mcu/cs/
2025-03-18 19:46:27,172 [INFO] RulesReader:64 - Compatibility file has been processed (301 Rules)
2025-03-18 19:46:27,317 [INFO] DbMcusXml:78 - Set database path to: C:\ST\STM32CubeIDE_1.18.0\STM32CubeIDE\plugins\com.st.stm32cube.common.mx_6.14.0.202502271554\\db\/mcu/
2025-03-18 19:46:27,318 [INFO] ApiDb:274 - Set plugin database path to: C:\ST\STM32CubeIDE_1.18.0\STM32CubeIDE\plugins\com.st.stm32cube.common.mx_6.14.0.202502271554\\db\/plugins/boardmanager/
2025-03-18 19:46:27,318 [INFO] ApiDb:261 - Set plugin images path to: C:\ST\STM32CubeIDE_1.18.0\STM32CubeIDE\plugins\com.st.stm32cube.common.mx_6.14.0.202502271554\\db\/plugins/mcufinder/images/
2025-03-18 19:46:27,318 [WARN] DbFile:41 - Overriding database path with different value: C:\Users\pwlub\.stmcufinder\plugins\mcufinder/ => C:\Users\pwlub\.stmcufinder\plugins\mcufinder
2025-03-18 19:46:27,319 [INFO] ApiDb:250 - Set database path to: C:\Users\pwlub\.stmcufinder\plugins\mcufinder//mcu/
2025-03-18 19:46:27,319 [WARN] DbFile:41 - Overriding database path with different value: C:\Users\pwlub\.stmcufinder\plugins\mcufinder/ => C:\Users\pwlub\.stmcufinder\plugins\mcufinder
2025-03-18 19:46:27,319 [INFO] DbMcusAds:125 - Set database path to: C:\Users\pwlub\.stmcufinder\plugins\mcufinder//mcu/
2025-03-18 19:46:27,319 [WARN] DbFile:41 - Overriding database path with different value: C:\Users\pwlub\.stmcufinder\plugins\mcufinder/ => C:\Users\pwlub\.stmcufinder\plugins\mcufinder
2025-03-18 19:46:27,319 [WARN] DbFile:41 - Overriding database path with different value: C:\Users\pwlub\.stmcufinder\plugins\mcufinder/ => C:\Users\pwlub\.stmcufinder\plugins\mcufinder
2025-03-18 19:46:27,319 [INFO] CrossReferenceDbSqlite:203 - Set database path to: C:\Users\pwlub\.stmcufinder\plugins\mcufinder//mcu/cs/
2025-03-18 19:46:27,438 [INFO] MainPanel:272 - HeapMemory: 268435456
2025-03-18 19:46:27,553 [INFO] DbMcusXml:78 - Set database path to: C:\ST\STM32CubeIDE_1.18.0\STM32CubeIDE\plugins\com.st.stm32cube.common.mx_6.14.0.202502271554\\db\/mcu/
2025-03-18 19:46:27,553 [INFO] ApiDb:274 - Set plugin database path to: C:\ST\STM32CubeIDE_1.18.0\STM32CubeIDE\plugins\com.st.stm32cube.common.mx_6.14.0.202502271554\\db\/plugins/boardmanager/
2025-03-18 19:46:27,553 [INFO] ApiDb:261 - Set plugin images path to: C:\ST\STM32CubeIDE_1.18.0\STM32CubeIDE\plugins\com.st.stm32cube.common.mx_6.14.0.202502271554\\db\/plugins/mcufinder/images/
2025-03-18 19:46:27,554 [WARN] DbFile:41 - Overriding database path with different value: C:\Users\pwlub\.stmcufinder\plugins\mcufinder/ => C:\Users\pwlub\.stmcufinder\plugins\mcufinder
2025-03-18 19:46:27,554 [INFO] ApiDb:250 - Set database path to: C:\Users\pwlub\.stmcufinder\plugins\mcufinder//mcu/
2025-03-18 19:46:27,554 [WARN] DbFile:41 - Overriding database path with different value: C:\Users\pwlub\.stmcufinder\plugins\mcufinder/ => C:\Users\pwlub\.stmcufinder\plugins\mcufinder
2025-03-18 19:46:27,554 [INFO] DbMcusAds:125 - Set database path to: C:\Users\pwlub\.stmcufinder\plugins\mcufinder//mcu/
2025-03-18 19:46:27,554 [WARN] DbFile:41 - Overriding database path with different value: C:\Users\pwlub\.stmcufinder\plugins\mcufinder/ => C:\Users\pwlub\.stmcufinder\plugins\mcufinder
2025-03-18 19:46:27,554 [WARN] DbFile:41 - Overriding database path with different value: C:\Users\pwlub\.stmcufinder\plugins\mcufinder/ => C:\Users\pwlub\.stmcufinder\plugins\mcufinder
2025-03-18 19:46:27,555 [INFO] CrossReferenceDbSqlite:203 - Set database path to: C:\Users\pwlub\.stmcufinder\plugins\mcufinder//mcu/cs/
2025-03-18 19:46:27,579 [INFO] ApplicationProperties:184 - Using Application install path: C:\ST\STM32CubeIDE_1.18.0\STM32CubeIDE\plugins\com.st.stm32cube.common.mx_6.14.0.202502271554
2025-03-18 19:46:27,580 [INFO] PluginManage:196 - Search for loadable plugins [exclusion list=, ]
2025-03-18 19:46:27,582 [INFO] PluginManage:310 - Check plugin analytics
2025-03-18 19:46:27,869 [INFO] AnalyticsPlugin:253 - Accepted Software Licenses: 
2025-03-18 19:46:27,870 [INFO] AnalyticsPlugin:255 - Accepted CMSIS Pack Licenses: 
2025-03-18 19:46:27,870 [INFO] AnalyticsPlugin:257 - Accepted Firmware Licenses: FW.G4.1.5.0
2025-03-18 19:46:27,875 [INFO] PluginManage:359 - Loaded plugin analytics (category:tool,tabindex:-1)
2025-03-18 19:46:27,876 [INFO] PluginManage:310 - Check plugin cadmodel
2025-03-18 19:46:27,883 [INFO] CADModel:105 - Init CAD model plugin
2025-03-18 19:46:27,883 [INFO] PluginManage:359 - Loaded plugin cadmodel (category:power,tabindex:5)
2025-03-18 19:46:27,884 [INFO] PluginManage:310 - Check plugin clock
2025-03-18 19:46:27,901 [INFO] PluginManage:359 - Loaded plugin clock (category:base,tabindex:2)
2025-03-18 19:46:27,901 [INFO] PluginManage:310 - Check plugin ddr
2025-03-18 19:46:27,904 [INFO] PluginManage:359 - Loaded plugin ddr (category:tool,tabindex:6)
2025-03-18 19:46:27,905 [INFO] PluginManage:310 - Check plugin filemanager
2025-03-18 19:46:28,220 [INFO] PluginManage:359 - Loaded plugin filemanager (category:base,tabindex:10)
2025-03-18 19:46:28,221 [INFO] PluginManage:310 - Check plugin ipmanager
2025-03-18 19:46:28,233 [INFO] PluginManage:359 - Loaded plugin ipmanager (category:base,tabindex:5)
2025-03-18 19:46:28,233 [INFO] PluginManage:310 - Check plugin lpbam
2025-03-18 19:46:28,245 [INFO] PluginManage:359 - Loaded plugin lpbam (category:base,tabindex:0)
2025-03-18 19:46:28,246 [INFO] PluginManage:310 - Check plugin memorymap
2025-03-18 19:46:28,263 [INFO] PluginManage:359 - Loaded plugin memorymap (category:base,tabindex:4)
2025-03-18 19:46:28,264 [INFO] PluginManage:310 - Check plugin pinoutandconfiguration
2025-03-18 19:46:28,273 [INFO] PluginManage:359 - Loaded plugin pinoutandconfiguration (category:base,tabindex:1)
2025-03-18 19:46:28,273 [INFO] PluginManage:310 - Check plugin pinoutconfig
2025-03-18 19:46:28,443 [WARN] SupportedApi:132 - Cannot load RTOS API schema: s4s-elt-must-match.1: The content of 'definitions' must match (annotation?, (simpleType | complexType)?, (unique | key | keyref)*)). A problem was found starting at: attribute.
2025-03-18 19:46:28,611 [INFO] PluginManage:359 - Loaded plugin pinoutconfig (category:base,tabindex:0)
2025-03-18 19:46:28,611 [INFO] PluginManage:310 - Check plugin power
2025-03-18 19:46:28,622 [INFO] PluginManage:359 - Loaded plugin power (category:power,tabindex:4)
2025-03-18 19:46:28,622 [INFO] PluginManage:310 - Check plugin projectmanager
2025-03-18 19:46:28,647 [INFO] PluginManage:359 - Loaded plugin projectmanager (category:projectmanager,tabindex:4)
2025-03-18 19:46:28,647 [INFO] PluginManage:310 - Check plugin rif
2025-03-18 19:46:28,656 [INFO] PluginManage:359 - Loaded plugin rif (category:base,tabindex:3)
2025-03-18 19:46:28,656 [INFO] PluginManage:310 - Check plugin thirdparty
2025-03-18 19:46:28,876 [INFO] PluginManage:359 - Loaded plugin thirdparty (category:base,tabindex:-1)
2025-03-18 19:46:28,877 [INFO] PluginManage:310 - Check plugin tools
2025-03-18 19:46:28,876 [WARN] IntegrityCheckThread:84 - waiting for thirdparty lock release [integrity check]
2025-03-18 19:46:28,878 [INFO] IntegrityCheckThread:86 - entering critical section [integrity check]
2025-03-18 19:46:28,879 [INFO] ThirdPartyUpdaterWithRetryManager:70 - Updater plugin not ready yet. [1/15]
2025-03-18 19:46:28,881 [INFO] PluginManage:359 - Loaded plugin tools (category:base,tabindex:7)
2025-03-18 19:46:28,881 [INFO] PluginManage:310 - Check plugin tutovideos
2025-03-18 19:46:29,055 [INFO] PluginManage:359 - Loaded plugin tutovideos (category:base,tabindex:-1)
2025-03-18 19:46:29,056 [INFO] PluginManage:310 - Check plugin updater
2025-03-18 19:46:29,088 [INFO] PluginManage:359 - Loaded plugin updater (category:base,tabindex:12)
2025-03-18 19:46:29,088 [INFO] PluginManage:310 - Check plugin userauth
2025-03-18 19:46:29,094 [INFO] UserAuth:118 - Init User Auth plugin
2025-03-18 19:46:29,095 [INFO] PluginManage:359 - Loaded plugin userauth (category:base,tabindex:14)
2025-03-18 19:46:29,096 [INFO] PluginManage:283 - PluginManage : Loaded plugins [18]
2025-03-18 19:46:29,398 [INFO] PinOutPanel:1589 - setPackage(No Configuration,No Configuration)
2025-03-18 19:46:29,534 [INFO] CADModel:165 - CPN selected for project level
2025-03-18 19:46:29,534 [INFO] CADModel:114 - Register for checkConnection events
2025-03-18 19:46:29,552 [INFO] IPUIPlugin:80 - create IPUIPlugin
2025-03-18 19:46:29,552 [INFO] PluginManager:220 - loadIPPluginJar : add adc
2025-03-18 19:46:29,555 [INFO] IPUIPlugin:80 - create IPUIPlugin
2025-03-18 19:46:29,556 [INFO] PluginManager:220 - loadIPPluginJar : add aes
2025-03-18 19:46:29,560 [INFO] IPUIPlugin:80 - create IPUIPlugin
2025-03-18 19:46:29,560 [INFO] PluginManager:220 - loadIPPluginJar : add can
2025-03-18 19:46:29,563 [INFO] IPUIPlugin:80 - create IPUIPlugin
2025-03-18 19:46:29,563 [INFO] PluginManager:220 - loadIPPluginJar : add comp
2025-03-18 19:46:29,565 [INFO] IPUIPlugin:80 - create IPUIPlugin
2025-03-18 19:46:29,566 [INFO] PluginManager:220 - loadIPPluginJar : add cryp
2025-03-18 19:46:29,568 [INFO] IPUIPlugin:80 - create IPUIPlugin
2025-03-18 19:46:29,568 [INFO] PluginManager:220 - loadIPPluginJar : add ddr_ctrl_phy
2025-03-18 19:46:29,571 [INFO] IPUIPlugin:80 - create IPUIPlugin
2025-03-18 19:46:29,571 [INFO] PluginManager:220 - loadIPPluginJar : add dfsdm
2025-03-18 19:46:29,578 [INFO] IPUIPlugin:80 - create IPUIPlugin
2025-03-18 19:46:29,578 [INFO] PluginManager:220 - loadIPPluginJar : add dma
2025-03-18 19:46:29,582 [INFO] IPUIPlugin:80 - create IPUIPlugin
2025-03-18 19:46:29,583 [INFO] PluginManager:220 - loadIPPluginJar : add dma3
2025-03-18 19:46:29,586 [INFO] IPUIPlugin:80 - create IPUIPlugin
2025-03-18 19:46:29,586 [INFO] PluginManager:220 - loadIPPluginJar : add extmemmanager
2025-03-18 19:46:29,588 [INFO] IPUIPlugin:80 - create IPUIPlugin
2025-03-18 19:46:29,588 [INFO] PluginManager:220 - loadIPPluginJar : add fatfs
2025-03-18 19:46:29,595 [INFO] IPUIPlugin:80 - create IPUIPlugin
2025-03-18 19:46:29,595 [INFO] PluginManager:220 - loadIPPluginJar : add fmc
2025-03-18 19:46:29,601 [INFO] IPUIPlugin:80 - create IPUIPlugin
2025-03-18 19:46:29,602 [INFO] PluginManager:220 - loadIPPluginJar : add freertos
2025-03-18 19:46:29,604 [INFO] IPUIPlugin:80 - create IPUIPlugin
2025-03-18 19:46:29,605 [INFO] PluginManager:220 - loadIPPluginJar : add genericplugin
2025-03-18 19:46:29,608 [INFO] IPUIPlugin:80 - create IPUIPlugin
2025-03-18 19:46:29,608 [INFO] PluginManager:220 - loadIPPluginJar : add gfxmmu
2025-03-18 19:46:29,615 [INFO] IPUIPlugin:80 - create IPUIPlugin
2025-03-18 19:46:29,616 [INFO] PluginManager:220 - loadIPPluginJar : add gic
2025-03-18 19:46:29,621 [INFO] IPUIPlugin:80 - create IPUIPlugin
2025-03-18 19:46:29,622 [INFO] PluginManager:220 - loadIPPluginJar : add gpio
2025-03-18 19:46:29,626 [INFO] IPUIPlugin:80 - create IPUIPlugin
2025-03-18 19:46:29,626 [INFO] PluginManager:220 - loadIPPluginJar : add gtzc
2025-03-18 19:46:29,630 [INFO] IPUIPlugin:80 - create IPUIPlugin
2025-03-18 19:46:29,631 [INFO] PluginManager:220 - loadIPPluginJar : add hash
2025-03-18 19:46:29,635 [INFO] IPUIPlugin:80 - create IPUIPlugin
2025-03-18 19:46:29,636 [INFO] PluginManager:220 - loadIPPluginJar : add i2c
2025-03-18 19:46:29,640 [INFO] IPUIPlugin:80 - create IPUIPlugin
2025-03-18 19:46:29,641 [INFO] PluginManager:220 - loadIPPluginJar : add i2s
2025-03-18 19:46:29,645 [INFO] IPUIPlugin:80 - create IPUIPlugin
2025-03-18 19:46:29,645 [INFO] PluginManager:220 - loadIPPluginJar : add i3c
2025-03-18 19:46:29,648 [INFO] IPUIPlugin:80 - create IPUIPlugin
2025-03-18 19:46:29,649 [INFO] PluginManager:220 - loadIPPluginJar : add ipddr
2025-03-18 19:46:29,657 [INFO] IPUIPlugin:80 - create IPUIPlugin
2025-03-18 19:46:29,657 [INFO] PluginManager:220 - loadIPPluginJar : add linkedlist
2025-03-18 19:46:29,662 [INFO] IPUIPlugin:80 - create IPUIPlugin
2025-03-18 19:46:29,662 [INFO] PluginManager:220 - loadIPPluginJar : add lorawan
2025-03-18 19:46:29,664 [INFO] IPUIPlugin:80 - create IPUIPlugin
2025-03-18 19:46:29,665 [INFO] PluginManager:220 - loadIPPluginJar : add ltdc
2025-03-18 19:46:29,671 [INFO] IPUIPlugin:80 - create IPUIPlugin
2025-03-18 19:46:29,671 [INFO] PluginManager:220 - loadIPPluginJar : add mdma
2025-03-18 19:46:29,676 [INFO] IPUIPlugin:80 - create IPUIPlugin
2025-03-18 19:46:29,676 [INFO] PluginManager:220 - loadIPPluginJar : add nvic
2025-03-18 19:46:29,680 [INFO] IPUIPlugin:80 - create IPUIPlugin
2025-03-18 19:46:29,680 [INFO] PluginManager:220 - loadIPPluginJar : add opamp
2025-03-18 19:46:29,684 [INFO] IPUIPlugin:80 - create IPUIPlugin
2025-03-18 19:46:29,684 [INFO] PluginManager:220 - loadIPPluginJar : add openamp
2025-03-18 19:46:29,688 [INFO] IPUIPlugin:80 - create IPUIPlugin
2025-03-18 19:46:29,688 [INFO] PluginManager:220 - loadIPPluginJar : add pdm2pcm
2025-03-18 19:46:29,695 [INFO] IPUIPlugin:80 - create IPUIPlugin
2025-03-18 19:46:29,698 [INFO] PluginManager:220 - loadIPPluginJar : add plateformsettings
2025-03-18 19:46:29,701 [INFO] IPUIPlugin:80 - create IPUIPlugin
2025-03-18 19:46:29,702 [INFO] PluginManager:220 - loadIPPluginJar : add quadspi
2025-03-18 19:46:29,705 [INFO] IPUIPlugin:80 - create IPUIPlugin
2025-03-18 19:46:29,706 [INFO] PluginManager:220 - loadIPPluginJar : add radio
2025-03-18 19:46:29,711 [INFO] IPUIPlugin:80 - create IPUIPlugin
2025-03-18 19:46:29,711 [INFO] PluginManager:220 - loadIPPluginJar : add resmgrutility
2025-03-18 19:46:29,715 [INFO] IPUIPlugin:80 - create IPUIPlugin
2025-03-18 19:46:29,716 [INFO] PluginManager:220 - loadIPPluginJar : add sai
2025-03-18 19:46:29,720 [INFO] IPUIPlugin:80 - create IPUIPlugin
2025-03-18 19:46:29,720 [INFO] PluginManager:220 - loadIPPluginJar : add spi
2025-03-18 19:46:29,728 [INFO] IPUIPlugin:80 - create IPUIPlugin
2025-03-18 19:46:29,728 [INFO] PluginManager:220 - loadIPPluginJar : add stm32_wpan
2025-03-18 19:46:29,730 [INFO] IPUIPlugin:80 - create IPUIPlugin
2025-03-18 19:46:29,731 [INFO] PluginManager:220 - loadIPPluginJar : add tim
2025-03-18 19:46:29,735 [INFO] IPUIPlugin:80 - create IPUIPlugin
2025-03-18 19:46:29,735 [INFO] PluginManager:220 - loadIPPluginJar : add touchsensing
2025-03-18 19:46:29,738 [INFO] IPUIPlugin:80 - create IPUIPlugin
2025-03-18 19:46:29,738 [INFO] PluginManager:220 - loadIPPluginJar : add tracer_emb
2025-03-18 19:46:29,741 [INFO] IPUIPlugin:80 - create IPUIPlugin
2025-03-18 19:46:29,741 [INFO] PluginManager:220 - loadIPPluginJar : add ts
2025-03-18 19:46:29,743 [INFO] IPUIPlugin:80 - create IPUIPlugin
2025-03-18 19:46:29,744 [INFO] PluginManager:220 - loadIPPluginJar : add tsc
2025-03-18 19:46:29,747 [INFO] IPUIPlugin:80 - create IPUIPlugin
2025-03-18 19:46:29,747 [INFO] PluginManager:220 - loadIPPluginJar : add ucpd
2025-03-18 19:46:29,752 [INFO] IPUIPlugin:80 - create IPUIPlugin
2025-03-18 19:46:29,752 [INFO] PluginManager:220 - loadIPPluginJar : add usart
2025-03-18 19:46:29,757 [INFO] IPUIPlugin:80 - create IPUIPlugin
2025-03-18 19:46:29,758 [INFO] PluginManager:220 - loadIPPluginJar : add usbx
2025-03-18 19:46:29,915 [FATAL] Updater:351 - Updater called before beeing initialized
2025-03-18 19:46:29,956 [INFO] RulesReader:64 - Compatibility file has been processed (301 Rules)
2025-03-18 19:46:29,975 [INFO] RulesReader:64 - Compatibility file has been processed (301 Rules)
2025-03-18 19:46:29,984 [INFO] CADModel:165 - CPN selected for project level
2025-03-18 19:46:29,984 [INFO] CADModel:114 - Register for checkConnection events
2025-03-18 19:46:29,985 [FATAL] Updater:351 - Updater called before beeing initialized
2025-03-18 19:46:29,985 [ERROR] CADModel:125 - Updater not yet initialized, retry later 
2025-03-18 19:46:30,146 [FATAL] Updater:351 - Updater called before beeing initialized
2025-03-18 19:46:30,148 [INFO] CADModel:165 - CPN selected for project level
2025-03-18 19:46:30,148 [INFO] CADModel:114 - Register for checkConnection events
2025-03-18 19:46:30,148 [FATAL] Updater:351 - Updater called before beeing initialized
2025-03-18 19:46:30,148 [ERROR] CADModel:125 - Updater not yet initialized, retry later 
2025-03-18 19:46:30,152 [FATAL] Updater:351 - Updater called before beeing initialized
2025-03-18 19:46:30,327 [FATAL] Updater:351 - Updater called before beeing initialized
2025-03-18 19:46:30,333 [INFO] DbMcusAds:53 - JSON generation date=Thu Mar 06 15:54:21 CET 2025 (1741272861825)
2025-03-18 19:46:30,333 [FATAL] Updater:351 - Updater called before beeing initialized
2025-03-18 19:46:30,377 [WARN] DetailPanel:346 - Failed to get advertising image, set to default
2025-03-18 19:46:30,688 [FATAL] Updater:351 - Updater called before beeing initialized
2025-03-18 19:46:30,690 [FATAL] Updater:351 - Updater called before beeing initialized
2025-03-18 19:46:30,690 [FATAL] Updater:351 - Updater called before beeing initialized
2025-03-18 19:46:30,690 [WARN] DetailPanel:346 - Failed to get advertising image, set to default
2025-03-18 19:46:30,691 [FATAL] Updater:351 - Updater called before beeing initialized
2025-03-18 19:46:30,761 [ERROR] Updater:1198 - MainUpdater not yet initialized. External WinMGr cannot be set.
2025-03-18 19:46:30,765 [INFO] Updater:1134 - Updater Version found : 6.14.0
2025-03-18 19:46:30,789 [INFO] ApplicationProperties:184 - Using Application install path: C:\ST\STM32CubeIDE_1.18.0\STM32CubeIDE\plugins\com.st.stm32cube.common.mx_6.14.0.202502271554
2025-03-18 19:46:31,880 [INFO] ThirdPartyUpdaterWithRetryManager:70 - Updater plugin not ready yet. [2/15]
2025-03-18 19:46:32,386 [ERROR] LogOutputStream:75 - [STDERR_REDIRECT] Mar 18, 2025 7:46:32 PM java.util.prefs.WindowsPreferences <init>
2025-03-18 19:46:32,392 [ERROR] LogOutputStream:75 - [STDERR_REDIRECT] WARNING: Could not open/create prefs root node Software\JavaSoft\Prefs at root 0xffffffff80000002. Windows RegCreateKeyEx(...) returned error code 5.
2025-03-18 19:46:32,393 [ERROR] LogOutputStream:75 - [STDERR_REDIRECT] 
2025-03-18 19:46:32,707 [INFO] MainUpdater:2872 - connection check result : 10
2025-03-18 19:46:32,708 [INFO] MainUpdater:289 - Updater Check For Update Now.
2025-03-18 19:46:32,709 [INFO] MicroXplorer:498 - Change Database Version : DB.6.0.140
2025-03-18 19:46:32,717 [INFO] McuFinderGlobals:63 - Set McuFinder mode to 2 (CubeIDE integrated)
2025-03-18 19:46:32,719 [INFO] UserAuth:486 - Internet connection configuration mode: 1
2025-03-18 19:46:32,747 [INFO] JxBrowserEngine:152 - Initiate JxBrowser Engine with user profile folder
2025-03-18 19:46:33,010 [INFO] CheckServerUpdateThread:120 - End of CheckServer Thread
2025-03-18 19:46:33,686 [INFO] WebApp:169 - Instantiating new browser for Auth
2025-03-18 19:46:34,836 [INFO] WebApp:463 - Apply proxy settings
2025-03-18 19:46:34,837 [INFO] WebApp:548 - Chromium requires no authentication
2025-03-18 19:46:34,849 [INFO] WebApp:491 - Direct internet connection detected
2025-03-18 19:46:34,880 [INFO] WebApp:894 - Register for checkConnection events
2025-03-18 19:46:34,881 [INFO] WebApp:463 - Apply proxy settings
2025-03-18 19:46:34,881 [INFO] WebApp:548 - Chromium requires no authentication
2025-03-18 19:46:34,882 [INFO] WebApp:491 - Direct internet connection detected
2025-03-18 19:46:35,250 [INFO] WebApp:225 - Starting web application
2025-03-18 19:46:35,250 [INFO] WebApp:593 - Web application path used C:\ST\STM32CubeIDE_1.18.0\STM32CubeIDE\plugins\com.st.stm32cube.common.mx_6.14.0.202502271554\db\plugins\mcufinder\reactClient1\index.html
2025-03-18 19:46:35,256 [WARN] PackLoader:240 - Cannot read IP mode file for STMicroelectronics.FP-SNS-MOTENVWB1.1.4.0
2025-03-18 19:46:35,274 [WARN] PackLoader:240 - Cannot read IP mode file for STMicroelectronics.FP-ATR-ASTRA1.2.0.2
2025-03-18 19:46:35,292 [WARN] PackLoader:240 - Cannot read IP mode file for STMicroelectronics.X-CUBE-SMBUS.2.1.0
2025-03-18 19:46:35,308 [WARN] PackLoader:240 - Cannot read IP mode file for STMicroelectronics.X-CUBE-WB05N.1.1.0
2025-03-18 19:46:35,396 [WARN] PackLoader:240 - Cannot read IP mode file for STMicroelectronics.X-CUBE-AZRTOS-F7.1.1.0
2025-03-18 19:46:35,470 [WARN] PackLoader:240 - Cannot read IP mode file for Infineon.AIROC-Wi-Fi-Bluetooth-STM32.1.7.0
2025-03-18 19:46:35,515 [WARN] PackLoader:240 - Cannot read IP mode file for STMicroelectronics.X-CUBE-DISPLAY.3.0.0
2025-03-18 19:46:35,538 [WARN] PackLoader:240 - Cannot read IP mode file for STMicroelectronics.X-CUBE-NFC10.1.0.0
2025-03-18 19:46:35,562 [WARN] PackLoader:240 - Cannot read IP mode file for STMicroelectronics.X-CUBE-BLEMGR.4.0.0
2025-03-18 19:46:35,581 [WARN] PackLoader:240 - Cannot read IP mode file for emotas.I-CUBE-CANOPEN.1.3.0
2025-03-18 19:46:35,589 [WARN] ConditionMgr:438 - getConditionDescription Invalid condition id : Cortex-A Device cause : null
2025-03-18 19:46:35,612 [INFO] UserAuth:486 - Internet connection configuration mode: 1
2025-03-18 19:46:35,675 [WARN] ConditionMgr:1044 - genDependencies : Invalid condition id : Cortex-A Device cause : null
2025-03-18 19:46:35,676 [WARN] ConditionMgr:1044 - genDependencies : Invalid condition id : Cortex-A Device cause : null
2025-03-18 19:46:35,676 [WARN] ConditionMgr:1044 - genDependencies : Invalid condition id : Cortex-A Device cause : null
2025-03-18 19:46:35,721 [WARN] PackLoader:240 - Cannot read IP mode file for STMicroelectronics.X-CUBE-AI.10.0.0
2025-03-18 19:46:35,731 [WARN] PackLoader:240 - Cannot read IP mode file for STMicroelectronics.FP-SNS-SMARTAG2.1.2.0
2025-03-18 19:46:35,739 [WARN] PackLoader:240 - Cannot read IP mode file for STMicroelectronics.FP-SNS-FLIGHT1.5.1.0
2025-03-18 19:46:35,905 [WARN] PackLoader:240 - Cannot read IP mode file for STMicroelectronics.X-CUBE-MEMS1.11.1.0
2025-03-18 19:46:36,232 [INFO] LogOutputStream:77 - [STDOUT_REDIRECT] 1 : Invalid condition id : UX_CORESTACK_Condition cause : null
2025-03-18 19:46:36,233 [INFO] LogOutputStream:77 - [STDOUT_REDIRECT] 1 : Invalid condition id : UX_CORESTACK_Condition cause : null
2025-03-18 19:46:36,235 [INFO] LogOutputStream:77 - [STDOUT_REDIRECT] 1 : Invalid condition id : UX_CORESTACK_Condition cause : null
2025-03-18 19:46:36,238 [INFO] LogOutputStream:77 - [STDOUT_REDIRECT] 1 : Invalid condition id : UX_CORESTACK_Condition cause : null
2025-03-18 19:46:36,239 [INFO] LogOutputStream:77 - [STDOUT_REDIRECT] 1 : Invalid condition id : UX_CORESTACK_Condition cause : null
2025-03-18 19:46:36,244 [WARN] PackLoader:240 - Cannot read IP mode file for STMicroelectronics.X-CUBE-AZRTOS-WL.2.0.0
2025-03-18 19:46:36,282 [WARN] PackLoader:240 - Cannot read IP mode file for STMicroelectronics.FP-SNS-MOTENV1.5.0.0
2025-03-18 19:46:36,296 [WARN] PackLoader:240 - Cannot read IP mode file for WES.I-CUBE-Cesium.1.3.0
2025-03-18 19:46:36,304 [WARN] PackLoader:240 - Cannot read IP mode file for STMicroelectronics.X-CUBE-BLE2.3.3.0
2025-03-18 19:46:36,317 [WARN] PackLoader:240 - Cannot read IP mode file for STMicroelectronics.X-CUBE-NFC9.1.0.0
2025-03-18 19:46:36,326 [WARN] PackLoader:240 - Cannot read IP mode file for STMicroelectronics.X-CUBE-BLE1.7.1.0
2025-03-18 19:46:36,352 [WARN] PackLoader:240 - Cannot read IP mode file for STMicroelectronics.X-CUBE-AZRTOS-G0.1.1.0
2025-03-18 19:46:36,366 [WARN] PackLoader:240 - Cannot read IP mode file for STMicroelectronics.X-CUBE-SAFEA1.1.2.2
2025-03-18 19:46:36,376 [WARN] PackLoader:240 - Cannot read IP mode file for STMicroelectronics.X-CUBE-NFC4.3.0.0
2025-03-18 19:46:36,465 [WARN] PackLoader:240 - Cannot read IP mode file for EmbeddedOffice.I-CUBE-FS-RTOS.1.0.1
2025-03-18 19:46:36,479 [WARN] PackLoader:240 - Cannot read IP mode file for STMicroelectronics.X-CUBE-TCPP.4.2.0
2025-03-18 19:46:36,488 [WARN] PackLoader:240 - Cannot read IP mode file for RealThread.X-CUBE-RT-Thread_Nano.4.1.1
2025-03-18 19:46:36,503 [WARN] PackLoader:240 - Cannot read IP mode file for STMicroelectronics.FP-ATR-SIGFOX1.3.2.0
2025-03-18 19:46:36,512 [WARN] PackLoader:240 - Cannot read IP mode file for STMicroelectronics.X-CUBE-EEPRMA1.5.1.0
2025-03-18 19:46:36,524 [WARN] PackLoader:240 - Cannot read IP mode file for ITTIA_DB.I-CUBE-ITTIADB.8.9.0
2025-03-18 19:46:36,602 [INFO] WebApp:191 - Connection restablished
2025-03-18 19:46:36,611 [WARN] PackLoader:240 - Cannot read IP mode file for SEGGER.I-CUBE-embOS.1.3.1
2025-03-18 19:46:36,726 [WARN] PackLoader:240 - Cannot read IP mode file for STMicroelectronics.X-CUBE-ALGOBUILD.1.4.0
2025-03-18 19:46:36,770 [WARN] PackLoader:240 - Cannot read IP mode file for STMicroelectronics.X-CUBE-AZRTOS-F4.1.1.0
2025-03-18 19:46:36,781 [WARN] PackLoader:240 - Cannot read IP mode file for STMicroelectronics.X-CUBE-ISPU.2.1.0
2025-03-18 19:46:36,808 [WARN] PackLoader:240 - Cannot read IP mode file for STMicroelectronics.X-CUBE-AZRTOS-L5.2.0.0
2025-03-18 19:46:36,826 [WARN] PackLoader:240 - Cannot read IP mode file for STMicroelectronics.X-CUBE-NFC6.3.1.0
2025-03-18 19:46:36,840 [WARN] PackLoader:240 - Cannot read IP mode file for STMicroelectronics.X-CUBE-DPower.1.2.0
2025-03-18 19:46:36,847 [WARN] PackLoader:240 - Cannot read IP mode file for STMicroelectronics.X-CUBE-FREERTOS.1.3.0
2025-03-18 19:46:36,856 [WARN] PackLoader:240 - Cannot read IP mode file for STMicroelectronics.X-CUBE-NFC7.1.0.1
2025-03-18 19:46:36,901 [WARN] ConditionMgr:438 - getConditionDescription Invalid condition id : LAN8742 Phy interface Condition cause : null
2025-03-18 19:46:36,902 [WARN] PackLoader:240 - Cannot read IP mode file for STMicroelectronics.X-CUBE-AZRTOS-L4.2.0.0
2025-03-18 19:46:36,904 [WARN] ConditionMgr:1044 - genDependencies : Invalid condition id : LAN8742 Phy interface Condition cause : null
2025-03-18 19:46:36,905 [WARN] ConditionMgr:1044 - genDependencies : Invalid condition id : LAN8742 Phy interface Condition cause : null
2025-03-18 19:46:36,906 [WARN] ConditionMgr:1044 - genDependencies : Invalid condition id : LAN8742 Phy interface Condition cause : null
2025-03-18 19:46:36,917 [WARN] PackLoader:240 - Cannot read IP mode file for STMicroelectronics.X-CUBE-SFXS2LP1.4.0.0
2025-03-18 19:46:36,948 [WARN] PackLoader:240 - Cannot read IP mode file for STMicroelectronics.X-CUBE-AZRTOS-H7.3.3.0
2025-03-18 19:46:36,970 [WARN] ConditionMgr:438 - getConditionDescription Invalid condition id : UX DEVICE CLASS RTOS Condition cause : null
2025-03-18 19:46:36,971 [WARN] ConditionMgr:438 - getConditionDescription Invalid condition id : UX DEVICE CLASS RTOS Condition cause : null
2025-03-18 19:46:36,974 [WARN] PackLoader:240 - Cannot read IP mode file for STMicroelectronics.X-CUBE-AZRTOS-WB.2.0.0
2025-03-18 19:46:36,975 [WARN] ConditionMgr:1044 - genDependencies : Invalid condition id : UX DEVICE CLASS RTOS Condition cause : null
2025-03-18 19:46:36,975 [WARN] ConditionMgr:1044 - genDependencies : Invalid condition id : UX DEVICE CLASS RTOS Condition cause : null
2025-03-18 19:46:36,976 [WARN] ConditionMgr:1044 - genDependencies : Invalid condition id : UX DEVICE CLASS RTOS Condition cause : null
2025-03-18 19:46:36,976 [WARN] ConditionMgr:1044 - genDependencies : Invalid condition id : UX DEVICE CLASS RTOS Condition cause : null
2025-03-18 19:46:36,976 [WARN] ConditionMgr:1044 - genDependencies : Invalid condition id : UX DEVICE CLASS RTOS Condition cause : null
2025-03-18 19:46:36,996 [WARN] PackLoader:240 - Cannot read IP mode file for STMicroelectronics.X-CUBE-GNSS1.7.0.1
2025-03-18 19:46:37,012 [WARN] PackLoader:240 - Cannot read IP mode file for STMicroelectronics.X-CUBE-TOUCHGFX.4.25.0
2025-03-18 19:46:37,023 [WARN] PackLoader:240 - Cannot read IP mode file for STMicroelectronics.FP-SNS-STBOX1.2.0.0
2025-03-18 19:46:37,040 [WARN] PackLoader:240 - Cannot read IP mode file for STMicroelectronics.X-CUBE-SUBG2.5.0.0
2025-03-18 19:46:37,052 [WARN] PackLoader:240 - Cannot read IP mode file for Cesanta.I-CUBE-Mongoose.7.13.0
2025-03-18 19:46:37,072 [WARN] PackLoader:240 - Cannot read IP mode file for STMicroelectronics.X-CUBE-AZRTOS-G4.2.0.0
2025-03-18 19:46:37,093 [WARN] PackLoader:240 - Cannot read IP mode file for STMicroelectronics.X-CUBE-IPS.3.1.0
2025-03-18 19:46:37,125 [WARN] PackLoader:240 - Cannot read IP mode file for STMicroelectronics.X-CUBE-ALS.1.0.2
2025-03-18 19:46:37,136 [WARN] PackLoader:240 - Cannot read IP mode file for portGmbH.I-Cube-SoM-uGOAL.1.1.0
2025-03-18 19:46:37,162 [WARN] PackLoader:240 - Cannot read IP mode file for STMicroelectronics.X-CUBE-AZRTOS-H7RS.1.0.0
2025-03-18 19:46:37,180 [WARN] PackLoader:240 - Cannot read IP mode file for STMicroelectronics.X-CUBE-TOF1.3.4.2
2025-03-18 19:46:37,195 [INFO] ThirdParty:978 - Integrity check success = true
2025-03-18 19:46:37,195 [INFO] IntegrityCheckThread:100 - exiting critical section [integrity check]
2025-03-18 19:46:37,196 [INFO] IntegrityCheckThread:103 - End integrity checks thread
2025-03-18 19:49:35,249 [INFO] WebApp:194 - Connection lost
2025-03-18 19:51:20,338 [INFO] WebApp:403 - JxBrowser engine has been closed 
2025-03-18 19:57:43,023 [INFO] Activator:176 - 


2025-03-18 19:57:43,026 [INFO] Activator:177 - !SESSION log4j initialized
2025-03-18 19:57:55,774 [INFO] LogOutputStream:77 - [STDOUT_REDIRECT] 
2025-03-18 19:57:57,677 [INFO] ApplicationProperties:184 - Using Application install path: C:\ST\STM32CubeIDE_1.18.0\STM32CubeIDE\plugins\com.st.stm32cube.common.mx_6.14.0.202502271554
2025-03-18 19:57:57,722 [INFO] DbMcusXml:78 - Set database path to: C:\ST\STM32CubeIDE_1.18.0\STM32CubeIDE\plugins\com.st.stm32cube.common.mx_6.14.0.202502271554\\db\/mcu/
2025-03-18 19:57:57,722 [INFO] ApiDb:274 - Set plugin database path to: C:\ST\STM32CubeIDE_1.18.0\STM32CubeIDE\plugins\com.st.stm32cube.common.mx_6.14.0.202502271554\\db\/plugins/boardmanager/
2025-03-18 19:57:57,723 [WARN] ApiDb:259 - Overriding images path with different value:  => C:\ST\STM32CubeIDE_1.18.0\STM32CubeIDE\plugins\com.st.stm32cube.common.mx_6.14.0.202502271554\\db\/plugins/mcufinder/images/
2025-03-18 19:57:57,742 [INFO] ApiDb:250 - Set database path to: C:\Users\pwlub\.stmcufinder\plugins\mcufinder//mcu/
2025-03-18 19:57:57,744 [INFO] DbMcusAds:125 - Set database path to: C:\Users\pwlub\.stmcufinder\plugins\mcufinder//mcu/
2025-03-18 19:57:57,750 [INFO] CrossReferenceDbSqlite:203 - Set database path to: C:\Users\pwlub\.stmcufinder\plugins\mcufinder//mcu/cs/
2025-03-18 19:57:58,043 [INFO] DbMcusXml:78 - Set database path to: C:\ST\STM32CubeIDE_1.18.0\STM32CubeIDE\plugins\com.st.stm32cube.common.mx_6.14.0.202502271554\\db\/mcu/
2025-03-18 19:57:58,043 [INFO] ApiDb:274 - Set plugin database path to: C:\ST\STM32CubeIDE_1.18.0\STM32CubeIDE\plugins\com.st.stm32cube.common.mx_6.14.0.202502271554\\db\/plugins/boardmanager/
2025-03-18 19:57:58,044 [INFO] ApiDb:261 - Set plugin images path to: C:\ST\STM32CubeIDE_1.18.0\STM32CubeIDE\plugins\com.st.stm32cube.common.mx_6.14.0.202502271554\\db\/plugins/mcufinder/images/
2025-03-18 19:57:58,044 [WARN] DbFile:41 - Overriding database path with different value: C:\Users\pwlub\.stmcufinder\plugins\mcufinder/ => C:\Users\pwlub\.stmcufinder\plugins\mcufinder
2025-03-18 19:57:58,045 [INFO] ApiDb:250 - Set database path to: C:\Users\pwlub\.stmcufinder\plugins\mcufinder//mcu/
2025-03-18 19:57:58,045 [WARN] DbFile:41 - Overriding database path with different value: C:\Users\pwlub\.stmcufinder\plugins\mcufinder/ => C:\Users\pwlub\.stmcufinder\plugins\mcufinder
2025-03-18 19:57:58,045 [INFO] DbMcusAds:125 - Set database path to: C:\Users\pwlub\.stmcufinder\plugins\mcufinder//mcu/
2025-03-18 19:57:58,045 [WARN] DbFile:41 - Overriding database path with different value: C:\Users\pwlub\.stmcufinder\plugins\mcufinder/ => C:\Users\pwlub\.stmcufinder\plugins\mcufinder
2025-03-18 19:57:58,045 [WARN] DbFile:41 - Overriding database path with different value: C:\Users\pwlub\.stmcufinder\plugins\mcufinder/ => C:\Users\pwlub\.stmcufinder\plugins\mcufinder
2025-03-18 19:57:58,047 [INFO] CrossReferenceDbSqlite:203 - Set database path to: C:\Users\pwlub\.stmcufinder\plugins\mcufinder//mcu/cs/
2025-03-18 19:57:58,253 [INFO] MainPanel:272 - HeapMemory: 268435456
2025-03-18 19:57:58,534 [INFO] DbMcusXml:78 - Set database path to: C:\ST\STM32CubeIDE_1.18.0\STM32CubeIDE\plugins\com.st.stm32cube.common.mx_6.14.0.202502271554\\db\/mcu/
2025-03-18 19:57:58,535 [INFO] ApiDb:274 - Set plugin database path to: C:\ST\STM32CubeIDE_1.18.0\STM32CubeIDE\plugins\com.st.stm32cube.common.mx_6.14.0.202502271554\\db\/plugins/boardmanager/
2025-03-18 19:57:58,535 [INFO] ApiDb:261 - Set plugin images path to: C:\ST\STM32CubeIDE_1.18.0\STM32CubeIDE\plugins\com.st.stm32cube.common.mx_6.14.0.202502271554\\db\/plugins/mcufinder/images/
2025-03-18 19:57:58,535 [WARN] DbFile:41 - Overriding database path with different value: C:\Users\pwlub\.stmcufinder\plugins\mcufinder/ => C:\Users\pwlub\.stmcufinder\plugins\mcufinder
2025-03-18 19:57:58,536 [INFO] ApiDb:250 - Set database path to: C:\Users\pwlub\.stmcufinder\plugins\mcufinder//mcu/
2025-03-18 19:57:58,536 [WARN] DbFile:41 - Overriding database path with different value: C:\Users\pwlub\.stmcufinder\plugins\mcufinder/ => C:\Users\pwlub\.stmcufinder\plugins\mcufinder
2025-03-18 19:57:58,536 [INFO] DbMcusAds:125 - Set database path to: C:\Users\pwlub\.stmcufinder\plugins\mcufinder//mcu/
2025-03-18 19:57:58,536 [WARN] DbFile:41 - Overriding database path with different value: C:\Users\pwlub\.stmcufinder\plugins\mcufinder/ => C:\Users\pwlub\.stmcufinder\plugins\mcufinder
2025-03-18 19:57:58,536 [WARN] DbFile:41 - Overriding database path with different value: C:\Users\pwlub\.stmcufinder\plugins\mcufinder/ => C:\Users\pwlub\.stmcufinder\plugins\mcufinder
2025-03-18 19:57:58,537 [INFO] CrossReferenceDbSqlite:203 - Set database path to: C:\Users\pwlub\.stmcufinder\plugins\mcufinder//mcu/cs/
2025-03-18 19:57:58,615 [INFO] ApplicationProperties:184 - Using Application install path: C:\ST\STM32CubeIDE_1.18.0\STM32CubeIDE\plugins\com.st.stm32cube.common.mx_6.14.0.202502271554
2025-03-18 19:57:58,617 [INFO] PluginManage:196 - Search for loadable plugins [exclusion list=, ]
2025-03-18 19:57:58,620 [INFO] PluginManage:310 - Check plugin analytics
2025-03-18 19:57:59,193 [INFO] AnalyticsPlugin:253 - Accepted Software Licenses: 
2025-03-18 19:57:59,194 [INFO] AnalyticsPlugin:255 - Accepted CMSIS Pack Licenses: 
2025-03-18 19:57:59,194 [INFO] AnalyticsPlugin:257 - Accepted Firmware Licenses: FW.G4.1.5.0
2025-03-18 19:57:59,201 [INFO] PluginManage:359 - Loaded plugin analytics (category:tool,tabindex:-1)
2025-03-18 19:57:59,203 [INFO] PluginManage:310 - Check plugin cadmodel
2025-03-18 19:57:59,245 [INFO] CADModel:105 - Init CAD model plugin
2025-03-18 19:57:59,248 [INFO] PluginManage:359 - Loaded plugin cadmodel (category:power,tabindex:5)
2025-03-18 19:57:59,248 [INFO] PluginManage:310 - Check plugin clock
2025-03-18 19:57:59,299 [INFO] PluginManage:359 - Loaded plugin clock (category:base,tabindex:2)
2025-03-18 19:57:59,299 [INFO] PluginManage:310 - Check plugin ddr
2025-03-18 19:57:59,304 [INFO] PluginManage:359 - Loaded plugin ddr (category:tool,tabindex:6)
2025-03-18 19:57:59,304 [INFO] PluginManage:310 - Check plugin filemanager
2025-03-18 19:57:59,565 [INFO] PluginManage:359 - Loaded plugin filemanager (category:base,tabindex:10)
2025-03-18 19:57:59,565 [INFO] PluginManage:310 - Check plugin ipmanager
2025-03-18 19:57:59,577 [INFO] PluginManage:359 - Loaded plugin ipmanager (category:base,tabindex:5)
2025-03-18 19:57:59,578 [INFO] PluginManage:310 - Check plugin lpbam
2025-03-18 19:57:59,612 [INFO] PluginManage:359 - Loaded plugin lpbam (category:base,tabindex:0)
2025-03-18 19:57:59,613 [INFO] PluginManage:310 - Check plugin memorymap
2025-03-18 19:57:59,644 [INFO] PluginManage:359 - Loaded plugin memorymap (category:base,tabindex:4)
2025-03-18 19:57:59,645 [INFO] PluginManage:310 - Check plugin pinoutandconfiguration
2025-03-18 19:57:59,671 [INFO] PluginManage:359 - Loaded plugin pinoutandconfiguration (category:base,tabindex:1)
2025-03-18 19:57:59,671 [INFO] PluginManage:310 - Check plugin pinoutconfig
2025-03-18 19:57:59,805 [WARN] SupportedApi:132 - Cannot load RTOS API schema: s4s-elt-must-match.1: The content of 'definitions' must match (annotation?, (simpleType | complexType)?, (unique | key | keyref)*)). A problem was found starting at: attribute.
2025-03-18 19:57:59,999 [INFO] PluginManage:359 - Loaded plugin pinoutconfig (category:base,tabindex:0)
2025-03-18 19:58:00,000 [INFO] PluginManage:310 - Check plugin power
2025-03-18 19:58:00,036 [INFO] PluginManage:359 - Loaded plugin power (category:power,tabindex:4)
2025-03-18 19:58:00,036 [INFO] PluginManage:310 - Check plugin projectmanager
2025-03-18 19:58:00,064 [INFO] PluginManage:359 - Loaded plugin projectmanager (category:projectmanager,tabindex:4)
2025-03-18 19:58:00,064 [INFO] PluginManage:310 - Check plugin rif
2025-03-18 19:58:00,094 [INFO] PluginManage:359 - Loaded plugin rif (category:base,tabindex:3)
2025-03-18 19:58:00,094 [INFO] PluginManage:310 - Check plugin thirdparty
2025-03-18 19:58:00,532 [INFO] PluginManage:359 - Loaded plugin thirdparty (category:base,tabindex:-1)
2025-03-18 19:58:00,532 [WARN] IntegrityCheckThread:84 - waiting for thirdparty lock release [integrity check]
2025-03-18 19:58:00,533 [INFO] PluginManage:310 - Check plugin tools
2025-03-18 19:58:00,533 [INFO] IntegrityCheckThread:86 - entering critical section [integrity check]
2025-03-18 19:58:00,533 [INFO] ThirdPartyUpdaterWithRetryManager:70 - Updater plugin not ready yet. [1/15]
2025-03-18 19:58:00,608 [INFO] PluginManage:359 - Loaded plugin tools (category:base,tabindex:7)
2025-03-18 19:58:00,608 [INFO] PluginManage:310 - Check plugin tutovideos
2025-03-18 19:58:00,841 [INFO] PluginManage:359 - Loaded plugin tutovideos (category:base,tabindex:-1)
2025-03-18 19:58:00,842 [INFO] PluginManage:310 - Check plugin updater
2025-03-18 19:58:00,873 [INFO] PluginManage:359 - Loaded plugin updater (category:base,tabindex:12)
2025-03-18 19:58:00,874 [INFO] PluginManage:310 - Check plugin userauth
2025-03-18 19:58:00,879 [INFO] UserAuth:118 - Init User Auth plugin
2025-03-18 19:58:00,880 [INFO] PluginManage:359 - Loaded plugin userauth (category:base,tabindex:14)
2025-03-18 19:58:00,881 [INFO] PluginManage:283 - PluginManage : Loaded plugins [18]
2025-03-18 19:58:01,175 [INFO] PinOutPanel:1589 - setPackage(No Configuration,No Configuration)
2025-03-18 19:58:01,302 [INFO] CADModel:165 - CPN selected for project level
2025-03-18 19:58:01,303 [INFO] CADModel:114 - Register for checkConnection events
2025-03-18 19:58:01,346 [INFO] IPUIPlugin:80 - create IPUIPlugin
2025-03-18 19:58:01,346 [INFO] PluginManager:220 - loadIPPluginJar : add adc
2025-03-18 19:58:01,429 [INFO] IPUIPlugin:80 - create IPUIPlugin
2025-03-18 19:58:01,429 [INFO] PluginManager:220 - loadIPPluginJar : add aes
2025-03-18 19:58:01,503 [INFO] IPUIPlugin:80 - create IPUIPlugin
2025-03-18 19:58:01,503 [INFO] PluginManager:220 - loadIPPluginJar : add can
2025-03-18 19:58:01,542 [INFO] IPUIPlugin:80 - create IPUIPlugin
2025-03-18 19:58:01,542 [INFO] PluginManager:220 - loadIPPluginJar : add comp
2025-03-18 19:58:01,595 [INFO] IPUIPlugin:80 - create IPUIPlugin
2025-03-18 19:58:01,595 [INFO] PluginManager:220 - loadIPPluginJar : add cryp
2025-03-18 19:58:01,612 [INFO] IPUIPlugin:80 - create IPUIPlugin
2025-03-18 19:58:01,612 [INFO] PluginManager:220 - loadIPPluginJar : add ddr_ctrl_phy
2025-03-18 19:58:01,665 [INFO] IPUIPlugin:80 - create IPUIPlugin
2025-03-18 19:58:01,665 [INFO] PluginManager:220 - loadIPPluginJar : add dfsdm
2025-03-18 19:58:01,693 [INFO] IPUIPlugin:80 - create IPUIPlugin
2025-03-18 19:58:01,694 [INFO] PluginManager:220 - loadIPPluginJar : add dma
2025-03-18 19:58:01,800 [INFO] IPUIPlugin:80 - create IPUIPlugin
2025-03-18 19:58:01,800 [INFO] PluginManager:220 - loadIPPluginJar : add dma3
2025-03-18 19:58:01,919 [INFO] IPUIPlugin:80 - create IPUIPlugin
2025-03-18 19:58:01,920 [INFO] PluginManager:220 - loadIPPluginJar : add extmemmanager
2025-03-18 19:58:01,957 [INFO] IPUIPlugin:80 - create IPUIPlugin
2025-03-18 19:58:01,957 [INFO] PluginManager:220 - loadIPPluginJar : add fatfs
2025-03-18 19:58:02,040 [INFO] IPUIPlugin:80 - create IPUIPlugin
2025-03-18 19:58:02,040 [INFO] PluginManager:220 - loadIPPluginJar : add fmc
2025-03-18 19:58:02,063 [INFO] IPUIPlugin:80 - create IPUIPlugin
2025-03-18 19:58:02,063 [INFO] PluginManager:220 - loadIPPluginJar : add freertos
2025-03-18 19:58:02,111 [INFO] IPUIPlugin:80 - create IPUIPlugin
2025-03-18 19:58:02,112 [INFO] PluginManager:220 - loadIPPluginJar : add genericplugin
2025-03-18 19:58:02,290 [INFO] IPUIPlugin:80 - create IPUIPlugin
2025-03-18 19:58:02,290 [INFO] PluginManager:220 - loadIPPluginJar : add gfxmmu
2025-03-18 19:58:02,531 [INFO] IPUIPlugin:80 - create IPUIPlugin
2025-03-18 19:58:02,531 [INFO] PluginManager:220 - loadIPPluginJar : add gic
2025-03-18 19:58:02,549 [INFO] IPUIPlugin:80 - create IPUIPlugin
2025-03-18 19:58:02,549 [INFO] PluginManager:220 - loadIPPluginJar : add gpio
2025-03-18 19:58:02,703 [INFO] IPUIPlugin:80 - create IPUIPlugin
2025-03-18 19:58:02,703 [INFO] PluginManager:220 - loadIPPluginJar : add gtzc
2025-03-18 19:58:02,761 [INFO] IPUIPlugin:80 - create IPUIPlugin
2025-03-18 19:58:02,762 [INFO] PluginManager:220 - loadIPPluginJar : add hash
2025-03-18 19:58:02,861 [INFO] IPUIPlugin:80 - create IPUIPlugin
2025-03-18 19:58:02,861 [INFO] PluginManager:220 - loadIPPluginJar : add i2c
2025-03-18 19:58:02,938 [INFO] IPUIPlugin:80 - create IPUIPlugin
2025-03-18 19:58:02,938 [INFO] PluginManager:220 - loadIPPluginJar : add i2s
2025-03-18 19:58:03,012 [INFO] IPUIPlugin:80 - create IPUIPlugin
2025-03-18 19:58:03,013 [INFO] PluginManager:220 - loadIPPluginJar : add i3c
2025-03-18 19:58:03,193 [INFO] IPUIPlugin:80 - create IPUIPlugin
2025-03-18 19:58:03,193 [INFO] PluginManager:220 - loadIPPluginJar : add ipddr
2025-03-18 19:58:03,351 [INFO] IPUIPlugin:80 - create IPUIPlugin
2025-03-18 19:58:03,352 [INFO] PluginManager:220 - loadIPPluginJar : add linkedlist
2025-03-18 19:58:03,410 [INFO] IPUIPlugin:80 - create IPUIPlugin
2025-03-18 19:58:03,411 [INFO] PluginManager:220 - loadIPPluginJar : add lorawan
2025-03-18 19:58:03,472 [INFO] IPUIPlugin:80 - create IPUIPlugin
2025-03-18 19:58:03,472 [INFO] PluginManager:220 - loadIPPluginJar : add ltdc
2025-03-18 19:58:03,491 [INFO] IPUIPlugin:80 - create IPUIPlugin
2025-03-18 19:58:03,492 [INFO] PluginManager:220 - loadIPPluginJar : add mdma
2025-03-18 19:58:03,514 [INFO] IPUIPlugin:80 - create IPUIPlugin
2025-03-18 19:58:03,514 [INFO] PluginManager:220 - loadIPPluginJar : add nvic
2025-03-18 19:58:03,534 [INFO] ThirdPartyUpdaterWithRetryManager:70 - Updater plugin not ready yet. [2/15]
2025-03-18 19:58:03,589 [INFO] IPUIPlugin:80 - create IPUIPlugin
2025-03-18 19:58:03,589 [INFO] PluginManager:220 - loadIPPluginJar : add opamp
2025-03-18 19:58:03,708 [INFO] IPUIPlugin:80 - create IPUIPlugin
2025-03-18 19:58:03,708 [INFO] PluginManager:220 - loadIPPluginJar : add openamp
2025-03-18 19:58:03,784 [INFO] IPUIPlugin:80 - create IPUIPlugin
2025-03-18 19:58:03,784 [INFO] PluginManager:220 - loadIPPluginJar : add pdm2pcm
2025-03-18 19:58:03,804 [INFO] IPUIPlugin:80 - create IPUIPlugin
2025-03-18 19:58:03,807 [INFO] PluginManager:220 - loadIPPluginJar : add plateformsettings
2025-03-18 19:58:03,844 [INFO] IPUIPlugin:80 - create IPUIPlugin
2025-03-18 19:58:03,844 [INFO] PluginManager:220 - loadIPPluginJar : add quadspi
2025-03-18 19:58:03,886 [INFO] IPUIPlugin:80 - create IPUIPlugin
2025-03-18 19:58:03,888 [INFO] PluginManager:220 - loadIPPluginJar : add radio
2025-03-18 19:58:03,907 [INFO] IPUIPlugin:80 - create IPUIPlugin
2025-03-18 19:58:03,908 [INFO] PluginManager:220 - loadIPPluginJar : add resmgrutility
2025-03-18 19:58:03,982 [INFO] IPUIPlugin:80 - create IPUIPlugin
2025-03-18 19:58:03,982 [INFO] PluginManager:220 - loadIPPluginJar : add sai
2025-03-18 19:58:04,044 [INFO] IPUIPlugin:80 - create IPUIPlugin
2025-03-18 19:58:04,044 [INFO] PluginManager:220 - loadIPPluginJar : add spi
2025-03-18 19:58:04,173 [INFO] IPUIPlugin:80 - create IPUIPlugin
2025-03-18 19:58:04,173 [INFO] PluginManager:220 - loadIPPluginJar : add stm32_wpan
2025-03-18 19:58:04,211 [INFO] IPUIPlugin:80 - create IPUIPlugin
2025-03-18 19:58:04,211 [INFO] PluginManager:220 - loadIPPluginJar : add tim
2025-03-18 19:58:04,321 [INFO] IPUIPlugin:80 - create IPUIPlugin
2025-03-18 19:58:04,321 [INFO] PluginManager:220 - loadIPPluginJar : add touchsensing
2025-03-18 19:58:04,357 [INFO] IPUIPlugin:80 - create IPUIPlugin
2025-03-18 19:58:04,357 [INFO] PluginManager:220 - loadIPPluginJar : add tracer_emb
2025-03-18 19:58:04,397 [INFO] IPUIPlugin:80 - create IPUIPlugin
2025-03-18 19:58:04,397 [INFO] PluginManager:220 - loadIPPluginJar : add ts
2025-03-18 19:58:04,431 [INFO] IPUIPlugin:80 - create IPUIPlugin
2025-03-18 19:58:04,431 [INFO] PluginManager:220 - loadIPPluginJar : add tsc
2025-03-18 19:58:04,470 [INFO] IPUIPlugin:80 - create IPUIPlugin
2025-03-18 19:58:04,470 [INFO] PluginManager:220 - loadIPPluginJar : add ucpd
2025-03-18 19:58:04,546 [INFO] IPUIPlugin:80 - create IPUIPlugin
2025-03-18 19:58:04,546 [INFO] PluginManager:220 - loadIPPluginJar : add usart
2025-03-18 19:58:04,623 [INFO] IPUIPlugin:80 - create IPUIPlugin
2025-03-18 19:58:04,623 [INFO] PluginManager:220 - loadIPPluginJar : add usbx
2025-03-18 19:58:04,773 [FATAL] Updater:351 - Updater called before beeing initialized
2025-03-18 19:58:04,884 [INFO] RulesReader:64 - Compatibility file has been processed (301 Rules)
2025-03-18 19:58:04,910 [INFO] RulesReader:64 - Compatibility file has been processed (301 Rules)
2025-03-18 19:58:04,920 [INFO] CADModel:165 - CPN selected for project level
2025-03-18 19:58:04,921 [INFO] CADModel:114 - Register for checkConnection events
2025-03-18 19:58:04,921 [FATAL] Updater:351 - Updater called before beeing initialized
2025-03-18 19:58:04,921 [ERROR] CADModel:125 - Updater not yet initialized, retry later 
2025-03-18 19:58:05,090 [FATAL] Updater:351 - Updater called before beeing initialized
2025-03-18 19:58:05,092 [INFO] CADModel:165 - CPN selected for project level
2025-03-18 19:58:05,092 [INFO] CADModel:114 - Register for checkConnection events
2025-03-18 19:58:05,092 [FATAL] Updater:351 - Updater called before beeing initialized
2025-03-18 19:58:05,092 [ERROR] CADModel:125 - Updater not yet initialized, retry later 
2025-03-18 19:58:05,096 [FATAL] Updater:351 - Updater called before beeing initialized
2025-03-18 19:58:05,269 [FATAL] Updater:351 - Updater called before beeing initialized
2025-03-18 19:58:05,283 [INFO] DbMcusAds:53 - JSON generation date=Thu Mar 06 15:54:21 CET 2025 (1741272861825)
2025-03-18 19:58:05,284 [FATAL] Updater:351 - Updater called before beeing initialized
2025-03-18 19:58:05,335 [WARN] DetailPanel:346 - Failed to get advertising image, set to default
2025-03-18 19:58:05,690 [FATAL] Updater:351 - Updater called before beeing initialized
2025-03-18 19:58:05,692 [FATAL] Updater:351 - Updater called before beeing initialized
2025-03-18 19:58:05,692 [FATAL] Updater:351 - Updater called before beeing initialized
2025-03-18 19:58:05,693 [WARN] DetailPanel:346 - Failed to get advertising image, set to default
2025-03-18 19:58:05,694 [FATAL] Updater:351 - Updater called before beeing initialized
2025-03-18 19:58:05,789 [ERROR] Updater:1198 - MainUpdater not yet initialized. External WinMGr cannot be set.
2025-03-18 19:58:05,803 [INFO] Updater:1134 - Updater Version found : 6.14.0
2025-03-18 19:58:05,825 [INFO] ApplicationProperties:184 - Using Application install path: C:\ST\STM32CubeIDE_1.18.0\STM32CubeIDE\plugins\com.st.stm32cube.common.mx_6.14.0.202502271554
2025-03-18 19:58:06,535 [INFO] ThirdPartyUpdaterWithRetryManager:70 - Updater plugin not ready yet. [3/15]
2025-03-18 19:58:07,409 [ERROR] LogOutputStream:75 - [STDERR_REDIRECT] Mar 18, 2025 7:58:07 PM java.util.prefs.WindowsPreferences <init>
2025-03-18 19:58:07,411 [ERROR] LogOutputStream:75 - [STDERR_REDIRECT] WARNING: Could not open/create prefs root node Software\JavaSoft\Prefs at root 0xffffffff80000002. Windows RegCreateKeyEx(...) returned error code 5.
2025-03-18 19:58:07,411 [ERROR] LogOutputStream:75 - [STDERR_REDIRECT] 
2025-03-18 19:58:08,147 [INFO] MainUpdater:2872 - connection check result : 10
2025-03-18 19:58:08,148 [INFO] MainUpdater:289 - Updater Check For Update Now.
2025-03-18 19:58:08,148 [INFO] MicroXplorer:498 - Change Database Version : DB.6.0.140
2025-03-18 19:58:08,176 [INFO] McuFinderGlobals:63 - Set McuFinder mode to 2 (CubeIDE integrated)
2025-03-18 19:58:08,191 [INFO] UserAuth:486 - Internet connection configuration mode: 1
2025-03-18 19:58:08,244 [INFO] JxBrowserEngine:152 - Initiate JxBrowser Engine with user profile folder
2025-03-18 19:58:08,508 [INFO] CheckServerUpdateThread:120 - End of CheckServer Thread
2025-03-18 19:58:10,483 [WARN] PackLoader:240 - Cannot read IP mode file for STMicroelectronics.FP-SNS-MOTENVWB1.1.4.0
2025-03-18 19:58:10,523 [WARN] PackLoader:240 - Cannot read IP mode file for STMicroelectronics.FP-ATR-ASTRA1.2.0.2
2025-03-18 19:58:10,550 [WARN] PackLoader:240 - Cannot read IP mode file for STMicroelectronics.X-CUBE-SMBUS.2.1.0
2025-03-18 19:58:10,580 [WARN] PackLoader:240 - Cannot read IP mode file for STMicroelectronics.X-CUBE-WB05N.1.1.0
2025-03-18 19:58:10,696 [WARN] PackLoader:240 - Cannot read IP mode file for STMicroelectronics.X-CUBE-AZRTOS-F7.1.1.0
2025-03-18 19:58:10,890 [WARN] PackLoader:240 - Cannot read IP mode file for Infineon.AIROC-Wi-Fi-Bluetooth-STM32.1.7.0
2025-03-18 19:58:10,942 [WARN] PackLoader:240 - Cannot read IP mode file for STMicroelectronics.X-CUBE-DISPLAY.3.0.0
2025-03-18 19:58:11,045 [WARN] PackLoader:240 - Cannot read IP mode file for STMicroelectronics.X-CUBE-NFC10.1.0.0
2025-03-18 19:58:11,115 [WARN] PackLoader:240 - Cannot read IP mode file for STMicroelectronics.X-CUBE-BLEMGR.4.0.0
2025-03-18 19:58:11,148 [WARN] PackLoader:240 - Cannot read IP mode file for emotas.I-CUBE-CANOPEN.1.3.0
2025-03-18 19:58:11,230 [WARN] ConditionMgr:438 - getConditionDescription Invalid condition id : Cortex-A Device cause : null
2025-03-18 19:58:11,356 [WARN] ConditionMgr:1044 - genDependencies : Invalid condition id : Cortex-A Device cause : null
2025-03-18 19:58:11,356 [WARN] ConditionMgr:1044 - genDependencies : Invalid condition id : Cortex-A Device cause : null
2025-03-18 19:58:11,356 [WARN] ConditionMgr:1044 - genDependencies : Invalid condition id : Cortex-A Device cause : null
2025-03-18 19:58:11,529 [WARN] PackLoader:240 - Cannot read IP mode file for STMicroelectronics.X-CUBE-AI.10.0.0
2025-03-18 19:58:11,607 [WARN] PackLoader:240 - Cannot read IP mode file for STMicroelectronics.FP-SNS-SMARTAG2.1.2.0
2025-03-18 19:58:11,658 [WARN] PackLoader:240 - Cannot read IP mode file for STMicroelectronics.FP-SNS-FLIGHT1.5.1.0
2025-03-18 19:58:11,768 [INFO] WebApp:169 - Instantiating new browser for Auth
2025-03-18 19:58:12,052 [WARN] PackLoader:240 - Cannot read IP mode file for STMicroelectronics.X-CUBE-MEMS1.11.1.0
2025-03-18 19:58:12,701 [INFO] LogOutputStream:77 - [STDOUT_REDIRECT] 1 : Invalid condition id : UX_CORESTACK_Condition cause : null
2025-03-18 19:58:12,703 [INFO] LogOutputStream:77 - [STDOUT_REDIRECT] 1 : Invalid condition id : UX_CORESTACK_Condition cause : null
2025-03-18 19:58:12,706 [INFO] LogOutputStream:77 - [STDOUT_REDIRECT] 1 : Invalid condition id : UX_CORESTACK_Condition cause : null
2025-03-18 19:58:12,708 [INFO] LogOutputStream:77 - [STDOUT_REDIRECT] 1 : Invalid condition id : UX_CORESTACK_Condition cause : null
2025-03-18 19:58:12,710 [INFO] LogOutputStream:77 - [STDOUT_REDIRECT] 1 : Invalid condition id : UX_CORESTACK_Condition cause : null
2025-03-18 19:58:12,715 [WARN] PackLoader:240 - Cannot read IP mode file for STMicroelectronics.X-CUBE-AZRTOS-WL.2.0.0
2025-03-18 19:58:12,748 [WARN] PackLoader:240 - Cannot read IP mode file for STMicroelectronics.FP-SNS-MOTENV1.5.0.0
2025-03-18 19:58:12,779 [WARN] PackLoader:240 - Cannot read IP mode file for WES.I-CUBE-Cesium.1.3.0
2025-03-18 19:58:12,805 [WARN] PackLoader:240 - Cannot read IP mode file for STMicroelectronics.X-CUBE-BLE2.3.3.0
2025-03-18 19:58:12,833 [WARN] PackLoader:240 - Cannot read IP mode file for STMicroelectronics.X-CUBE-NFC9.1.0.0
2025-03-18 19:58:12,871 [WARN] PackLoader:240 - Cannot read IP mode file for STMicroelectronics.X-CUBE-BLE1.7.1.0
2025-03-18 19:58:12,957 [WARN] PackLoader:240 - Cannot read IP mode file for STMicroelectronics.X-CUBE-AZRTOS-G0.1.1.0
2025-03-18 19:58:13,048 [WARN] PackLoader:240 - Cannot read IP mode file for STMicroelectronics.X-CUBE-SAFEA1.1.2.2
2025-03-18 19:58:13,090 [WARN] PackLoader:240 - Cannot read IP mode file for STMicroelectronics.X-CUBE-NFC4.3.0.0
2025-03-18 19:58:13,207 [WARN] PackLoader:240 - Cannot read IP mode file for EmbeddedOffice.I-CUBE-FS-RTOS.1.0.1
2025-03-18 19:58:13,278 [WARN] PackLoader:240 - Cannot read IP mode file for STMicroelectronics.X-CUBE-TCPP.4.2.0
2025-03-18 19:58:13,319 [WARN] PackLoader:240 - Cannot read IP mode file for RealThread.X-CUBE-RT-Thread_Nano.4.1.1
2025-03-18 19:58:13,344 [WARN] PackLoader:240 - Cannot read IP mode file for STMicroelectronics.FP-ATR-SIGFOX1.3.2.0
2025-03-18 19:58:13,373 [WARN] PackLoader:240 - Cannot read IP mode file for STMicroelectronics.X-CUBE-EEPRMA1.5.1.0
2025-03-18 19:58:13,410 [WARN] PackLoader:240 - Cannot read IP mode file for ITTIA_DB.I-CUBE-ITTIADB.8.9.0
2025-03-18 19:58:13,571 [WARN] PackLoader:240 - Cannot read IP mode file for SEGGER.I-CUBE-embOS.1.3.1
2025-03-18 19:58:14,012 [WARN] PackLoader:240 - Cannot read IP mode file for STMicroelectronics.X-CUBE-ALGOBUILD.1.4.0
2025-03-18 19:58:14,144 [WARN] PackLoader:240 - Cannot read IP mode file for STMicroelectronics.X-CUBE-AZRTOS-F4.1.1.0
2025-03-18 19:58:14,204 [WARN] PackLoader:240 - Cannot read IP mode file for STMicroelectronics.X-CUBE-ISPU.2.1.0
2025-03-18 19:58:14,318 [INFO] WebApp:463 - Apply proxy settings
2025-03-18 19:58:14,318 [INFO] WebApp:548 - Chromium requires no authentication
2025-03-18 19:58:14,337 [WARN] PackLoader:240 - Cannot read IP mode file for STMicroelectronics.X-CUBE-AZRTOS-L5.2.0.0
2025-03-18 19:58:14,340 [INFO] WebApp:491 - Direct internet connection detected
2025-03-18 19:58:14,423 [WARN] PackLoader:240 - Cannot read IP mode file for STMicroelectronics.X-CUBE-NFC6.3.1.0
2025-03-18 19:58:14,441 [INFO] WebApp:894 - Register for checkConnection events
2025-03-18 19:58:14,441 [INFO] WebApp:463 - Apply proxy settings
2025-03-18 19:58:14,442 [INFO] WebApp:548 - Chromium requires no authentication
2025-03-18 19:58:14,442 [INFO] WebApp:491 - Direct internet connection detected
2025-03-18 19:58:14,457 [WARN] PackLoader:240 - Cannot read IP mode file for STMicroelectronics.X-CUBE-DPower.1.2.0
2025-03-18 19:58:14,484 [WARN] PackLoader:240 - Cannot read IP mode file for STMicroelectronics.X-CUBE-FREERTOS.1.3.0
2025-03-18 19:58:14,523 [WARN] PackLoader:240 - Cannot read IP mode file for STMicroelectronics.X-CUBE-NFC7.1.0.1
2025-03-18 19:58:14,654 [WARN] ConditionMgr:438 - getConditionDescription Invalid condition id : LAN8742 Phy interface Condition cause : null
2025-03-18 19:58:14,658 [WARN] PackLoader:240 - Cannot read IP mode file for STMicroelectronics.X-CUBE-AZRTOS-L4.2.0.0
2025-03-18 19:58:14,660 [WARN] ConditionMgr:1044 - genDependencies : Invalid condition id : LAN8742 Phy interface Condition cause : null
2025-03-18 19:58:14,660 [WARN] ConditionMgr:1044 - genDependencies : Invalid condition id : LAN8742 Phy interface Condition cause : null
2025-03-18 19:58:14,661 [WARN] ConditionMgr:1044 - genDependencies : Invalid condition id : LAN8742 Phy interface Condition cause : null
2025-03-18 19:58:14,694 [WARN] PackLoader:240 - Cannot read IP mode file for STMicroelectronics.X-CUBE-SFXS2LP1.4.0.0
2025-03-18 19:58:14,806 [WARN] PackLoader:240 - Cannot read IP mode file for STMicroelectronics.X-CUBE-AZRTOS-H7.3.3.0
2025-03-18 19:58:14,933 [WARN] ConditionMgr:438 - getConditionDescription Invalid condition id : UX DEVICE CLASS RTOS Condition cause : null
2025-03-18 19:58:14,933 [WARN] ConditionMgr:438 - getConditionDescription Invalid condition id : UX DEVICE CLASS RTOS Condition cause : null
2025-03-18 19:58:14,936 [WARN] PackLoader:240 - Cannot read IP mode file for STMicroelectronics.X-CUBE-AZRTOS-WB.2.0.0
2025-03-18 19:58:14,948 [WARN] ConditionMgr:1044 - genDependencies : Invalid condition id : UX DEVICE CLASS RTOS Condition cause : null
2025-03-18 19:58:14,948 [WARN] ConditionMgr:1044 - genDependencies : Invalid condition id : UX DEVICE CLASS RTOS Condition cause : null
2025-03-18 19:58:14,949 [WARN] ConditionMgr:1044 - genDependencies : Invalid condition id : UX DEVICE CLASS RTOS Condition cause : null
2025-03-18 19:58:14,950 [WARN] ConditionMgr:1044 - genDependencies : Invalid condition id : UX DEVICE CLASS RTOS Condition cause : null
2025-03-18 19:58:14,950 [WARN] ConditionMgr:1044 - genDependencies : Invalid condition id : UX DEVICE CLASS RTOS Condition cause : null
2025-03-18 19:58:14,984 [WARN] PackLoader:240 - Cannot read IP mode file for STMicroelectronics.X-CUBE-GNSS1.7.0.1
2025-03-18 19:58:15,116 [INFO] WebApp:191 - Connection restablished
2025-03-18 19:58:15,129 [WARN] PackLoader:240 - Cannot read IP mode file for STMicroelectronics.X-CUBE-TOUCHGFX.4.25.0
2025-03-18 19:58:15,168 [WARN] PackLoader:240 - Cannot read IP mode file for STMicroelectronics.FP-SNS-STBOX1.2.0.0
2025-03-18 19:58:15,543 [WARN] PackLoader:240 - Cannot read IP mode file for STMicroelectronics.X-CUBE-SUBG2.5.0.0
2025-03-18 19:58:15,607 [INFO] WebApp:225 - Starting web application
2025-03-18 19:58:15,608 [INFO] WebApp:593 - Web application path used C:\ST\STM32CubeIDE_1.18.0\STM32CubeIDE\plugins\com.st.stm32cube.common.mx_6.14.0.202502271554\db\plugins\mcufinder\reactClient1\index.html
2025-03-18 19:58:15,753 [WARN] PackLoader:240 - Cannot read IP mode file for Cesanta.I-CUBE-Mongoose.7.13.0
2025-03-18 19:58:15,905 [WARN] PackLoader:240 - Cannot read IP mode file for STMicroelectronics.X-CUBE-AZRTOS-G4.2.0.0
2025-03-18 19:58:15,970 [WARN] PackLoader:240 - Cannot read IP mode file for STMicroelectronics.X-CUBE-IPS.3.1.0
2025-03-18 19:58:16,034 [WARN] PackLoader:240 - Cannot read IP mode file for STMicroelectronics.X-CUBE-ALS.1.0.2
2025-03-18 19:58:16,074 [WARN] PackLoader:240 - Cannot read IP mode file for portGmbH.I-Cube-SoM-uGOAL.1.1.0
2025-03-18 19:58:16,163 [WARN] PackLoader:240 - Cannot read IP mode file for STMicroelectronics.X-CUBE-AZRTOS-H7RS.1.0.0
2025-03-18 19:58:16,402 [WARN] PackLoader:240 - Cannot read IP mode file for STMicroelectronics.X-CUBE-TOF1.3.4.2
2025-03-18 19:58:16,418 [INFO] ThirdParty:978 - Integrity check success = true
2025-03-18 19:58:16,418 [INFO] IntegrityCheckThread:100 - exiting critical section [integrity check]
2025-03-18 19:58:16,418 [INFO] IntegrityCheckThread:103 - End integrity checks thread
2025-03-18 19:58:16,652 [INFO] UserAuth:486 - Internet connection configuration mode: 1
2025-03-18 20:07:16,756 [INFO] McuFinderGlobals:63 - Set McuFinder mode to 2 (CubeIDE integrated)
2025-03-18 20:07:20,531 [INFO] MainUpdater:2872 - connection check result : 10
2025-03-18 20:07:20,551 [INFO] MainUpdater:2872 - connection check result : 10
2025-03-18 20:07:21,157 [INFO] MicroXplorer:468 - Change Database Path : 
2025-03-18 20:07:21,158 [INFO] MicroXplorer:498 - Change Database Version : DB.6.0.140
2025-03-18 20:07:21,169 [WARN] ThirdParty:871 - waiting for thirdparty lock release [close project]
2025-03-18 20:07:21,169 [INFO] ThirdParty:873 - entering critical section [close project]
2025-03-18 20:07:21,229 [INFO] ThirdParty:883 - exiting critical section [close project]
2025-03-18 20:07:21,231 [INFO] PinOutPanel:1589 - setPackage(No Configuration,No Configuration)
2025-03-18 20:07:21,237 [INFO] UtilMem:75 - Begin LoadConfig() Used Memory: 535676784 Bytes (963641344)
2025-03-18 20:07:21,282 [INFO] MicroXplorer:468 - Change Database Path : C:/Users/pwlub/.stm32cubemx/databases/DB.6.0.111/db/
2025-03-18 20:07:21,282 [INFO] MicroXplorer:498 - Change Database Version : DB.6.0.111
2025-03-18 20:07:23,172 [INFO] OpenFileManager:354 - Change cursor
2025-03-18 20:07:23,296 [INFO] Mcu:2011 - Initializing MCU STM32G473R(B-C-E)Tx STM32G473RCTx STM32G473RCT6
2025-03-18 20:07:31,219 [INFO] Context:756 - Trying to add GPIOservice into a context  which must be forbidden
2025-03-18 20:07:33,630 [INFO] ImportTextPane:218 - (OptionalMessage_ERROR) Pin53 (VP_RIF_VS_RIF1) cannot be retrieved for this MCU
2025-03-18 20:07:33,817 [INFO] RtosManager:558 - Registered RTOS mode: class=CMSIS, group=RTOS, mode=CMSIS_V1, owner=FREERTOS
2025-03-18 20:07:33,817 [INFO] RtosManager:558 - Registered RTOS mode: class=CMSIS, group=RTOS2, mode=CMSIS_V2, owner=FREERTOS
2025-03-18 20:07:33,817 [INFO] RtosManager:558 - Registered RTOS mode: class=RTOS, group=Core, mode=CMSIS_V1, owner=FREERTOS
2025-03-18 20:07:33,817 [INFO] RtosManager:558 - Registered RTOS mode: class=RTOS, group=Core, mode=CMSIS_V2, owner=FREERTOS
2025-03-18 20:07:33,818 [WARN] ModelIntegratedComponent:184 - Missing modes for component STMicroelectronics:FreeRTOS:0.0.1:STMicroelectronics:RTOS:FreeRTOS:Core:::10.2.0:
2025-03-18 20:07:33,859 [WARN] ModelIntegratedComponent:63 - No mode defined for component null
2025-03-18 20:07:33,860 [WARN] ModelIntegratedComponent:63 - No mode defined for component null
2025-03-18 20:07:33,860 [WARN] ModelIntegratedComponent:63 - No mode defined for component null
2025-03-18 20:07:33,860 [WARN] ModelIntegratedComponent:63 - No mode defined for component null
2025-03-18 20:07:33,860 [WARN] ModelIntegratedComponent:63 - No mode defined for component null
2025-03-18 20:07:33,860 [WARN] ModelIntegratedComponent:63 - No mode defined for component null
2025-03-18 20:07:33,860 [WARN] ModelIntegratedComponent:63 - No mode defined for component null
2025-03-18 20:07:33,861 [WARN] ModelIntegratedComponent:63 - No mode defined for component null
2025-03-18 20:07:33,861 [WARN] ModelIntegratedComponent:63 - No mode defined for component null
2025-03-18 20:07:33,861 [WARN] ModelIntegratedComponent:63 - No mode defined for component null
2025-03-18 20:07:33,861 [WARN] ModelIntegratedComponent:63 - No mode defined for component null
2025-03-18 20:07:33,861 [WARN] ModelIntegratedComponent:63 - No mode defined for component null
2025-03-18 20:07:33,861 [WARN] ModelIntegratedComponent:63 - No mode defined for component null
2025-03-18 20:07:33,861 [WARN] ModelIntegratedComponent:63 - No mode defined for component null
2025-03-18 20:07:33,861 [WARN] ModelIntegratedComponent:63 - No mode defined for component null
2025-03-18 20:07:33,861 [WARN] ModelIntegratedComponent:63 - No mode defined for component null
2025-03-18 20:07:33,862 [WARN] ModelIntegratedComponent:63 - No mode defined for component null
2025-03-18 20:07:33,862 [WARN] ModelIntegratedComponent:63 - No mode defined for component null
2025-03-18 20:07:33,862 [WARN] ModelIntegratedComponent:63 - No mode defined for component null
2025-03-18 20:07:33,862 [WARN] ModelIntegratedComponent:63 - No mode defined for component null
2025-03-18 20:07:33,862 [WARN] ModelIntegratedComponent:63 - No mode defined for component null
2025-03-18 20:07:33,862 [WARN] ModelIntegratedComponent:63 - No mode defined for component null
2025-03-18 20:07:33,862 [WARN] ModelIntegratedComponent:63 - No mode defined for component null
2025-03-18 20:07:33,862 [WARN] ModelIntegratedComponent:63 - No mode defined for component null
2025-03-18 20:07:33,862 [WARN] ModelIntegratedComponent:63 - No mode defined for component null
2025-03-18 20:07:33,862 [WARN] ModelIntegratedComponent:63 - No mode defined for component null
2025-03-18 20:07:33,862 [WARN] ModelIntegratedComponent:63 - No mode defined for component null
2025-03-18 20:07:33,863 [WARN] ModelIntegratedComponent:63 - No mode defined for component null
2025-03-18 20:07:33,863 [WARN] ModelIntegratedComponent:63 - No mode defined for component null
2025-03-18 20:07:33,863 [WARN] ModelIntegratedComponent:63 - No mode defined for component null
2025-03-18 20:07:33,863 [WARN] ModelIntegratedComponent:63 - No mode defined for component null
2025-03-18 20:07:33,863 [WARN] ModelIntegratedComponent:63 - No mode defined for component null
2025-03-18 20:07:33,864 [WARN] ModelIntegratedComponent:63 - No mode defined for component null
2025-03-18 20:07:33,864 [WARN] ModelIntegratedComponent:63 - No mode defined for component null
2025-03-18 20:07:33,864 [WARN] ModelIntegratedComponent:63 - No mode defined for component null
2025-03-18 20:07:33,865 [WARN] ModelPack:524 - Component already loaded: STMicroelectronics:HAL Drivers:0.0.0:STMicroelectronics:Device:STMicro_Driver:XSPI:HAL::0.0.1:HAL_XSPI
2025-03-18 20:07:34,144 [INFO] ThirdPartyModel:298 - Start build external matchings
2025-03-18 20:07:34,592 [INFO] ThirdPartyModel:316 - End build external matchings
2025-03-18 20:07:34,615 [INFO] RtosManager:967 - Current active RTOS is FREERTOS [Cortex-M4NS]
2025-03-18 20:07:34,637 [INFO] ImportTextPane:218 - (OptionalMessage_ERROR) IP (ADC1) : Parameter (CommonPathInternal) has invalid value (null|null|null|null)
2025-03-18 20:07:34,638 [INFO] ImportTextPane:218 - (OptionalMessage_ERROR) IP (ADC2) : Parameter (CommonPathInternal) has invalid value (null|null|null|null)
2025-03-18 20:07:34,640 [INFO] ImportTextPane:218 - (OptionalMessage_ERROR) IP (DMA) : Parameter (Instance) has Id (ADC1) currently not set
2025-03-18 20:07:34,641 [INFO] ImportTextPane:218 - (OptionalMessage_ERROR) IP (DMA) : Parameter (Request) has Id (ADC1) currently not set
2025-03-18 20:07:34,641 [INFO] ImportTextPane:218 - (OptionalMessage_ERROR) IP (DMA) : Parameter (Direction) has Id (ADC1) currently not set
2025-03-18 20:07:34,641 [INFO] ImportTextPane:218 - (OptionalMessage_ERROR) IP (DMA) : Parameter (PeriphInc) has Id (ADC1) currently not set
2025-03-18 20:07:34,641 [INFO] ImportTextPane:218 - (OptionalMessage_ERROR) IP (DMA) : Parameter (MemInc) has Id (ADC1) currently not set
2025-03-18 20:07:34,642 [INFO] ImportTextPane:218 - (OptionalMessage_ERROR) IP (DMA) : Parameter (PeriphDataAlignment) has Id (ADC1) currently not set
2025-03-18 20:07:34,643 [INFO] ImportTextPane:218 - (OptionalMessage_ERROR) IP (DMA) : Parameter (MemDataAlignment) has Id (ADC1) currently not set
2025-03-18 20:07:34,645 [INFO] ImportTextPane:218 - (OptionalMessage_ERROR) IP (DMA) : Parameter (Mode) has Id (ADC1) currently not set
2025-03-18 20:07:34,646 [INFO] ImportTextPane:218 - (OptionalMessage_ERROR) IP (DMA) : Parameter (Priority) has Id (ADC1) currently not set
2025-03-18 20:07:34,646 [INFO] ImportTextPane:218 - (OptionalMessage_ERROR) IP (DMA) : Parameter (SignalID) has Id (ADC1) currently not set
2025-03-18 20:07:34,646 [INFO] ImportTextPane:218 - (OptionalMessage_ERROR) IP (DMA) : Parameter (Polarity) has Id (ADC1) currently not set
2025-03-18 20:07:34,646 [INFO] ImportTextPane:218 - (OptionalMessage_ERROR) IP (DMA) : Parameter (RequestNumber) has Id (ADC1) currently not set
2025-03-18 20:07:34,646 [INFO] ImportTextPane:218 - (OptionalMessage_ERROR) IP (DMA) : Parameter (SyncSignalID) has Id (ADC1) currently not set
2025-03-18 20:07:34,646 [INFO] ImportTextPane:218 - (OptionalMessage_ERROR) IP (DMA) : Parameter (SyncPolarity) has Id (ADC1) currently not set
2025-03-18 20:07:34,647 [INFO] ImportTextPane:218 - (OptionalMessage_ERROR) IP (DMA) : Parameter (SyncEnable) has Id (ADC1) currently not set
2025-03-18 20:07:34,647 [INFO] ImportTextPane:218 - (OptionalMessage_ERROR) IP (DMA) : Parameter (EventEnable) has Id (ADC1) currently not set
2025-03-18 20:07:34,647 [INFO] ImportTextPane:218 - (OptionalMessage_ERROR) IP (DMA) : Parameter (SyncRequestNumber) has Id (ADC1) currently not set
2025-03-18 20:07:34,647 [INFO] ImportTextPane:218 - (OptionalMessage_ERROR) IP (DMA) : Parameter (Instance) has Id (ADC2) currently not set
2025-03-18 20:07:34,647 [INFO] ImportTextPane:218 - (OptionalMessage_ERROR) IP (DMA) : Parameter (Request) has Id (ADC2) currently not set
2025-03-18 20:07:34,647 [INFO] ImportTextPane:218 - (OptionalMessage_ERROR) IP (DMA) : Parameter (Direction) has Id (ADC2) currently not set
2025-03-18 20:07:34,647 [INFO] ImportTextPane:218 - (OptionalMessage_ERROR) IP (DMA) : Parameter (PeriphInc) has Id (ADC2) currently not set
2025-03-18 20:07:34,647 [INFO] ImportTextPane:218 - (OptionalMessage_ERROR) IP (DMA) : Parameter (MemInc) has Id (ADC2) currently not set
2025-03-18 20:07:34,647 [INFO] ImportTextPane:218 - (OptionalMessage_ERROR) IP (DMA) : Parameter (PeriphDataAlignment) has Id (ADC2) currently not set
2025-03-18 20:07:34,647 [INFO] ImportTextPane:218 - (OptionalMessage_ERROR) IP (DMA) : Parameter (MemDataAlignment) has Id (ADC2) currently not set
2025-03-18 20:07:34,647 [INFO] ImportTextPane:218 - (OptionalMessage_ERROR) IP (DMA) : Parameter (Mode) has Id (ADC2) currently not set
2025-03-18 20:07:34,648 [INFO] ImportTextPane:218 - (OptionalMessage_ERROR) IP (DMA) : Parameter (Priority) has Id (ADC2) currently not set
2025-03-18 20:07:34,648 [INFO] ImportTextPane:218 - (OptionalMessage_ERROR) IP (DMA) : Parameter (SignalID) has Id (ADC2) currently not set
2025-03-18 20:07:34,648 [INFO] ImportTextPane:218 - (OptionalMessage_ERROR) IP (DMA) : Parameter (Polarity) has Id (ADC2) currently not set
2025-03-18 20:07:34,648 [INFO] ImportTextPane:218 - (OptionalMessage_ERROR) IP (DMA) : Parameter (RequestNumber) has Id (ADC2) currently not set
2025-03-18 20:07:34,648 [INFO] ImportTextPane:218 - (OptionalMessage_ERROR) IP (DMA) : Parameter (SyncSignalID) has Id (ADC2) currently not set
2025-03-18 20:07:34,648 [INFO] ImportTextPane:218 - (OptionalMessage_ERROR) IP (DMA) : Parameter (SyncPolarity) has Id (ADC2) currently not set
2025-03-18 20:07:34,648 [INFO] ImportTextPane:218 - (OptionalMessage_ERROR) IP (DMA) : Parameter (SyncEnable) has Id (ADC2) currently not set
2025-03-18 20:07:34,648 [INFO] ImportTextPane:218 - (OptionalMessage_ERROR) IP (DMA) : Parameter (EventEnable) has Id (ADC2) currently not set
2025-03-18 20:07:34,648 [INFO] ImportTextPane:218 - (OptionalMessage_ERROR) IP (DMA) : Parameter (SyncRequestNumber) has Id (ADC2) currently not set
2025-03-18 20:07:34,649 [WARN] IP:2250 - MessageRAMOffset not found: check if there is a RefParameter without a condition.
2025-03-18 20:07:34,650 [WARN] IP:2250 - RxFifo0ElmtsNbr not found: check if there is a RefParameter without a condition.
2025-03-18 20:07:34,650 [WARN] IP:2250 - RxFifo0ElmtSize not found: check if there is a RefParameter without a condition.
2025-03-18 20:07:34,650 [WARN] IP:2250 - RxFifo1ElmtsNbr not found: check if there is a RefParameter without a condition.
2025-03-18 20:07:34,650 [WARN] IP:2250 - RxFifo1ElmtSize not found: check if there is a RefParameter without a condition.
2025-03-18 20:07:34,650 [WARN] IP:2250 - RxBuffersNbr not found: check if there is a RefParameter without a condition.
2025-03-18 20:07:34,650 [WARN] IP:2250 - RxBufferSize not found: check if there is a RefParameter without a condition.
2025-03-18 20:07:34,650 [WARN] IP:2250 - TxEventsNbr not found: check if there is a RefParameter without a condition.
2025-03-18 20:07:34,650 [WARN] IP:2250 - TxBuffersNbr not found: check if there is a RefParameter without a condition.
2025-03-18 20:07:34,651 [WARN] IP:2250 - TxFifoQueueElmtsNbr not found: check if there is a RefParameter without a condition.
2025-03-18 20:07:34,651 [WARN] IP:2250 - TxElmtSize not found: check if there is a RefParameter without a condition.
2025-03-18 20:07:34,651 [WARN] IP:2250 - ClockCalibrationCCU not found: check if there is a RefParameter without a condition.
2025-03-18 20:07:34,652 [WARN] IP:2250 - ClockDividerCCU not found: check if there is a RefParameter without a condition.
2025-03-18 20:07:34,652 [WARN] IP:2250 - MinOscClkPeriodsCCU not found: check if there is a RefParameter without a condition.
2025-03-18 20:07:34,652 [WARN] IP:2250 - TimeQuantaPerBitTimeCCU not found: check if there is a RefParameter without a condition.
2025-03-18 20:07:34,652 [WARN] IP:2250 - WatchdogStartValueCCU not found: check if there is a RefParameter without a condition.
2025-03-18 20:07:34,680 [INFO] ImportTextPane:218 - (OptionalMessage_ERROR) IP (RCC) : Invalid parameter (FamilyName)
2025-03-18 20:07:35,524 [INFO] ApiDb:581 - Connected to CubeFinder SQLite database (C:\Users\pwlub\.stmcufinder\plugins\mcufinder\mcu\cube-finder-db.db)
2025-03-18 20:07:35,692 [INFO] ApiDb:668 - CubeFinder database Data Model version=2.1
2025-03-18 20:07:35,692 [INFO] ApiDb:669 - CubeFinder database Configuration version=3.0.39
2025-03-18 20:07:35,693 [INFO] ApiDb:670 - CubeFinder database generation date=2025-03-07 (1741340029)
2025-03-18 20:07:35,693 [INFO] ApiDb:671 - CubeFinder database FW Pack versions=[FP-ATR-ASTRA1_V2.0.0, FP-SNS-FLIGHT1_V5.0.2, FP-SNS-MOTENV1_V5.0.0, FP-SNS-MOTENVWB1_V1.4.0, FP-SNS-SMARTAG2_V1.2.0, FP-SNS-STBOX1_V2.0.0, STM32Cube_FW_C0_V1.4.0, STM32Cube_FW_F4_V1.28.1, STM32Cube_FW_F7_V1.17.2, STM32Cube_FW_G0_V1.6.2, STM32Cube_FW_G4_V1.6.1, STM32Cube_FW_H5_V1.5.0, STM32Cube_FW_H7RS_V1.2.0, STM32Cube_FW_H7_V1.12.1, STM32Cube_FW_L0_V1.12.2, STM32Cube_FW_L4_V1.18.1, STM32Cube_FW_L5_V1.5.1, STM32Cube_FW_N6_V1.1.0, STM32Cube_FW_U0_V1.2.0, STM32Cube_FW_U3_V1.1.0, STM32Cube_FW_U5_V1.7.0, STM32Cube_FW_WB0_V1.2.0, STM32Cube_FW_WBA_V1.6.0, STM32Cube_FW_WB_V1.22.0, STM32Cube_FW_WL3_V1.1.0, STM32Cube_FW_WL_V1.3.1, X-CUBE-ALGOBUILD_V1.4.0, X-CUBE-ALS_V1.0.2, X-CUBE-AZRTOS-F4_V1.1.0, X-CUBE-AZRTOS-F7_V1.1.0, X-CUBE-AZRTOS-G0_V1.1.0, X-CUBE-AZRTOS-G4_V2.0.0, X-CUBE-AZRTOS-H7RS_V1.0.0, X-CUBE-AZRTOS-H7_V3.3.0, X-CUBE-AZRTOS-L4_V2.0.0, X-CUBE-AZRTOS-L5_V2.0.0, X-CUBE-AZRTOS-WB_V2.0.0, X-CUBE-AZRTOS-WL_V2.0.0, X-CUBE-BLE1_V7.1.0, X-CUBE-BLE2_V3.3.0, X-CUBE-BLEMGR_V4.0.0, X-CUBE-EEPRMA1_V5.1.0, X-CUBE-FREERTOS_V1.3.0, X-CUBE-GNSS1_V6.0.0, X-CUBE-MEMS1_V11.1.0, X-CUBE-NFC4_V3.0.0, X-CUBE-NFC7_V1.0.1, X-CUBE-SFXS2LP1_V4.0.0, X-CUBE-SUBG2_V5.0.0, X-CUBE-TOF1_V3.4.2]
2025-03-18 20:07:35,882 [INFO] DbBoardsSqlite:226 - include board P-NUCLEO-WB55-NUCLEO as a kit item of type 'Nucleo-64'
2025-03-18 20:07:35,883 [INFO] DbBoardsSqlite:226 - include board P-NUCLEO-WB55-USBDONGLE as a kit item of type 'Nucleo USB Dongle'
2025-03-18 20:07:35,884 [INFO] DbBoardsSqlite:226 - include board STEVAL-IDP005V1 as a kit item of type 'Evaluation Board'
2025-03-18 20:07:35,884 [INFO] DbBoardsSqlite:226 - include board STEVAL-IDP005V2 as a kit item of type 'Evaluation Board'
2025-03-18 20:07:36,760 [INFO] ApiDb:240 - Found 895 in-development CPN: [B-G473E-ZEST1S, B-WB1M-WPAN1, B-WBA5M-WPAN, B-WL5M-SUBG1, NUCLEO-C031C6, NUCLEO-C051C8, NUCLEO-C071RB, NUCLEO-C092RC, NUCLEO-H503RB, NUCLEO-H533RE, NUCLEO-H563ZI, NUCLEO-H7S3L8, NUCLEO-N657X0-Q, NUCLEO-U031R8, NUCLEO-U083RC, NUCLEO-U385RG-Q, NUCLEO-U545RE-Q, NUCLEO-U5A5ZJ-Q, NUCLEO-WB05KZ, NUCLEO-WB07CC, NUCLEO-WB09KE, NUCLEO-WBA52CG, NUCLEO-WBA55CG, NUCLEO-WBA65RI, NUCLEO-WL33CC1, NUCLEO-WL33CC2, STEVAL-PROTEUS1, STEVAL-SMARTAG2, STEVAL-STWINBX1, STM320518-EVAL, STM32C0116-DK, STM32C011D6Y3TR, STM32C011D6Y6TR, STM32C011F4P3, STM32C011F4P6, STM32C011F4U3, STM32C011F4U6TR, STM32C011F6P3, STM32C011F6P6, STM32C011F6U3, STM32C011F6U6TR, STM32C011J4M3, STM32C011J4M6, STM32C011J6M3, STM32C011J6M6, STM32C0316-DK, STM32C031C4T3, STM32C031C4T6, STM32C031C4U3, STM32C031C4U6, STM32C031C6T3, STM32C031C6T6, STM32C031C6U3, STM32C031C6U6, STM32C031F4P3, STM32C031F4P6, STM32C031F6P3, STM32C031F6P6, STM32C031G4U3, STM32C031G4U6, STM32C031G6U3, STM32C031G6U6, STM32C031K4T3, STM32C031K4T6, STM32C031K4U3, STM32C031K4U6, STM32C031K6T3, STM32C031K6T6, STM32C031K6U3, STM32C031K6U6, STM32C051C6T6, STM32C051C6U6, STM32C051C8T6, STM32C051C8U6, STM32C051D8Y6TR, STM32C051F6P6, STM32C051F8P6, STM32C051G6U6, STM32C051G8U6, STM32C051K6T6, STM32C051K6U6, STM32C051K8T6, STM32C071C8T6, STM32C071C8T6N, STM32C071C8U6, STM32C071C8U6N, STM32C071CBT6, STM32C071CBT6N, STM32C071CBU6, STM32C071CBU6N, STM32C071F8P6, STM32C071F8P6N, STM32C071FBP6, STM32C071FBP6N, STM32C071FBY6TR, STM32C071G8U6, STM32C071G8U6N, STM32C071GBU6, STM32C071GBU6N, STM32C071K8T6, STM32C071K8T6N, STM32C071K8U6, STM32C071K8U6N, STM32C071KBT6, STM32C071KBT6N, STM32C071KBU6, STM32C071KBU6N, STM32C071R8T6, STM32C071R8T6N, STM32C071RBI6N, STM32C071RBT6, STM32C071RBT6N, STM32C091CBT6, STM32C091CBU6, STM32C091CCT6, STM32C091CCU6, STM32C091ECY6TR, STM32C091FBP6, STM32C091FCP6, STM32C091GBU6, STM32C091GCU6, STM32C091KBT6, STM32C091KBU6, STM32C091KCT6, STM32C091KCU6, STM32C091RBT6, STM32C091RCI6, STM32C091RCT6, STM32C092CBT6, STM32C092CBU6, STM32C092CCT6, STM32C092CCU6, STM32C092ECY6TR, STM32C092FBP6, STM32C092FCP6, STM32C092GBU6, STM32C092GCU6, STM32C092KBT6, STM32C092KBU6, STM32C092KCT6, STM32C092KCU6, STM32C092RBT6, STM32C092RCI6, STM32C092RCT6, STM32G071K8TXN, STM32G071K8UXN, STM32G081GBU6N, STM32G081KBT6N, STM32G081KBUXN, STM32G0B1CCT6N, STM32G0B1KCT6, STM32G0B1NEY6TR, STM32G0B1RCT6N, STM32G0C1CCT6, STM32G0C1CCT6N, STM32G0C1CCU6N, STM32G0C1CET6N, STM32G0C1CEU6N, STM32G0C1KCT6, STM32G0C1NEY6TR, STM32G0C1RCI6N, STM32G0C1RCT6N, STM32G0C1REI6N, STM32G0C1RET6N, STM32G0C1VCI6, STM32G0C1VEI6, STM32G411C6T3, STM32G411C6T6, STM32G411C6U3, STM32G411C6U6, STM32G411C8T3, STM32G411C8T6, STM32G411C8U3, STM32G411C8U6, STM32G411CBT3, STM32G411CBT6, STM32G411CBU3, STM32G411CBU6, STM32G411CCT3, STM32G411CCT6, STM32G411CCU3, STM32G411CCU6, STM32G411K6T3, STM32G411K6T6, STM32G411K6U3, STM32G411K6U6, STM32G411K8T3, STM32G411K8T6, STM32G411K8U3, STM32G411K8U6, STM32G411KBT3, STM32G411KBT6, STM32G411KBU3, STM32G411KBU6, STM32G411M6T3, STM32G411M6T6, STM32G411M8T3, STM32G411M8T6, STM32G411MBT3, STM32G411MBT6, STM32G411MCT3, STM32G411MCT6, STM32G411R6T3, STM32G411R6T6, STM32G411R8T3, STM32G411R8T6, STM32G411RBT3, STM32G411RBT6, STM32G411RCT3, STM32G411RCT6, STM32G414CBT3, STM32G414CBT6, STM32G414CBU3, STM32G414CBU6, STM32G414CCT3, STM32G414CCT6, STM32G414CCU3, STM32G414CCU6, STM32G414MBT3, STM32G414MBT6, STM32G414MCT3, STM32G414MCT6, STM32G414RBT3, STM32G414RBT6, STM32G414RCT3, STM32G414RCT6, STM32G414VBT3, STM32G414VBT6, STM32G414VCT3, STM32G414VCT6, STM32G431CBT3Z, STM32G431RBT3Z, STM32G471CCT6, STM32G471CCU6, STM32G471CET3, STM32G471CET6, STM32G471CEU3, STM32G471CEU6, STM32G471MCT6, STM32G471MET3, STM32G471MET6, STM32G471MEY6TR, STM32G471QCT6, STM32G471QET3, STM32G471RCT6, STM32G471RET3, STM32G471RET6, STM32G471VCH6, STM32G471VCI6, STM32G471VCT6, STM32G471VEH3, STM32G471VEH6, STM32G471VEI3, STM32G471VEI6, STM32G471VET3, STM32G471VET6, STM32G473QET3Z, STM32G473RET3Z, STM32G474CCT6, STM32G491RET3Z, STM32H503CBT6, STM32H503CBU6, STM32H503EBY6TR, STM32H503KBU6, STM32H503RBT6, STM32H523CCT6, STM32H523CCU6, STM32H523CET6, STM32H523CEU6, STM32H523HEY6TR, STM32H523RCT6, STM32H523RET6, STM32H523VCI6, STM32H523VCT6, STM32H523VEI6, STM32H523VET6, STM32H523ZCJ6, STM32H523ZCT6, STM32H523ZEJ6, STM32H523ZET6, STM32H533CET6, STM32H533CEU6, STM32H533HEY6TR, STM32H533RET6, STM32H533VEI6, STM32H533VET6, STM32H533ZEJ6, STM32H533ZET6, STM32H562AGI6, STM32H562AII6, STM32H562IGK6, STM32H562IGT6, STM32H562IIK6, STM32H562IIT6, STM32H562RGT6, STM32H562RGV6, STM32H562RIT6, STM32H562RIV6, STM32H562VGT6, STM32H562VIT6, STM32H562ZGT6, STM32H562ZIT6, STM32H563AGI6, STM32H563AII3Q, STM32H563AII6, STM32H563IGK6, STM32H563IGT6, STM32H563IIK3Q, STM32H563IIK6, STM32H563IIT3Q, STM32H563IIT6, STM32H563MIY3QTR, STM32H563RGT6, STM32H563RGV6, STM32H563RIT6, STM32H563RIV6, STM32H563VGT6, STM32H563VIT3Q, STM32H563VIT6, STM32H563ZGT6, STM32H563ZIT3Q, STM32H563ZIT6, STM32H573AII3Q, STM32H573AII6, STM32H573I-DK, STM32H573IIK3Q, STM32H573IIK6, STM32H573IIT3Q, STM32H573IIT6, STM32H573MIY3QTR, STM32H573RIT6, STM32H573RIV6, STM32H573VIT3Q, STM32H573VIT6, STM32H573ZIT3Q, STM32H573ZIT6, STM32H7R3A8I6, STM32H7R3I8K6, STM32H7R3I8T6, STM32H7R3L8H6, STM32H7R3L8H6H, STM32H7R3R8V6, STM32H7R3V8H6, STM32H7R3V8T6, STM32H7R3V8Y6TR, STM32H7R3Z8J6, STM32H7R3Z8T6, STM32H7R7A8I6, STM32H7R7I8K6, STM32H7R7I8T6, STM32H7R7L8H6, STM32H7R7L8H6H, STM32H7R7Z8J6, STM32H7S3A8I6, STM32H7S3I8K6, STM32H7S3I8T6, STM32H7S3L8H6, STM32H7S3L8H6H, STM32H7S3R8V6, STM32H7S3V8H6, STM32H7S3V8T6, STM32H7S3V8Y6TR, STM32H7S3Z8J6, STM32H7S3Z8T6, STM32H7S78-DK, STM32H7S7A8I6, STM32H7S7I8K6, STM32H7S7I8T6, STM32H7S7L8H6, STM32H7S7L8H6H, STM32H7S7Z8J6, STM32L4R5QGI6STR, STM32MP131AAE3, STM32MP131AAF3, STM32MP131AAG3, STM32MP131CAE3, STM32MP131CAF3, STM32MP131CAG3, STM32MP131DAE7, STM32MP131DAF7, STM32MP131DAG7, STM32MP131FAE7, STM32MP131FAF7, STM32MP131FAG7, STM32MP133AAE3, STM32MP133AAF3, STM32MP133AAG3, STM32MP133CAE3, STM32MP133CAF3, STM32MP133CAG3, STM32MP133DAE7, STM32MP133DAF7, STM32MP133DAG7, STM32MP133FAE7, STM32MP133FAF7, STM32MP133FAG7, STM32MP135AAE3, STM32MP135AAF3, STM32MP135AAG3, STM32MP135CAE3, STM32MP135CAF3, STM32MP135CAG3, STM32MP135DAE7, STM32MP135DAF7, STM32MP135DAG7, STM32MP135F-DK, STM32MP135FAE7, STM32MP135FAF7, STM32MP135FAF7T, STM32MP135FAF7U, STM32MP135FAG7, STM32MP231AAJ3, STM32MP231AAK3, STM32MP231AAL3, STM32MP231CAJ3, STM32MP231CAK3, STM32MP231CAL3, STM32MP231DAJ3, STM32MP231DAK3, STM32MP231DAL3, STM32MP231FAJ3, STM32MP231FAK3, STM32MP231FAL3, STM32MP233AAJ3, STM32MP233AAK3, STM32MP233AAL3, STM32MP233CAJ3, STM32MP233CAK3, STM32MP233CAL3, STM32MP233DAJ3, STM32MP233DAK3, STM32MP233DAL3, STM32MP233FAJ3, STM32MP233FAK3, STM32MP233FAL3, STM32MP235AAJ3, STM32MP235AAK3, STM32MP235AAL3, STM32MP235CAJ3, STM32MP235CAK3, STM32MP235CAL3, STM32MP235DAJ3, STM32MP235DAK3, STM32MP235DAL3, STM32MP235FAJ3, STM32MP235FAK3, STM32MP235FAL3, STM32MP251AAI3, STM32MP251AAJ3, STM32MP251AAK3, STM32MP251AAL3, STM32MP251CAI3, STM32MP251CAJ3, STM32MP251CAK3, STM32MP251CAL3, STM32MP251DAI3, STM32MP251DAJ3, STM32MP251DAK3, STM32MP251DAL3, STM32MP251FAI3, STM32MP251FAJ3, STM32MP251FAK3, STM32MP251FAL3, STM32MP253AAI3, STM32MP253AAJ3, STM32MP253AAK3, STM32MP253AAL3, STM32MP253CAI3, STM32MP253CAJ3, STM32MP253CAK3, STM32MP253CAL3, STM32MP253DAI3, STM32MP253DAJ3, STM32MP253DAK3, STM32MP253DAL3, STM32MP253FAI3, STM32MP253FAJ3, STM32MP253FAK3, STM32MP253FAL3, STM32MP255AAI3, STM32MP255AAJ3, STM32MP255AAK3, STM32MP255AAL3, STM32MP255CAI3, STM32MP255CAJ3, STM32MP255CAK3, STM32MP255CAL3, STM32MP255DAI3, STM32MP255DAJ3, STM32MP255DAK3, STM32MP255DAL3, STM32MP255FAI3, STM32MP255FAJ3, STM32MP255FAK3, STM32MP255FAL3, STM32MP257AAI3, STM32MP257AAJ3, STM32MP257AAK3, STM32MP257AAL3, STM32MP257CAI3, STM32MP257CAJ3, STM32MP257CAK3, STM32MP257CAL3, STM32MP257DAI3, STM32MP257DAJ3, STM32MP257DAK3, STM32MP257DAL3, STM32MP257F-DK, STM32MP257F-EV1, STM32MP257FAI3, STM32MP257FAJ3, STM32MP257FAK3, STM32MP257FAL3, STM32N645A0H3Q, STM32N645B0H3Q, STM32N645I0H3Q, STM32N645L0H3Q, STM32N645X0H3Q, STM32N645Z0H3Q, STM32N647A0H3Q, STM32N647B0H3Q, STM32N647I0H3Q, STM32N647L0H3Q, STM32N647X0H3Q, STM32N647Z0H3Q, STM32N655A0H3Q, STM32N655B0H3Q, STM32N655I0H3Q, STM32N655L0H3Q, STM32N655X0H3Q, STM32N655Z0H3Q, STM32N6570-DK, STM32N657A0H3Q, STM32N657B0H3Q, STM32N657I0H3Q, STM32N657L0H3Q, STM32N657X0H3Q, STM32N657Z0H3Q, STM32U031C6T6, STM32U031C6U6, STM32U031C8T6, STM32U031C8U6, STM32U031F4P6, STM32U031F6P6, STM32U031F8P6, STM32U031G6Y6TR, STM32U031G8Y6TR, STM32U031K4U6, STM32U031K6U6, STM32U031K8U6, STM32U031R6I6, STM32U031R6T6, STM32U031R8I6, STM32U031R8T6, STM32U073C8T6, STM32U073C8U6, STM32U073CBT6, STM32U073CBU6, STM32U073CCT6, STM32U073CCU6, STM32U073H8Y6TR, STM32U073HBY6TR, STM32U073HCY6TR, STM32U073K8U6, STM32U073KBU6, STM32U073KCU6, STM32U073M8I6, STM32U073M8T6, STM32U073MBI6, STM32U073MBT6, STM32U073MCI6, STM32U073MCT6, STM32U073R8I6, STM32U073R8T6, STM32U073RBI6, STM32U073RBT6, STM32U073RCI6, STM32U073RCT6, STM32U083C-DK, STM32U083CCT6, STM32U083CCU6, STM32U083HCY6TR, STM32U083KCU6, STM32U083MCI6, STM32U083MCT6, STM32U083RCI6, STM32U083RCT6, STM32U375CET6, STM32U375CET6Q, STM32U375CEU6, STM32U375CEU6Q, STM32U375CEY6QTR, STM32U375CGT6, STM32U375CGT6Q, STM32U375CGU6, STM32U375CGU6Q, STM32U375CGY6QTR, STM32U375KEU6, STM32U375KGU6, STM32U375REI6, STM32U375REI6Q, STM32U375RET6, STM32U375RET6Q, STM32U375REY6GTR, STM32U375REY6QTR, STM32U375RGI6, STM32U375RGI6Q, STM32U375RGT6, STM32U375RGT6Q, STM32U375RGY6GTR, STM32U375RGY6QTR, STM32U375VEI6, STM32U375VEI6Q, STM32U375VET6, STM32U375VET6Q, STM32U375VGI6, STM32U375VGI6Q, STM32U375VGT6, STM32U375VGT6Q, STM32U385CGT6, STM32U385CGT6Q, STM32U385CGU6, STM32U385CGU6Q, STM32U385CGY6QTR, STM32U385KGU6, STM32U385RGI6, STM32U385RGI6Q, STM32U385RGT6, STM32U385RGT6Q, STM32U385RGY6GTR, STM32U385RGY6QTR, STM32U385VGI6, STM32U385VGI6Q, STM32U385VGT6, STM32U385VGT6Q, STM32U535CBT6, STM32U535CBT6Q, STM32U535CBU6, STM32U535CBU6Q, STM32U535CCT6, STM32U535CCT6Q, STM32U535CCU6, STM32U535CCU6Q, STM32U535CET6, STM32U535CET6Q, STM32U535CEU6, STM32U535CEU6Q, STM32U535JEY6QTR, STM32U535NCY6QTR, STM32U535NEY6QTR, STM32U535RBI6, STM32U535RBI6Q, STM32U535RBT6, STM32U535RBT6Q, STM32U535RCI6, STM32U535RCI6Q, STM32U535RCT6, STM32U535RCT6Q, STM32U535REI6, STM32U535REI6Q, STM32U535RET6, STM32U535RET6Q, STM32U535VCI6, STM32U535VCI6Q, STM32U535VCT6, STM32U535VCT6Q, STM32U535VEI6, STM32U535VEI6Q, STM32U535VET6, STM32U535VET6Q, STM32U545CET6, STM32U545CET6Q, STM32U545CEU6, STM32U545CEU6Q, STM32U545JEY6QTR, STM32U545NEY6QTR, STM32U545REI6, STM32U545REI6Q, STM32U545RET6, STM32U545RET6Q, STM32U545VEI6, STM32U545VEI6Q, STM32U545VET6, STM32U545VET6Q, STM32U595AIH6, STM32U595AIH6Q, STM32U595AJH6, STM32U595AJH6Q, STM32U595QII6, STM32U595QII6Q, STM32U595QJI6, STM32U595QJI6Q, STM32U595RIT6, STM32U595RIT6Q, STM32U595RJT6, STM32U595RJT6Q, STM32U595VIT6, STM32U595VIT6Q, STM32U595VJT6, STM32U595VJT6Q, STM32U595ZIT6, STM32U595ZIT6Q, STM32U595ZIY6QTR, STM32U595ZJT6, STM32U595ZJT6Q, STM32U595ZJY6QTR, STM32U599BJY6QTR, STM32U599NIH6Q, STM32U599NJH6Q, STM32U599VIT6Q, STM32U599VJT6, STM32U599VJT6Q, STM32U599ZIT6Q, STM32U599ZIY6QTR, STM32U599ZJT6Q, STM32U599ZJY6QTR, STM32U5A5AJH6, STM32U5A5AJH6Q, STM32U5A5QII3Q , STM32U5A5QJI6, STM32U5A5QJI6Q, STM32U5A5RJT6, STM32U5A5RJT6Q, STM32U5A5VJT6, STM32U5A5VJT6Q, STM32U5A5ZJT6, STM32U5A5ZJT6Q, STM32U5A5ZJY6QTR, STM32U5A9BJY6QTR, STM32U5A9J-DK, STM32U5A9NJH6Q, STM32U5A9VJT6Q, STM32U5A9ZJT6Q, STM32U5A9ZJY6QTR, STM32U5F7VIT6, STM32U5F7VIT6Q, STM32U5F7VJT6, STM32U5F7VJT6Q, STM32U5F9BJY6QTR, STM32U5F9NJH6Q, STM32U5F9VIT6Q, STM32U5F9VJT6Q, STM32U5F9ZIJ6QTR, STM32U5F9ZIT6Q, STM32U5F9ZJJ6QTR, STM32U5F9ZJT6Q, STM32U5G7VJT6, STM32U5G7VJT6Q, STM32U5G9BJY6QTR, STM32U5G9J-DK1, STM32U5G9J-DK2, STM32U5G9NJH6Q, STM32U5G9VJT6Q, STM32U5G9ZJJ6QTR, STM32U5G9ZJT6Q, STM32WB05KZV6TR, STM32WB05KZV7TR, STM32WB05TZF6TR, STM32WB05TZF7TR, STM32WB06CCF6TR, STM32WB06CCF7TR, STM32WB06CCV6TR, STM32WB06CCV7TR, STM32WB06KCV6TR, STM32WB06KCV7TR, STM32WB07CCF6TR, STM32WB07CCF7TR, STM32WB07CCV6TR, STM32WB07CCV7TR, STM32WB07KCV6TR, STM32WB07KCV7TR, STM32WB09KEV6TR, STM32WB09KEV7TR, STM32WB09TEF6TR, STM32WB09TEF7TR, STM32WB1MMCH6, STM32WBA50KGU6, STM32WBA50KGU6TR, STM32WBA52CEU6, STM32WBA52CEU6TR, STM32WBA52CEU7, STM32WBA52CEU7TR, STM32WBA52CGU6, STM32WBA52CGU6TR, STM32WBA52CGU6U, STM32WBA52CGU7, STM32WBA52CGU7TR, STM32WBA52KEU6, STM32WBA52KEU6TR, STM32WBA52KGU6, STM32WBA52KGU6TR, STM32WBA54CEU6, STM32WBA54CEU6TR, STM32WBA54CEU7, STM32WBA54CEU7TR, STM32WBA54CGU6, STM32WBA54CGU6TR, STM32WBA54CGU7, STM32WBA54CGU7TR, STM32WBA54KEU6, STM32WBA54KEU6TR, STM32WBA54KEU7, STM32WBA54KEU7TR, STM32WBA54KGU6, STM32WBA54KGU6TR, STM32WBA54KGU7, STM32WBA54KGU7TR, STM32WBA55CEU6, STM32WBA55CEU6TR, STM32WBA55CEU7, STM32WBA55CEU7TR, STM32WBA55CGU6, STM32WBA55CGU6TR, STM32WBA55CGU6U, STM32WBA55CGU7, STM32WBA55CGU7TR, STM32WBA55G-DK1, STM32WBA55HEF6, STM32WBA55HEF7, STM32WBA55HGF6, STM32WBA55HGF7, STM32WBA55UEI6, STM32WBA55UEI6TR, STM32WBA55UEI7, STM32WBA55UEI7TR, STM32WBA55UGI6, STM32WBA55UGI6TR, STM32WBA55UGI7, STM32WBA55UGI7TR, STM32WBA5MJGH6TR, STM32WBA62CGU6, STM32WBA62CIU6, STM32WBA62MGF6, STM32WBA62MIF6, STM32WBA62PGI6, STM32WBA62PII6, STM32WBA63CGU6, STM32WBA63CGU7, STM32WBA63CIU6, STM32WBA63CIU7, STM32WBA64CGU6, STM32WBA64CGU7, STM32WBA64CIU6, STM32WBA64CIU7, STM32WBA65CGU6, STM32WBA65CGU7, STM32WBA65CIU6, STM32WBA65CIU7, STM32WBA65I-DK1, STM32WBA65MGF6, STM32WBA65MGF7, STM32WBA65MIF6, STM32WBA65MIF7, STM32WBA65PGI6, STM32WBA65PGI7, STM32WBA65PII6, STM32WBA65PII7, STM32WBA65RGV6, STM32WBA65RGV7, STM32WBA65RIV6, STM32WBA65RIV7, STM32WL30K8V6, STM32WL30KBV6, STM32WL31C8V6, STM32WL31CBV6, STM32WL31K8V6, STM32WL31KBV6, STM32WL33C8V6, STM32WL33C8V6TR, STM32WL33C8V7, STM32WL33C8V7TR, STM32WL33CBV6, STM32WL33CBV6TR, STM32WL33CBV7, STM32WL33CBV7TR, STM32WL33CCV6, STM32WL33CCV6TR, STM32WL33CCV7, STM32WL33CCV7A, STM32WL33CCV7ATR, STM32WL33CCV7TR, STM32WL33K8V6, STM32WL33K8V6TR, STM32WL33K8V7, STM32WL33K8V7TR, STM32WL33KBV6, STM32WL33KBV6TR, STM32WL33KBV7, STM32WL33KBV7TR, STM32WL33KCV6, STM32WL33KCV6TR, STM32WL33KCV7, STM32WL33KCV7TR, STM32WL5MOCH6, STM32WL5MOCH6TR]
2025-03-18 20:07:37,149 [INFO] BoardInfo:889 - No configuration file found for board P-NUCLEO-WB55
2025-03-18 20:07:37,151 [INFO] DbBoards:161 - Kit is not supported: P-NUCLEO-WB55
2025-03-18 20:07:37,162 [INFO] BoardInfo:889 - No configuration file found for board STEVAL-BFA001V1B
2025-03-18 20:07:37,164 [INFO] DbBoards:161 - Kit is not supported: STEVAL-BFA001V1B
2025-03-18 20:07:37,166 [INFO] BoardInfo:889 - No configuration file found for board STEVAL-BFA001V2B
2025-03-18 20:07:37,167 [INFO] DbBoards:161 - Kit is not supported: STEVAL-BFA001V2B
2025-03-18 20:07:37,533 [INFO] DbBoards:168 - Found 211 boards, 208 are supported
2025-03-18 20:07:37,533 [INFO] DbBoards:169 - Found 211 boards, 43 of them is supported for  Bsp
2025-03-18 20:07:37,538 [INFO] ApiDb:668 - CubeFinder database Data Model version=2.1
2025-03-18 20:07:37,538 [INFO] ApiDb:669 - CubeFinder database Configuration version=3.0.39
2025-03-18 20:07:37,538 [INFO] ApiDb:670 - CubeFinder database generation date=2025-03-07 (1741340029)
2025-03-18 20:07:37,538 [INFO] ApiDb:671 - CubeFinder database FW Pack versions=[FP-ATR-ASTRA1_V2.0.0, FP-SNS-FLIGHT1_V5.0.2, FP-SNS-MOTENV1_V5.0.0, FP-SNS-MOTENVWB1_V1.4.0, FP-SNS-SMARTAG2_V1.2.0, FP-SNS-STBOX1_V2.0.0, STM32Cube_FW_C0_V1.4.0, STM32Cube_FW_F4_V1.28.1, STM32Cube_FW_F7_V1.17.2, STM32Cube_FW_G0_V1.6.2, STM32Cube_FW_G4_V1.6.1, STM32Cube_FW_H5_V1.5.0, STM32Cube_FW_H7RS_V1.2.0, STM32Cube_FW_H7_V1.12.1, STM32Cube_FW_L0_V1.12.2, STM32Cube_FW_L4_V1.18.1, STM32Cube_FW_L5_V1.5.1, STM32Cube_FW_N6_V1.1.0, STM32Cube_FW_U0_V1.2.0, STM32Cube_FW_U3_V1.1.0, STM32Cube_FW_U5_V1.7.0, STM32Cube_FW_WB0_V1.2.0, STM32Cube_FW_WBA_V1.6.0, STM32Cube_FW_WB_V1.22.0, STM32Cube_FW_WL3_V1.1.0, STM32Cube_FW_WL_V1.3.1, X-CUBE-ALGOBUILD_V1.4.0, X-CUBE-ALS_V1.0.2, X-CUBE-AZRTOS-F4_V1.1.0, X-CUBE-AZRTOS-F7_V1.1.0, X-CUBE-AZRTOS-G0_V1.1.0, X-CUBE-AZRTOS-G4_V2.0.0, X-CUBE-AZRTOS-H7RS_V1.0.0, X-CUBE-AZRTOS-H7_V3.3.0, X-CUBE-AZRTOS-L4_V2.0.0, X-CUBE-AZRTOS-L5_V2.0.0, X-CUBE-AZRTOS-WB_V2.0.0, X-CUBE-AZRTOS-WL_V2.0.0, X-CUBE-BLE1_V7.1.0, X-CUBE-BLE2_V3.3.0, X-CUBE-BLEMGR_V4.0.0, X-CUBE-EEPRMA1_V5.1.0, X-CUBE-FREERTOS_V1.3.0, X-CUBE-GNSS1_V6.0.0, X-CUBE-MEMS1_V11.1.0, X-CUBE-NFC4_V3.0.0, X-CUBE-NFC7_V1.0.1, X-CUBE-SFXS2LP1_V4.0.0, X-CUBE-SUBG2_V5.0.0, X-CUBE-TOF1_V3.4.2]
2025-03-18 20:07:40,321 [INFO] ApiDb:240 - Found 895 in-development CPN: [B-G473E-ZEST1S, B-WB1M-WPAN1, B-WBA5M-WPAN, B-WL5M-SUBG1, NUCLEO-C031C6, NUCLEO-C051C8, NUCLEO-C071RB, NUCLEO-C092RC, NUCLEO-H503RB, NUCLEO-H533RE, NUCLEO-H563ZI, NUCLEO-H7S3L8, NUCLEO-N657X0-Q, NUCLEO-U031R8, NUCLEO-U083RC, NUCLEO-U385RG-Q, NUCLEO-U545RE-Q, NUCLEO-U5A5ZJ-Q, NUCLEO-WB05KZ, NUCLEO-WB07CC, NUCLEO-WB09KE, NUCLEO-WBA52CG, NUCLEO-WBA55CG, NUCLEO-WBA65RI, NUCLEO-WL33CC1, NUCLEO-WL33CC2, STEVAL-PROTEUS1, STEVAL-SMARTAG2, STEVAL-STWINBX1, STM320518-EVAL, STM32C0116-DK, STM32C011D6Y3TR, STM32C011D6Y6TR, STM32C011F4P3, STM32C011F4P6, STM32C011F4U3, STM32C011F4U6TR, STM32C011F6P3, STM32C011F6P6, STM32C011F6U3, STM32C011F6U6TR, STM32C011J4M3, STM32C011J4M6, STM32C011J6M3, STM32C011J6M6, STM32C0316-DK, STM32C031C4T3, STM32C031C4T6, STM32C031C4U3, STM32C031C4U6, STM32C031C6T3, STM32C031C6T6, STM32C031C6U3, STM32C031C6U6, STM32C031F4P3, STM32C031F4P6, STM32C031F6P3, STM32C031F6P6, STM32C031G4U3, STM32C031G4U6, STM32C031G6U3, STM32C031G6U6, STM32C031K4T3, STM32C031K4T6, STM32C031K4U3, STM32C031K4U6, STM32C031K6T3, STM32C031K6T6, STM32C031K6U3, STM32C031K6U6, STM32C051C6T6, STM32C051C6U6, STM32C051C8T6, STM32C051C8U6, STM32C051D8Y6TR, STM32C051F6P6, STM32C051F8P6, STM32C051G6U6, STM32C051G8U6, STM32C051K6T6, STM32C051K6U6, STM32C051K8T6, STM32C071C8T6, STM32C071C8T6N, STM32C071C8U6, STM32C071C8U6N, STM32C071CBT6, STM32C071CBT6N, STM32C071CBU6, STM32C071CBU6N, STM32C071F8P6, STM32C071F8P6N, STM32C071FBP6, STM32C071FBP6N, STM32C071FBY6TR, STM32C071G8U6, STM32C071G8U6N, STM32C071GBU6, STM32C071GBU6N, STM32C071K8T6, STM32C071K8T6N, STM32C071K8U6, STM32C071K8U6N, STM32C071KBT6, STM32C071KBT6N, STM32C071KBU6, STM32C071KBU6N, STM32C071R8T6, STM32C071R8T6N, STM32C071RBI6N, STM32C071RBT6, STM32C071RBT6N, STM32C091CBT6, STM32C091CBU6, STM32C091CCT6, STM32C091CCU6, STM32C091ECY6TR, STM32C091FBP6, STM32C091FCP6, STM32C091GBU6, STM32C091GCU6, STM32C091KBT6, STM32C091KBU6, STM32C091KCT6, STM32C091KCU6, STM32C091RBT6, STM32C091RCI6, STM32C091RCT6, STM32C092CBT6, STM32C092CBU6, STM32C092CCT6, STM32C092CCU6, STM32C092ECY6TR, STM32C092FBP6, STM32C092FCP6, STM32C092GBU6, STM32C092GCU6, STM32C092KBT6, STM32C092KBU6, STM32C092KCT6, STM32C092KCU6, STM32C092RBT6, STM32C092RCI6, STM32C092RCT6, STM32G071K8TXN, STM32G071K8UXN, STM32G081GBU6N, STM32G081KBT6N, STM32G081KBUXN, STM32G0B1CCT6N, STM32G0B1KCT6, STM32G0B1NEY6TR, STM32G0B1RCT6N, STM32G0C1CCT6, STM32G0C1CCT6N, STM32G0C1CCU6N, STM32G0C1CET6N, STM32G0C1CEU6N, STM32G0C1KCT6, STM32G0C1NEY6TR, STM32G0C1RCI6N, STM32G0C1RCT6N, STM32G0C1REI6N, STM32G0C1RET6N, STM32G0C1VCI6, STM32G0C1VEI6, STM32G411C6T3, STM32G411C6T6, STM32G411C6U3, STM32G411C6U6, STM32G411C8T3, STM32G411C8T6, STM32G411C8U3, STM32G411C8U6, STM32G411CBT3, STM32G411CBT6, STM32G411CBU3, STM32G411CBU6, STM32G411CCT3, STM32G411CCT6, STM32G411CCU3, STM32G411CCU6, STM32G411K6T3, STM32G411K6T6, STM32G411K6U3, STM32G411K6U6, STM32G411K8T3, STM32G411K8T6, STM32G411K8U3, STM32G411K8U6, STM32G411KBT3, STM32G411KBT6, STM32G411KBU3, STM32G411KBU6, STM32G411M6T3, STM32G411M6T6, STM32G411M8T3, STM32G411M8T6, STM32G411MBT3, STM32G411MBT6, STM32G411MCT3, STM32G411MCT6, STM32G411R6T3, STM32G411R6T6, STM32G411R8T3, STM32G411R8T6, STM32G411RBT3, STM32G411RBT6, STM32G411RCT3, STM32G411RCT6, STM32G414CBT3, STM32G414CBT6, STM32G414CBU3, STM32G414CBU6, STM32G414CCT3, STM32G414CCT6, STM32G414CCU3, STM32G414CCU6, STM32G414MBT3, STM32G414MBT6, STM32G414MCT3, STM32G414MCT6, STM32G414RBT3, STM32G414RBT6, STM32G414RCT3, STM32G414RCT6, STM32G414VBT3, STM32G414VBT6, STM32G414VCT3, STM32G414VCT6, STM32G431CBT3Z, STM32G431RBT3Z, STM32G471CCT6, STM32G471CCU6, STM32G471CET3, STM32G471CET6, STM32G471CEU3, STM32G471CEU6, STM32G471MCT6, STM32G471MET3, STM32G471MET6, STM32G471MEY6TR, STM32G471QCT6, STM32G471QET3, STM32G471RCT6, STM32G471RET3, STM32G471RET6, STM32G471VCH6, STM32G471VCI6, STM32G471VCT6, STM32G471VEH3, STM32G471VEH6, STM32G471VEI3, STM32G471VEI6, STM32G471VET3, STM32G471VET6, STM32G473QET3Z, STM32G473RET3Z, STM32G474CCT6, STM32G491RET3Z, STM32H503CBT6, STM32H503CBU6, STM32H503EBY6TR, STM32H503KBU6, STM32H503RBT6, STM32H523CCT6, STM32H523CCU6, STM32H523CET6, STM32H523CEU6, STM32H523HEY6TR, STM32H523RCT6, STM32H523RET6, STM32H523VCI6, STM32H523VCT6, STM32H523VEI6, STM32H523VET6, STM32H523ZCJ6, STM32H523ZCT6, STM32H523ZEJ6, STM32H523ZET6, STM32H533CET6, STM32H533CEU6, STM32H533HEY6TR, STM32H533RET6, STM32H533VEI6, STM32H533VET6, STM32H533ZEJ6, STM32H533ZET6, STM32H562AGI6, STM32H562AII6, STM32H562IGK6, STM32H562IGT6, STM32H562IIK6, STM32H562IIT6, STM32H562RGT6, STM32H562RGV6, STM32H562RIT6, STM32H562RIV6, STM32H562VGT6, STM32H562VIT6, STM32H562ZGT6, STM32H562ZIT6, STM32H563AGI6, STM32H563AII3Q, STM32H563AII6, STM32H563IGK6, STM32H563IGT6, STM32H563IIK3Q, STM32H563IIK6, STM32H563IIT3Q, STM32H563IIT6, STM32H563MIY3QTR, STM32H563RGT6, STM32H563RGV6, STM32H563RIT6, STM32H563RIV6, STM32H563VGT6, STM32H563VIT3Q, STM32H563VIT6, STM32H563ZGT6, STM32H563ZIT3Q, STM32H563ZIT6, STM32H573AII3Q, STM32H573AII6, STM32H573I-DK, STM32H573IIK3Q, STM32H573IIK6, STM32H573IIT3Q, STM32H573IIT6, STM32H573MIY3QTR, STM32H573RIT6, STM32H573RIV6, STM32H573VIT3Q, STM32H573VIT6, STM32H573ZIT3Q, STM32H573ZIT6, STM32H7R3A8I6, STM32H7R3I8K6, STM32H7R3I8T6, STM32H7R3L8H6, STM32H7R3L8H6H, STM32H7R3R8V6, STM32H7R3V8H6, STM32H7R3V8T6, STM32H7R3V8Y6TR, STM32H7R3Z8J6, STM32H7R3Z8T6, STM32H7R7A8I6, STM32H7R7I8K6, STM32H7R7I8T6, STM32H7R7L8H6, STM32H7R7L8H6H, STM32H7R7Z8J6, STM32H7S3A8I6, STM32H7S3I8K6, STM32H7S3I8T6, STM32H7S3L8H6, STM32H7S3L8H6H, STM32H7S3R8V6, STM32H7S3V8H6, STM32H7S3V8T6, STM32H7S3V8Y6TR, STM32H7S3Z8J6, STM32H7S3Z8T6, STM32H7S78-DK, STM32H7S7A8I6, STM32H7S7I8K6, STM32H7S7I8T6, STM32H7S7L8H6, STM32H7S7L8H6H, STM32H7S7Z8J6, STM32L4R5QGI6STR, STM32MP131AAE3, STM32MP131AAF3, STM32MP131AAG3, STM32MP131CAE3, STM32MP131CAF3, STM32MP131CAG3, STM32MP131DAE7, STM32MP131DAF7, STM32MP131DAG7, STM32MP131FAE7, STM32MP131FAF7, STM32MP131FAG7, STM32MP133AAE3, STM32MP133AAF3, STM32MP133AAG3, STM32MP133CAE3, STM32MP133CAF3, STM32MP133CAG3, STM32MP133DAE7, STM32MP133DAF7, STM32MP133DAG7, STM32MP133FAE7, STM32MP133FAF7, STM32MP133FAG7, STM32MP135AAE3, STM32MP135AAF3, STM32MP135AAG3, STM32MP135CAE3, STM32MP135CAF3, STM32MP135CAG3, STM32MP135DAE7, STM32MP135DAF7, STM32MP135DAG7, STM32MP135F-DK, STM32MP135FAE7, STM32MP135FAF7, STM32MP135FAF7T, STM32MP135FAF7U, STM32MP135FAG7, STM32MP231AAJ3, STM32MP231AAK3, STM32MP231AAL3, STM32MP231CAJ3, STM32MP231CAK3, STM32MP231CAL3, STM32MP231DAJ3, STM32MP231DAK3, STM32MP231DAL3, STM32MP231FAJ3, STM32MP231FAK3, STM32MP231FAL3, STM32MP233AAJ3, STM32MP233AAK3, STM32MP233AAL3, STM32MP233CAJ3, STM32MP233CAK3, STM32MP233CAL3, STM32MP233DAJ3, STM32MP233DAK3, STM32MP233DAL3, STM32MP233FAJ3, STM32MP233FAK3, STM32MP233FAL3, STM32MP235AAJ3, STM32MP235AAK3, STM32MP235AAL3, STM32MP235CAJ3, STM32MP235CAK3, STM32MP235CAL3, STM32MP235DAJ3, STM32MP235DAK3, STM32MP235DAL3, STM32MP235FAJ3, STM32MP235FAK3, STM32MP235FAL3, STM32MP251AAI3, STM32MP251AAJ3, STM32MP251AAK3, STM32MP251AAL3, STM32MP251CAI3, STM32MP251CAJ3, STM32MP251CAK3, STM32MP251CAL3, STM32MP251DAI3, STM32MP251DAJ3, STM32MP251DAK3, STM32MP251DAL3, STM32MP251FAI3, STM32MP251FAJ3, STM32MP251FAK3, STM32MP251FAL3, STM32MP253AAI3, STM32MP253AAJ3, STM32MP253AAK3, STM32MP253AAL3, STM32MP253CAI3, STM32MP253CAJ3, STM32MP253CAK3, STM32MP253CAL3, STM32MP253DAI3, STM32MP253DAJ3, STM32MP253DAK3, STM32MP253DAL3, STM32MP253FAI3, STM32MP253FAJ3, STM32MP253FAK3, STM32MP253FAL3, STM32MP255AAI3, STM32MP255AAJ3, STM32MP255AAK3, STM32MP255AAL3, STM32MP255CAI3, STM32MP255CAJ3, STM32MP255CAK3, STM32MP255CAL3, STM32MP255DAI3, STM32MP255DAJ3, STM32MP255DAK3, STM32MP255DAL3, STM32MP255FAI3, STM32MP255FAJ3, STM32MP255FAK3, STM32MP255FAL3, STM32MP257AAI3, STM32MP257AAJ3, STM32MP257AAK3, STM32MP257AAL3, STM32MP257CAI3, STM32MP257CAJ3, STM32MP257CAK3, STM32MP257CAL3, STM32MP257DAI3, STM32MP257DAJ3, STM32MP257DAK3, STM32MP257DAL3, STM32MP257F-DK, STM32MP257F-EV1, STM32MP257FAI3, STM32MP257FAJ3, STM32MP257FAK3, STM32MP257FAL3, STM32N645A0H3Q, STM32N645B0H3Q, STM32N645I0H3Q, STM32N645L0H3Q, STM32N645X0H3Q, STM32N645Z0H3Q, STM32N647A0H3Q, STM32N647B0H3Q, STM32N647I0H3Q, STM32N647L0H3Q, STM32N647X0H3Q, STM32N647Z0H3Q, STM32N655A0H3Q, STM32N655B0H3Q, STM32N655I0H3Q, STM32N655L0H3Q, STM32N655X0H3Q, STM32N655Z0H3Q, STM32N6570-DK, STM32N657A0H3Q, STM32N657B0H3Q, STM32N657I0H3Q, STM32N657L0H3Q, STM32N657X0H3Q, STM32N657Z0H3Q, STM32U031C6T6, STM32U031C6U6, STM32U031C8T6, STM32U031C8U6, STM32U031F4P6, STM32U031F6P6, STM32U031F8P6, STM32U031G6Y6TR, STM32U031G8Y6TR, STM32U031K4U6, STM32U031K6U6, STM32U031K8U6, STM32U031R6I6, STM32U031R6T6, STM32U031R8I6, STM32U031R8T6, STM32U073C8T6, STM32U073C8U6, STM32U073CBT6, STM32U073CBU6, STM32U073CCT6, STM32U073CCU6, STM32U073H8Y6TR, STM32U073HBY6TR, STM32U073HCY6TR, STM32U073K8U6, STM32U073KBU6, STM32U073KCU6, STM32U073M8I6, STM32U073M8T6, STM32U073MBI6, STM32U073MBT6, STM32U073MCI6, STM32U073MCT6, STM32U073R8I6, STM32U073R8T6, STM32U073RBI6, STM32U073RBT6, STM32U073RCI6, STM32U073RCT6, STM32U083C-DK, STM32U083CCT6, STM32U083CCU6, STM32U083HCY6TR, STM32U083KCU6, STM32U083MCI6, STM32U083MCT6, STM32U083RCI6, STM32U083RCT6, STM32U375CET6, STM32U375CET6Q, STM32U375CEU6, STM32U375CEU6Q, STM32U375CEY6QTR, STM32U375CGT6, STM32U375CGT6Q, STM32U375CGU6, STM32U375CGU6Q, STM32U375CGY6QTR, STM32U375KEU6, STM32U375KGU6, STM32U375REI6, STM32U375REI6Q, STM32U375RET6, STM32U375RET6Q, STM32U375REY6GTR, STM32U375REY6QTR, STM32U375RGI6, STM32U375RGI6Q, STM32U375RGT6, STM32U375RGT6Q, STM32U375RGY6GTR, STM32U375RGY6QTR, STM32U375VEI6, STM32U375VEI6Q, STM32U375VET6, STM32U375VET6Q, STM32U375VGI6, STM32U375VGI6Q, STM32U375VGT6, STM32U375VGT6Q, STM32U385CGT6, STM32U385CGT6Q, STM32U385CGU6, STM32U385CGU6Q, STM32U385CGY6QTR, STM32U385KGU6, STM32U385RGI6, STM32U385RGI6Q, STM32U385RGT6, STM32U385RGT6Q, STM32U385RGY6GTR, STM32U385RGY6QTR, STM32U385VGI6, STM32U385VGI6Q, STM32U385VGT6, STM32U385VGT6Q, STM32U535CBT6, STM32U535CBT6Q, STM32U535CBU6, STM32U535CBU6Q, STM32U535CCT6, STM32U535CCT6Q, STM32U535CCU6, STM32U535CCU6Q, STM32U535CET6, STM32U535CET6Q, STM32U535CEU6, STM32U535CEU6Q, STM32U535JEY6QTR, STM32U535NCY6QTR, STM32U535NEY6QTR, STM32U535RBI6, STM32U535RBI6Q, STM32U535RBT6, STM32U535RBT6Q, STM32U535RCI6, STM32U535RCI6Q, STM32U535RCT6, STM32U535RCT6Q, STM32U535REI6, STM32U535REI6Q, STM32U535RET6, STM32U535RET6Q, STM32U535VCI6, STM32U535VCI6Q, STM32U535VCT6, STM32U535VCT6Q, STM32U535VEI6, STM32U535VEI6Q, STM32U535VET6, STM32U535VET6Q, STM32U545CET6, STM32U545CET6Q, STM32U545CEU6, STM32U545CEU6Q, STM32U545JEY6QTR, STM32U545NEY6QTR, STM32U545REI6, STM32U545REI6Q, STM32U545RET6, STM32U545RET6Q, STM32U545VEI6, STM32U545VEI6Q, STM32U545VET6, STM32U545VET6Q, STM32U595AIH6, STM32U595AIH6Q, STM32U595AJH6, STM32U595AJH6Q, STM32U595QII6, STM32U595QII6Q, STM32U595QJI6, STM32U595QJI6Q, STM32U595RIT6, STM32U595RIT6Q, STM32U595RJT6, STM32U595RJT6Q, STM32U595VIT6, STM32U595VIT6Q, STM32U595VJT6, STM32U595VJT6Q, STM32U595ZIT6, STM32U595ZIT6Q, STM32U595ZIY6QTR, STM32U595ZJT6, STM32U595ZJT6Q, STM32U595ZJY6QTR, STM32U599BJY6QTR, STM32U599NIH6Q, STM32U599NJH6Q, STM32U599VIT6Q, STM32U599VJT6, STM32U599VJT6Q, STM32U599ZIT6Q, STM32U599ZIY6QTR, STM32U599ZJT6Q, STM32U599ZJY6QTR, STM32U5A5AJH6, STM32U5A5AJH6Q, STM32U5A5QII3Q , STM32U5A5QJI6, STM32U5A5QJI6Q, STM32U5A5RJT6, STM32U5A5RJT6Q, STM32U5A5VJT6, STM32U5A5VJT6Q, STM32U5A5ZJT6, STM32U5A5ZJT6Q, STM32U5A5ZJY6QTR, STM32U5A9BJY6QTR, STM32U5A9J-DK, STM32U5A9NJH6Q, STM32U5A9VJT6Q, STM32U5A9ZJT6Q, STM32U5A9ZJY6QTR, STM32U5F7VIT6, STM32U5F7VIT6Q, STM32U5F7VJT6, STM32U5F7VJT6Q, STM32U5F9BJY6QTR, STM32U5F9NJH6Q, STM32U5F9VIT6Q, STM32U5F9VJT6Q, STM32U5F9ZIJ6QTR, STM32U5F9ZIT6Q, STM32U5F9ZJJ6QTR, STM32U5F9ZJT6Q, STM32U5G7VJT6, STM32U5G7VJT6Q, STM32U5G9BJY6QTR, STM32U5G9J-DK1, STM32U5G9J-DK2, STM32U5G9NJH6Q, STM32U5G9VJT6Q, STM32U5G9ZJJ6QTR, STM32U5G9ZJT6Q, STM32WB05KZV6TR, STM32WB05KZV7TR, STM32WB05TZF6TR, STM32WB05TZF7TR, STM32WB06CCF6TR, STM32WB06CCF7TR, STM32WB06CCV6TR, STM32WB06CCV7TR, STM32WB06KCV6TR, STM32WB06KCV7TR, STM32WB07CCF6TR, STM32WB07CCF7TR, STM32WB07CCV6TR, STM32WB07CCV7TR, STM32WB07KCV6TR, STM32WB07KCV7TR, STM32WB09KEV6TR, STM32WB09KEV7TR, STM32WB09TEF6TR, STM32WB09TEF7TR, STM32WB1MMCH6, STM32WBA50KGU6, STM32WBA50KGU6TR, STM32WBA52CEU6, STM32WBA52CEU6TR, STM32WBA52CEU7, STM32WBA52CEU7TR, STM32WBA52CGU6, STM32WBA52CGU6TR, STM32WBA52CGU6U, STM32WBA52CGU7, STM32WBA52CGU7TR, STM32WBA52KEU6, STM32WBA52KEU6TR, STM32WBA52KGU6, STM32WBA52KGU6TR, STM32WBA54CEU6, STM32WBA54CEU6TR, STM32WBA54CEU7, STM32WBA54CEU7TR, STM32WBA54CGU6, STM32WBA54CGU6TR, STM32WBA54CGU7, STM32WBA54CGU7TR, STM32WBA54KEU6, STM32WBA54KEU6TR, STM32WBA54KEU7, STM32WBA54KEU7TR, STM32WBA54KGU6, STM32WBA54KGU6TR, STM32WBA54KGU7, STM32WBA54KGU7TR, STM32WBA55CEU6, STM32WBA55CEU6TR, STM32WBA55CEU7, STM32WBA55CEU7TR, STM32WBA55CGU6, STM32WBA55CGU6TR, STM32WBA55CGU6U, STM32WBA55CGU7, STM32WBA55CGU7TR, STM32WBA55G-DK1, STM32WBA55HEF6, STM32WBA55HEF7, STM32WBA55HGF6, STM32WBA55HGF7, STM32WBA55UEI6, STM32WBA55UEI6TR, STM32WBA55UEI7, STM32WBA55UEI7TR, STM32WBA55UGI6, STM32WBA55UGI6TR, STM32WBA55UGI7, STM32WBA55UGI7TR, STM32WBA5MJGH6TR, STM32WBA62CGU6, STM32WBA62CIU6, STM32WBA62MGF6, STM32WBA62MIF6, STM32WBA62PGI6, STM32WBA62PII6, STM32WBA63CGU6, STM32WBA63CGU7, STM32WBA63CIU6, STM32WBA63CIU7, STM32WBA64CGU6, STM32WBA64CGU7, STM32WBA64CIU6, STM32WBA64CIU7, STM32WBA65CGU6, STM32WBA65CGU7, STM32WBA65CIU6, STM32WBA65CIU7, STM32WBA65I-DK1, STM32WBA65MGF6, STM32WBA65MGF7, STM32WBA65MIF6, STM32WBA65MIF7, STM32WBA65PGI6, STM32WBA65PGI7, STM32WBA65PII6, STM32WBA65PII7, STM32WBA65RGV6, STM32WBA65RGV7, STM32WBA65RIV6, STM32WBA65RIV7, STM32WL30K8V6, STM32WL30KBV6, STM32WL31C8V6, STM32WL31CBV6, STM32WL31K8V6, STM32WL31KBV6, STM32WL33C8V6, STM32WL33C8V6TR, STM32WL33C8V7, STM32WL33C8V7TR, STM32WL33CBV6, STM32WL33CBV6TR, STM32WL33CBV7, STM32WL33CBV7TR, STM32WL33CCV6, STM32WL33CCV6TR, STM32WL33CCV7, STM32WL33CCV7A, STM32WL33CCV7ATR, STM32WL33CCV7TR, STM32WL33K8V6, STM32WL33K8V6TR, STM32WL33K8V7, STM32WL33K8V7TR, STM32WL33KBV6, STM32WL33KBV6TR, STM32WL33KBV7, STM32WL33KBV7TR, STM32WL33KCV6, STM32WL33KCV6TR, STM32WL33KCV7, STM32WL33KCV7TR, STM32WL5MOCH6, STM32WL5MOCH6TR]
2025-03-18 20:07:40,326 [INFO] DbMcus:218 - Found 4682 MCUs, 4682 are supported
2025-03-18 20:07:40,330 [INFO] ApiDb:423 - Load user favorites file C:\Users\pwlub/.stm32cubeide/favorites.mcus.txt: 0 item(s)
2025-03-18 20:07:40,330 [INFO] ApiDb:427 - User favorites MCUs=[]
2025-03-18 20:07:40,330 [INFO] DbMcus:224 - Set 0 / 0 favorites MCUs
2025-03-18 20:07:41,218 [INFO] ApiDb:414 - User favorites file not found: C:\Users\pwlub/.stm32cubeide/favorites.boards.txt
2025-03-18 20:07:41,218 [INFO] DbBoards:198 - Set 0 / 0 favorites Boards
2025-03-18 20:07:41,263 [INFO] UtilMem:75 - End LoadConfig() Used Memory: 669118560 Bytes (1073741824)
2025-03-18 20:07:41,497 [WARN] ThirdParty:833 - waiting for thirdparty lock release [change project]
2025-03-18 20:07:41,498 [INFO] ThirdParty:835 - entering critical section [change project]
2025-03-18 20:07:41,498 [INFO] ThirdParty:1030 - CMSIS Pack Vendor :STMicroelectronics USBPD 4.1
2025-03-18 20:07:41,498 [INFO] ThirdParty:1030 - CMSIS Pack Vendor :STMicroelectronics X-CUBE-AZRTOS-H7 3.3.0
2025-03-18 20:07:41,498 [INFO] ThirdParty:1030 - CMSIS Pack Vendor :STMicroelectronics X-CUBE-NFC9 1.0.0
2025-03-18 20:07:41,498 [INFO] ThirdParty:1030 - CMSIS Pack Vendor :STMicroelectronics USB_HOST 2.0.0
2025-03-18 20:07:41,498 [INFO] ThirdParty:1030 - CMSIS Pack Vendor :STMicroelectronics FP-SNS-MOTENVWB1 1.4.0
2025-03-18 20:07:41,498 [INFO] ThirdParty:1030 - CMSIS Pack Vendor :STMicroelectronics X-CUBE-AZRTOS-F4 1.1.0
2025-03-18 20:07:41,498 [INFO] ThirdParty:1030 - CMSIS Pack Vendor :STMicroelectronics LIBJPEG 8.0.0
2025-03-18 20:07:41,498 [INFO] ThirdParty:1030 - CMSIS Pack Vendor :STMicroelectronics FP-ATR-ASTRA1 2.0.2
2025-03-18 20:07:41,498 [INFO] ThirdParty:1030 - CMSIS Pack Vendor :STMicroelectronics X-CUBE-BLE1 7.1.0
2025-03-18 20:07:41,498 [INFO] ThirdParty:1030 - CMSIS Pack Vendor :STMicroelectronics X-CUBE-SMBUS 2.1.0
2025-03-18 20:07:41,498 [INFO] ThirdParty:1030 - CMSIS Pack Vendor :STMicroelectronics X-CUBE-WB05N 1.1.0
2025-03-18 20:07:41,499 [INFO] ThirdParty:1030 - CMSIS Pack Vendor :STMicroelectronics USB_DEVICE 3.0.0
2025-03-18 20:07:41,499 [INFO] ThirdParty:1030 - CMSIS Pack Vendor :STMicroelectronics X-CUBE-ISPU 2.1.0
2025-03-18 20:07:41,499 [INFO] ThirdParty:1030 - CMSIS Pack Vendor :STMicroelectronics X-CUBE-AZRTOS-WB 2.0.0
2025-03-18 20:07:41,499 [INFO] ThirdParty:1030 - CMSIS Pack Vendor :STMicroelectronics X-CUBE-GNSS1 7.0.1
2025-03-18 20:07:41,499 [INFO] ThirdParty:1030 - CMSIS Pack Vendor :STMicroelectronics X-CUBE-AZRTOS-F7 1.1.0
2025-03-18 20:07:41,499 [INFO] ThirdParty:1030 - CMSIS Pack Vendor :STMicroelectronics X-CUBE-AZRTOS-L5 2.0.0
2025-03-18 20:07:41,499 [INFO] ThirdParty:1030 - CMSIS Pack Vendor :STMicroelectronics X-CUBE-TOUCHGFX 4.25.0
2025-03-18 20:07:41,499 [INFO] ThirdParty:1030 - CMSIS Pack Vendor :STMicroelectronics USB_DEVICE 2.0.0
2025-03-18 20:07:41,499 [INFO] ThirdParty:1030 - CMSIS Pack Vendor :STMicroelectronics X-CUBE-NFC6 3.1.0
2025-03-18 20:07:41,499 [INFO] ThirdParty:1030 - CMSIS Pack Vendor :STMicroelectronics FP-SNS-STBOX1 2.0.0
2025-03-18 20:07:41,499 [INFO] ThirdParty:1030 - CMSIS Pack Vendor :STMicroelectronics FreeRTOS 0.0.1
2025-03-18 20:07:41,499 [INFO] ThirdParty:1030 - CMSIS Pack Vendor :STMicroelectronics X-CUBE-AZRTOS-G0 1.1.0
2025-03-18 20:07:41,499 [INFO] ThirdParty:1030 - CMSIS Pack Vendor :STMicroelectronics X-CUBE-SAFEA1 1.2.2
2025-03-18 20:07:41,499 [INFO] ThirdParty:1030 - CMSIS Pack Vendor :STMicroelectronics X-CUBE-NFC4 3.0.0
2025-03-18 20:07:41,499 [INFO] ThirdParty:1030 - CMSIS Pack Vendor :STMicroelectronics X-CUBE-DPower 1.2.0
2025-03-18 20:07:41,499 [INFO] ThirdParty:1030 - CMSIS Pack Vendor :STMicroelectronics X-CUBE-SUBG2 5.0.0
2025-03-18 20:07:41,499 [INFO] ThirdParty:1030 - CMSIS Pack Vendor :STMicroelectronics STM32_WPAN 1.0.0
2025-03-18 20:07:41,499 [INFO] ThirdParty:1030 - CMSIS Pack Vendor :EmbeddedOffice I-CUBE-FS-RTOS 1.0.1
2025-03-18 20:07:41,499 [INFO] ThirdParty:1030 - CMSIS Pack Vendor :STMicroelectronics lwIP 2.0.3
2025-03-18 20:07:41,499 [INFO] ThirdParty:1030 - CMSIS Pack Vendor :Cesanta I-CUBE-Mongoose 7.13.0
2025-03-18 20:07:41,500 [INFO] ThirdParty:1030 - CMSIS Pack Vendor :STMicroelectronics USB_HOST 1.0.0
2025-03-18 20:07:41,500 [INFO] ThirdParty:1030 - CMSIS Pack Vendor :Infineon AIROC-Wi-Fi-Bluetooth-STM32 1.7.0
2025-03-18 20:07:41,500 [INFO] ThirdParty:1030 - CMSIS Pack Vendor :STMicroelectronics X-CUBE-AZRTOS-G4 2.0.0
2025-03-18 20:07:41,500 [INFO] ThirdParty:1030 - CMSIS Pack Vendor :STMicroelectronics PDM2PCM 3.1.0
2025-03-18 20:07:41,500 [INFO] ThirdParty:1030 - CMSIS Pack Vendor :STMicroelectronics PDM2PCM 3.3.0
2025-03-18 20:07:41,500 [INFO] ThirdParty:1030 - CMSIS Pack Vendor :STMicroelectronics X-CUBE-DISPLAY 3.0.0
2025-03-18 20:07:41,500 [INFO] ThirdParty:1030 - CMSIS Pack Vendor :STMicroelectronics X-CUBE-TCPP 4.2.0
2025-03-18 20:07:41,500 [INFO] ThirdParty:1030 - CMSIS Pack Vendor :RealThread X-CUBE-RT-Thread_Nano 4.1.1
2025-03-18 20:07:41,500 [INFO] ThirdParty:1030 - CMSIS Pack Vendor :STMicroelectronics FP-ATR-SIGFOX1 3.2.0
2025-03-18 20:07:41,500 [INFO] ThirdParty:1030 - CMSIS Pack Vendor :STMicroelectronics X-CUBE-NFC10 1.0.0
2025-03-18 20:07:41,500 [INFO] ThirdParty:1030 - CMSIS Pack Vendor :STMicroelectronics X-CUBE-BLEMGR 4.0.0
2025-03-18 20:07:41,500 [INFO] ThirdParty:1030 - CMSIS Pack Vendor :STMicroelectronics X-CUBE-EEPRMA1 5.1.0
2025-03-18 20:07:41,500 [INFO] ThirdParty:1030 - CMSIS Pack Vendor :STMicroelectronics HAL Drivers 0.0.0
2025-03-18 20:07:41,500 [INFO] ThirdParty:1030 - CMSIS Pack Vendor :STMicroelectronics MBEDTLS 2.16.2
2025-03-18 20:07:41,500 [INFO] ThirdParty:1030 - CMSIS Pack Vendor :STMicroelectronics X-CUBE-IPS 3.1.0
2025-03-18 20:07:41,500 [INFO] ThirdParty:1030 - CMSIS Pack Vendor :STMicroelectronics X-CUBE-ALS 1.0.2
2025-03-18 20:07:41,500 [INFO] ThirdParty:1030 - CMSIS Pack Vendor :emotas I-CUBE-CANOPEN 1.3.0
2025-03-18 20:07:41,500 [INFO] ThirdParty:1030 - CMSIS Pack Vendor :STMicroelectronics X-CUBE-FREERTOS 1.3.0
2025-03-18 20:07:41,500 [INFO] ThirdParty:1030 - CMSIS Pack Vendor :STMicroelectronics X-CUBE-NFC7 1.0.1
2025-03-18 20:07:41,500 [INFO] ThirdParty:1030 - CMSIS Pack Vendor :STMicroelectronics MBEDTLS 2.14.1
2025-03-18 20:07:41,501 [INFO] ThirdParty:1030 - CMSIS Pack Vendor :ITTIA_DB I-CUBE-ITTIADB 8.9.0
2025-03-18 20:07:41,501 [INFO] ThirdParty:1030 - CMSIS Pack Vendor :portGmbH I-Cube-SoM-uGOAL 1.1.0
2025-03-18 20:07:41,501 [INFO] ThirdParty:1030 - CMSIS Pack Vendor :quantropi X-CUBE-qispace-sdk-base 2.0.0
2025-03-18 20:07:41,501 [INFO] ThirdParty:1030 - CMSIS Pack Vendor :STMicroelectronics X-CUBE-AI 10.0.0
2025-03-18 20:07:41,501 [INFO] ThirdParty:1030 - CMSIS Pack Vendor :STMicroelectronics ThreadX 1.0.0
2025-03-18 20:07:41,501 [INFO] ThirdParty:1030 - CMSIS Pack Vendor :STMicroelectronics FP-SNS-SMARTAG2 1.2.0
2025-03-18 20:07:41,501 [INFO] ThirdParty:1030 - CMSIS Pack Vendor :STMicroelectronics FP-SNS-FLIGHT1 5.1.0
2025-03-18 20:07:41,501 [INFO] ThirdParty:1030 - CMSIS Pack Vendor :STMicroelectronics X-CUBE-MEMS1 11.1.0
2025-03-18 20:07:41,501 [INFO] ThirdParty:1030 - CMSIS Pack Vendor :STMicroelectronics X-CUBE-AZRTOS-WL 2.0.0
2025-03-18 20:07:41,501 [INFO] ThirdParty:1030 - CMSIS Pack Vendor :SEGGER I-CUBE-embOS 1.3.1
2025-03-18 20:07:41,501 [INFO] ThirdParty:1030 - CMSIS Pack Vendor :STMicroelectronics X-CUBE-ALGOBUILD 1.4.0
2025-03-18 20:07:41,501 [INFO] ThirdParty:1030 - CMSIS Pack Vendor :STMicroelectronics FP-SNS-MOTENV1 5.0.0
2025-03-18 20:07:41,501 [INFO] ThirdParty:1030 - CMSIS Pack Vendor :STMicroelectronics USB_DEVICE 1.0.0
2025-03-18 20:07:41,502 [INFO] ThirdParty:1030 - CMSIS Pack Vendor :STMicroelectronics X-CUBE-AZRTOS-H7RS 1.0.0
2025-03-18 20:07:41,502 [INFO] ThirdParty:1030 - CMSIS Pack Vendor :STMicroelectronics X-CUBE-AZRTOS-L4 2.0.0
2025-03-18 20:07:41,502 [INFO] ThirdParty:1030 - CMSIS Pack Vendor :STMicroelectronics ThreadX 0.0.2
2025-03-18 20:07:41,502 [INFO] ThirdParty:1030 - CMSIS Pack Vendor :WES I-CUBE-Cesium 1.3.0
2025-03-18 20:07:41,502 [INFO] ThirdParty:1030 - CMSIS Pack Vendor :STMicroelectronics lwIP 2.1.2
2025-03-18 20:07:41,502 [INFO] ThirdParty:1030 - CMSIS Pack Vendor :STMicroelectronics X-CUBE-SFXS2LP1 4.0.0
2025-03-18 20:07:41,502 [INFO] ThirdParty:1030 - CMSIS Pack Vendor :STMicroelectronics X-CUBE-BLE2 3.3.0
2025-03-18 20:07:41,502 [INFO] ThirdParty:1030 - CMSIS Pack Vendor :STMicroelectronics X-CUBE-TOF1 3.4.2
2025-03-18 20:07:41,502 [INFO] ThirdParty:1030 - CMSIS Pack Vendor :STMicroelectronics PDM2PCM 3.2.0
2025-03-18 20:07:41,502 [INFO] ThirdParty:841 - exiting critical section [change project]
2025-03-18 20:07:42,756 [INFO] PinOutPanel:1589 - setPackage(No Configuration,No Configuration)
2025-03-18 20:07:42,767 [INFO] PinOutPanel:1589 - setPackage(STM32G473RCTx,LQFP64)
2025-03-18 20:07:44,461 [INFO] UtilMem:75 - Before build in PCC Used Memory: 483395584 Bytes (1073741824)
2025-03-18 20:07:46,481 [INFO] UtilMem:75 - After build in PCC Used Memory: 639960448 Bytes (1073741824)
2025-03-18 20:07:46,646 [INFO] ApiDbMcu:508 - Load IP Config File for FREERTOS
2025-03-18 20:07:46,740 [INFO] IPUIPlugin:80 - create IPUIPlugin
2025-03-18 20:07:46,741 [INFO] IPUIPlugin:80 - create IPUIPlugin
2025-03-18 20:07:46,741 [INFO] IPUIPlugin:80 - create IPUIPlugin
2025-03-18 20:07:46,741 [INFO] IPUIPlugin:80 - create IPUIPlugin
2025-03-18 20:07:46,741 [INFO] IPUIPlugin:80 - create IPUIPlugin
2025-03-18 20:07:46,741 [INFO] IPUIPlugin:80 - create IPUIPlugin
2025-03-18 20:07:46,741 [INFO] IPUIPlugin:80 - create IPUIPlugin
2025-03-18 20:07:46,741 [INFO] IPUIPlugin:80 - create IPUIPlugin
2025-03-18 20:07:46,741 [INFO] IPUIPlugin:80 - create IPUIPlugin
2025-03-18 20:07:46,741 [INFO] IPUIPlugin:80 - create IPUIPlugin
2025-03-18 20:07:46,742 [INFO] IPUIPlugin:80 - create IPUIPlugin
2025-03-18 20:07:46,742 [INFO] IPUIPlugin:80 - create IPUIPlugin
2025-03-18 20:07:46,742 [INFO] IPUIPlugin:80 - create IPUIPlugin
2025-03-18 20:07:46,743 [INFO] IPUIPlugin:80 - create IPUIPlugin
2025-03-18 20:07:46,743 [INFO] IPUIPlugin:80 - create IPUIPlugin
2025-03-18 20:07:46,744 [INFO] IPUIPlugin:80 - create IPUIPlugin
2025-03-18 20:07:46,745 [INFO] IPUIPlugin:80 - create IPUIPlugin
2025-03-18 20:07:46,745 [INFO] IPUIPlugin:80 - create IPUIPlugin
2025-03-18 20:07:46,745 [INFO] IPUIPlugin:80 - create IPUIPlugin
2025-03-18 20:07:46,746 [INFO] IPUIPlugin:80 - create IPUIPlugin
2025-03-18 20:07:46,746 [INFO] IPUIPlugin:80 - create IPUIPlugin
2025-03-18 20:07:46,746 [INFO] IPUIPlugin:80 - create IPUIPlugin
2025-03-18 20:07:46,746 [INFO] IPUIPlugin:80 - create IPUIPlugin
2025-03-18 20:07:46,747 [INFO] IPUIPlugin:80 - create IPUIPlugin
2025-03-18 20:07:46,747 [INFO] IPUIPlugin:80 - create IPUIPlugin
2025-03-18 20:07:46,747 [INFO] IPUIPlugin:80 - create IPUIPlugin
2025-03-18 20:07:46,748 [INFO] IPUIPlugin:80 - create IPUIPlugin
2025-03-18 20:07:46,748 [INFO] IPUIPlugin:80 - create IPUIPlugin
2025-03-18 20:07:46,749 [INFO] IPUIPlugin:80 - create IPUIPlugin
2025-03-18 20:07:46,749 [INFO] IPUIPlugin:80 - create IPUIPlugin
2025-03-18 20:07:46,749 [INFO] IPUIPlugin:80 - create IPUIPlugin
2025-03-18 20:07:46,750 [INFO] IPUIPlugin:80 - create IPUIPlugin
2025-03-18 20:07:46,750 [INFO] IPUIPlugin:80 - create IPUIPlugin
2025-03-18 20:07:46,750 [INFO] IPUIPlugin:80 - create IPUIPlugin
2025-03-18 20:07:46,751 [INFO] IPUIPlugin:80 - create IPUIPlugin
2025-03-18 20:07:46,751 [INFO] IPUIPlugin:80 - create IPUIPlugin
2025-03-18 20:07:46,752 [INFO] IPUIPlugin:80 - create IPUIPlugin
2025-03-18 20:07:46,753 [INFO] IPUIPlugin:80 - create IPUIPlugin
2025-03-18 20:07:46,753 [INFO] IPUIPlugin:80 - create IPUIPlugin
2025-03-18 20:07:46,754 [INFO] IPUIPlugin:80 - create IPUIPlugin
2025-03-18 20:07:46,754 [INFO] IPUIPlugin:80 - create IPUIPlugin
2025-03-18 20:07:46,755 [INFO] IPUIPlugin:80 - create IPUIPlugin
2025-03-18 20:07:46,755 [INFO] IPUIPlugin:80 - create IPUIPlugin
2025-03-18 20:07:46,756 [INFO] IPUIPlugin:80 - create IPUIPlugin
2025-03-18 20:07:46,756 [INFO] IPUIPlugin:80 - create IPUIPlugin
2025-03-18 20:07:46,757 [INFO] IPUIPlugin:80 - create IPUIPlugin
2025-03-18 20:07:46,758 [INFO] IPUIPlugin:80 - create IPUIPlugin
2025-03-18 20:07:46,759 [INFO] IPUIPlugin:80 - create IPUIPlugin
2025-03-18 20:07:46,759 [INFO] IPUIPlugin:80 - create IPUIPlugin
2025-03-18 20:07:46,760 [INFO] IPUIPlugin:80 - create IPUIPlugin
2025-03-18 20:07:46,762 [INFO] IPUIPlugin:80 - create IPUIPlugin
2025-03-18 20:07:46,762 [INFO] IPUIPlugin:80 - create IPUIPlugin
2025-03-18 20:07:46,763 [INFO] IPUIPlugin:80 - create IPUIPlugin
2025-03-18 20:07:46,764 [INFO] IPUIPlugin:80 - create IPUIPlugin
2025-03-18 20:07:46,764 [INFO] IPUIPlugin:80 - create IPUIPlugin
2025-03-18 20:07:46,765 [INFO] IPUIPlugin:80 - create IPUIPlugin
2025-03-18 20:07:46,766 [INFO] IPUIPlugin:80 - create IPUIPlugin
2025-03-18 20:07:46,766 [INFO] IPUIPlugin:80 - create IPUIPlugin
2025-03-18 20:07:46,767 [INFO] IPUIPlugin:80 - create IPUIPlugin
2025-03-18 20:07:46,768 [INFO] IPUIPlugin:80 - create IPUIPlugin
2025-03-18 20:07:46,769 [INFO] IPUIPlugin:80 - create IPUIPlugin
2025-03-18 20:07:46,770 [INFO] IPUIPlugin:80 - create IPUIPlugin
2025-03-18 20:07:46,770 [INFO] IPUIPlugin:80 - create IPUIPlugin
2025-03-18 20:07:46,771 [INFO] IPUIPlugin:80 - create IPUIPlugin
2025-03-18 20:07:46,772 [INFO] IPUIPlugin:80 - create IPUIPlugin
2025-03-18 20:07:46,773 [INFO] IPUIPlugin:80 - create IPUIPlugin
2025-03-18 20:07:46,774 [INFO] IPUIPlugin:80 - create IPUIPlugin
2025-03-18 20:07:46,775 [INFO] IPUIPlugin:80 - create IPUIPlugin
2025-03-18 20:07:46,776 [INFO] IPUIPlugin:80 - create IPUIPlugin
2025-03-18 20:07:46,777 [INFO] IPUIPlugin:80 - create IPUIPlugin
2025-03-18 20:07:46,778 [INFO] IPUIPlugin:80 - create IPUIPlugin
2025-03-18 20:07:46,779 [INFO] IPUIPlugin:80 - create IPUIPlugin
2025-03-18 20:07:46,779 [INFO] IPUIPlugin:80 - create IPUIPlugin
2025-03-18 20:07:46,780 [INFO] IPUIPlugin:80 - create IPUIPlugin
2025-03-18 20:07:46,781 [INFO] IPUIPlugin:80 - create IPUIPlugin
2025-03-18 20:07:46,782 [INFO] IPUIPlugin:80 - create IPUIPlugin
2025-03-18 20:07:46,802 [WARN] IP:2250 - MessageRAMOffset not found: check if there is a RefParameter without a condition.
2025-03-18 20:07:46,802 [WARN] IP:2250 - RxFifo0ElmtsNbr not found: check if there is a RefParameter without a condition.
2025-03-18 20:07:46,802 [WARN] IP:2250 - RxFifo0ElmtSize not found: check if there is a RefParameter without a condition.
2025-03-18 20:07:46,802 [WARN] IP:2250 - RxFifo1ElmtsNbr not found: check if there is a RefParameter without a condition.
2025-03-18 20:07:46,802 [WARN] IP:2250 - RxFifo1ElmtSize not found: check if there is a RefParameter without a condition.
2025-03-18 20:07:46,802 [WARN] IP:2250 - RxBuffersNbr not found: check if there is a RefParameter without a condition.
2025-03-18 20:07:46,802 [WARN] IP:2250 - RxBufferSize not found: check if there is a RefParameter without a condition.
2025-03-18 20:07:46,802 [WARN] IP:2250 - TxEventsNbr not found: check if there is a RefParameter without a condition.
2025-03-18 20:07:46,802 [WARN] IP:2250 - TxBuffersNbr not found: check if there is a RefParameter without a condition.
2025-03-18 20:07:46,802 [WARN] IP:2250 - TxFifoQueueElmtsNbr not found: check if there is a RefParameter without a condition.
2025-03-18 20:07:46,803 [WARN] IP:2250 - TxElmtSize not found: check if there is a RefParameter without a condition.
2025-03-18 20:07:46,803 [WARN] IP:2250 - ClockCalibrationCCU not found: check if there is a RefParameter without a condition.
2025-03-18 20:07:46,803 [WARN] IP:2250 - ClockDividerCCU not found: check if there is a RefParameter without a condition.
2025-03-18 20:07:46,803 [WARN] IP:2250 - MinOscClkPeriodsCCU not found: check if there is a RefParameter without a condition.
2025-03-18 20:07:46,803 [WARN] IP:2250 - TimeQuantaPerBitTimeCCU not found: check if there is a RefParameter without a condition.
2025-03-18 20:07:46,803 [WARN] IP:2250 - WatchdogStartValueCCU not found: check if there is a RefParameter without a condition.
2025-03-18 20:07:46,813 [INFO] LogOutputStream:77 - [STDOUT_REDIRECT] Nominal 
2025-03-18 20:07:46,814 [INFO] Can:71 - Can Add PropertyChangeListener com.st.microxplorer.plugins.ip.can.Can@1d88552e
2025-03-18 20:07:46,878 [WARN] FreeRTOS:1023 - Null or empty value: should not occur! (nothing added to the table)
2025-03-18 20:07:47,322 [INFO] CADModel:165 - CPN selected for project levelSTM32G473RCT6
2025-03-18 20:07:47,323 [INFO] CADModel:114 - Register for checkConnection events
2025-03-18 20:07:47,327 [INFO] RtosManager:725 - Active RTOS found at IOC load: FREERTOS [Cortex-M4NS]
2025-03-18 20:07:47,406 [INFO] OpenFileManager:385 - Restore cursor
2025-03-18 20:07:48,005 [WARN] IP:2250 - MessageRAMOffset not found: check if there is a RefParameter without a condition.
2025-03-18 20:07:48,006 [WARN] IP:2250 - RxFifo0ElmtsNbr not found: check if there is a RefParameter without a condition.
2025-03-18 20:07:48,006 [WARN] IP:2250 - RxFifo0ElmtSize not found: check if there is a RefParameter without a condition.
2025-03-18 20:07:48,006 [WARN] IP:2250 - RxFifo1ElmtsNbr not found: check if there is a RefParameter without a condition.
2025-03-18 20:07:48,006 [WARN] IP:2250 - RxFifo1ElmtSize not found: check if there is a RefParameter without a condition.
2025-03-18 20:07:48,006 [WARN] IP:2250 - RxBuffersNbr not found: check if there is a RefParameter without a condition.
2025-03-18 20:07:48,006 [WARN] IP:2250 - RxBufferSize not found: check if there is a RefParameter without a condition.
2025-03-18 20:07:48,006 [WARN] IP:2250 - TxEventsNbr not found: check if there is a RefParameter without a condition.
2025-03-18 20:07:48,006 [WARN] IP:2250 - TxBuffersNbr not found: check if there is a RefParameter without a condition.
2025-03-18 20:07:48,006 [WARN] IP:2250 - TxFifoQueueElmtsNbr not found: check if there is a RefParameter without a condition.
2025-03-18 20:07:48,006 [WARN] IP:2250 - TxElmtSize not found: check if there is a RefParameter without a condition.
2025-03-18 20:07:48,006 [WARN] IP:2250 - ClockCalibrationCCU not found: check if there is a RefParameter without a condition.
2025-03-18 20:07:48,006 [WARN] IP:2250 - ClockDividerCCU not found: check if there is a RefParameter without a condition.
2025-03-18 20:07:48,006 [WARN] IP:2250 - MinOscClkPeriodsCCU not found: check if there is a RefParameter without a condition.
2025-03-18 20:07:48,006 [WARN] IP:2250 - TimeQuantaPerBitTimeCCU not found: check if there is a RefParameter without a condition.
2025-03-18 20:07:48,006 [WARN] IP:2250 - WatchdogStartValueCCU not found: check if there is a RefParameter without a condition.
2025-03-18 20:10:57,073 [INFO] MainUpdater:2872 - connection check result : 10
2025-03-18 20:10:57,074 [INFO] MainUpdater:2872 - connection check result : 10
2025-03-18 20:10:57,086 [ERROR] IocParser:57 - IOException caught: C:\Users\pwlub\Desktop\PUTM_EV_REARBOX_2024\rearbox\rearbox.ioc (System nie może odnaleźć określonej ścieżki)
2025-03-18 20:10:57,097 [ERROR] RegexParser:59 - Issue caught when parsing regex: C:\Users\pwlub\Desktop\PUTM_EV_REARBOX_2024\rearbox\rearbox.ioc (System nie może odnaleźć określonej ścieżki)
2025-03-18 20:11:05,248 [INFO] LogOutputStream:77 - [STDOUT_REDIRECT] Nominal 
2025-03-18 20:11:05,297 [INFO] I2cTimingTraitement:330 - 0x30909DEC
2025-03-18 20:11:05,322 [INFO] I2cTimingTraitement:330 - 0x30909DEC
2025-03-18 20:11:05,330 [INFO] I2cTimingTraitement:330 - 0xD0E32C34
2025-03-18 20:11:05,338 [INFO] MicroXplorer:468 - Change Database Path : 
2025-03-18 20:11:05,339 [INFO] MicroXplorer:498 - Change Database Version : DB.6.0.140
2025-03-18 20:11:05,359 [ERROR] ProjectManagerView:394 - 
java.lang.NullPointerException: Cannot invoke "javax.swing.JTextField.getText()" because the return value of "java.util.List.get(int)" is null
	at com.st.microxplorer.plugins.projectmanager.gui.ProjectChoiceTab$9.caretUpdate(ProjectChoiceTab.java:2678) ~[filemanager.jar:?]
	at javax.swing.text.JTextComponent.fireCaretUpdate(JTextComponent.java:408) ~[?:?]
	at javax.swing.text.JTextComponent$MutableCaretEvent.fire(JTextComponent.java:4484) ~[?:?]
	at javax.swing.text.JTextComponent$MutableCaretEvent.stateChanged(JTextComponent.java:4506) ~[?:?]
	at javax.swing.text.DefaultCaret.fireStateChanged(DefaultCaret.java:857) ~[?:?]
	at javax.swing.text.DefaultCaret.changeCaretPosition(DefaultCaret.java:1343) ~[?:?]
	at javax.swing.text.DefaultCaret.handleSetDot(DefaultCaret.java:1242) ~[?:?]
	at javax.swing.text.DefaultCaret.setDot(DefaultCaret.java:1223) ~[?:?]
	at javax.swing.text.DefaultCaret$Handler.insertUpdate(DefaultCaret.java:1819) ~[?:?]
	at javax.swing.text.AbstractDocument.fireInsertUpdate(AbstractDocument.java:227) ~[?:?]
	at javax.swing.text.AbstractDocument.handleInsertString(AbstractDocument.java:781) ~[?:?]
	at javax.swing.text.AbstractDocument.insertString(AbstractDocument.java:740) ~[?:?]
	at javax.swing.text.PlainDocument.insertString(PlainDocument.java:131) ~[?:?]
	at javax.swing.text.AbstractDocument.replace(AbstractDocument.java:699) ~[?:?]
	at javax.swing.text.JTextComponent.setText(JTextComponent.java:1725) ~[?:?]
	at com.st.microxplorer.plugins.projectmanager.gui.ProjectChoiceTab.createHeapStackFields(ProjectChoiceTab.java:979) ~[filemanager.jar:?]
	at com.st.microxplorer.plugins.projectmanager.gui.ProjectChoiceTab.buildLinkSettingsPanel(ProjectChoiceTab.java:3766) ~[filemanager.jar:?]
	at com.st.microxplorer.plugins.projectmanager.gui.ProjectChoiceTab.defineWindowsFields(ProjectChoiceTab.java:1962) ~[filemanager.jar:?]
	at com.st.microxplorer.plugins.projectmanager.gui.ProjectChoiceTab.updateSettings(ProjectChoiceTab.java:555) ~[filemanager.jar:?]
	at com.st.microxplorer.plugins.projectmanager.gui.ProjectSettingsPanel.UpdateDialog(ProjectSettingsPanel.java:245) ~[filemanager.jar:?]
	at com.st.microxplorer.plugins.projectmanager.ProjectManagerView.propertyChange(ProjectManagerView.java:391) ~[filemanager.jar:?]
	at java.beans.PropertyChangeSupport.fire(PropertyChangeSupport.java:343) ~[?:?]
	at java.beans.PropertyChangeSupport.firePropertyChange(PropertyChangeSupport.java:335) ~[?:?]
	at java.beans.PropertyChangeSupport.firePropertyChange(PropertyChangeSupport.java:268) ~[?:?]
	at com.st.microxplorer.util.MXPropertyChangeSupport.firePropertyChange(MXPropertyChangeSupport.java:54) ~[STM32CubeMX.jar:?]
	at com.st.microxplorer.mxsystem.MxSystem.closeConfig(MxSystem.java:899) ~[STM32CubeMX.jar:?]
	at com.st.microxplorer.maingui.MainPanel.closeConfig(MainPanel.java:789) ~[STM32CubeMX.jar:?]
	at com.st.microxplorer.plugins.filemanager.engine.OpenFileManager.loadConfigurationFile(OpenFileManager.java:287) ~[filemanager.jar:?]
	at com.st.microxplorer.plugins.filemanager.engine.MainFileManager.userLoadConfig(MainFileManager.java:341) ~[filemanager.jar:?]
	at com.st.microxplorer.plugins.filemanager.engine.MainFileManager.userLoadConfig(MainFileManager.java:319) ~[filemanager.jar:?]
	at com.st.microxplorer.plugins.filemanager.FileManagerView.getSpecificTask(FileManagerView.java:246) ~[filemanager.jar:?]
	at com.st.stm32cube.common.mx.editor.CubeMxEditor.getMxTabbedPaneInstance(CubeMxEditor.java:1198) ~[com.st.stm32cube.common.mx_6.14.0.202502271554/:?]
	at com.st.stm32cube.common.mx.editor.CubeMxEditor$12$1.createSwingComponent(CubeMxEditor.java:1068) ~[com.st.stm32cube.common.mx_6.14.0.202502271554/:?]
	at com.st.stm32cube.common.mx.oss.core.awtswtbridge.EmbeddedSwingComposite.doComponentCreation(EmbeddedSwingComposite.java:492) ~[com.st.stm32cube.common.mx.oss_6.14.0.202502271554/:?]
	at com.st.stm32cube.common.mx.oss.core.awtswtbridge.EmbeddedSwingComposite$4.run(EmbeddedSwingComposite.java:291) ~[com.st.stm32cube.common.mx.oss_6.14.0.202502271554/:?]
	at com.st.stm32cube.common.mx.oss.core.awtswtbridge.AwtEnvironment$2.run(AwtEnvironment.java:166) ~[com.st.stm32cube.common.mx.oss_6.14.0.202502271554/:?]
	at java.awt.event.InvocationEvent.dispatch(InvocationEvent.java:318) ~[?:?]
	at java.awt.EventQueue.dispatchEventImpl(EventQueue.java:773) ~[?:?]
	at java.awt.EventQueue$4.run(EventQueue.java:720) ~[?:?]
	at java.awt.EventQueue$4.run(EventQueue.java:714) ~[?:?]
	at java.security.AccessController.doPrivileged(AccessController.java:400) ~[?:?]
	at java.security.ProtectionDomain$JavaSecurityAccessImpl.doIntersectionPrivilege(ProtectionDomain.java:87) ~[?:?]
	at java.awt.EventQueue.dispatchEvent(EventQueue.java:742) ~[?:?]
	at java.awt.EventDispatchThread.pumpOneEventForFilters(EventDispatchThread.java:203) ~[?:?]
	at java.awt.EventDispatchThread.pumpEventsForFilter(EventDispatchThread.java:124) ~[?:?]
	at java.awt.EventDispatchThread.pumpEventsForHierarchy(EventDispatchThread.java:113) ~[?:?]
	at java.awt.EventDispatchThread.pumpEvents(EventDispatchThread.java:109) ~[?:?]
	at java.awt.EventDispatchThread.pumpEvents(EventDispatchThread.java:101) ~[?:?]
	at java.awt.EventDispatchThread.run(EventDispatchThread.java:90) ~[?:?]
2025-03-18 20:11:05,372 [WARN] ThirdParty:871 - waiting for thirdparty lock release [close project]
2025-03-18 20:11:05,372 [INFO] ThirdParty:873 - entering critical section [close project]
2025-03-18 20:11:05,372 [INFO] ThirdParty:883 - exiting critical section [close project]
2025-03-18 20:11:05,374 [INFO] PinOutPanel:1589 - setPackage(No Configuration,No Configuration)
2025-03-18 20:11:05,390 [INFO] UtilMem:75 - Begin LoadConfig() Used Memory: 600432576 Bytes (1073741824)
2025-03-18 20:11:05,396 [INFO] MicroXplorer:468 - Change Database Path : C:/Users/pwlub/.stm32cubemx/databases/DB.6.0.111/db/
2025-03-18 20:11:05,397 [INFO] MicroXplorer:498 - Change Database Version : DB.6.0.111
2025-03-18 20:11:06,832 [INFO] OpenFileManager:354 - Change cursor
2025-03-18 20:11:06,847 [INFO] Mcu:2011 - Initializing MCU STM32G473R(B-C-E)Tx STM32G473RCTx STM32G473RCT6
2025-03-18 20:11:13,287 [INFO] Context:756 - Trying to add GPIOservice into a context  which must be forbidden
2025-03-18 20:11:15,416 [INFO] ImportTextPane:218 - (OptionalMessage_ERROR) Pin53 (VP_RIF_VS_RIF1) cannot be retrieved for this MCU
2025-03-18 20:11:15,563 [INFO] RtosManager:558 - Registered RTOS mode: class=CMSIS, group=RTOS, mode=CMSIS_V1, owner=FREERTOS
2025-03-18 20:11:15,563 [INFO] RtosManager:558 - Registered RTOS mode: class=CMSIS, group=RTOS2, mode=CMSIS_V2, owner=FREERTOS
2025-03-18 20:11:15,563 [INFO] RtosManager:558 - Registered RTOS mode: class=RTOS, group=Core, mode=CMSIS_V1, owner=FREERTOS
2025-03-18 20:11:15,564 [INFO] RtosManager:558 - Registered RTOS mode: class=RTOS, group=Core, mode=CMSIS_V2, owner=FREERTOS
2025-03-18 20:11:15,564 [WARN] ModelIntegratedComponent:184 - Missing modes for component STMicroelectronics:FreeRTOS:0.0.1:STMicroelectronics:RTOS:FreeRTOS:Core:::10.2.0:
2025-03-18 20:11:15,641 [WARN] ModelIntegratedComponent:63 - No mode defined for component null
2025-03-18 20:11:15,641 [WARN] ModelIntegratedComponent:63 - No mode defined for component null
2025-03-18 20:11:15,641 [WARN] ModelIntegratedComponent:63 - No mode defined for component null
2025-03-18 20:11:15,641 [WARN] ModelIntegratedComponent:63 - No mode defined for component null
2025-03-18 20:11:15,641 [WARN] ModelIntegratedComponent:63 - No mode defined for component null
2025-03-18 20:11:15,641 [WARN] ModelIntegratedComponent:63 - No mode defined for component null
2025-03-18 20:11:15,641 [WARN] ModelIntegratedComponent:63 - No mode defined for component null
2025-03-18 20:11:15,641 [WARN] ModelIntegratedComponent:63 - No mode defined for component null
2025-03-18 20:11:15,642 [WARN] ModelIntegratedComponent:63 - No mode defined for component null
2025-03-18 20:11:15,642 [WARN] ModelIntegratedComponent:63 - No mode defined for component null
2025-03-18 20:11:15,642 [WARN] ModelIntegratedComponent:63 - No mode defined for component null
2025-03-18 20:11:15,642 [WARN] ModelIntegratedComponent:63 - No mode defined for component null
2025-03-18 20:11:15,642 [WARN] ModelIntegratedComponent:63 - No mode defined for component null
2025-03-18 20:11:15,642 [WARN] ModelIntegratedComponent:63 - No mode defined for component null
2025-03-18 20:11:15,642 [WARN] ModelIntegratedComponent:63 - No mode defined for component null
2025-03-18 20:11:15,642 [WARN] ModelIntegratedComponent:63 - No mode defined for component null
2025-03-18 20:11:15,642 [WARN] ModelIntegratedComponent:63 - No mode defined for component null
2025-03-18 20:11:15,642 [WARN] ModelIntegratedComponent:63 - No mode defined for component null
2025-03-18 20:11:15,642 [WARN] ModelIntegratedComponent:63 - No mode defined for component null
2025-03-18 20:11:15,642 [WARN] ModelIntegratedComponent:63 - No mode defined for component null
2025-03-18 20:11:15,642 [WARN] ModelIntegratedComponent:63 - No mode defined for component null
2025-03-18 20:11:15,642 [WARN] ModelIntegratedComponent:63 - No mode defined for component null
2025-03-18 20:11:15,643 [WARN] ModelIntegratedComponent:63 - No mode defined for component null
2025-03-18 20:11:15,643 [WARN] ModelIntegratedComponent:63 - No mode defined for component null
2025-03-18 20:11:15,643 [WARN] ModelIntegratedComponent:63 - No mode defined for component null
2025-03-18 20:11:15,643 [WARN] ModelIntegratedComponent:63 - No mode defined for component null
2025-03-18 20:11:15,643 [WARN] ModelIntegratedComponent:63 - No mode defined for component null
2025-03-18 20:11:15,643 [WARN] ModelIntegratedComponent:63 - No mode defined for component null
2025-03-18 20:11:15,643 [WARN] ModelIntegratedComponent:63 - No mode defined for component null
2025-03-18 20:11:15,643 [WARN] ModelIntegratedComponent:63 - No mode defined for component null
2025-03-18 20:11:15,643 [WARN] ModelIntegratedComponent:63 - No mode defined for component null
2025-03-18 20:11:15,643 [WARN] ModelIntegratedComponent:63 - No mode defined for component null
2025-03-18 20:11:15,643 [WARN] ModelIntegratedComponent:63 - No mode defined for component null
2025-03-18 20:11:15,643 [WARN] ModelIntegratedComponent:63 - No mode defined for component null
2025-03-18 20:11:15,643 [WARN] ModelIntegratedComponent:63 - No mode defined for component null
2025-03-18 20:11:15,643 [WARN] ModelPack:524 - Component already loaded: STMicroelectronics:HAL Drivers:0.0.0:STMicroelectronics:Device:STMicro_Driver:XSPI:HAL::0.0.1:HAL_XSPI
2025-03-18 20:11:16,131 [INFO] ThirdPartyModel:298 - Start build external matchings
2025-03-18 20:11:16,693 [INFO] ThirdPartyModel:316 - End build external matchings
2025-03-18 20:11:16,721 [INFO] RtosManager:967 - Current active RTOS is FREERTOS [Cortex-M4NS]
2025-03-18 20:11:16,729 [INFO] ImportTextPane:218 - (OptionalMessage_ERROR) IP (ADC1) : Parameter (CommonPathInternal) has invalid value (null|null|null|null)
2025-03-18 20:11:16,731 [INFO] ImportTextPane:218 - (OptionalMessage_ERROR) IP (ADC2) : Parameter (CommonPathInternal) has invalid value (null|null|null|null)
2025-03-18 20:11:16,734 [INFO] ImportTextPane:218 - (OptionalMessage_ERROR) IP (DMA) : Parameter (Instance) has Id (ADC1) currently not set
2025-03-18 20:11:16,734 [INFO] ImportTextPane:218 - (OptionalMessage_ERROR) IP (DMA) : Parameter (Request) has Id (ADC1) currently not set
2025-03-18 20:11:16,734 [INFO] ImportTextPane:218 - (OptionalMessage_ERROR) IP (DMA) : Parameter (Direction) has Id (ADC1) currently not set
2025-03-18 20:11:16,735 [INFO] ImportTextPane:218 - (OptionalMessage_ERROR) IP (DMA) : Parameter (PeriphInc) has Id (ADC1) currently not set
2025-03-18 20:11:16,735 [INFO] ImportTextPane:218 - (OptionalMessage_ERROR) IP (DMA) : Parameter (MemInc) has Id (ADC1) currently not set
2025-03-18 20:11:16,736 [INFO] ImportTextPane:218 - (OptionalMessage_ERROR) IP (DMA) : Parameter (PeriphDataAlignment) has Id (ADC1) currently not set
2025-03-18 20:11:16,737 [INFO] ImportTextPane:218 - (OptionalMessage_ERROR) IP (DMA) : Parameter (MemDataAlignment) has Id (ADC1) currently not set
2025-03-18 20:11:16,738 [INFO] ImportTextPane:218 - (OptionalMessage_ERROR) IP (DMA) : Parameter (Mode) has Id (ADC1) currently not set
2025-03-18 20:11:16,738 [INFO] ImportTextPane:218 - (OptionalMessage_ERROR) IP (DMA) : Parameter (Priority) has Id (ADC1) currently not set
2025-03-18 20:11:16,738 [INFO] ImportTextPane:218 - (OptionalMessage_ERROR) IP (DMA) : Parameter (SignalID) has Id (ADC1) currently not set
2025-03-18 20:11:16,738 [INFO] ImportTextPane:218 - (OptionalMessage_ERROR) IP (DMA) : Parameter (Polarity) has Id (ADC1) currently not set
2025-03-18 20:11:16,738 [INFO] ImportTextPane:218 - (OptionalMessage_ERROR) IP (DMA) : Parameter (RequestNumber) has Id (ADC1) currently not set
2025-03-18 20:11:16,738 [INFO] ImportTextPane:218 - (OptionalMessage_ERROR) IP (DMA) : Parameter (SyncSignalID) has Id (ADC1) currently not set
2025-03-18 20:11:16,738 [INFO] ImportTextPane:218 - (OptionalMessage_ERROR) IP (DMA) : Parameter (SyncPolarity) has Id (ADC1) currently not set
2025-03-18 20:11:16,739 [INFO] ImportTextPane:218 - (OptionalMessage_ERROR) IP (DMA) : Parameter (SyncEnable) has Id (ADC1) currently not set
2025-03-18 20:11:16,739 [INFO] ImportTextPane:218 - (OptionalMessage_ERROR) IP (DMA) : Parameter (EventEnable) has Id (ADC1) currently not set
2025-03-18 20:11:16,739 [INFO] ImportTextPane:218 - (OptionalMessage_ERROR) IP (DMA) : Parameter (SyncRequestNumber) has Id (ADC1) currently not set
2025-03-18 20:11:16,739 [INFO] ImportTextPane:218 - (OptionalMessage_ERROR) IP (DMA) : Parameter (Instance) has Id (ADC2) currently not set
2025-03-18 20:11:16,739 [INFO] ImportTextPane:218 - (OptionalMessage_ERROR) IP (DMA) : Parameter (Request) has Id (ADC2) currently not set
2025-03-18 20:11:16,739 [INFO] ImportTextPane:218 - (OptionalMessage_ERROR) IP (DMA) : Parameter (Direction) has Id (ADC2) currently not set
2025-03-18 20:11:16,739 [INFO] ImportTextPane:218 - (OptionalMessage_ERROR) IP (DMA) : Parameter (PeriphInc) has Id (ADC2) currently not set
2025-03-18 20:11:16,739 [INFO] ImportTextPane:218 - (OptionalMessage_ERROR) IP (DMA) : Parameter (MemInc) has Id (ADC2) currently not set
2025-03-18 20:11:16,739 [INFO] ImportTextPane:218 - (OptionalMessage_ERROR) IP (DMA) : Parameter (PeriphDataAlignment) has Id (ADC2) currently not set
2025-03-18 20:11:16,739 [INFO] ImportTextPane:218 - (OptionalMessage_ERROR) IP (DMA) : Parameter (MemDataAlignment) has Id (ADC2) currently not set
2025-03-18 20:11:16,739 [INFO] ImportTextPane:218 - (OptionalMessage_ERROR) IP (DMA) : Parameter (Mode) has Id (ADC2) currently not set
2025-03-18 20:11:16,740 [INFO] ImportTextPane:218 - (OptionalMessage_ERROR) IP (DMA) : Parameter (Priority) has Id (ADC2) currently not set
2025-03-18 20:11:16,740 [INFO] ImportTextPane:218 - (OptionalMessage_ERROR) IP (DMA) : Parameter (SignalID) has Id (ADC2) currently not set
2025-03-18 20:11:16,740 [INFO] ImportTextPane:218 - (OptionalMessage_ERROR) IP (DMA) : Parameter (Polarity) has Id (ADC2) currently not set
2025-03-18 20:11:16,740 [INFO] ImportTextPane:218 - (OptionalMessage_ERROR) IP (DMA) : Parameter (RequestNumber) has Id (ADC2) currently not set
2025-03-18 20:11:16,740 [INFO] ImportTextPane:218 - (OptionalMessage_ERROR) IP (DMA) : Parameter (SyncSignalID) has Id (ADC2) currently not set
2025-03-18 20:11:16,740 [INFO] ImportTextPane:218 - (OptionalMessage_ERROR) IP (DMA) : Parameter (SyncPolarity) has Id (ADC2) currently not set
2025-03-18 20:11:16,740 [INFO] ImportTextPane:218 - (OptionalMessage_ERROR) IP (DMA) : Parameter (SyncEnable) has Id (ADC2) currently not set
2025-03-18 20:11:16,740 [INFO] ImportTextPane:218 - (OptionalMessage_ERROR) IP (DMA) : Parameter (EventEnable) has Id (ADC2) currently not set
2025-03-18 20:11:16,740 [INFO] ImportTextPane:218 - (OptionalMessage_ERROR) IP (DMA) : Parameter (SyncRequestNumber) has Id (ADC2) currently not set
2025-03-18 20:11:16,741 [WARN] IP:2250 - MessageRAMOffset not found: check if there is a RefParameter without a condition.
2025-03-18 20:11:16,741 [WARN] IP:2250 - RxFifo0ElmtsNbr not found: check if there is a RefParameter without a condition.
2025-03-18 20:11:16,741 [WARN] IP:2250 - RxFifo0ElmtSize not found: check if there is a RefParameter without a condition.
2025-03-18 20:11:16,741 [WARN] IP:2250 - RxFifo1ElmtsNbr not found: check if there is a RefParameter without a condition.
2025-03-18 20:11:16,741 [WARN] IP:2250 - RxFifo1ElmtSize not found: check if there is a RefParameter without a condition.
2025-03-18 20:11:16,741 [WARN] IP:2250 - RxBuffersNbr not found: check if there is a RefParameter without a condition.
2025-03-18 20:11:16,741 [WARN] IP:2250 - RxBufferSize not found: check if there is a RefParameter without a condition.
2025-03-18 20:11:16,741 [WARN] IP:2250 - TxEventsNbr not found: check if there is a RefParameter without a condition.
2025-03-18 20:11:16,741 [WARN] IP:2250 - TxBuffersNbr not found: check if there is a RefParameter without a condition.
2025-03-18 20:11:16,741 [WARN] IP:2250 - TxFifoQueueElmtsNbr not found: check if there is a RefParameter without a condition.
2025-03-18 20:11:16,741 [WARN] IP:2250 - TxElmtSize not found: check if there is a RefParameter without a condition.
2025-03-18 20:11:16,741 [WARN] IP:2250 - ClockCalibrationCCU not found: check if there is a RefParameter without a condition.
2025-03-18 20:11:16,742 [WARN] IP:2250 - ClockDividerCCU not found: check if there is a RefParameter without a condition.
2025-03-18 20:11:16,742 [WARN] IP:2250 - MinOscClkPeriodsCCU not found: check if there is a RefParameter without a condition.
2025-03-18 20:11:16,742 [WARN] IP:2250 - TimeQuantaPerBitTimeCCU not found: check if there is a RefParameter without a condition.
2025-03-18 20:11:16,742 [WARN] IP:2250 - WatchdogStartValueCCU not found: check if there is a RefParameter without a condition.
2025-03-18 20:11:16,753 [INFO] ImportTextPane:218 - (OptionalMessage_ERROR) IP (RCC) : Invalid parameter (FamilyName)
2025-03-18 20:11:17,343 [INFO] UtilMem:75 - End LoadConfig() Used Memory: 863717576 Bytes (1073741824)
2025-03-18 20:11:17,375 [WARN] ThirdParty:833 - waiting for thirdparty lock release [change project]
2025-03-18 20:11:17,376 [INFO] ThirdParty:835 - entering critical section [change project]
2025-03-18 20:11:17,376 [INFO] ThirdParty:1030 - CMSIS Pack Vendor :STMicroelectronics USBPD 4.1
2025-03-18 20:11:17,376 [INFO] ThirdParty:1030 - CMSIS Pack Vendor :STMicroelectronics X-CUBE-AZRTOS-H7 3.3.0
2025-03-18 20:11:17,376 [INFO] ThirdParty:1030 - CMSIS Pack Vendor :STMicroelectronics X-CUBE-NFC9 1.0.0
2025-03-18 20:11:17,376 [INFO] ThirdParty:1030 - CMSIS Pack Vendor :STMicroelectronics USB_HOST 2.0.0
2025-03-18 20:11:17,376 [INFO] ThirdParty:1030 - CMSIS Pack Vendor :STMicroelectronics FP-SNS-MOTENVWB1 1.4.0
2025-03-18 20:11:17,377 [INFO] ThirdParty:1030 - CMSIS Pack Vendor :STMicroelectronics X-CUBE-AZRTOS-F4 1.1.0
2025-03-18 20:11:17,377 [INFO] ThirdParty:1030 - CMSIS Pack Vendor :STMicroelectronics LIBJPEG 8.0.0
2025-03-18 20:11:17,377 [INFO] ThirdParty:1030 - CMSIS Pack Vendor :STMicroelectronics FP-ATR-ASTRA1 2.0.2
2025-03-18 20:11:17,377 [INFO] ThirdParty:1030 - CMSIS Pack Vendor :STMicroelectronics X-CUBE-BLE1 7.1.0
2025-03-18 20:11:17,377 [INFO] ThirdParty:1030 - CMSIS Pack Vendor :STMicroelectronics X-CUBE-SMBUS 2.1.0
2025-03-18 20:11:17,377 [INFO] ThirdParty:1030 - CMSIS Pack Vendor :STMicroelectronics X-CUBE-WB05N 1.1.0
2025-03-18 20:11:17,377 [INFO] ThirdParty:1030 - CMSIS Pack Vendor :STMicroelectronics USB_DEVICE 3.0.0
2025-03-18 20:11:17,377 [INFO] ThirdParty:1030 - CMSIS Pack Vendor :STMicroelectronics X-CUBE-ISPU 2.1.0
2025-03-18 20:11:17,377 [INFO] ThirdParty:1030 - CMSIS Pack Vendor :STMicroelectronics X-CUBE-AZRTOS-WB 2.0.0
2025-03-18 20:11:17,378 [INFO] ThirdParty:1030 - CMSIS Pack Vendor :STMicroelectronics X-CUBE-GNSS1 7.0.1
2025-03-18 20:11:17,378 [INFO] ThirdParty:1030 - CMSIS Pack Vendor :STMicroelectronics X-CUBE-AZRTOS-F7 1.1.0
2025-03-18 20:11:17,378 [INFO] ThirdParty:1030 - CMSIS Pack Vendor :STMicroelectronics X-CUBE-AZRTOS-L5 2.0.0
2025-03-18 20:11:17,378 [INFO] ThirdParty:1030 - CMSIS Pack Vendor :STMicroelectronics X-CUBE-TOUCHGFX 4.25.0
2025-03-18 20:11:17,378 [INFO] ThirdParty:1030 - CMSIS Pack Vendor :STMicroelectronics USB_DEVICE 2.0.0
2025-03-18 20:11:17,378 [INFO] ThirdParty:1030 - CMSIS Pack Vendor :STMicroelectronics X-CUBE-NFC6 3.1.0
2025-03-18 20:11:17,378 [INFO] ThirdParty:1030 - CMSIS Pack Vendor :STMicroelectronics FP-SNS-STBOX1 2.0.0
2025-03-18 20:11:17,378 [INFO] ThirdParty:1030 - CMSIS Pack Vendor :STMicroelectronics FreeRTOS 0.0.1
2025-03-18 20:11:17,378 [INFO] ThirdParty:1030 - CMSIS Pack Vendor :STMicroelectronics X-CUBE-AZRTOS-G0 1.1.0
2025-03-18 20:11:17,378 [INFO] ThirdParty:1030 - CMSIS Pack Vendor :STMicroelectronics X-CUBE-SAFEA1 1.2.2
2025-03-18 20:11:17,378 [INFO] ThirdParty:1030 - CMSIS Pack Vendor :STMicroelectronics X-CUBE-NFC4 3.0.0
2025-03-18 20:11:17,379 [INFO] ThirdParty:1030 - CMSIS Pack Vendor :STMicroelectronics X-CUBE-DPower 1.2.0
2025-03-18 20:11:17,379 [INFO] ThirdParty:1030 - CMSIS Pack Vendor :STMicroelectronics X-CUBE-SUBG2 5.0.0
2025-03-18 20:11:17,379 [INFO] ThirdParty:1030 - CMSIS Pack Vendor :STMicroelectronics STM32_WPAN 1.0.0
2025-03-18 20:11:17,379 [INFO] ThirdParty:1030 - CMSIS Pack Vendor :EmbeddedOffice I-CUBE-FS-RTOS 1.0.1
2025-03-18 20:11:17,379 [INFO] ThirdParty:1030 - CMSIS Pack Vendor :STMicroelectronics lwIP 2.0.3
2025-03-18 20:11:17,379 [INFO] ThirdParty:1030 - CMSIS Pack Vendor :Cesanta I-CUBE-Mongoose 7.13.0
2025-03-18 20:11:17,379 [INFO] ThirdParty:1030 - CMSIS Pack Vendor :STMicroelectronics USB_HOST 1.0.0
2025-03-18 20:11:17,379 [INFO] ThirdParty:1030 - CMSIS Pack Vendor :Infineon AIROC-Wi-Fi-Bluetooth-STM32 1.7.0
2025-03-18 20:11:17,379 [INFO] ThirdParty:1030 - CMSIS Pack Vendor :STMicroelectronics X-CUBE-AZRTOS-G4 2.0.0
2025-03-18 20:11:17,379 [INFO] ThirdParty:1030 - CMSIS Pack Vendor :STMicroelectronics PDM2PCM 3.1.0
2025-03-18 20:11:17,380 [INFO] ThirdParty:1030 - CMSIS Pack Vendor :STMicroelectronics PDM2PCM 3.3.0
2025-03-18 20:11:17,380 [INFO] ThirdParty:1030 - CMSIS Pack Vendor :STMicroelectronics X-CUBE-DISPLAY 3.0.0
2025-03-18 20:11:17,380 [INFO] ThirdParty:1030 - CMSIS Pack Vendor :STMicroelectronics X-CUBE-TCPP 4.2.0
2025-03-18 20:11:17,380 [INFO] ThirdParty:1030 - CMSIS Pack Vendor :RealThread X-CUBE-RT-Thread_Nano 4.1.1
2025-03-18 20:11:17,380 [INFO] ThirdParty:1030 - CMSIS Pack Vendor :STMicroelectronics FP-ATR-SIGFOX1 3.2.0
2025-03-18 20:11:17,380 [INFO] ThirdParty:1030 - CMSIS Pack Vendor :STMicroelectronics X-CUBE-NFC10 1.0.0
2025-03-18 20:11:17,380 [INFO] ThirdParty:1030 - CMSIS Pack Vendor :STMicroelectronics X-CUBE-BLEMGR 4.0.0
2025-03-18 20:11:17,380 [INFO] ThirdParty:1030 - CMSIS Pack Vendor :STMicroelectronics X-CUBE-EEPRMA1 5.1.0
2025-03-18 20:11:17,380 [INFO] ThirdParty:1030 - CMSIS Pack Vendor :STMicroelectronics HAL Drivers 0.0.0
2025-03-18 20:11:17,380 [INFO] ThirdParty:1030 - CMSIS Pack Vendor :STMicroelectronics MBEDTLS 2.16.2
2025-03-18 20:11:17,380 [INFO] ThirdParty:1030 - CMSIS Pack Vendor :STMicroelectronics X-CUBE-IPS 3.1.0
2025-03-18 20:11:17,381 [INFO] ThirdParty:1030 - CMSIS Pack Vendor :STMicroelectronics X-CUBE-ALS 1.0.2
2025-03-18 20:11:17,381 [INFO] ThirdParty:1030 - CMSIS Pack Vendor :emotas I-CUBE-CANOPEN 1.3.0
2025-03-18 20:11:17,381 [INFO] ThirdParty:1030 - CMSIS Pack Vendor :STMicroelectronics X-CUBE-FREERTOS 1.3.0
2025-03-18 20:11:17,381 [INFO] ThirdParty:1030 - CMSIS Pack Vendor :STMicroelectronics X-CUBE-NFC7 1.0.1
2025-03-18 20:11:17,381 [INFO] ThirdParty:1030 - CMSIS Pack Vendor :STMicroelectronics MBEDTLS 2.14.1
2025-03-18 20:11:17,381 [INFO] ThirdParty:1030 - CMSIS Pack Vendor :ITTIA_DB I-CUBE-ITTIADB 8.9.0
2025-03-18 20:11:17,381 [INFO] ThirdParty:1030 - CMSIS Pack Vendor :portGmbH I-Cube-SoM-uGOAL 1.1.0
2025-03-18 20:11:17,381 [INFO] ThirdParty:1030 - CMSIS Pack Vendor :quantropi X-CUBE-qispace-sdk-base 2.0.0
2025-03-18 20:11:17,381 [INFO] ThirdParty:1030 - CMSIS Pack Vendor :STMicroelectronics X-CUBE-AI 10.0.0
2025-03-18 20:11:17,381 [INFO] ThirdParty:1030 - CMSIS Pack Vendor :STMicroelectronics ThreadX 1.0.0
2025-03-18 20:11:17,381 [INFO] ThirdParty:1030 - CMSIS Pack Vendor :STMicroelectronics FP-SNS-SMARTAG2 1.2.0
2025-03-18 20:11:17,381 [INFO] ThirdParty:1030 - CMSIS Pack Vendor :STMicroelectronics FP-SNS-FLIGHT1 5.1.0
2025-03-18 20:11:17,381 [INFO] ThirdParty:1030 - CMSIS Pack Vendor :STMicroelectronics X-CUBE-MEMS1 11.1.0
2025-03-18 20:11:17,381 [INFO] ThirdParty:1030 - CMSIS Pack Vendor :STMicroelectronics X-CUBE-AZRTOS-WL 2.0.0
2025-03-18 20:11:17,382 [INFO] ThirdParty:1030 - CMSIS Pack Vendor :SEGGER I-CUBE-embOS 1.3.1
2025-03-18 20:11:17,382 [INFO] ThirdParty:1030 - CMSIS Pack Vendor :STMicroelectronics X-CUBE-ALGOBUILD 1.4.0
2025-03-18 20:11:17,382 [INFO] ThirdParty:1030 - CMSIS Pack Vendor :STMicroelectronics FP-SNS-MOTENV1 5.0.0
2025-03-18 20:11:17,382 [INFO] ThirdParty:1030 - CMSIS Pack Vendor :STMicroelectronics USB_DEVICE 1.0.0
2025-03-18 20:11:17,382 [INFO] ThirdParty:1030 - CMSIS Pack Vendor :STMicroelectronics X-CUBE-AZRTOS-H7RS 1.0.0
2025-03-18 20:11:17,382 [INFO] ThirdParty:1030 - CMSIS Pack Vendor :STMicroelectronics X-CUBE-AZRTOS-L4 2.0.0
2025-03-18 20:11:17,382 [INFO] ThirdParty:1030 - CMSIS Pack Vendor :STMicroelectronics ThreadX 0.0.2
2025-03-18 20:11:17,382 [INFO] ThirdParty:1030 - CMSIS Pack Vendor :WES I-CUBE-Cesium 1.3.0
2025-03-18 20:11:17,384 [INFO] ThirdParty:1030 - CMSIS Pack Vendor :STMicroelectronics lwIP 2.1.2
2025-03-18 20:11:17,385 [INFO] ThirdParty:1030 - CMSIS Pack Vendor :STMicroelectronics X-CUBE-SFXS2LP1 4.0.0
2025-03-18 20:11:17,385 [INFO] ThirdParty:1030 - CMSIS Pack Vendor :STMicroelectronics X-CUBE-BLE2 3.3.0
2025-03-18 20:11:17,385 [INFO] ThirdParty:1030 - CMSIS Pack Vendor :STMicroelectronics X-CUBE-TOF1 3.4.2
2025-03-18 20:11:17,385 [INFO] ThirdParty:1030 - CMSIS Pack Vendor :STMicroelectronics PDM2PCM 3.2.0
2025-03-18 20:11:17,385 [INFO] ThirdParty:841 - exiting critical section [change project]
2025-03-18 20:11:18,307 [INFO] PinOutPanel:1589 - setPackage(No Configuration,No Configuration)
2025-03-18 20:11:18,308 [INFO] PinOutPanel:1589 - setPackage(STM32G473RCTx,LQFP64)
2025-03-18 20:11:19,223 [INFO] UtilMem:75 - Before build in PCC Used Memory: 421676336 Bytes (1073741824)
2025-03-18 20:11:19,886 [INFO] UtilMem:75 - After build in PCC Used Memory: 520242480 Bytes (1073741824)
2025-03-18 20:11:19,896 [INFO] ApiDbMcu:508 - Load IP Config File for FREERTOS
2025-03-18 20:11:19,958 [INFO] IPUIPlugin:80 - create IPUIPlugin
2025-03-18 20:11:19,958 [INFO] IPUIPlugin:80 - create IPUIPlugin
2025-03-18 20:11:19,959 [INFO] IPUIPlugin:80 - create IPUIPlugin
2025-03-18 20:11:19,959 [INFO] IPUIPlugin:80 - create IPUIPlugin
2025-03-18 20:11:19,959 [INFO] IPUIPlugin:80 - create IPUIPlugin
2025-03-18 20:11:19,959 [INFO] IPUIPlugin:80 - create IPUIPlugin
2025-03-18 20:11:19,959 [INFO] IPUIPlugin:80 - create IPUIPlugin
2025-03-18 20:11:19,959 [INFO] IPUIPlugin:80 - create IPUIPlugin
2025-03-18 20:11:19,959 [INFO] IPUIPlugin:80 - create IPUIPlugin
2025-03-18 20:11:19,959 [INFO] IPUIPlugin:80 - create IPUIPlugin
2025-03-18 20:11:19,959 [INFO] IPUIPlugin:80 - create IPUIPlugin
2025-03-18 20:11:19,960 [INFO] IPUIPlugin:80 - create IPUIPlugin
2025-03-18 20:11:19,960 [INFO] IPUIPlugin:80 - create IPUIPlugin
2025-03-18 20:11:19,960 [INFO] IPUIPlugin:80 - create IPUIPlugin
2025-03-18 20:11:19,960 [INFO] IPUIPlugin:80 - create IPUIPlugin
2025-03-18 20:11:19,961 [INFO] IPUIPlugin:80 - create IPUIPlugin
2025-03-18 20:11:19,961 [INFO] IPUIPlugin:80 - create IPUIPlugin
2025-03-18 20:11:19,961 [INFO] IPUIPlugin:80 - create IPUIPlugin
2025-03-18 20:11:19,961 [INFO] IPUIPlugin:80 - create IPUIPlugin
2025-03-18 20:11:19,962 [INFO] IPUIPlugin:80 - create IPUIPlugin
2025-03-18 20:11:19,962 [INFO] IPUIPlugin:80 - create IPUIPlugin
2025-03-18 20:11:19,962 [INFO] IPUIPlugin:80 - create IPUIPlugin
2025-03-18 20:11:19,962 [INFO] IPUIPlugin:80 - create IPUIPlugin
2025-03-18 20:11:19,962 [INFO] IPUIPlugin:80 - create IPUIPlugin
2025-03-18 20:11:19,962 [INFO] IPUIPlugin:80 - create IPUIPlugin
2025-03-18 20:11:19,963 [INFO] IPUIPlugin:80 - create IPUIPlugin
2025-03-18 20:11:19,963 [INFO] IPUIPlugin:80 - create IPUIPlugin
2025-03-18 20:11:19,963 [INFO] IPUIPlugin:80 - create IPUIPlugin
2025-03-18 20:11:19,964 [INFO] IPUIPlugin:80 - create IPUIPlugin
2025-03-18 20:11:19,964 [INFO] IPUIPlugin:80 - create IPUIPlugin
2025-03-18 20:11:19,964 [INFO] IPUIPlugin:80 - create IPUIPlugin
2025-03-18 20:11:19,964 [INFO] IPUIPlugin:80 - create IPUIPlugin
2025-03-18 20:11:19,965 [INFO] IPUIPlugin:80 - create IPUIPlugin
2025-03-18 20:11:19,965 [INFO] IPUIPlugin:80 - create IPUIPlugin
2025-03-18 20:11:19,966 [INFO] IPUIPlugin:80 - create IPUIPlugin
2025-03-18 20:11:19,966 [INFO] IPUIPlugin:80 - create IPUIPlugin
2025-03-18 20:11:19,967 [INFO] IPUIPlugin:80 - create IPUIPlugin
2025-03-18 20:11:19,968 [INFO] IPUIPlugin:80 - create IPUIPlugin
2025-03-18 20:11:19,968 [INFO] IPUIPlugin:80 - create IPUIPlugin
2025-03-18 20:11:19,969 [INFO] IPUIPlugin:80 - create IPUIPlugin
2025-03-18 20:11:19,969 [INFO] IPUIPlugin:80 - create IPUIPlugin
2025-03-18 20:11:19,970 [INFO] IPUIPlugin:80 - create IPUIPlugin
2025-03-18 20:11:19,970 [INFO] IPUIPlugin:80 - create IPUIPlugin
2025-03-18 20:11:19,970 [INFO] IPUIPlugin:80 - create IPUIPlugin
2025-03-18 20:11:19,971 [INFO] IPUIPlugin:80 - create IPUIPlugin
2025-03-18 20:11:19,971 [INFO] IPUIPlugin:80 - create IPUIPlugin
2025-03-18 20:11:19,972 [INFO] IPUIPlugin:80 - create IPUIPlugin
2025-03-18 20:11:19,973 [INFO] IPUIPlugin:80 - create IPUIPlugin
2025-03-18 20:11:19,973 [INFO] IPUIPlugin:80 - create IPUIPlugin
2025-03-18 20:11:19,974 [INFO] IPUIPlugin:80 - create IPUIPlugin
2025-03-18 20:11:19,974 [INFO] IPUIPlugin:80 - create IPUIPlugin
2025-03-18 20:11:19,975 [INFO] IPUIPlugin:80 - create IPUIPlugin
2025-03-18 20:11:19,976 [INFO] IPUIPlugin:80 - create IPUIPlugin
2025-03-18 20:11:19,976 [INFO] IPUIPlugin:80 - create IPUIPlugin
2025-03-18 20:11:19,977 [INFO] IPUIPlugin:80 - create IPUIPlugin
2025-03-18 20:11:19,977 [INFO] IPUIPlugin:80 - create IPUIPlugin
2025-03-18 20:11:19,978 [INFO] IPUIPlugin:80 - create IPUIPlugin
2025-03-18 20:11:19,979 [INFO] IPUIPlugin:80 - create IPUIPlugin
2025-03-18 20:11:19,979 [INFO] IPUIPlugin:80 - create IPUIPlugin
2025-03-18 20:11:19,980 [INFO] IPUIPlugin:80 - create IPUIPlugin
2025-03-18 20:11:19,980 [INFO] IPUIPlugin:80 - create IPUIPlugin
2025-03-18 20:11:19,981 [INFO] IPUIPlugin:80 - create IPUIPlugin
2025-03-18 20:11:19,982 [INFO] IPUIPlugin:80 - create IPUIPlugin
2025-03-18 20:11:19,982 [INFO] IPUIPlugin:80 - create IPUIPlugin
2025-03-18 20:11:19,983 [INFO] IPUIPlugin:80 - create IPUIPlugin
2025-03-18 20:11:19,985 [INFO] IPUIPlugin:80 - create IPUIPlugin
2025-03-18 20:11:19,985 [INFO] IPUIPlugin:80 - create IPUIPlugin
2025-03-18 20:11:19,986 [INFO] IPUIPlugin:80 - create IPUIPlugin
2025-03-18 20:11:19,987 [INFO] IPUIPlugin:80 - create IPUIPlugin
2025-03-18 20:11:19,988 [INFO] IPUIPlugin:80 - create IPUIPlugin
2025-03-18 20:11:19,989 [INFO] IPUIPlugin:80 - create IPUIPlugin
2025-03-18 20:11:19,989 [INFO] IPUIPlugin:80 - create IPUIPlugin
2025-03-18 20:11:19,990 [INFO] IPUIPlugin:80 - create IPUIPlugin
2025-03-18 20:11:19,991 [INFO] IPUIPlugin:80 - create IPUIPlugin
2025-03-18 20:11:19,992 [INFO] IPUIPlugin:80 - create IPUIPlugin
2025-03-18 20:11:19,993 [INFO] IPUIPlugin:80 - create IPUIPlugin
2025-03-18 20:11:19,996 [WARN] IP:2250 - MessageRAMOffset not found: check if there is a RefParameter without a condition.
2025-03-18 20:11:19,996 [WARN] IP:2250 - RxFifo0ElmtsNbr not found: check if there is a RefParameter without a condition.
2025-03-18 20:11:19,996 [WARN] IP:2250 - RxFifo0ElmtSize not found: check if there is a RefParameter without a condition.
2025-03-18 20:11:19,996 [WARN] IP:2250 - RxFifo1ElmtsNbr not found: check if there is a RefParameter without a condition.
2025-03-18 20:11:19,996 [WARN] IP:2250 - RxFifo1ElmtSize not found: check if there is a RefParameter without a condition.
2025-03-18 20:11:19,996 [WARN] IP:2250 - RxBuffersNbr not found: check if there is a RefParameter without a condition.
2025-03-18 20:11:19,996 [WARN] IP:2250 - RxBufferSize not found: check if there is a RefParameter without a condition.
2025-03-18 20:11:19,996 [WARN] IP:2250 - TxEventsNbr not found: check if there is a RefParameter without a condition.
2025-03-18 20:11:19,996 [WARN] IP:2250 - TxBuffersNbr not found: check if there is a RefParameter without a condition.
2025-03-18 20:11:19,997 [WARN] IP:2250 - TxFifoQueueElmtsNbr not found: check if there is a RefParameter without a condition.
2025-03-18 20:11:19,997 [WARN] IP:2250 - TxElmtSize not found: check if there is a RefParameter without a condition.
2025-03-18 20:11:19,997 [WARN] IP:2250 - ClockCalibrationCCU not found: check if there is a RefParameter without a condition.
2025-03-18 20:11:19,997 [WARN] IP:2250 - ClockDividerCCU not found: check if there is a RefParameter without a condition.
2025-03-18 20:11:19,997 [WARN] IP:2250 - MinOscClkPeriodsCCU not found: check if there is a RefParameter without a condition.
2025-03-18 20:11:19,997 [WARN] IP:2250 - TimeQuantaPerBitTimeCCU not found: check if there is a RefParameter without a condition.
2025-03-18 20:11:19,997 [WARN] IP:2250 - WatchdogStartValueCCU not found: check if there is a RefParameter without a condition.
2025-03-18 20:11:20,000 [INFO] LogOutputStream:77 - [STDOUT_REDIRECT] Nominal 
2025-03-18 20:11:20,001 [INFO] Can:71 - Can Add PropertyChangeListener com.st.microxplorer.plugins.ip.can.Can@35615de4
2025-03-18 20:11:20,027 [WARN] FreeRTOS:1023 - Null or empty value: should not occur! (nothing added to the table)
2025-03-18 20:11:20,159 [INFO] CADModel:165 - CPN selected for project levelSTM32G473RCT6
2025-03-18 20:11:20,159 [INFO] CADModel:114 - Register for checkConnection events
2025-03-18 20:11:20,162 [INFO] RtosManager:725 - Active RTOS found at IOC load: FREERTOS [Cortex-M4NS]
2025-03-18 20:11:20,236 [INFO] OpenFileManager:385 - Restore cursor
2025-03-18 20:11:20,667 [WARN] IP:2250 - MessageRAMOffset not found: check if there is a RefParameter without a condition.
2025-03-18 20:11:20,667 [WARN] IP:2250 - RxFifo0ElmtsNbr not found: check if there is a RefParameter without a condition.
2025-03-18 20:11:20,667 [WARN] IP:2250 - RxFifo0ElmtSize not found: check if there is a RefParameter without a condition.
2025-03-18 20:11:20,667 [WARN] IP:2250 - RxFifo1ElmtsNbr not found: check if there is a RefParameter without a condition.
2025-03-18 20:11:20,668 [WARN] IP:2250 - RxFifo1ElmtSize not found: check if there is a RefParameter without a condition.
2025-03-18 20:11:20,668 [WARN] IP:2250 - RxBuffersNbr not found: check if there is a RefParameter without a condition.
2025-03-18 20:11:20,668 [WARN] IP:2250 - RxBufferSize not found: check if there is a RefParameter without a condition.
2025-03-18 20:11:20,668 [WARN] IP:2250 - TxEventsNbr not found: check if there is a RefParameter without a condition.
2025-03-18 20:11:20,668 [WARN] IP:2250 - TxBuffersNbr not found: check if there is a RefParameter without a condition.
2025-03-18 20:11:20,668 [WARN] IP:2250 - TxFifoQueueElmtsNbr not found: check if there is a RefParameter without a condition.
2025-03-18 20:11:20,668 [WARN] IP:2250 - TxElmtSize not found: check if there is a RefParameter without a condition.
2025-03-18 20:11:20,668 [WARN] IP:2250 - ClockCalibrationCCU not found: check if there is a RefParameter without a condition.
2025-03-18 20:11:20,668 [WARN] IP:2250 - ClockDividerCCU not found: check if there is a RefParameter without a condition.
2025-03-18 20:11:20,668 [WARN] IP:2250 - MinOscClkPeriodsCCU not found: check if there is a RefParameter without a condition.
2025-03-18 20:11:20,668 [WARN] IP:2250 - TimeQuantaPerBitTimeCCU not found: check if there is a RefParameter without a condition.
2025-03-18 20:11:20,668 [WARN] IP:2250 - WatchdogStartValueCCU not found: check if there is a RefParameter without a condition.
2025-03-18 20:11:33,149 [INFO] UtilMem:75 - End SaveConfig() Used Memory: 567934776 Bytes (1073741824)
2025-03-18 20:11:34,172 [INFO] BlockDiagram:2775 - set Specific Code input for plugin: SPI
2025-03-18 20:11:34,172 [INFO] BlockDiagram:2775 - set Specific Code input for plugin: FREERTOS
2025-03-18 20:11:34,172 [INFO] BlockDiagram:2775 - set Specific Code input for plugin: IWDG
2025-03-18 20:11:34,172 [INFO] BlockDiagram:2775 - set Specific Code input for plugin: DAC
2025-03-18 20:11:34,172 [INFO] BlockDiagram:2775 - set Specific Code input for plugin: ADC
2025-03-18 20:11:34,173 [INFO] BlockDiagram:2775 - set Specific Code input for plugin: SYS
2025-03-18 20:11:34,173 [INFO] BlockDiagram:2775 - set Specific Code input for plugin: ADC
2025-03-18 20:11:34,173 [INFO] BlockDiagram:2775 - set Specific Code input for plugin: RCC
2025-03-18 20:11:34,173 [INFO] BlockDiagram:2775 - set Specific Code input for plugin: I2C
2025-03-18 20:11:34,173 [INFO] BlockDiagram:2775 - set Specific Code input for plugin: I2C
2025-03-18 20:11:34,173 [INFO] BlockDiagram:2775 - set Specific Code input for plugin: I2C
2025-03-18 20:11:34,173 [INFO] BlockDiagram:2775 - set Specific Code input for plugin: NVIC
2025-03-18 20:11:34,173 [INFO] BlockDiagram:2775 - set Specific Code input for plugin: USART
2025-03-18 20:11:34,173 [INFO] BlockDiagram:2775 - set Specific Code input for plugin: DMA
2025-03-18 20:11:34,175 [INFO] BlockDiagram:2775 - set Specific Code input for plugin: GPIO
2025-03-18 20:11:34,175 [INFO] BlockDiagram:2775 - set Specific Code input for plugin: FDCAN
2025-03-18 20:11:34,177 [INFO] CodeGenerator:882 - code generatio: config db path: C:/Users/pwlub/.stm32cubemx/databases/DB.6.0.111/db/
2025-03-18 20:11:34,245 [WARN] IP:2250 - MessageRAMOffset not found: check if there is a RefParameter without a condition.
2025-03-18 20:11:34,245 [WARN] IP:2250 - RxFifo0ElmtsNbr not found: check if there is a RefParameter without a condition.
2025-03-18 20:11:34,246 [WARN] IP:2250 - RxFifo0ElmtSize not found: check if there is a RefParameter without a condition.
2025-03-18 20:11:34,246 [WARN] IP:2250 - RxFifo1ElmtsNbr not found: check if there is a RefParameter without a condition.
2025-03-18 20:11:34,246 [WARN] IP:2250 - RxFifo1ElmtSize not found: check if there is a RefParameter without a condition.
2025-03-18 20:11:34,246 [WARN] IP:2250 - RxBuffersNbr not found: check if there is a RefParameter without a condition.
2025-03-18 20:11:34,246 [WARN] IP:2250 - RxBufferSize not found: check if there is a RefParameter without a condition.
2025-03-18 20:11:34,246 [WARN] IP:2250 - TxEventsNbr not found: check if there is a RefParameter without a condition.
2025-03-18 20:11:34,246 [WARN] IP:2250 - TxBuffersNbr not found: check if there is a RefParameter without a condition.
2025-03-18 20:11:34,246 [WARN] IP:2250 - TxFifoQueueElmtsNbr not found: check if there is a RefParameter without a condition.
2025-03-18 20:11:34,246 [WARN] IP:2250 - TxElmtSize not found: check if there is a RefParameter without a condition.
2025-03-18 20:11:34,246 [WARN] IP:2250 - ClockCalibrationCCU not found: check if there is a RefParameter without a condition.
2025-03-18 20:11:34,246 [WARN] IP:2250 - ClockDividerCCU not found: check if there is a RefParameter without a condition.
2025-03-18 20:11:34,247 [WARN] IP:2250 - MinOscClkPeriodsCCU not found: check if there is a RefParameter without a condition.
2025-03-18 20:11:34,247 [WARN] IP:2250 - TimeQuantaPerBitTimeCCU not found: check if there is a RefParameter without a condition.
2025-03-18 20:11:34,247 [WARN] IP:2250 - WatchdogStartValueCCU not found: check if there is a RefParameter without a condition.
2025-03-18 20:11:34,749 [INFO] CodeEngine:263 - oldGeneratedFile, C:\Users\pwlub\Desktop\PUTM_EV_REARBOX_2024\firmware\MXTmpFiles\license.tmp_save
2025-03-18 20:11:35,832 [INFO] CodeEngine:287 - Generated code: C:\Users\pwlub\Desktop\PUTM_EV_REARBOX_2024\firmware\MXTmpFiles\license.tmp
2025-03-18 20:11:36,447 [INFO] CodeEngine:263 - oldGeneratedFile, C:\Users\pwlub\Desktop\PUTM_EV_REARBOX_2024\firmware\Core\Src\gpio.c_save
2025-03-18 20:11:36,908 [INFO] CodeEngine:287 - Generated code: C:\Users\pwlub\Desktop\PUTM_EV_REARBOX_2024\firmware\Core\Src\gpio.c
2025-03-18 20:11:36,957 [INFO] CodeEngine:263 - oldGeneratedFile, C:\Users\pwlub\Desktop\PUTM_EV_REARBOX_2024\firmware\Core\Inc\gpio.h_save
2025-03-18 20:11:37,199 [INFO] CodeEngine:287 - Generated code: C:\Users\pwlub\Desktop\PUTM_EV_REARBOX_2024\firmware\Core\Inc\gpio.h
2025-03-18 20:11:41,931 [INFO] Middleware:1452 - No code input for Bsp Dependency
2025-03-18 20:11:41,964 [INFO] CodeEngine:263 - oldGeneratedFile, C:\Users\pwlub\Desktop\PUTM_EV_REARBOX_2024\firmware\MXTmpFiles\rtos_inc.tmp_save
2025-03-18 20:11:42,196 [INFO] CodeEngine:287 - Generated code: C:\Users\pwlub\Desktop\PUTM_EV_REARBOX_2024\firmware\MXTmpFiles\rtos_inc.tmp
2025-03-18 20:11:42,216 [INFO] CodeEngine:263 - oldGeneratedFile, C:\Users\pwlub\Desktop\PUTM_EV_REARBOX_2024\firmware\MXTmpFiles\rtos_kernelInit.tmp_save
2025-03-18 20:11:42,441 [INFO] CodeEngine:287 - Generated code: C:\Users\pwlub\Desktop\PUTM_EV_REARBOX_2024\firmware\MXTmpFiles\rtos_kernelInit.tmp
2025-03-18 20:11:42,461 [INFO] CodeEngine:263 - oldGeneratedFile, C:\Users\pwlub\Desktop\PUTM_EV_REARBOX_2024\firmware\MXTmpFiles\rtos_kernelStart.tmp_save
2025-03-18 20:11:42,627 [INFO] CodeEngine:287 - Generated code: C:\Users\pwlub\Desktop\PUTM_EV_REARBOX_2024\firmware\MXTmpFiles\rtos_kernelStart.tmp
2025-03-18 20:11:42,651 [INFO] CodeEngine:263 - oldGeneratedFile, C:\Users\pwlub\Desktop\PUTM_EV_REARBOX_2024\firmware\MXTmpFiles\rtos_typedefs.tmp_save
2025-03-18 20:11:42,838 [INFO] CodeEngine:287 - Generated code: C:\Users\pwlub\Desktop\PUTM_EV_REARBOX_2024\firmware\MXTmpFiles\rtos_typedefs.tmp
2025-03-18 20:11:42,868 [INFO] CodeEngine:263 - oldGeneratedFile, C:\Users\pwlub\Desktop\PUTM_EV_REARBOX_2024\firmware\MXTmpFiles\rtos_vars.tmp_save
2025-03-18 20:11:43,057 [INFO] CodeEngine:287 - Generated code: C:\Users\pwlub\Desktop\PUTM_EV_REARBOX_2024\firmware\MXTmpFiles\rtos_vars.tmp
2025-03-18 20:11:43,086 [INFO] CodeEngine:263 - oldGeneratedFile, C:\Users\pwlub\Desktop\PUTM_EV_REARBOX_2024\firmware\MXTmpFiles\rtos_pfp.tmp_save
2025-03-18 20:11:43,253 [INFO] CodeEngine:287 - Generated code: C:\Users\pwlub\Desktop\PUTM_EV_REARBOX_2024\firmware\MXTmpFiles\rtos_pfp.tmp
2025-03-18 20:11:43,282 [INFO] CodeEngine:263 - oldGeneratedFile, C:\Users\pwlub\Desktop\PUTM_EV_REARBOX_2024\firmware\MXTmpFiles\rtos_obj_creat.tmp_save
2025-03-18 20:11:43,503 [INFO] CodeEngine:287 - Generated code: C:\Users\pwlub\Desktop\PUTM_EV_REARBOX_2024\firmware\MXTmpFiles\rtos_obj_creat.tmp
2025-03-18 20:11:43,531 [INFO] CodeEngine:263 - oldGeneratedFile, C:\Users\pwlub\Desktop\PUTM_EV_REARBOX_2024\firmware\MXTmpFiles\rtos_default_thread.tmp_save
2025-03-18 20:11:43,720 [INFO] CodeEngine:287 - Generated code: C:\Users\pwlub\Desktop\PUTM_EV_REARBOX_2024\firmware\MXTmpFiles\rtos_default_thread.tmp
2025-03-18 20:11:43,748 [INFO] CodeEngine:263 - oldGeneratedFile, C:\Users\pwlub\Desktop\PUTM_EV_REARBOX_2024\firmware\MXTmpFiles\rtos_threads.tmp_save
2025-03-18 20:11:43,879 [INFO] CodeEngine:287 - Generated code: C:\Users\pwlub\Desktop\PUTM_EV_REARBOX_2024\firmware\MXTmpFiles\rtos_threads.tmp
2025-03-18 20:11:43,925 [INFO] Middleware:1452 - No code input for Bsp Dependency
2025-03-18 20:11:43,955 [INFO] CodeEngine:263 - oldGeneratedFile, C:\Users\pwlub\Desktop\PUTM_EV_REARBOX_2024\firmware\MXTmpFiles\rtos_inc.tmp_save
2025-03-18 20:11:44,084 [INFO] CodeEngine:287 - Generated code: C:\Users\pwlub\Desktop\PUTM_EV_REARBOX_2024\firmware\MXTmpFiles\rtos_inc.tmp
2025-03-18 20:11:44,092 [INFO] CodeEngine:263 - oldGeneratedFile, C:\Users\pwlub\Desktop\PUTM_EV_REARBOX_2024\firmware\MXTmpFiles\rtos_kernelInit.tmp_save
2025-03-18 20:11:44,188 [INFO] CodeEngine:287 - Generated code: C:\Users\pwlub\Desktop\PUTM_EV_REARBOX_2024\firmware\MXTmpFiles\rtos_kernelInit.tmp
2025-03-18 20:11:44,193 [INFO] CodeEngine:263 - oldGeneratedFile, C:\Users\pwlub\Desktop\PUTM_EV_REARBOX_2024\firmware\MXTmpFiles\rtos_kernelStart.tmp_save
2025-03-18 20:11:44,311 [INFO] CodeEngine:287 - Generated code: C:\Users\pwlub\Desktop\PUTM_EV_REARBOX_2024\firmware\MXTmpFiles\rtos_kernelStart.tmp
2025-03-18 20:11:44,319 [INFO] CodeEngine:263 - oldGeneratedFile, C:\Users\pwlub\Desktop\PUTM_EV_REARBOX_2024\firmware\MXTmpFiles\rtos_typedefs.tmp_save
2025-03-18 20:11:44,411 [INFO] CodeEngine:287 - Generated code: C:\Users\pwlub\Desktop\PUTM_EV_REARBOX_2024\firmware\MXTmpFiles\rtos_typedefs.tmp
2025-03-18 20:11:44,434 [INFO] CodeEngine:263 - oldGeneratedFile, C:\Users\pwlub\Desktop\PUTM_EV_REARBOX_2024\firmware\MXTmpFiles\rtos_vars.tmp_save
2025-03-18 20:11:44,576 [INFO] CodeEngine:287 - Generated code: C:\Users\pwlub\Desktop\PUTM_EV_REARBOX_2024\firmware\MXTmpFiles\rtos_vars.tmp
2025-03-18 20:11:44,604 [INFO] CodeEngine:263 - oldGeneratedFile, C:\Users\pwlub\Desktop\PUTM_EV_REARBOX_2024\firmware\MXTmpFiles\rtos_pfp.tmp_save
2025-03-18 20:11:44,715 [INFO] CodeEngine:287 - Generated code: C:\Users\pwlub\Desktop\PUTM_EV_REARBOX_2024\firmware\MXTmpFiles\rtos_pfp.tmp
2025-03-18 20:11:44,737 [INFO] CodeEngine:263 - oldGeneratedFile, C:\Users\pwlub\Desktop\PUTM_EV_REARBOX_2024\firmware\MXTmpFiles\rtos_obj_creat.tmp_save
2025-03-18 20:11:44,845 [INFO] CodeEngine:287 - Generated code: C:\Users\pwlub\Desktop\PUTM_EV_REARBOX_2024\firmware\MXTmpFiles\rtos_obj_creat.tmp
2025-03-18 20:11:44,852 [INFO] CodeEngine:263 - oldGeneratedFile, C:\Users\pwlub\Desktop\PUTM_EV_REARBOX_2024\firmware\MXTmpFiles\rtos_default_thread.tmp_save
2025-03-18 20:11:44,973 [INFO] CodeEngine:287 - Generated code: C:\Users\pwlub\Desktop\PUTM_EV_REARBOX_2024\firmware\MXTmpFiles\rtos_default_thread.tmp
2025-03-18 20:11:44,981 [INFO] CodeEngine:263 - oldGeneratedFile, C:\Users\pwlub\Desktop\PUTM_EV_REARBOX_2024\firmware\MXTmpFiles\rtos_threads.tmp_save
2025-03-18 20:11:45,090 [INFO] CodeEngine:287 - Generated code: C:\Users\pwlub\Desktop\PUTM_EV_REARBOX_2024\firmware\MXTmpFiles\rtos_threads.tmp
2025-03-18 20:11:45,140 [INFO] CodeEngine:263 - oldGeneratedFile, C:\Users\pwlub\Desktop\PUTM_EV_REARBOX_2024\firmware\Core\Inc\FreeRTOSConfig.h_save
2025-03-18 20:11:45,375 [INFO] CodeEngine:287 - Generated code: C:\Users\pwlub\Desktop\PUTM_EV_REARBOX_2024\firmware\Core\Inc\FreeRTOSConfig.h
2025-03-18 20:11:45,445 [INFO] CodeEngine:263 - oldGeneratedFile, C:\Users\pwlub\Desktop\PUTM_EV_REARBOX_2024\firmware\Core\Src\app_freertos.c_save
2025-03-18 20:11:45,651 [INFO] CodeEngine:287 - Generated code: C:\Users\pwlub\Desktop\PUTM_EV_REARBOX_2024\firmware\Core\Src\app_freertos.c
2025-03-18 20:11:45,713 [INFO] CodeEngine:263 - oldGeneratedFile, C:\Users\pwlub\Desktop\PUTM_EV_REARBOX_2024\firmware\Core\Src\adc.c_save
2025-03-18 20:11:46,172 [INFO] CodeEngine:287 - Generated code: C:\Users\pwlub\Desktop\PUTM_EV_REARBOX_2024\firmware\Core\Src\adc.c
2025-03-18 20:11:46,213 [INFO] CodeEngine:263 - oldGeneratedFile, C:\Users\pwlub\Desktop\PUTM_EV_REARBOX_2024\firmware\Core\Inc\adc.h_save
2025-03-18 20:11:46,432 [INFO] CodeEngine:287 - Generated code: C:\Users\pwlub\Desktop\PUTM_EV_REARBOX_2024\firmware\Core\Inc\adc.h
2025-03-18 20:11:46,483 [INFO] CodeEngine:263 - oldGeneratedFile, C:\Users\pwlub\Desktop\PUTM_EV_REARBOX_2024\firmware\Core\Src\dac.c_save
2025-03-18 20:11:46,746 [INFO] CodeEngine:287 - Generated code: C:\Users\pwlub\Desktop\PUTM_EV_REARBOX_2024\firmware\Core\Src\dac.c
2025-03-18 20:11:46,774 [INFO] CodeEngine:263 - oldGeneratedFile, C:\Users\pwlub\Desktop\PUTM_EV_REARBOX_2024\firmware\Core\Inc\dac.h_save
2025-03-18 20:11:47,004 [INFO] CodeEngine:287 - Generated code: C:\Users\pwlub\Desktop\PUTM_EV_REARBOX_2024\firmware\Core\Inc\dac.h
2025-03-18 20:11:47,211 [INFO] CodeEngine:263 - oldGeneratedFile, C:\Users\pwlub\Desktop\PUTM_EV_REARBOX_2024\firmware\Core\Src\dma.c_save
2025-03-18 20:11:47,395 [INFO] CodeEngine:287 - Generated code: C:\Users\pwlub\Desktop\PUTM_EV_REARBOX_2024\firmware\Core\Src\dma.c
2025-03-18 20:11:47,442 [INFO] CodeEngine:263 - oldGeneratedFile, C:\Users\pwlub\Desktop\PUTM_EV_REARBOX_2024\firmware\Core\Inc\dma.h_save
2025-03-18 20:11:47,623 [INFO] CodeEngine:287 - Generated code: C:\Users\pwlub\Desktop\PUTM_EV_REARBOX_2024\firmware\Core\Inc\dma.h
2025-03-18 20:11:47,670 [INFO] CodeEngine:263 - oldGeneratedFile, C:\Users\pwlub\Desktop\PUTM_EV_REARBOX_2024\firmware\Core\Src\fdcan.c_save
2025-03-18 20:11:47,869 [INFO] CodeEngine:287 - Generated code: C:\Users\pwlub\Desktop\PUTM_EV_REARBOX_2024\firmware\Core\Src\fdcan.c
2025-03-18 20:11:47,890 [INFO] CodeEngine:263 - oldGeneratedFile, C:\Users\pwlub\Desktop\PUTM_EV_REARBOX_2024\firmware\Core\Inc\fdcan.h_save
2025-03-18 20:11:48,046 [INFO] CodeEngine:287 - Generated code: C:\Users\pwlub\Desktop\PUTM_EV_REARBOX_2024\firmware\Core\Inc\fdcan.h
2025-03-18 20:11:48,092 [INFO] CodeEngine:263 - oldGeneratedFile, C:\Users\pwlub\Desktop\PUTM_EV_REARBOX_2024\firmware\Core\Src\i2c.c_save
2025-03-18 20:11:48,327 [INFO] CodeEngine:287 - Generated code: C:\Users\pwlub\Desktop\PUTM_EV_REARBOX_2024\firmware\Core\Src\i2c.c
2025-03-18 20:11:48,346 [INFO] CodeEngine:263 - oldGeneratedFile, C:\Users\pwlub\Desktop\PUTM_EV_REARBOX_2024\firmware\Core\Inc\i2c.h_save
2025-03-18 20:11:48,506 [INFO] CodeEngine:287 - Generated code: C:\Users\pwlub\Desktop\PUTM_EV_REARBOX_2024\firmware\Core\Inc\i2c.h
2025-03-18 20:11:48,551 [INFO] CodeEngine:263 - oldGeneratedFile, C:\Users\pwlub\Desktop\PUTM_EV_REARBOX_2024\firmware\Core\Src\iwdg.c_save
2025-03-18 20:11:48,728 [INFO] CodeEngine:287 - Generated code: C:\Users\pwlub\Desktop\PUTM_EV_REARBOX_2024\firmware\Core\Src\iwdg.c
2025-03-18 20:11:48,749 [INFO] CodeEngine:263 - oldGeneratedFile, C:\Users\pwlub\Desktop\PUTM_EV_REARBOX_2024\firmware\Core\Inc\iwdg.h_save
2025-03-18 20:11:48,919 [INFO] CodeEngine:287 - Generated code: C:\Users\pwlub\Desktop\PUTM_EV_REARBOX_2024\firmware\Core\Inc\iwdg.h
2025-03-18 20:11:48,964 [INFO] CodeEngine:263 - oldGeneratedFile, C:\Users\pwlub\Desktop\PUTM_EV_REARBOX_2024\firmware\Core\Src\spi.c_save
2025-03-18 20:11:49,177 [INFO] CodeEngine:287 - Generated code: C:\Users\pwlub\Desktop\PUTM_EV_REARBOX_2024\firmware\Core\Src\spi.c
2025-03-18 20:11:49,198 [INFO] CodeEngine:263 - oldGeneratedFile, C:\Users\pwlub\Desktop\PUTM_EV_REARBOX_2024\firmware\Core\Inc\spi.h_save
2025-03-18 20:11:49,342 [INFO] CodeEngine:287 - Generated code: C:\Users\pwlub\Desktop\PUTM_EV_REARBOX_2024\firmware\Core\Inc\spi.h
2025-03-18 20:11:49,386 [INFO] CodeEngine:263 - oldGeneratedFile, C:\Users\pwlub\Desktop\PUTM_EV_REARBOX_2024\firmware\Core\Src\usart.c_save
2025-03-18 20:11:49,580 [INFO] CodeEngine:287 - Generated code: C:\Users\pwlub\Desktop\PUTM_EV_REARBOX_2024\firmware\Core\Src\usart.c
2025-03-18 20:11:49,605 [INFO] CodeEngine:263 - oldGeneratedFile, C:\Users\pwlub\Desktop\PUTM_EV_REARBOX_2024\firmware\Core\Inc\usart.h_save
2025-03-18 20:11:49,806 [INFO] CodeEngine:287 - Generated code: C:\Users\pwlub\Desktop\PUTM_EV_REARBOX_2024\firmware\Core\Inc\usart.h
2025-03-18 20:11:49,888 [INFO] CodeEngine:263 - oldGeneratedFile, C:\Users\pwlub\Desktop\PUTM_EV_REARBOX_2024\firmware\Core\Src\stm32g4xx_it.c_save
2025-03-18 20:11:50,132 [INFO] CodeEngine:287 - Generated code: C:\Users\pwlub\Desktop\PUTM_EV_REARBOX_2024\firmware\Core\Src\stm32g4xx_it.c
2025-03-18 20:11:50,191 [INFO] CodeEngine:263 - oldGeneratedFile, C:\Users\pwlub\Desktop\PUTM_EV_REARBOX_2024\firmware\Core\Inc\stm32g4xx_it.h_save
2025-03-18 20:11:50,409 [INFO] CodeEngine:287 - Generated code: C:\Users\pwlub\Desktop\PUTM_EV_REARBOX_2024\firmware\Core\Inc\stm32g4xx_it.h
2025-03-18 20:11:50,509 [INFO] CodeEngine:263 - oldGeneratedFile, C:\Users\pwlub\Desktop\PUTM_EV_REARBOX_2024\firmware\Core\Src\stm32g4xx_hal_msp.c_save
2025-03-18 20:11:50,703 [INFO] CodeEngine:287 - Generated code: C:\Users\pwlub\Desktop\PUTM_EV_REARBOX_2024\firmware\Core\Src\stm32g4xx_hal_msp.c
2025-03-18 20:11:50,732 [INFO] CodeEngine:263 - oldGeneratedFile, C:\Users\pwlub\Desktop\PUTM_EV_REARBOX_2024\firmware\MXTmpFiles\system.tmp_save
2025-03-18 20:11:50,849 [INFO] CodeEngine:287 - Generated code: C:\Users\pwlub\Desktop\PUTM_EV_REARBOX_2024\firmware\MXTmpFiles\system.tmp
2025-03-18 20:11:50,883 [INFO] CodeEngine:263 - oldGeneratedFile, C:\Users\pwlub\Desktop\PUTM_EV_REARBOX_2024\firmware\Core\Src\stm32g4xx_hal_timebase_tim.c_save
2025-03-18 20:11:51,032 [INFO] CodeEngine:287 - Generated code: C:\Users\pwlub\Desktop\PUTM_EV_REARBOX_2024\firmware\Core\Src\stm32g4xx_hal_timebase_tim.c
2025-03-18 20:11:51,096 [INFO] CodeEngine:319 - oldGeneratedFile, C:\Users\pwlub\Desktop\PUTM_EV_REARBOX_2024\firmware\Core\Inc\stm32g4xx_hal_conf.h_save
2025-03-18 20:11:51,271 [INFO] CodeEngine:343 - Generated code: C:\Users\pwlub\Desktop\PUTM_EV_REARBOX_2024\firmware\Core\Inc\stm32g4xx_hal_conf.h
2025-03-18 20:11:51,337 [WARN] IPConfigManager:3174 - Warning: the RefConfig RCC_CommonPeriphClockConfig is not available in your config.xml file
2025-03-18 20:11:51,356 [INFO] ApiDbMcu:508 - Load IP Config File for ADC1
2025-03-18 20:11:51,363 [INFO] ApiDbMcu:508 - Load IP Config File for ADC2
2025-03-18 20:11:51,368 [INFO] ApiDbMcu:508 - Load IP Config File for DAC1
2025-03-18 20:11:51,378 [INFO] ApiDbMcu:508 - Load IP Config File for FDCAN1
2025-03-18 20:11:51,384 [INFO] ApiDbMcu:508 - Load IP Config File for I2C1
2025-03-18 20:11:51,390 [INFO] ApiDbMcu:508 - Load IP Config File for I2C2
2025-03-18 20:11:51,395 [INFO] ApiDbMcu:508 - Load IP Config File for I2C3
2025-03-18 20:11:51,397 [INFO] ApiDbMcu:508 - Load IP Config File for IWDG
2025-03-18 20:11:51,404 [INFO] ApiDbMcu:508 - Load IP Config File for SPI3
2025-03-18 20:11:51,427 [INFO] ApiDbMcu:508 - Load IP Config File for USART3
2025-03-18 20:11:51,432 [INFO] ApiDbMcu:508 - Load IP Config File for RCC
2025-03-18 20:11:51,487 [INFO] CodeEngine:263 - oldGeneratedFile, C:\Users\pwlub\Desktop\PUTM_EV_REARBOX_2024\firmware\Core\Inc\main.h_save
2025-03-18 20:11:51,719 [INFO] CodeEngine:287 - Generated code: C:\Users\pwlub\Desktop\PUTM_EV_REARBOX_2024\firmware\Core\Inc\main.h
2025-03-18 20:11:51,752 [INFO] CodeEngine:263 - oldGeneratedFile, C:\Users\pwlub\Desktop\PUTM_EV_REARBOX_2024\firmware\Core\Src\main.c_save
2025-03-18 20:11:52,022 [INFO] CodeEngine:287 - Generated code: C:\Users\pwlub\Desktop\PUTM_EV_REARBOX_2024\firmware\Core\Src\main.c
2025-03-18 20:11:52,816 [INFO] ProjectBuilder:3324 - Time for Copy HAL[1] : 434mS.
2025-03-18 20:11:52,831 [INFO] ProjectBuilder:4912 - Project Generator version: 4.6.0-B36
2025-03-18 20:11:53,013 [INFO] ConfigFileManager:1590 - The Die is : DIE469
2025-03-18 20:11:53,030 [INFO] ApiDbMcu:508 - Load IP Config File for FATFS
2025-03-18 20:11:53,061 [INFO] ApiDbMcu:508 - Load IP Config File for USBPD
2025-03-18 20:11:53,096 [INFO] ApiDbMcu:508 - Load IP Config File for USB_DEVICE
2025-03-18 20:11:54,661 [INFO] LogOutputStream:77 - [STDOUT_REDIRECT] 
2025-03-18 20:12:01,429 [INFO] ProjectBuilder:5191 - Time for Generating toolchain IDE Files: 8598mS.
2025-03-18 20:12:01,431 [INFO] ProjectBuilder:3181 - Time for Copy CMSIS : 0mS.
2025-03-18 20:12:01,441 [INFO] ProjectBuilder:3181 - Time for Copy CMSIS : 0mS.
2025-03-18 20:17:43,885 [INFO] UtilMem:75 - End SaveConfig() Used Memory: 814745600 Bytes (1073741824)
2025-03-18 20:17:44,261 [INFO] BlockDiagram:2775 - set Specific Code input for plugin: SPI
2025-03-18 20:17:44,261 [INFO] BlockDiagram:2775 - set Specific Code input for plugin: FREERTOS
2025-03-18 20:17:44,261 [INFO] BlockDiagram:2775 - set Specific Code input for plugin: IWDG
2025-03-18 20:17:44,261 [INFO] BlockDiagram:2775 - set Specific Code input for plugin: DAC
2025-03-18 20:17:44,261 [INFO] BlockDiagram:2775 - set Specific Code input for plugin: ADC
2025-03-18 20:17:44,262 [INFO] BlockDiagram:2775 - set Specific Code input for plugin: SYS
2025-03-18 20:17:44,262 [INFO] BlockDiagram:2775 - set Specific Code input for plugin: ADC
2025-03-18 20:17:44,262 [INFO] BlockDiagram:2775 - set Specific Code input for plugin: RCC
2025-03-18 20:17:44,262 [INFO] BlockDiagram:2775 - set Specific Code input for plugin: I2C
2025-03-18 20:17:44,262 [INFO] BlockDiagram:2775 - set Specific Code input for plugin: I2C
2025-03-18 20:17:44,262 [INFO] BlockDiagram:2775 - set Specific Code input for plugin: I2C
2025-03-18 20:17:44,262 [INFO] BlockDiagram:2775 - set Specific Code input for plugin: NVIC
2025-03-18 20:17:44,262 [INFO] BlockDiagram:2775 - set Specific Code input for plugin: USART
2025-03-18 20:17:44,262 [INFO] BlockDiagram:2775 - set Specific Code input for plugin: DMA
2025-03-18 20:17:44,263 [INFO] BlockDiagram:2775 - set Specific Code input for plugin: GPIO
2025-03-18 20:17:44,263 [INFO] BlockDiagram:2775 - set Specific Code input for plugin: FDCAN
2025-03-18 20:17:44,264 [INFO] CodeGenerator:882 - code generatio: config db path: C:/Users/pwlub/.stm32cubemx/databases/DB.6.0.111/db/
2025-03-18 20:17:44,296 [INFO] Argument:325 - Argument : hdmavalue: null
2025-03-18 20:17:44,296 [INFO] Argument:327 - 	 sub Args: 
2025-03-18 20:17:44,296 [INFO] Argument:325 - Argument : Instancevalue: DMA1_Channel1
2025-03-18 20:17:44,296 [INFO] Argument:335 - Argument : Instancevalue: DMA1_Channel1
2025-03-18 20:17:44,296 [INFO] Argument:325 - Argument : Initvalue: null
2025-03-18 20:17:44,296 [INFO] Argument:327 - 	 sub Args: 
2025-03-18 20:17:44,296 [INFO] Argument:325 - Argument : Requestvalue: DMA_REQUEST_ADC1
2025-03-18 20:17:44,296 [INFO] Argument:335 - Argument : Requestvalue: DMA_REQUEST_ADC1
2025-03-18 20:17:44,296 [INFO] Argument:325 - Argument : Directionvalue: DMA_PERIPH_TO_MEMORY
2025-03-18 20:17:44,297 [INFO] Argument:335 - Argument : Directionvalue: DMA_PERIPH_TO_MEMORY
2025-03-18 20:17:44,297 [INFO] Argument:325 - Argument : PeriphIncvalue: DMA_PINC_DISABLE
2025-03-18 20:17:44,297 [INFO] Argument:335 - Argument : PeriphIncvalue: DMA_PINC_DISABLE
2025-03-18 20:17:44,297 [INFO] Argument:325 - Argument : MemIncvalue: DMA_MINC_ENABLE
2025-03-18 20:17:44,297 [INFO] Argument:335 - Argument : MemIncvalue: DMA_MINC_ENABLE
2025-03-18 20:17:44,297 [INFO] Argument:325 - Argument : PeriphDataAlignmentvalue: DMA_PDATAALIGN_HALFWORD
2025-03-18 20:17:44,297 [INFO] Argument:335 - Argument : PeriphDataAlignmentvalue: DMA_PDATAALIGN_HALFWORD
2025-03-18 20:17:44,297 [INFO] Argument:325 - Argument : MemDataAlignmentvalue: DMA_MDATAALIGN_HALFWORD
2025-03-18 20:17:44,297 [INFO] Argument:335 - Argument : MemDataAlignmentvalue: DMA_MDATAALIGN_HALFWORD
2025-03-18 20:17:44,297 [INFO] Argument:325 - Argument : Modevalue: DMA_CIRCULAR
2025-03-18 20:17:44,298 [INFO] Argument:335 - Argument : Modevalue: DMA_CIRCULAR
2025-03-18 20:17:44,298 [INFO] Argument:325 - Argument : Priorityvalue: DMA_PRIORITY_LOW
2025-03-18 20:17:44,298 [INFO] Argument:335 - Argument : Priorityvalue: DMA_PRIORITY_LOW
2025-03-18 20:17:44,298 [INFO] Argument:325 - Argument : Lockvalue: null
2025-03-18 20:17:44,298 [INFO] Argument:335 - Argument : Lockvalue: null
2025-03-18 20:17:44,298 [INFO] Argument:325 - Argument : Statevalue: null
2025-03-18 20:17:44,298 [INFO] Argument:335 - Argument : Statevalue: null
2025-03-18 20:17:44,298 [INFO] Argument:325 - Argument : Parentvalue: null
2025-03-18 20:17:44,298 [INFO] Argument:335 - Argument : Parentvalue: null
2025-03-18 20:17:44,298 [INFO] Argument:325 - Argument : XferCpltCallbackvalue: null
2025-03-18 20:17:44,298 [INFO] Argument:335 - Argument : XferCpltCallbackvalue: null
2025-03-18 20:17:44,298 [INFO] Argument:325 - Argument : XferHalfCpltCallbackvalue: null
2025-03-18 20:17:44,298 [INFO] Argument:335 - Argument : XferHalfCpltCallbackvalue: null
2025-03-18 20:17:44,298 [INFO] Argument:325 - Argument : XferErrorCallbackvalue: null
2025-03-18 20:17:44,298 [INFO] Argument:335 - Argument : XferErrorCallbackvalue: null
2025-03-18 20:17:44,298 [INFO] Argument:325 - Argument : XferAbortCallbackvalue: null
2025-03-18 20:17:44,298 [INFO] Argument:335 - Argument : XferAbortCallbackvalue: null
2025-03-18 20:17:44,299 [INFO] Argument:325 - Argument : ErrorCodevalue: null
2025-03-18 20:17:44,299 [INFO] Argument:335 - Argument : ErrorCodevalue: null
2025-03-18 20:17:44,299 [INFO] Argument:325 - Argument : ChannelIndexvalue: null
2025-03-18 20:17:44,299 [INFO] Argument:335 - Argument : ChannelIndexvalue: null
2025-03-18 20:17:44,299 [INFO] Argument:325 - Argument : DMAmuxChannelvalue: null
2025-03-18 20:17:44,299 [INFO] Argument:335 - Argument : DMAmuxChannelvalue: null
2025-03-18 20:17:44,299 [INFO] Argument:325 - Argument : DMAmuxChannelStatusvalue: null
2025-03-18 20:17:44,299 [INFO] Argument:335 - Argument : DMAmuxChannelStatusvalue: null
2025-03-18 20:17:44,299 [INFO] Argument:325 - Argument : DMAmuxChannelStatusMaskvalue: null
2025-03-18 20:17:44,299 [INFO] Argument:335 - Argument : DMAmuxChannelStatusMaskvalue: null
2025-03-18 20:17:44,299 [INFO] Argument:325 - Argument : DMAmuxRequestGenvalue: null
2025-03-18 20:17:44,299 [INFO] Argument:335 - Argument : DMAmuxRequestGenvalue: null
2025-03-18 20:17:44,299 [INFO] Argument:325 - Argument : DMAmuxRequestGenStatusvalue: null
2025-03-18 20:17:44,299 [INFO] Argument:335 - Argument : DMAmuxRequestGenStatusvalue: null
2025-03-18 20:17:44,299 [INFO] Argument:325 - Argument : DMAmuxRequestGenStatusMaskvalue: null
2025-03-18 20:17:44,299 [INFO] Argument:335 - Argument : DMAmuxRequestGenStatusMaskvalue: null
2025-03-18 20:17:44,323 [INFO] Argument:325 - Argument : hdmavalue: null
2025-03-18 20:17:44,323 [INFO] Argument:327 - 	 sub Args: 
2025-03-18 20:17:44,325 [INFO] Argument:325 - Argument : Instancevalue: DMA2_Channel2
2025-03-18 20:17:44,325 [INFO] Argument:335 - Argument : Instancevalue: DMA2_Channel2
2025-03-18 20:17:44,325 [INFO] Argument:325 - Argument : Initvalue: null
2025-03-18 20:17:44,325 [INFO] Argument:327 - 	 sub Args: 
2025-03-18 20:17:44,325 [INFO] Argument:325 - Argument : Requestvalue: DMA_REQUEST_ADC2
2025-03-18 20:17:44,325 [INFO] Argument:335 - Argument : Requestvalue: DMA_REQUEST_ADC2
2025-03-18 20:17:44,325 [INFO] Argument:325 - Argument : Directionvalue: DMA_PERIPH_TO_MEMORY
2025-03-18 20:17:44,325 [INFO] Argument:335 - Argument : Directionvalue: DMA_PERIPH_TO_MEMORY
2025-03-18 20:17:44,325 [INFO] Argument:325 - Argument : PeriphIncvalue: DMA_PINC_DISABLE
2025-03-18 20:17:44,325 [INFO] Argument:335 - Argument : PeriphIncvalue: DMA_PINC_DISABLE
2025-03-18 20:17:44,326 [INFO] Argument:325 - Argument : MemIncvalue: DMA_MINC_ENABLE
2025-03-18 20:17:44,326 [INFO] Argument:335 - Argument : MemIncvalue: DMA_MINC_ENABLE
2025-03-18 20:17:44,326 [INFO] Argument:325 - Argument : PeriphDataAlignmentvalue: DMA_PDATAALIGN_HALFWORD
2025-03-18 20:17:44,326 [INFO] Argument:335 - Argument : PeriphDataAlignmentvalue: DMA_PDATAALIGN_HALFWORD
2025-03-18 20:17:44,326 [INFO] Argument:325 - Argument : MemDataAlignmentvalue: DMA_MDATAALIGN_HALFWORD
2025-03-18 20:17:44,326 [INFO] Argument:335 - Argument : MemDataAlignmentvalue: DMA_MDATAALIGN_HALFWORD
2025-03-18 20:17:44,326 [INFO] Argument:325 - Argument : Modevalue: DMA_CIRCULAR
2025-03-18 20:17:44,326 [INFO] Argument:335 - Argument : Modevalue: DMA_CIRCULAR
2025-03-18 20:17:44,326 [INFO] Argument:325 - Argument : Priorityvalue: DMA_PRIORITY_LOW
2025-03-18 20:17:44,327 [INFO] Argument:335 - Argument : Priorityvalue: DMA_PRIORITY_LOW
2025-03-18 20:17:44,327 [INFO] Argument:325 - Argument : Lockvalue: null
2025-03-18 20:17:44,327 [INFO] Argument:335 - Argument : Lockvalue: null
2025-03-18 20:17:44,327 [INFO] Argument:325 - Argument : Statevalue: null
2025-03-18 20:17:44,327 [INFO] Argument:335 - Argument : Statevalue: null
2025-03-18 20:17:44,327 [INFO] Argument:325 - Argument : Parentvalue: null
2025-03-18 20:17:44,327 [INFO] Argument:335 - Argument : Parentvalue: null
2025-03-18 20:17:44,327 [INFO] Argument:325 - Argument : XferCpltCallbackvalue: null
2025-03-18 20:17:44,328 [INFO] Argument:335 - Argument : XferCpltCallbackvalue: null
2025-03-18 20:17:44,328 [INFO] Argument:325 - Argument : XferHalfCpltCallbackvalue: null
2025-03-18 20:17:44,328 [INFO] Argument:335 - Argument : XferHalfCpltCallbackvalue: null
2025-03-18 20:17:44,328 [INFO] Argument:325 - Argument : XferErrorCallbackvalue: null
2025-03-18 20:17:44,328 [INFO] Argument:335 - Argument : XferErrorCallbackvalue: null
2025-03-18 20:17:44,328 [INFO] Argument:325 - Argument : XferAbortCallbackvalue: null
2025-03-18 20:17:44,328 [INFO] Argument:335 - Argument : XferAbortCallbackvalue: null
2025-03-18 20:17:44,328 [INFO] Argument:325 - Argument : ErrorCodevalue: null
2025-03-18 20:17:44,328 [INFO] Argument:335 - Argument : ErrorCodevalue: null
2025-03-18 20:17:44,328 [INFO] Argument:325 - Argument : ChannelIndexvalue: null
2025-03-18 20:17:44,328 [INFO] Argument:335 - Argument : ChannelIndexvalue: null
2025-03-18 20:17:44,328 [INFO] Argument:325 - Argument : DMAmuxChannelvalue: null
2025-03-18 20:17:44,328 [INFO] Argument:335 - Argument : DMAmuxChannelvalue: null
2025-03-18 20:17:44,328 [INFO] Argument:325 - Argument : DMAmuxChannelStatusvalue: null
2025-03-18 20:17:44,328 [INFO] Argument:335 - Argument : DMAmuxChannelStatusvalue: null
2025-03-18 20:17:44,328 [INFO] Argument:325 - Argument : DMAmuxChannelStatusMaskvalue: null
2025-03-18 20:17:44,328 [INFO] Argument:335 - Argument : DMAmuxChannelStatusMaskvalue: null
2025-03-18 20:17:44,328 [INFO] Argument:325 - Argument : DMAmuxRequestGenvalue: null
2025-03-18 20:17:44,328 [INFO] Argument:335 - Argument : DMAmuxRequestGenvalue: null
2025-03-18 20:17:44,328 [INFO] Argument:325 - Argument : DMAmuxRequestGenStatusvalue: null
2025-03-18 20:17:44,328 [INFO] Argument:335 - Argument : DMAmuxRequestGenStatusvalue: null
2025-03-18 20:17:44,329 [INFO] Argument:325 - Argument : DMAmuxRequestGenStatusMaskvalue: null
2025-03-18 20:17:44,329 [INFO] Argument:335 - Argument : DMAmuxRequestGenStatusMaskvalue: null
2025-03-18 20:17:44,337 [WARN] IP:2250 - MessageRAMOffset not found: check if there is a RefParameter without a condition.
2025-03-18 20:17:44,338 [WARN] IP:2250 - RxFifo0ElmtsNbr not found: check if there is a RefParameter without a condition.
2025-03-18 20:17:44,338 [WARN] IP:2250 - RxFifo0ElmtSize not found: check if there is a RefParameter without a condition.
2025-03-18 20:17:44,338 [WARN] IP:2250 - RxFifo1ElmtsNbr not found: check if there is a RefParameter without a condition.
2025-03-18 20:17:44,338 [WARN] IP:2250 - RxFifo1ElmtSize not found: check if there is a RefParameter without a condition.
2025-03-18 20:17:44,338 [WARN] IP:2250 - RxBuffersNbr not found: check if there is a RefParameter without a condition.
2025-03-18 20:17:44,338 [WARN] IP:2250 - RxBufferSize not found: check if there is a RefParameter without a condition.
2025-03-18 20:17:44,338 [WARN] IP:2250 - TxEventsNbr not found: check if there is a RefParameter without a condition.
2025-03-18 20:17:44,338 [WARN] IP:2250 - TxBuffersNbr not found: check if there is a RefParameter without a condition.
2025-03-18 20:17:44,338 [WARN] IP:2250 - TxFifoQueueElmtsNbr not found: check if there is a RefParameter without a condition.
2025-03-18 20:17:44,338 [WARN] IP:2250 - TxElmtSize not found: check if there is a RefParameter without a condition.
2025-03-18 20:17:44,338 [WARN] IP:2250 - ClockCalibrationCCU not found: check if there is a RefParameter without a condition.
2025-03-18 20:17:44,339 [WARN] IP:2250 - ClockDividerCCU not found: check if there is a RefParameter without a condition.
2025-03-18 20:17:44,339 [WARN] IP:2250 - MinOscClkPeriodsCCU not found: check if there is a RefParameter without a condition.
2025-03-18 20:17:44,339 [WARN] IP:2250 - TimeQuantaPerBitTimeCCU not found: check if there is a RefParameter without a condition.
2025-03-18 20:17:44,339 [WARN] IP:2250 - WatchdogStartValueCCU not found: check if there is a RefParameter without a condition.
2025-03-18 20:17:44,575 [INFO] CodeEngine:263 - oldGeneratedFile, C:\Users\pwlub\Desktop\PUTM_EV_REARBOX_2024\firmware\MXTmpFiles\license.tmp_save
2025-03-18 20:17:44,824 [INFO] CodeEngine:287 - Generated code: C:\Users\pwlub\Desktop\PUTM_EV_REARBOX_2024\firmware\MXTmpFiles\license.tmp
2025-03-18 20:17:45,255 [INFO] CodeEngine:263 - oldGeneratedFile, C:\Users\pwlub\Desktop\PUTM_EV_REARBOX_2024\firmware\Core\Src\gpio.c_save
2025-03-18 20:17:45,553 [INFO] CodeEngine:287 - Generated code: C:\Users\pwlub\Desktop\PUTM_EV_REARBOX_2024\firmware\Core\Src\gpio.c
2025-03-18 20:17:45,595 [INFO] CodeEngine:263 - oldGeneratedFile, C:\Users\pwlub\Desktop\PUTM_EV_REARBOX_2024\firmware\Core\Inc\gpio.h_save
2025-03-18 20:17:45,784 [INFO] CodeEngine:287 - Generated code: C:\Users\pwlub\Desktop\PUTM_EV_REARBOX_2024\firmware\Core\Inc\gpio.h
2025-03-18 20:17:48,541 [INFO] Middleware:1452 - No code input for Bsp Dependency
2025-03-18 20:17:48,551 [INFO] CodeEngine:263 - oldGeneratedFile, C:\Users\pwlub\Desktop\PUTM_EV_REARBOX_2024\firmware\MXTmpFiles\rtos_inc.tmp_save
2025-03-18 20:17:48,667 [INFO] CodeEngine:287 - Generated code: C:\Users\pwlub\Desktop\PUTM_EV_REARBOX_2024\firmware\MXTmpFiles\rtos_inc.tmp
2025-03-18 20:17:48,671 [INFO] CodeEngine:263 - oldGeneratedFile, C:\Users\pwlub\Desktop\PUTM_EV_REARBOX_2024\firmware\MXTmpFiles\rtos_kernelInit.tmp_save
2025-03-18 20:17:48,748 [INFO] CodeEngine:287 - Generated code: C:\Users\pwlub\Desktop\PUTM_EV_REARBOX_2024\firmware\MXTmpFiles\rtos_kernelInit.tmp
2025-03-18 20:17:48,752 [INFO] CodeEngine:263 - oldGeneratedFile, C:\Users\pwlub\Desktop\PUTM_EV_REARBOX_2024\firmware\MXTmpFiles\rtos_kernelStart.tmp_save
2025-03-18 20:17:48,833 [INFO] CodeEngine:287 - Generated code: C:\Users\pwlub\Desktop\PUTM_EV_REARBOX_2024\firmware\MXTmpFiles\rtos_kernelStart.tmp
2025-03-18 20:17:48,837 [INFO] CodeEngine:263 - oldGeneratedFile, C:\Users\pwlub\Desktop\PUTM_EV_REARBOX_2024\firmware\MXTmpFiles\rtos_typedefs.tmp_save
2025-03-18 20:17:48,903 [INFO] CodeEngine:287 - Generated code: C:\Users\pwlub\Desktop\PUTM_EV_REARBOX_2024\firmware\MXTmpFiles\rtos_typedefs.tmp
2025-03-18 20:17:48,908 [INFO] CodeEngine:263 - oldGeneratedFile, C:\Users\pwlub\Desktop\PUTM_EV_REARBOX_2024\firmware\MXTmpFiles\rtos_vars.tmp_save
2025-03-18 20:17:48,991 [INFO] CodeEngine:287 - Generated code: C:\Users\pwlub\Desktop\PUTM_EV_REARBOX_2024\firmware\MXTmpFiles\rtos_vars.tmp
2025-03-18 20:17:48,996 [INFO] CodeEngine:263 - oldGeneratedFile, C:\Users\pwlub\Desktop\PUTM_EV_REARBOX_2024\firmware\MXTmpFiles\rtos_pfp.tmp_save
2025-03-18 20:17:49,063 [INFO] CodeEngine:287 - Generated code: C:\Users\pwlub\Desktop\PUTM_EV_REARBOX_2024\firmware\MXTmpFiles\rtos_pfp.tmp
2025-03-18 20:17:49,067 [INFO] CodeEngine:263 - oldGeneratedFile, C:\Users\pwlub\Desktop\PUTM_EV_REARBOX_2024\firmware\MXTmpFiles\rtos_obj_creat.tmp_save
2025-03-18 20:17:49,171 [INFO] CodeEngine:287 - Generated code: C:\Users\pwlub\Desktop\PUTM_EV_REARBOX_2024\firmware\MXTmpFiles\rtos_obj_creat.tmp
2025-03-18 20:17:49,175 [INFO] CodeEngine:263 - oldGeneratedFile, C:\Users\pwlub\Desktop\PUTM_EV_REARBOX_2024\firmware\MXTmpFiles\rtos_default_thread.tmp_save
2025-03-18 20:17:49,264 [INFO] CodeEngine:287 - Generated code: C:\Users\pwlub\Desktop\PUTM_EV_REARBOX_2024\firmware\MXTmpFiles\rtos_default_thread.tmp
2025-03-18 20:17:49,268 [INFO] CodeEngine:263 - oldGeneratedFile, C:\Users\pwlub\Desktop\PUTM_EV_REARBOX_2024\firmware\MXTmpFiles\rtos_threads.tmp_save
2025-03-18 20:17:49,347 [INFO] CodeEngine:287 - Generated code: C:\Users\pwlub\Desktop\PUTM_EV_REARBOX_2024\firmware\MXTmpFiles\rtos_threads.tmp
2025-03-18 20:17:49,375 [INFO] Middleware:1452 - No code input for Bsp Dependency
2025-03-18 20:17:49,389 [INFO] CodeEngine:263 - oldGeneratedFile, C:\Users\pwlub\Desktop\PUTM_EV_REARBOX_2024\firmware\MXTmpFiles\rtos_inc.tmp_save
2025-03-18 20:17:49,497 [INFO] CodeEngine:287 - Generated code: C:\Users\pwlub\Desktop\PUTM_EV_REARBOX_2024\firmware\MXTmpFiles\rtos_inc.tmp
2025-03-18 20:17:49,503 [INFO] CodeEngine:263 - oldGeneratedFile, C:\Users\pwlub\Desktop\PUTM_EV_REARBOX_2024\firmware\MXTmpFiles\rtos_kernelInit.tmp_save
2025-03-18 20:17:49,587 [INFO] CodeEngine:287 - Generated code: C:\Users\pwlub\Desktop\PUTM_EV_REARBOX_2024\firmware\MXTmpFiles\rtos_kernelInit.tmp
2025-03-18 20:17:49,596 [INFO] CodeEngine:263 - oldGeneratedFile, C:\Users\pwlub\Desktop\PUTM_EV_REARBOX_2024\firmware\MXTmpFiles\rtos_kernelStart.tmp_save
2025-03-18 20:17:49,685 [INFO] CodeEngine:287 - Generated code: C:\Users\pwlub\Desktop\PUTM_EV_REARBOX_2024\firmware\MXTmpFiles\rtos_kernelStart.tmp
2025-03-18 20:17:49,696 [INFO] CodeEngine:263 - oldGeneratedFile, C:\Users\pwlub\Desktop\PUTM_EV_REARBOX_2024\firmware\MXTmpFiles\rtos_typedefs.tmp_save
2025-03-18 20:17:49,817 [INFO] CodeEngine:287 - Generated code: C:\Users\pwlub\Desktop\PUTM_EV_REARBOX_2024\firmware\MXTmpFiles\rtos_typedefs.tmp
2025-03-18 20:17:49,847 [INFO] CodeEngine:263 - oldGeneratedFile, C:\Users\pwlub\Desktop\PUTM_EV_REARBOX_2024\firmware\MXTmpFiles\rtos_vars.tmp_save
2025-03-18 20:17:49,938 [INFO] CodeEngine:287 - Generated code: C:\Users\pwlub\Desktop\PUTM_EV_REARBOX_2024\firmware\MXTmpFiles\rtos_vars.tmp
2025-03-18 20:17:49,946 [INFO] CodeEngine:263 - oldGeneratedFile, C:\Users\pwlub\Desktop\PUTM_EV_REARBOX_2024\firmware\MXTmpFiles\rtos_pfp.tmp_save
2025-03-18 20:17:50,017 [INFO] CodeEngine:287 - Generated code: C:\Users\pwlub\Desktop\PUTM_EV_REARBOX_2024\firmware\MXTmpFiles\rtos_pfp.tmp
2025-03-18 20:17:50,039 [INFO] CodeEngine:263 - oldGeneratedFile, C:\Users\pwlub\Desktop\PUTM_EV_REARBOX_2024\firmware\MXTmpFiles\rtos_obj_creat.tmp_save
2025-03-18 20:17:50,125 [INFO] CodeEngine:287 - Generated code: C:\Users\pwlub\Desktop\PUTM_EV_REARBOX_2024\firmware\MXTmpFiles\rtos_obj_creat.tmp
2025-03-18 20:17:50,132 [INFO] CodeEngine:263 - oldGeneratedFile, C:\Users\pwlub\Desktop\PUTM_EV_REARBOX_2024\firmware\MXTmpFiles\rtos_default_thread.tmp_save
2025-03-18 20:17:50,200 [INFO] CodeEngine:287 - Generated code: C:\Users\pwlub\Desktop\PUTM_EV_REARBOX_2024\firmware\MXTmpFiles\rtos_default_thread.tmp
2025-03-18 20:17:50,206 [INFO] CodeEngine:263 - oldGeneratedFile, C:\Users\pwlub\Desktop\PUTM_EV_REARBOX_2024\firmware\MXTmpFiles\rtos_threads.tmp_save
2025-03-18 20:17:50,285 [INFO] CodeEngine:287 - Generated code: C:\Users\pwlub\Desktop\PUTM_EV_REARBOX_2024\firmware\MXTmpFiles\rtos_threads.tmp
2025-03-18 20:17:50,304 [INFO] CodeEngine:263 - oldGeneratedFile, C:\Users\pwlub\Desktop\PUTM_EV_REARBOX_2024\firmware\Core\Inc\FreeRTOSConfig.h_save
2025-03-18 20:17:50,431 [INFO] CodeEngine:287 - Generated code: C:\Users\pwlub\Desktop\PUTM_EV_REARBOX_2024\firmware\Core\Inc\FreeRTOSConfig.h
2025-03-18 20:17:50,451 [INFO] CodeEngine:263 - oldGeneratedFile, C:\Users\pwlub\Desktop\PUTM_EV_REARBOX_2024\firmware\Core\Src\app_freertos.c_save
2025-03-18 20:17:50,561 [INFO] CodeEngine:287 - Generated code: C:\Users\pwlub\Desktop\PUTM_EV_REARBOX_2024\firmware\Core\Src\app_freertos.c
2025-03-18 20:17:50,594 [INFO] CodeEngine:263 - oldGeneratedFile, C:\Users\pwlub\Desktop\PUTM_EV_REARBOX_2024\firmware\Core\Src\adc.c_save
2025-03-18 20:17:50,786 [INFO] CodeEngine:287 - Generated code: C:\Users\pwlub\Desktop\PUTM_EV_REARBOX_2024\firmware\Core\Src\adc.c
2025-03-18 20:17:50,813 [INFO] CodeEngine:263 - oldGeneratedFile, C:\Users\pwlub\Desktop\PUTM_EV_REARBOX_2024\firmware\Core\Inc\adc.h_save
2025-03-18 20:17:50,906 [INFO] CodeEngine:287 - Generated code: C:\Users\pwlub\Desktop\PUTM_EV_REARBOX_2024\firmware\Core\Inc\adc.h
2025-03-18 20:17:50,939 [INFO] CodeEngine:263 - oldGeneratedFile, C:\Users\pwlub\Desktop\PUTM_EV_REARBOX_2024\firmware\Core\Src\dac.c_save
2025-03-18 20:17:51,086 [INFO] CodeEngine:287 - Generated code: C:\Users\pwlub\Desktop\PUTM_EV_REARBOX_2024\firmware\Core\Src\dac.c
2025-03-18 20:17:51,092 [INFO] CodeEngine:263 - oldGeneratedFile, C:\Users\pwlub\Desktop\PUTM_EV_REARBOX_2024\firmware\Core\Inc\dac.h_save
2025-03-18 20:17:51,190 [INFO] CodeEngine:287 - Generated code: C:\Users\pwlub\Desktop\PUTM_EV_REARBOX_2024\firmware\Core\Inc\dac.h
2025-03-18 20:17:51,327 [INFO] CodeEngine:263 - oldGeneratedFile, C:\Users\pwlub\Desktop\PUTM_EV_REARBOX_2024\firmware\Core\Src\dma.c_save
2025-03-18 20:17:51,423 [INFO] CodeEngine:287 - Generated code: C:\Users\pwlub\Desktop\PUTM_EV_REARBOX_2024\firmware\Core\Src\dma.c
2025-03-18 20:17:51,430 [INFO] CodeEngine:263 - oldGeneratedFile, C:\Users\pwlub\Desktop\PUTM_EV_REARBOX_2024\firmware\Core\Inc\dma.h_save
2025-03-18 20:17:51,514 [INFO] CodeEngine:287 - Generated code: C:\Users\pwlub\Desktop\PUTM_EV_REARBOX_2024\firmware\Core\Inc\dma.h
2025-03-18 20:17:51,546 [INFO] CodeEngine:263 - oldGeneratedFile, C:\Users\pwlub\Desktop\PUTM_EV_REARBOX_2024\firmware\Core\Src\fdcan.c_save
2025-03-18 20:17:51,699 [INFO] CodeEngine:287 - Generated code: C:\Users\pwlub\Desktop\PUTM_EV_REARBOX_2024\firmware\Core\Src\fdcan.c
2025-03-18 20:17:51,707 [INFO] CodeEngine:263 - oldGeneratedFile, C:\Users\pwlub\Desktop\PUTM_EV_REARBOX_2024\firmware\Core\Inc\fdcan.h_save
2025-03-18 20:17:51,814 [INFO] CodeEngine:287 - Generated code: C:\Users\pwlub\Desktop\PUTM_EV_REARBOX_2024\firmware\Core\Inc\fdcan.h
2025-03-18 20:17:51,851 [INFO] CodeEngine:263 - oldGeneratedFile, C:\Users\pwlub\Desktop\PUTM_EV_REARBOX_2024\firmware\Core\Src\i2c.c_save
2025-03-18 20:17:52,055 [INFO] CodeEngine:287 - Generated code: C:\Users\pwlub\Desktop\PUTM_EV_REARBOX_2024\firmware\Core\Src\i2c.c
2025-03-18 20:17:52,074 [INFO] CodeEngine:263 - oldGeneratedFile, C:\Users\pwlub\Desktop\PUTM_EV_REARBOX_2024\firmware\Core\Inc\i2c.h_save
2025-03-18 20:17:52,172 [INFO] CodeEngine:287 - Generated code: C:\Users\pwlub\Desktop\PUTM_EV_REARBOX_2024\firmware\Core\Inc\i2c.h
2025-03-18 20:17:52,206 [INFO] CodeEngine:263 - oldGeneratedFile, C:\Users\pwlub\Desktop\PUTM_EV_REARBOX_2024\firmware\Core\Src\iwdg.c_save
2025-03-18 20:17:52,351 [INFO] CodeEngine:287 - Generated code: C:\Users\pwlub\Desktop\PUTM_EV_REARBOX_2024\firmware\Core\Src\iwdg.c
2025-03-18 20:17:52,358 [INFO] CodeEngine:263 - oldGeneratedFile, C:\Users\pwlub\Desktop\PUTM_EV_REARBOX_2024\firmware\Core\Inc\iwdg.h_save
2025-03-18 20:17:52,452 [INFO] CodeEngine:287 - Generated code: C:\Users\pwlub\Desktop\PUTM_EV_REARBOX_2024\firmware\Core\Inc\iwdg.h
2025-03-18 20:17:52,485 [INFO] CodeEngine:263 - oldGeneratedFile, C:\Users\pwlub\Desktop\PUTM_EV_REARBOX_2024\firmware\Core\Src\spi.c_save
2025-03-18 20:17:52,650 [INFO] CodeEngine:287 - Generated code: C:\Users\pwlub\Desktop\PUTM_EV_REARBOX_2024\firmware\Core\Src\spi.c
2025-03-18 20:17:52,683 [INFO] CodeEngine:263 - oldGeneratedFile, C:\Users\pwlub\Desktop\PUTM_EV_REARBOX_2024\firmware\Core\Inc\spi.h_save
2025-03-18 20:17:52,795 [INFO] CodeEngine:287 - Generated code: C:\Users\pwlub\Desktop\PUTM_EV_REARBOX_2024\firmware\Core\Inc\spi.h
2025-03-18 20:17:52,847 [INFO] CodeEngine:263 - oldGeneratedFile, C:\Users\pwlub\Desktop\PUTM_EV_REARBOX_2024\firmware\Core\Src\usart.c_save
2025-03-18 20:17:52,993 [INFO] CodeEngine:287 - Generated code: C:\Users\pwlub\Desktop\PUTM_EV_REARBOX_2024\firmware\Core\Src\usart.c
2025-03-18 20:17:52,999 [INFO] CodeEngine:263 - oldGeneratedFile, C:\Users\pwlub\Desktop\PUTM_EV_REARBOX_2024\firmware\Core\Inc\usart.h_save
2025-03-18 20:17:53,070 [INFO] CodeEngine:287 - Generated code: C:\Users\pwlub\Desktop\PUTM_EV_REARBOX_2024\firmware\Core\Inc\usart.h
2025-03-18 20:17:53,112 [INFO] CodeEngine:263 - oldGeneratedFile, C:\Users\pwlub\Desktop\PUTM_EV_REARBOX_2024\firmware\Core\Src\stm32g4xx_it.c_save
2025-03-18 20:17:53,257 [INFO] CodeEngine:287 - Generated code: C:\Users\pwlub\Desktop\PUTM_EV_REARBOX_2024\firmware\Core\Src\stm32g4xx_it.c
2025-03-18 20:17:53,266 [INFO] CodeEngine:263 - oldGeneratedFile, C:\Users\pwlub\Desktop\PUTM_EV_REARBOX_2024\firmware\Core\Inc\stm32g4xx_it.h_save
2025-03-18 20:17:53,414 [INFO] CodeEngine:287 - Generated code: C:\Users\pwlub\Desktop\PUTM_EV_REARBOX_2024\firmware\Core\Inc\stm32g4xx_it.h
2025-03-18 20:17:53,487 [INFO] CodeEngine:263 - oldGeneratedFile, C:\Users\pwlub\Desktop\PUTM_EV_REARBOX_2024\firmware\Core\Src\stm32g4xx_hal_msp.c_save
2025-03-18 20:17:53,650 [INFO] CodeEngine:287 - Generated code: C:\Users\pwlub\Desktop\PUTM_EV_REARBOX_2024\firmware\Core\Src\stm32g4xx_hal_msp.c
2025-03-18 20:17:53,655 [INFO] CodeEngine:263 - oldGeneratedFile, C:\Users\pwlub\Desktop\PUTM_EV_REARBOX_2024\firmware\MXTmpFiles\system.tmp_save
2025-03-18 20:17:53,729 [INFO] CodeEngine:287 - Generated code: C:\Users\pwlub\Desktop\PUTM_EV_REARBOX_2024\firmware\MXTmpFiles\system.tmp
2025-03-18 20:17:53,749 [INFO] CodeEngine:263 - oldGeneratedFile, C:\Users\pwlub\Desktop\PUTM_EV_REARBOX_2024\firmware\Core\Src\stm32g4xx_hal_timebase_tim.c_save
2025-03-18 20:17:53,834 [INFO] CodeEngine:287 - Generated code: C:\Users\pwlub\Desktop\PUTM_EV_REARBOX_2024\firmware\Core\Src\stm32g4xx_hal_timebase_tim.c
2025-03-18 20:17:53,860 [INFO] CodeEngine:319 - oldGeneratedFile, C:\Users\pwlub\Desktop\PUTM_EV_REARBOX_2024\firmware\Core\Inc\stm32g4xx_hal_conf.h_save
2025-03-18 20:17:54,012 [INFO] CodeEngine:343 - Generated code: C:\Users\pwlub\Desktop\PUTM_EV_REARBOX_2024\firmware\Core\Inc\stm32g4xx_hal_conf.h
2025-03-18 20:17:54,060 [WARN] IPConfigManager:3174 - Warning: the RefConfig RCC_CommonPeriphClockConfig is not available in your config.xml file
2025-03-18 20:17:54,094 [INFO] CodeEngine:263 - oldGeneratedFile, C:\Users\pwlub\Desktop\PUTM_EV_REARBOX_2024\firmware\Core\Inc\main.h_save
2025-03-18 20:17:54,201 [INFO] CodeEngine:287 - Generated code: C:\Users\pwlub\Desktop\PUTM_EV_REARBOX_2024\firmware\Core\Inc\main.h
2025-03-18 20:17:54,218 [INFO] CodeEngine:263 - oldGeneratedFile, C:\Users\pwlub\Desktop\PUTM_EV_REARBOX_2024\firmware\Core\Src\main.c_save
2025-03-18 20:17:54,344 [INFO] CodeEngine:287 - Generated code: C:\Users\pwlub\Desktop\PUTM_EV_REARBOX_2024\firmware\Core\Src\main.c
2025-03-18 20:17:55,113 [INFO] ProjectBuilder:3324 - Time for Copy HAL[1] : 398mS.
2025-03-18 20:17:55,120 [INFO] ProjectBuilder:4912 - Project Generator version: 4.6.0-B36
2025-03-18 20:17:55,233 [INFO] ConfigFileManager:1590 - The Die is : DIE469
2025-03-18 20:17:58,145 [INFO] ProjectBuilder:5191 - Time for Generating toolchain IDE Files: 3025mS.
2025-03-18 20:17:58,146 [INFO] ProjectBuilder:3181 - Time for Copy CMSIS : 1mS.
2025-03-18 20:17:58,202 [INFO] ProjectBuilder:3181 - Time for Copy CMSIS : 0mS.
2025-03-18 20:31:13,454 [INFO] WebApp:194 - Connection lost
2025-03-18 20:31:13,857 [INFO] WebApp:191 - Connection restablished
2025-03-18 20:31:36,428 [INFO] WebApp:194 - Connection lost
2025-03-18 20:31:36,596 [INFO] WebApp:191 - Connection restablished
2025-03-18 21:52:35,754 [ERROR] LogOutputStream:75 - [STDERR_REDIRECT] 
2025-03-18 21:52:35,754 [ERROR] LogOutputStream:75 - [STDERR_REDIRECT] 
