2025-06-04 17:53:07,491 [INFO] Activator:176 - 


2025-06-04 17:53:07,500 [INFO] Activator:177 - !SESSION log4j initialized
2025-06-04 17:53:18,382 [INFO] LogOutputStream:77 - [STDOUT_REDIRECT] 
2025-06-04 17:53:20,100 [INFO] LogOutputStream:77 - [STDOUT_REDIRECT] 
2025-06-04 17:53:24,034 [INFO] ApplicationProperties:184 - Using Application install path: C:\ST\STM32CubeIDE_1.18.0\STM32CubeIDE\plugins\com.st.stm32cube.common.mx_6.14.0.202502271554
2025-06-04 17:53:24,061 [INFO] DbMcusXml:78 - Set database path to: C:\ST\STM32CubeIDE_1.18.0\STM32CubeIDE\plugins\com.st.stm32cube.common.mx_6.14.0.202502271554\\db\/mcu/
2025-06-04 17:53:24,061 [INFO] ApiDb:274 - Set plugin database path to: C:\ST\STM32CubeIDE_1.18.0\STM32CubeIDE\plugins\com.st.stm32cube.common.mx_6.14.0.202502271554\\db\/plugins/boardmanager/
2025-06-04 17:53:24,062 [WARN] ApiDb:259 - Overriding images path with different value:  => C:\ST\STM32CubeIDE_1.18.0\STM32CubeIDE\plugins\com.st.stm32cube.common.mx_6.14.0.202502271554\\db\/plugins/mcufinder/images/
2025-06-04 17:53:24,084 [INFO] ApiDb:250 - Set database path to: C:\Users\pwlub\.stmcufinder\plugins\mcufinder//mcu/
2025-06-04 17:53:24,086 [INFO] DbMcusAds:125 - Set database path to: C:\Users\pwlub\.stmcufinder\plugins\mcufinder//mcu/
2025-06-04 17:53:24,089 [INFO] CrossReferenceDbSqlite:203 - Set database path to: C:\Users\pwlub\.stmcufinder\plugins\mcufinder//mcu/cs/
2025-06-04 17:53:24,289 [INFO] RulesReader:64 - Compatibility file has been processed (301 Rules)
2025-06-04 17:53:24,444 [INFO] DbMcusXml:78 - Set database path to: C:\ST\STM32CubeIDE_1.18.0\STM32CubeIDE\plugins\com.st.stm32cube.common.mx_6.14.0.202502271554\\db\/mcu/
2025-06-04 17:53:24,444 [INFO] ApiDb:274 - Set plugin database path to: C:\ST\STM32CubeIDE_1.18.0\STM32CubeIDE\plugins\com.st.stm32cube.common.mx_6.14.0.202502271554\\db\/plugins/boardmanager/
2025-06-04 17:53:24,445 [INFO] ApiDb:261 - Set plugin images path to: C:\ST\STM32CubeIDE_1.18.0\STM32CubeIDE\plugins\com.st.stm32cube.common.mx_6.14.0.202502271554\\db\/plugins/mcufinder/images/
2025-06-04 17:53:24,445 [WARN] DbFile:41 - Overriding database path with different value: C:\Users\pwlub\.stmcufinder\plugins\mcufinder/ => C:\Users\pwlub\.stmcufinder\plugins\mcufinder
2025-06-04 17:53:24,445 [INFO] ApiDb:250 - Set database path to: C:\Users\pwlub\.stmcufinder\plugins\mcufinder//mcu/
2025-06-04 17:53:24,445 [WARN] DbFile:41 - Overriding database path with different value: C:\Users\pwlub\.stmcufinder\plugins\mcufinder/ => C:\Users\pwlub\.stmcufinder\plugins\mcufinder
2025-06-04 17:53:24,445 [INFO] DbMcusAds:125 - Set database path to: C:\Users\pwlub\.stmcufinder\plugins\mcufinder//mcu/
2025-06-04 17:53:24,445 [WARN] DbFile:41 - Overriding database path with different value: C:\Users\pwlub\.stmcufinder\plugins\mcufinder/ => C:\Users\pwlub\.stmcufinder\plugins\mcufinder
2025-06-04 17:53:24,446 [WARN] DbFile:41 - Overriding database path with different value: C:\Users\pwlub\.stmcufinder\plugins\mcufinder/ => C:\Users\pwlub\.stmcufinder\plugins\mcufinder
2025-06-04 17:53:24,448 [INFO] CrossReferenceDbSqlite:203 - Set database path to: C:\Users\pwlub\.stmcufinder\plugins\mcufinder//mcu/cs/
2025-06-04 17:53:24,644 [INFO] MainPanel:272 - HeapMemory: 268435456
2025-06-04 17:53:24,858 [INFO] DbMcusXml:78 - Set database path to: C:\ST\STM32CubeIDE_1.18.0\STM32CubeIDE\plugins\com.st.stm32cube.common.mx_6.14.0.202502271554\\db\/mcu/
2025-06-04 17:53:24,858 [INFO] ApiDb:274 - Set plugin database path to: C:\ST\STM32CubeIDE_1.18.0\STM32CubeIDE\plugins\com.st.stm32cube.common.mx_6.14.0.202502271554\\db\/plugins/boardmanager/
2025-06-04 17:53:24,859 [INFO] ApiDb:261 - Set plugin images path to: C:\ST\STM32CubeIDE_1.18.0\STM32CubeIDE\plugins\com.st.stm32cube.common.mx_6.14.0.202502271554\\db\/plugins/mcufinder/images/
2025-06-04 17:53:24,859 [WARN] DbFile:41 - Overriding database path with different value: C:\Users\pwlub\.stmcufinder\plugins\mcufinder/ => C:\Users\pwlub\.stmcufinder\plugins\mcufinder
2025-06-04 17:53:24,859 [INFO] ApiDb:250 - Set database path to: C:\Users\pwlub\.stmcufinder\plugins\mcufinder//mcu/
2025-06-04 17:53:24,860 [WARN] DbFile:41 - Overriding database path with different value: C:\Users\pwlub\.stmcufinder\plugins\mcufinder/ => C:\Users\pwlub\.stmcufinder\plugins\mcufinder
2025-06-04 17:53:24,860 [INFO] DbMcusAds:125 - Set database path to: C:\Users\pwlub\.stmcufinder\plugins\mcufinder//mcu/
2025-06-04 17:53:24,860 [WARN] DbFile:41 - Overriding database path with different value: C:\Users\pwlub\.stmcufinder\plugins\mcufinder/ => C:\Users\pwlub\.stmcufinder\plugins\mcufinder
2025-06-04 17:53:24,861 [WARN] DbFile:41 - Overriding database path with different value: C:\Users\pwlub\.stmcufinder\plugins\mcufinder/ => C:\Users\pwlub\.stmcufinder\plugins\mcufinder
2025-06-04 17:53:24,861 [INFO] CrossReferenceDbSqlite:203 - Set database path to: C:\Users\pwlub\.stmcufinder\plugins\mcufinder//mcu/cs/
2025-06-04 17:53:24,896 [INFO] ApplicationProperties:184 - Using Application install path: C:\ST\STM32CubeIDE_1.18.0\STM32CubeIDE\plugins\com.st.stm32cube.common.mx_6.14.0.202502271554
2025-06-04 17:53:24,901 [INFO] PluginManage:196 - Search for loadable plugins [exclusion list=, ]
2025-06-04 17:53:24,904 [INFO] PluginManage:310 - Check plugin analytics
2025-06-04 17:53:29,847 [INFO] AnalyticsPlugin:253 - Accepted Software Licenses: STM32CubeMX.6.14.0
2025-06-04 17:53:29,847 [INFO] AnalyticsPlugin:255 - Accepted CMSIS Pack Licenses: 
2025-06-04 17:53:29,847 [INFO] AnalyticsPlugin:257 - Accepted Firmware Licenses: FW.G4.1.5.0,FW.G4.1.6.0
2025-06-04 17:53:29,851 [INFO] PluginManage:359 - Loaded plugin analytics (category:tool,tabindex:-1)
2025-06-04 17:53:29,851 [INFO] PluginManage:310 - Check plugin cadmodel
2025-06-04 17:53:29,864 [INFO] CADModel:105 - Init CAD model plugin
2025-06-04 17:53:29,864 [INFO] PluginManage:359 - Loaded plugin cadmodel (category:power,tabindex:5)
2025-06-04 17:53:29,865 [INFO] PluginManage:310 - Check plugin clock
2025-06-04 17:53:29,884 [INFO] PluginManage:359 - Loaded plugin clock (category:base,tabindex:2)
2025-06-04 17:53:29,884 [INFO] PluginManage:310 - Check plugin ddr
2025-06-04 17:53:29,889 [INFO] PluginManage:359 - Loaded plugin ddr (category:tool,tabindex:6)
2025-06-04 17:53:29,889 [INFO] PluginManage:310 - Check plugin filemanager
2025-06-04 17:53:30,091 [INFO] PluginManage:359 - Loaded plugin filemanager (category:base,tabindex:10)
2025-06-04 17:53:30,092 [INFO] PluginManage:310 - Check plugin ipmanager
2025-06-04 17:53:30,105 [INFO] PluginManage:359 - Loaded plugin ipmanager (category:base,tabindex:5)
2025-06-04 17:53:30,105 [INFO] PluginManage:310 - Check plugin lpbam
2025-06-04 17:53:30,118 [INFO] PluginManage:359 - Loaded plugin lpbam (category:base,tabindex:0)
2025-06-04 17:53:30,118 [INFO] PluginManage:310 - Check plugin memorymap
2025-06-04 17:53:30,148 [INFO] PluginManage:359 - Loaded plugin memorymap (category:base,tabindex:4)
2025-06-04 17:53:30,148 [INFO] PluginManage:310 - Check plugin pinoutandconfiguration
2025-06-04 17:53:30,164 [INFO] PluginManage:359 - Loaded plugin pinoutandconfiguration (category:base,tabindex:1)
2025-06-04 17:53:30,164 [INFO] PluginManage:310 - Check plugin pinoutconfig
2025-06-04 17:53:30,293 [WARN] SupportedApi:132 - Cannot load RTOS API schema: s4s-elt-must-match.1: The content of 'definitions' must match (annotation?, (simpleType | complexType)?, (unique | key | keyref)*)). A problem was found starting at: attribute.
2025-06-04 17:53:30,532 [INFO] PluginManage:359 - Loaded plugin pinoutconfig (category:base,tabindex:0)
2025-06-04 17:53:30,532 [INFO] PluginManage:310 - Check plugin power
2025-06-04 17:53:30,554 [INFO] PluginManage:359 - Loaded plugin power (category:power,tabindex:4)
2025-06-04 17:53:30,554 [INFO] PluginManage:310 - Check plugin projectmanager
2025-06-04 17:53:30,582 [INFO] PluginManage:359 - Loaded plugin projectmanager (category:projectmanager,tabindex:4)
2025-06-04 17:53:30,582 [INFO] PluginManage:310 - Check plugin rif
2025-06-04 17:53:30,601 [INFO] PluginManage:359 - Loaded plugin rif (category:base,tabindex:3)
2025-06-04 17:53:30,604 [INFO] PluginManage:310 - Check plugin thirdparty
2025-06-04 17:53:30,894 [WARN] IntegrityCheckThread:84 - waiting for thirdparty lock release [integrity check]
2025-06-04 17:53:30,895 [INFO] PluginManage:359 - Loaded plugin thirdparty (category:base,tabindex:-1)
2025-06-04 17:53:30,895 [INFO] IntegrityCheckThread:86 - entering critical section [integrity check]
2025-06-04 17:53:30,895 [INFO] PluginManage:310 - Check plugin tools
2025-06-04 17:53:30,896 [INFO] ThirdPartyUpdaterWithRetryManager:70 - Updater plugin not ready yet. [1/15]
2025-06-04 17:53:30,900 [INFO] PluginManage:359 - Loaded plugin tools (category:base,tabindex:7)
2025-06-04 17:53:30,901 [INFO] PluginManage:310 - Check plugin tutovideos
2025-06-04 17:53:31,175 [INFO] PluginManage:359 - Loaded plugin tutovideos (category:base,tabindex:-1)
2025-06-04 17:53:31,176 [INFO] PluginManage:310 - Check plugin updater
2025-06-04 17:53:31,215 [INFO] PluginManage:359 - Loaded plugin updater (category:base,tabindex:12)
2025-06-04 17:53:31,215 [INFO] PluginManage:310 - Check plugin userauth
2025-06-04 17:53:31,223 [INFO] UserAuth:118 - Init User Auth plugin
2025-06-04 17:53:31,224 [INFO] PluginManage:359 - Loaded plugin userauth (category:base,tabindex:14)
2025-06-04 17:53:31,224 [INFO] PluginManage:283 - PluginManage : Loaded plugins [18]
2025-06-04 17:53:31,560 [INFO] PinOutPanel:1589 - setPackage(No Configuration,No Configuration)
2025-06-04 17:53:31,686 [INFO] CADModel:165 - CPN selected for project level
2025-06-04 17:53:31,687 [INFO] CADModel:114 - Register for checkConnection events
2025-06-04 17:53:31,715 [INFO] IPUIPlugin:80 - create IPUIPlugin
2025-06-04 17:53:31,715 [INFO] PluginManager:220 - loadIPPluginJar : add adc
2025-06-04 17:53:31,722 [INFO] IPUIPlugin:80 - create IPUIPlugin
2025-06-04 17:53:31,722 [INFO] PluginManager:220 - loadIPPluginJar : add aes
2025-06-04 17:53:31,727 [INFO] IPUIPlugin:80 - create IPUIPlugin
2025-06-04 17:53:31,727 [INFO] PluginManager:220 - loadIPPluginJar : add can
2025-06-04 17:53:31,730 [INFO] IPUIPlugin:80 - create IPUIPlugin
2025-06-04 17:53:31,730 [INFO] PluginManager:220 - loadIPPluginJar : add comp
2025-06-04 17:53:31,736 [INFO] IPUIPlugin:80 - create IPUIPlugin
2025-06-04 17:53:31,736 [INFO] PluginManager:220 - loadIPPluginJar : add cryp
2025-06-04 17:53:31,743 [INFO] IPUIPlugin:80 - create IPUIPlugin
2025-06-04 17:53:31,743 [INFO] PluginManager:220 - loadIPPluginJar : add ddr_ctrl_phy
2025-06-04 17:53:31,747 [INFO] IPUIPlugin:80 - create IPUIPlugin
2025-06-04 17:53:31,748 [INFO] PluginManager:220 - loadIPPluginJar : add dfsdm
2025-06-04 17:53:31,758 [INFO] IPUIPlugin:80 - create IPUIPlugin
2025-06-04 17:53:31,759 [INFO] PluginManager:220 - loadIPPluginJar : add dma
2025-06-04 17:53:31,765 [INFO] IPUIPlugin:80 - create IPUIPlugin
2025-06-04 17:53:31,765 [INFO] PluginManager:220 - loadIPPluginJar : add dma3
2025-06-04 17:53:31,772 [INFO] IPUIPlugin:80 - create IPUIPlugin
2025-06-04 17:53:31,773 [INFO] PluginManager:220 - loadIPPluginJar : add extmemmanager
2025-06-04 17:53:31,776 [INFO] IPUIPlugin:80 - create IPUIPlugin
2025-06-04 17:53:31,777 [INFO] PluginManager:220 - loadIPPluginJar : add fatfs
2025-06-04 17:53:31,786 [INFO] IPUIPlugin:80 - create IPUIPlugin
2025-06-04 17:53:31,786 [INFO] PluginManager:220 - loadIPPluginJar : add fmc
2025-06-04 17:53:31,796 [INFO] IPUIPlugin:80 - create IPUIPlugin
2025-06-04 17:53:31,796 [INFO] PluginManager:220 - loadIPPluginJar : add freertos
2025-06-04 17:53:31,800 [INFO] IPUIPlugin:80 - create IPUIPlugin
2025-06-04 17:53:31,800 [INFO] PluginManager:220 - loadIPPluginJar : add genericplugin
2025-06-04 17:53:31,818 [INFO] IPUIPlugin:80 - create IPUIPlugin
2025-06-04 17:53:31,819 [INFO] PluginManager:220 - loadIPPluginJar : add gfxmmu
2025-06-04 17:53:31,884 [INFO] IPUIPlugin:80 - create IPUIPlugin
2025-06-04 17:53:31,885 [INFO] PluginManager:220 - loadIPPluginJar : add gic
2025-06-04 17:53:31,894 [INFO] IPUIPlugin:80 - create IPUIPlugin
2025-06-04 17:53:31,894 [INFO] PluginManager:220 - loadIPPluginJar : add gpio
2025-06-04 17:53:31,956 [INFO] IPUIPlugin:80 - create IPUIPlugin
2025-06-04 17:53:31,957 [INFO] PluginManager:220 - loadIPPluginJar : add gtzc
2025-06-04 17:53:31,966 [INFO] IPUIPlugin:80 - create IPUIPlugin
2025-06-04 17:53:31,967 [INFO] PluginManager:220 - loadIPPluginJar : add hash
2025-06-04 17:53:31,972 [INFO] IPUIPlugin:80 - create IPUIPlugin
2025-06-04 17:53:31,973 [INFO] PluginManager:220 - loadIPPluginJar : add i2c
2025-06-04 17:53:31,976 [INFO] IPUIPlugin:80 - create IPUIPlugin
2025-06-04 17:53:31,976 [INFO] PluginManager:220 - loadIPPluginJar : add i2s
2025-06-04 17:53:31,980 [INFO] IPUIPlugin:80 - create IPUIPlugin
2025-06-04 17:53:31,981 [INFO] PluginManager:220 - loadIPPluginJar : add i3c
2025-06-04 17:53:31,986 [INFO] IPUIPlugin:80 - create IPUIPlugin
2025-06-04 17:53:31,986 [INFO] PluginManager:220 - loadIPPluginJar : add ipddr
2025-06-04 17:53:31,996 [INFO] IPUIPlugin:80 - create IPUIPlugin
2025-06-04 17:53:31,997 [INFO] PluginManager:220 - loadIPPluginJar : add linkedlist
2025-06-04 17:53:32,000 [INFO] IPUIPlugin:80 - create IPUIPlugin
2025-06-04 17:53:32,001 [INFO] PluginManager:220 - loadIPPluginJar : add lorawan
2025-06-04 17:53:32,003 [INFO] IPUIPlugin:80 - create IPUIPlugin
2025-06-04 17:53:32,003 [INFO] PluginManager:220 - loadIPPluginJar : add ltdc
2025-06-04 17:53:32,011 [INFO] IPUIPlugin:80 - create IPUIPlugin
2025-06-04 17:53:32,011 [INFO] PluginManager:220 - loadIPPluginJar : add mdma
2025-06-04 17:53:32,016 [INFO] IPUIPlugin:80 - create IPUIPlugin
2025-06-04 17:53:32,016 [INFO] PluginManager:220 - loadIPPluginJar : add nvic
2025-06-04 17:53:32,021 [INFO] IPUIPlugin:80 - create IPUIPlugin
2025-06-04 17:53:32,022 [INFO] PluginManager:220 - loadIPPluginJar : add opamp
2025-06-04 17:53:32,027 [INFO] IPUIPlugin:80 - create IPUIPlugin
2025-06-04 17:53:32,027 [INFO] PluginManager:220 - loadIPPluginJar : add openamp
2025-06-04 17:53:32,032 [INFO] IPUIPlugin:80 - create IPUIPlugin
2025-06-04 17:53:32,032 [INFO] PluginManager:220 - loadIPPluginJar : add pdm2pcm
2025-06-04 17:53:32,041 [INFO] IPUIPlugin:80 - create IPUIPlugin
2025-06-04 17:53:32,045 [INFO] PluginManager:220 - loadIPPluginJar : add plateformsettings
2025-06-04 17:53:32,047 [INFO] IPUIPlugin:80 - create IPUIPlugin
2025-06-04 17:53:32,047 [INFO] PluginManager:220 - loadIPPluginJar : add quadspi
2025-06-04 17:53:32,052 [INFO] IPUIPlugin:80 - create IPUIPlugin
2025-06-04 17:53:32,054 [INFO] PluginManager:220 - loadIPPluginJar : add radio
2025-06-04 17:53:32,062 [INFO] IPUIPlugin:80 - create IPUIPlugin
2025-06-04 17:53:32,062 [INFO] PluginManager:220 - loadIPPluginJar : add resmgrutility
2025-06-04 17:53:32,070 [INFO] IPUIPlugin:80 - create IPUIPlugin
2025-06-04 17:53:32,070 [INFO] PluginManager:220 - loadIPPluginJar : add sai
2025-06-04 17:53:32,075 [INFO] IPUIPlugin:80 - create IPUIPlugin
2025-06-04 17:53:32,075 [INFO] PluginManager:220 - loadIPPluginJar : add spi
2025-06-04 17:53:32,084 [INFO] IPUIPlugin:80 - create IPUIPlugin
2025-06-04 17:53:32,084 [INFO] PluginManager:220 - loadIPPluginJar : add stm32_wpan
2025-06-04 17:53:32,088 [INFO] IPUIPlugin:80 - create IPUIPlugin
2025-06-04 17:53:32,089 [INFO] PluginManager:220 - loadIPPluginJar : add tim
2025-06-04 17:53:32,094 [INFO] IPUIPlugin:80 - create IPUIPlugin
2025-06-04 17:53:32,094 [INFO] PluginManager:220 - loadIPPluginJar : add touchsensing
2025-06-04 17:53:32,098 [INFO] IPUIPlugin:80 - create IPUIPlugin
2025-06-04 17:53:32,098 [INFO] PluginManager:220 - loadIPPluginJar : add tracer_emb
2025-06-04 17:53:32,102 [INFO] IPUIPlugin:80 - create IPUIPlugin
2025-06-04 17:53:32,102 [INFO] PluginManager:220 - loadIPPluginJar : add ts
2025-06-04 17:53:32,105 [INFO] IPUIPlugin:80 - create IPUIPlugin
2025-06-04 17:53:32,105 [INFO] PluginManager:220 - loadIPPluginJar : add tsc
2025-06-04 17:53:32,108 [INFO] IPUIPlugin:80 - create IPUIPlugin
2025-06-04 17:53:32,109 [INFO] PluginManager:220 - loadIPPluginJar : add ucpd
2025-06-04 17:53:32,113 [INFO] IPUIPlugin:80 - create IPUIPlugin
2025-06-04 17:53:32,113 [INFO] PluginManager:220 - loadIPPluginJar : add usart
2025-06-04 17:53:32,120 [INFO] IPUIPlugin:80 - create IPUIPlugin
2025-06-04 17:53:32,120 [INFO] PluginManager:220 - loadIPPluginJar : add usbx
2025-06-04 17:53:32,288 [FATAL] Updater:351 - Updater called before beeing initialized
2025-06-04 17:53:32,339 [INFO] RulesReader:64 - Compatibility file has been processed (301 Rules)
2025-06-04 17:53:32,361 [INFO] RulesReader:64 - Compatibility file has been processed (301 Rules)
2025-06-04 17:53:32,379 [INFO] CADModel:165 - CPN selected for project level
2025-06-04 17:53:32,379 [INFO] CADModel:114 - Register for checkConnection events
2025-06-04 17:53:32,379 [FATAL] Updater:351 - Updater called before beeing initialized
2025-06-04 17:53:32,380 [ERROR] CADModel:125 - Updater not yet initialized, retry later 
2025-06-04 17:53:32,630 [FATAL] Updater:351 - Updater called before beeing initialized
2025-06-04 17:53:32,634 [INFO] CADModel:165 - CPN selected for project level
2025-06-04 17:53:32,634 [INFO] CADModel:114 - Register for checkConnection events
2025-06-04 17:53:32,634 [FATAL] Updater:351 - Updater called before beeing initialized
2025-06-04 17:53:32,634 [ERROR] CADModel:125 - Updater not yet initialized, retry later 
2025-06-04 17:53:32,639 [FATAL] Updater:351 - Updater called before beeing initialized
2025-06-04 17:53:32,955 [FATAL] Updater:351 - Updater called before beeing initialized
2025-06-04 17:53:32,974 [INFO] DbMcusAds:53 - JSON generation date=Thu Mar 06 15:54:21 CET 2025 (1741272861825)
2025-06-04 17:53:32,974 [FATAL] Updater:351 - Updater called before beeing initialized
2025-06-04 17:53:33,039 [WARN] DetailPanel:346 - Failed to get advertising image, set to default
2025-06-04 17:53:33,360 [FATAL] Updater:351 - Updater called before beeing initialized
2025-06-04 17:53:33,364 [FATAL] Updater:351 - Updater called before beeing initialized
2025-06-04 17:53:33,364 [FATAL] Updater:351 - Updater called before beeing initialized
2025-06-04 17:53:33,364 [WARN] DetailPanel:346 - Failed to get advertising image, set to default
2025-06-04 17:53:33,366 [FATAL] Updater:351 - Updater called before beeing initialized
2025-06-04 17:53:33,438 [ERROR] Updater:1198 - MainUpdater not yet initialized. External WinMGr cannot be set.
2025-06-04 17:53:33,441 [INFO] Updater:1134 - Updater Version found : 6.14.0
2025-06-04 17:53:33,469 [INFO] ApplicationProperties:184 - Using Application install path: C:\ST\STM32CubeIDE_1.18.0\STM32CubeIDE\plugins\com.st.stm32cube.common.mx_6.14.0.202502271554
2025-06-04 17:53:33,897 [INFO] ThirdPartyUpdaterWithRetryManager:70 - Updater plugin not ready yet. [2/15]
2025-06-04 17:53:35,075 [ERROR] LogOutputStream:75 - [STDERR_REDIRECT] Jun 04, 2025 5:53:35 PM java.util.prefs.WindowsPreferences <init>
2025-06-04 17:53:35,096 [ERROR] LogOutputStream:75 - [STDERR_REDIRECT] WARNING: Could not open/create prefs root node Software\JavaSoft\Prefs at root 0xffffffff80000002. Windows RegCreateKeyEx(...) returned error code 5.
2025-06-04 17:53:35,097 [ERROR] LogOutputStream:75 - [STDERR_REDIRECT] 
2025-06-04 17:53:35,936 [INFO] MainUpdater:2872 - connection check result : 10
2025-06-04 17:53:35,938 [INFO] MainUpdater:3566 - Updater definition file requires update
2025-06-04 17:53:35,944 [INFO] MainUpdater:289 - Updater Check For Update Now.
2025-06-04 17:53:35,944 [INFO] MicroXplorer:498 - Change Database Version : DB.6.0.140
2025-06-04 17:53:35,989 [INFO] McuFinderGlobals:63 - Set McuFinder mode to 2 (CubeIDE integrated)
2025-06-04 17:53:36,006 [INFO] UserAuth:486 - Internet connection configuration mode: 1
2025-06-04 17:53:36,051 [INFO] JxBrowserEngine:152 - Initiate JxBrowser Engine with user profile folder
2025-06-04 17:53:36,163 [INFO] ServerAccessManage:473 - Download File updaters.zip
2025-06-04 17:53:36,380 [INFO] FileExtend:242 - Unzip File : updaters.zip
2025-06-04 17:53:36,381 [INFO] FileExtend:257 - Standard Zip Deflate
2025-06-04 17:53:36,906 [WARN] MainUpdater:1193 - Updater busy. Cannot search thirdparties
2025-06-04 17:53:36,906 [INFO] ThirdPartyUpdaterWithRetryManager:96 - Updater plugin is busy. [1/15]
2025-06-04 17:53:38,367 [INFO] ServerAccessManage:473 - Download File PacksControlFlags.xml
2025-06-04 17:53:39,232 [INFO] ServerAccessManage:473 - Download File cubemx.pidx
2025-06-04 17:53:39,431 [INFO] WebApp:169 - Instantiating new browser for Auth
2025-06-04 17:53:39,930 [WARN] MainUpdater:1193 - Updater busy. Cannot search thirdparties
2025-06-04 17:53:39,930 [INFO] ThirdPartyUpdaterWithRetryManager:96 - Updater plugin is busy. [2/15]
2025-06-04 17:53:41,652 [INFO] ServerAccessManage:473 - Download File STMicroelectronics.X-CUBE-AI.pdsc
2025-06-04 17:53:42,393 [INFO] WebApp:463 - Apply proxy settings
2025-06-04 17:53:42,393 [INFO] WebApp:548 - Chromium requires no authentication
2025-06-04 17:53:42,414 [INFO] WebApp:491 - Direct internet connection detected
2025-06-04 17:53:42,514 [INFO] WebApp:894 - Register for checkConnection events
2025-06-04 17:53:42,514 [INFO] WebApp:463 - Apply proxy settings
2025-06-04 17:53:42,514 [INFO] WebApp:548 - Chromium requires no authentication
2025-06-04 17:53:42,515 [INFO] WebApp:491 - Direct internet connection detected
2025-06-04 17:53:42,848 [INFO] WebApp:191 - Connection restablished
2025-06-04 17:53:42,933 [WARN] MainUpdater:1193 - Updater busy. Cannot search thirdparties
2025-06-04 17:53:42,934 [INFO] ThirdPartyUpdaterWithRetryManager:96 - Updater plugin is busy. [3/15]
2025-06-04 17:53:43,067 [INFO] WebApp:225 - Starting web application
2025-06-04 17:53:43,068 [INFO] WebApp:593 - Web application path used C:\ST\STM32CubeIDE_1.18.0\STM32CubeIDE\plugins\com.st.stm32cube.common.mx_6.14.0.202502271554\db\plugins\mcufinder\reactClient1\index.html
2025-06-04 17:53:43,265 [INFO] UserAuth:486 - Internet connection configuration mode: 1
2025-06-04 17:53:45,940 [WARN] MainUpdater:1193 - Updater busy. Cannot search thirdparties
2025-06-04 17:53:45,940 [INFO] ThirdPartyUpdaterWithRetryManager:96 - Updater plugin is busy. [4/15]
2025-06-04 17:53:47,570 [INFO] ServerAccessManage:473 - Download File STMicroelectronics.X-CUBE-ST67W61.pdsc
2025-06-04 17:53:48,942 [WARN] MainUpdater:1193 - Updater busy. Cannot search thirdparties
2025-06-04 17:53:48,942 [INFO] ThirdPartyUpdaterWithRetryManager:96 - Updater plugin is busy. [5/15]
2025-06-04 17:53:49,496 [WARN] PackLoader:240 - Cannot read IP mode file for STMicroelectronics.X-CUBE-AI.10.1.0
2025-06-04 17:53:49,513 [WARN] PackLoader:240 - Cannot read IP mode file for STMicroelectronics.X-CUBE-ST67W61.1.0.0
2025-06-04 17:53:49,518 [INFO] PopulateThirdPartyThread:66 - Ending populate Thread
2025-06-04 17:53:49,523 [INFO] ThirdParty:1030 - CMSIS Pack Vendor :STMicroelectronics X-CUBE-AI 10.1.0
2025-06-04 17:53:49,523 [INFO] ThirdParty:1030 - CMSIS Pack Vendor :STMicroelectronics X-CUBE-ST67W61 1.0.0
2025-06-04 17:53:49,523 [INFO] LoadServerUpdatesThread:375 - End of LoadServerUpdate Thread
2025-06-04 17:53:49,732 [INFO] CheckServerUpdateThread:120 - End of CheckServer Thread
2025-06-04 17:53:49,798 [INFO] MainUpdater:2872 - connection check result : 10
2025-06-04 17:53:49,804 [INFO] MainUpdater:2872 - connection check result : 10
2025-06-04 17:53:49,859 [INFO] MicroXplorer:468 - Change Database Path : 
2025-06-04 17:53:49,859 [INFO] MicroXplorer:498 - Change Database Version : DB.6.0.140
2025-06-04 17:53:49,875 [WARN] ThirdParty:871 - waiting for thirdparty lock release [close project]
2025-06-04 17:53:51,241 [ERROR] LogOutputStream:75 - [STDERR_REDIRECT] Jun 04, 2025 5:53:51 PM org.glassfish.grizzly.http.server.NetworkListener start
2025-06-04 17:53:51,243 [ERROR] LogOutputStream:75 - [STDERR_REDIRECT] INFO: Started listener bound to [localhost:16721]
2025-06-04 17:53:51,244 [ERROR] LogOutputStream:75 - [STDERR_REDIRECT] 
2025-06-04 17:53:51,247 [ERROR] LogOutputStream:75 - [STDERR_REDIRECT] Jun 04, 2025 5:53:51 PM org.glassfish.grizzly.http.server.HttpServer start
2025-06-04 17:53:51,248 [ERROR] LogOutputStream:75 - [STDERR_REDIRECT] INFO: [HttpServer] Started.
2025-06-04 17:53:51,248 [ERROR] LogOutputStream:75 - [STDERR_REDIRECT] 
2025-06-04 17:53:52,284 [WARN] PackLoader:240 - Cannot read IP mode file for STMicroelectronics.FP-SNS-MOTENVWB1.1.4.0
2025-06-04 17:53:52,294 [WARN] PackLoader:240 - Cannot read IP mode file for STMicroelectronics.FP-ATR-ASTRA1.2.0.2
2025-06-04 17:53:52,320 [WARN] PackLoader:240 - Cannot read IP mode file for STMicroelectronics.X-CUBE-SMBUS.2.1.0
2025-06-04 17:53:52,346 [WARN] PackLoader:240 - Cannot read IP mode file for STMicroelectronics.X-CUBE-WB05N.1.1.0
2025-06-04 17:53:52,374 [WARN] PackLoader:240 - Cannot read IP mode file for STMicroelectronics.X-CUBE-ST60.1.0.0
2025-06-04 17:53:52,437 [WARN] PackLoader:240 - Cannot read IP mode file for STMicroelectronics.X-CUBE-AZRTOS-F7.1.1.0
2025-06-04 17:53:52,517 [WARN] PackLoader:240 - Cannot read IP mode file for Infineon.AIROC-Wi-Fi-Bluetooth-STM32.1.7.0
2025-06-04 17:53:52,583 [WARN] PackLoader:240 - Cannot read IP mode file for STMicroelectronics.X-CUBE-DISPLAY.3.0.0
2025-06-04 17:53:52,612 [WARN] PackLoader:240 - Cannot read IP mode file for STMicroelectronics.X-CUBE-NFC10.1.0.0
2025-06-04 17:53:52,646 [WARN] PackLoader:240 - Cannot read IP mode file for STMicroelectronics.X-CUBE-BLEMGR.4.0.0
2025-06-04 17:53:52,677 [WARN] PackLoader:240 - Cannot read IP mode file for emotas.I-CUBE-CANOPEN.1.3.0
2025-06-04 17:53:52,684 [WARN] ConditionMgr:438 - getConditionDescription Invalid condition id : Cortex-A Device cause : null
2025-06-04 17:53:52,719 [WARN] ConditionMgr:1044 - genDependencies : Invalid condition id : Cortex-A Device cause : null
2025-06-04 17:53:52,720 [WARN] ConditionMgr:1044 - genDependencies : Invalid condition id : Cortex-A Device cause : null
2025-06-04 17:53:52,720 [WARN] ConditionMgr:1044 - genDependencies : Invalid condition id : Cortex-A Device cause : null
2025-06-04 17:53:52,756 [WARN] PackLoader:240 - Cannot read IP mode file for STMicroelectronics.X-CUBE-AI.10.0.0
2025-06-04 17:53:52,781 [WARN] PackLoader:240 - Cannot read IP mode file for STMicroelectronics.FP-SNS-SMARTAG2.1.2.0
2025-06-04 17:53:52,791 [WARN] PackLoader:240 - Cannot read IP mode file for STMicroelectronics.FP-SNS-FLIGHT1.5.1.0
2025-06-04 17:53:52,896 [WARN] PackLoader:240 - Cannot read IP mode file for STMicroelectronics.X-CUBE-MEMS1.11.1.0
2025-06-04 17:53:53,132 [INFO] LogOutputStream:77 - [STDOUT_REDIRECT] 1 : Invalid condition id : UX_CORESTACK_Condition cause : null
2025-06-04 17:53:53,133 [INFO] LogOutputStream:77 - [STDOUT_REDIRECT] 1 : Invalid condition id : UX_CORESTACK_Condition cause : null
2025-06-04 17:53:53,134 [INFO] LogOutputStream:77 - [STDOUT_REDIRECT] 1 : Invalid condition id : UX_CORESTACK_Condition cause : null
2025-06-04 17:53:53,137 [INFO] LogOutputStream:77 - [STDOUT_REDIRECT] 1 : Invalid condition id : UX_CORESTACK_Condition cause : null
2025-06-04 17:53:53,139 [INFO] LogOutputStream:77 - [STDOUT_REDIRECT] 1 : Invalid condition id : UX_CORESTACK_Condition cause : null
2025-06-04 17:53:53,144 [WARN] PackLoader:240 - Cannot read IP mode file for STMicroelectronics.X-CUBE-AZRTOS-WL.2.0.0
2025-06-04 17:53:53,174 [WARN] PackLoader:240 - Cannot read IP mode file for STMicroelectronics.FP-SNS-MOTENV1.5.0.0
2025-06-04 17:53:53,206 [WARN] PackLoader:240 - Cannot read IP mode file for WES.I-CUBE-Cesium.1.3.0
2025-06-04 17:53:53,230 [WARN] PackLoader:240 - Cannot read IP mode file for STMicroelectronics.X-CUBE-BLE2.3.3.0
2025-06-04 17:53:53,259 [WARN] PackLoader:240 - Cannot read IP mode file for STMicroelectronics.X-CUBE-NFC9.1.0.0
2025-06-04 17:53:53,284 [WARN] PackLoader:240 - Cannot read IP mode file for STMicroelectronics.X-CUBE-BLE1.7.1.0
2025-06-04 17:53:53,290 [WARN] PackLoader:240 - Cannot read IP mode file for STMicroelectronics.X-CUBE-AI.10.1.0
2025-06-04 17:53:53,387 [WARN] PackLoader:240 - Cannot read IP mode file for STMicroelectronics.X-CUBE-MEMS1.11.2.0
2025-06-04 17:53:53,546 [WARN] PackLoader:240 - Cannot read IP mode file for STMicroelectronics.X-CUBE-AZRTOS-G0.1.1.0
2025-06-04 17:53:53,571 [WARN] PackLoader:240 - Cannot read IP mode file for STMicroelectronics.X-CUBE-SAFEA1.1.2.2
2025-06-04 17:53:53,596 [WARN] PackLoader:240 - Cannot read IP mode file for STMicroelectronics.X-CUBE-NFC4.3.0.0
2025-06-04 17:53:53,686 [WARN] PackLoader:240 - Cannot read IP mode file for EmbeddedOffice.I-CUBE-FS-RTOS.1.0.1
2025-06-04 17:53:53,713 [WARN] PackLoader:240 - Cannot read IP mode file for STMicroelectronics.X-CUBE-WB05N.2.0.0
2025-06-04 17:53:53,722 [WARN] PackLoader:240 - Cannot read IP mode file for wolfSSL.I-CUBE-wolfTPM.3.8.0
2025-06-04 17:53:53,741 [WARN] PackLoader:240 - Cannot read IP mode file for STMicroelectronics.X-CUBE-TCPP.4.2.0
2025-06-04 17:53:53,758 [WARN] PackLoader:240 - Cannot read IP mode file for RealThread.X-CUBE-RT-Thread_Nano.4.1.1
2025-06-04 17:53:53,765 [WARN] PackLoader:240 - Cannot read IP mode file for STMicroelectronics.FP-ATR-SIGFOX1.3.2.0
2025-06-04 17:53:53,789 [WARN] PackLoader:240 - Cannot read IP mode file for STMicroelectronics.X-CUBE-EEPRMA1.5.1.0
2025-06-04 17:53:53,816 [WARN] PackLoader:240 - Cannot read IP mode file for ITTIA_DB.I-CUBE-ITTIADB.8.9.0
2025-06-04 17:53:53,823 [WARN] PackLoader:240 - Cannot read IP mode file for STMicroelectronics.X-CUBE-ST67W61.1.0.0
2025-06-04 17:53:53,908 [WARN] PackLoader:240 - Cannot read IP mode file for SEGGER.I-CUBE-embOS.1.3.1
2025-06-04 17:53:53,969 [WARN] PackLoader:240 - Cannot read IP mode file for STMicroelectronics.X-CUBE-ALGOBUILD.1.4.0
2025-06-04 17:53:54,024 [WARN] PackLoader:240 - Cannot read IP mode file for STMicroelectronics.X-CUBE-AZRTOS-F4.1.1.0
2025-06-04 17:53:54,030 [WARN] PackLoader:240 - Cannot read IP mode file for Avnet-IotConnect.X-CUBE-IoTC-DA16k-PMOD.1.0.0
2025-06-04 17:53:54,053 [WARN] PackLoader:240 - Cannot read IP mode file for STMicroelectronics.X-CUBE-ISPU.2.1.0
2025-06-04 17:53:54,098 [WARN] PackLoader:240 - Cannot read IP mode file for STMicroelectronics.X-CUBE-AZRTOS-L5.2.0.0
2025-06-04 17:53:54,128 [WARN] PackLoader:240 - Cannot read IP mode file for STMicroelectronics.X-CUBE-NFC6.3.1.0
2025-06-04 17:53:54,159 [WARN] PackLoader:240 - Cannot read IP mode file for STMicroelectronics.X-CUBE-DPower.1.2.0
2025-06-04 17:53:54,180 [WARN] PackLoader:240 - Cannot read IP mode file for STMicroelectronics.X-CUBE-FREERTOS.1.3.1
2025-06-04 17:53:54,203 [WARN] PackLoader:240 - Cannot read IP mode file for STMicroelectronics.X-CUBE-FREERTOS.1.3.0
2025-06-04 17:53:54,223 [WARN] PackLoader:240 - Cannot read IP mode file for STMicroelectronics.X-CUBE-NFC7.1.0.1
2025-06-04 17:53:54,266 [WARN] ConditionMgr:438 - getConditionDescription Invalid condition id : LAN8742 Phy interface Condition cause : null
2025-06-04 17:53:54,267 [WARN] PackLoader:240 - Cannot read IP mode file for STMicroelectronics.X-CUBE-AZRTOS-L4.2.0.0
2025-06-04 17:53:54,268 [WARN] ConditionMgr:1044 - genDependencies : Invalid condition id : LAN8742 Phy interface Condition cause : null
2025-06-04 17:53:54,268 [WARN] ConditionMgr:1044 - genDependencies : Invalid condition id : LAN8742 Phy interface Condition cause : null
2025-06-04 17:53:54,270 [WARN] ConditionMgr:1044 - genDependencies : Invalid condition id : LAN8742 Phy interface Condition cause : null
2025-06-04 17:53:54,295 [WARN] PackLoader:240 - Cannot read IP mode file for STMicroelectronics.X-CUBE-SFXS2LP1.4.0.0
2025-06-04 17:53:54,355 [WARN] PackLoader:240 - Cannot read IP mode file for STMicroelectronics.X-CUBE-AZRTOS-H7.3.3.0
2025-06-04 17:53:54,399 [WARN] ConditionMgr:438 - getConditionDescription Invalid condition id : UX DEVICE CLASS RTOS Condition cause : null
2025-06-04 17:53:54,400 [WARN] ConditionMgr:438 - getConditionDescription Invalid condition id : UX DEVICE CLASS RTOS Condition cause : null
2025-06-04 17:53:54,403 [WARN] PackLoader:240 - Cannot read IP mode file for STMicroelectronics.X-CUBE-AZRTOS-WB.2.0.0
2025-06-04 17:53:54,404 [WARN] ConditionMgr:1044 - genDependencies : Invalid condition id : UX DEVICE CLASS RTOS Condition cause : null
2025-06-04 17:53:54,404 [WARN] ConditionMgr:1044 - genDependencies : Invalid condition id : UX DEVICE CLASS RTOS Condition cause : null
2025-06-04 17:53:54,405 [WARN] ConditionMgr:1044 - genDependencies : Invalid condition id : UX DEVICE CLASS RTOS Condition cause : null
2025-06-04 17:53:54,406 [WARN] ConditionMgr:1044 - genDependencies : Invalid condition id : UX DEVICE CLASS RTOS Condition cause : null
2025-06-04 17:53:54,406 [WARN] ConditionMgr:1044 - genDependencies : Invalid condition id : UX DEVICE CLASS RTOS Condition cause : null
2025-06-04 17:53:54,426 [WARN] PackLoader:240 - Cannot read IP mode file for STMicroelectronics.X-CUBE-GNSS1.7.0.1
2025-06-04 17:53:54,449 [WARN] PackLoader:240 - Cannot read IP mode file for STMicroelectronics.X-CUBE-TOUCHGFX.4.25.0
2025-06-04 17:53:54,478 [WARN] PackLoader:240 - Cannot read IP mode file for STMicroelectronics.FP-SNS-STBOX1.2.0.0
2025-06-04 17:53:54,515 [WARN] PackLoader:240 - Cannot read IP mode file for STMicroelectronics.X-CUBE-SUBG2.5.0.0
2025-06-04 17:53:54,529 [WARN] PackLoader:240 - Cannot read IP mode file for Cesanta.I-CUBE-Mongoose.7.13.0
2025-06-04 17:53:54,572 [WARN] PackLoader:240 - Cannot read IP mode file for STMicroelectronics.X-CUBE-AZRTOS-G4.2.0.0
2025-06-04 17:53:54,581 [WARN] PackLoader:240 - Cannot read IP mode file for wolfSSL.I-CUBE-wolfSSH.1.4.20
2025-06-04 17:53:54,599 [WARN] PackLoader:240 - Cannot read IP mode file for STMicroelectronics.X-CUBE-NFC7.2.0.0
2025-06-04 17:53:54,631 [WARN] PackLoader:240 - Cannot read IP mode file for STMicroelectronics.X-CUBE-IPS.3.1.0
2025-06-04 17:53:54,659 [WARN] PackLoader:240 - Cannot read IP mode file for STMicroelectronics.X-CUBE-ALS.1.0.2
2025-06-04 17:53:54,686 [WARN] PackLoader:240 - Cannot read IP mode file for portGmbH.I-Cube-SoM-uGOAL.1.1.0
2025-06-04 17:53:54,737 [WARN] PackLoader:240 - Cannot read IP mode file for STMicroelectronics.X-CUBE-AZRTOS-H7RS.1.0.0
2025-06-04 17:53:54,777 [WARN] PackLoader:240 - Cannot read IP mode file for STMicroelectronics.X-CUBE-TOF1.3.4.2
2025-06-04 17:53:54,829 [WARN] PackLoader:240 - Cannot read IP mode file for STMicroelectronics.X-CUBE-TOF1.3.4.3
2025-06-04 17:53:54,847 [INFO] ThirdParty:978 - Integrity check success = true
2025-06-04 17:53:54,847 [INFO] IntegrityCheckThread:100 - exiting critical section [integrity check]
2025-06-04 17:53:54,847 [INFO] IntegrityCheckThread:103 - End integrity checks thread
2025-06-04 17:53:54,847 [INFO] ThirdParty:873 - entering critical section [close project]
2025-06-04 17:53:54,848 [INFO] ThirdParty:883 - exiting critical section [close project]
2025-06-04 17:53:54,851 [INFO] PinOutPanel:1589 - setPackage(No Configuration,No Configuration)
2025-06-04 17:53:54,857 [INFO] UtilMem:75 - Begin LoadConfig() Used Memory: 328342944 Bytes (512753664)
2025-06-04 17:53:54,871 [INFO] MicroXplorer:468 - Change Database Path : C:/Users/pwlub/.stm32cubemx/databases/DB.6.0.111/db/
2025-06-04 17:53:54,871 [INFO] MicroXplorer:498 - Change Database Version : DB.6.0.111
2025-06-04 17:54:01,710 [INFO] OpenFileManager:354 - Change cursor
2025-06-04 17:54:01,818 [INFO] Mcu:2011 - Initializing MCU STM32G473R(B-C-E)Tx STM32G473RCTx STM32G473RCT6
2025-06-04 17:54:11,293 [INFO] Context:756 - Trying to add GPIOservice into a context  which must be forbidden
2025-06-04 17:54:13,651 [INFO] ImportTextPane:218 - (OptionalMessage_ERROR) Pin53 (VP_RIF_VS_RIF1) cannot be retrieved for this MCU
2025-06-04 17:54:14,081 [INFO] RtosManager:558 - Registered RTOS mode: class=CMSIS, group=RTOS, mode=CMSIS_V1, owner=FREERTOS
2025-06-04 17:54:14,081 [INFO] RtosManager:558 - Registered RTOS mode: class=CMSIS, group=RTOS2, mode=CMSIS_V2, owner=FREERTOS
2025-06-04 17:54:14,081 [INFO] RtosManager:558 - Registered RTOS mode: class=RTOS, group=Core, mode=CMSIS_V1, owner=FREERTOS
2025-06-04 17:54:14,082 [INFO] RtosManager:558 - Registered RTOS mode: class=RTOS, group=Core, mode=CMSIS_V2, owner=FREERTOS
2025-06-04 17:54:14,082 [WARN] ModelIntegratedComponent:184 - Missing modes for component STMicroelectronics:FreeRTOS:0.0.1:STMicroelectronics:RTOS:FreeRTOS:Core:::10.2.0:
2025-06-04 17:54:14,124 [WARN] ModelIntegratedComponent:63 - No mode defined for component null
2025-06-04 17:54:14,124 [WARN] ModelIntegratedComponent:63 - No mode defined for component null
2025-06-04 17:54:14,124 [WARN] ModelIntegratedComponent:63 - No mode defined for component null
2025-06-04 17:54:14,124 [WARN] ModelIntegratedComponent:63 - No mode defined for component null
2025-06-04 17:54:14,124 [WARN] ModelIntegratedComponent:63 - No mode defined for component null
2025-06-04 17:54:14,124 [WARN] ModelIntegratedComponent:63 - No mode defined for component null
2025-06-04 17:54:14,125 [WARN] ModelIntegratedComponent:63 - No mode defined for component null
2025-06-04 17:54:14,125 [WARN] ModelIntegratedComponent:63 - No mode defined for component null
2025-06-04 17:54:14,125 [WARN] ModelIntegratedComponent:63 - No mode defined for component null
2025-06-04 17:54:14,125 [WARN] ModelIntegratedComponent:63 - No mode defined for component null
2025-06-04 17:54:14,125 [WARN] ModelIntegratedComponent:63 - No mode defined for component null
2025-06-04 17:54:14,125 [WARN] ModelIntegratedComponent:63 - No mode defined for component null
2025-06-04 17:54:14,126 [WARN] ModelIntegratedComponent:63 - No mode defined for component null
2025-06-04 17:54:14,126 [WARN] ModelIntegratedComponent:63 - No mode defined for component null
2025-06-04 17:54:14,126 [WARN] ModelIntegratedComponent:63 - No mode defined for component null
2025-06-04 17:54:14,126 [WARN] ModelIntegratedComponent:63 - No mode defined for component null
2025-06-04 17:54:14,126 [WARN] ModelIntegratedComponent:63 - No mode defined for component null
2025-06-04 17:54:14,126 [WARN] ModelIntegratedComponent:63 - No mode defined for component null
2025-06-04 17:54:14,126 [WARN] ModelIntegratedComponent:63 - No mode defined for component null
2025-06-04 17:54:14,126 [WARN] ModelIntegratedComponent:63 - No mode defined for component null
2025-06-04 17:54:14,126 [WARN] ModelIntegratedComponent:63 - No mode defined for component null
2025-06-04 17:54:14,126 [WARN] ModelIntegratedComponent:63 - No mode defined for component null
2025-06-04 17:54:14,127 [WARN] ModelIntegratedComponent:63 - No mode defined for component null
2025-06-04 17:54:14,127 [WARN] ModelIntegratedComponent:63 - No mode defined for component null
2025-06-04 17:54:14,127 [WARN] ModelIntegratedComponent:63 - No mode defined for component null
2025-06-04 17:54:14,127 [WARN] ModelIntegratedComponent:63 - No mode defined for component null
2025-06-04 17:54:14,127 [WARN] ModelIntegratedComponent:63 - No mode defined for component null
2025-06-04 17:54:14,127 [WARN] ModelIntegratedComponent:63 - No mode defined for component null
2025-06-04 17:54:14,127 [WARN] ModelIntegratedComponent:63 - No mode defined for component null
2025-06-04 17:54:14,127 [WARN] ModelIntegratedComponent:63 - No mode defined for component null
2025-06-04 17:54:14,127 [WARN] ModelIntegratedComponent:63 - No mode defined for component null
2025-06-04 17:54:14,127 [WARN] ModelIntegratedComponent:63 - No mode defined for component null
2025-06-04 17:54:14,128 [WARN] ModelIntegratedComponent:63 - No mode defined for component null
2025-06-04 17:54:14,128 [WARN] ModelIntegratedComponent:63 - No mode defined for component null
2025-06-04 17:54:14,128 [WARN] ModelIntegratedComponent:63 - No mode defined for component null
2025-06-04 17:54:14,128 [WARN] ModelPack:524 - Component already loaded: STMicroelectronics:HAL Drivers:0.0.0:STMicroelectronics:Device:STMicro_Driver:XSPI:HAL::0.0.1:HAL_XSPI
2025-06-04 17:54:14,318 [INFO] ThirdPartyModel:298 - Start build external matchings
2025-06-04 17:54:15,439 [INFO] ThirdPartyModel:316 - End build external matchings
2025-06-04 17:54:15,506 [INFO] RtosManager:967 - Current active RTOS is FREERTOS [Cortex-M4NS]
2025-06-04 17:54:15,529 [INFO] ImportTextPane:218 - (OptionalMessage_ERROR) IP (ADC1) : Parameter (CommonPathInternal) has invalid value (null|null|null|null)
2025-06-04 17:54:15,531 [INFO] ImportTextPane:218 - (OptionalMessage_ERROR) IP (ADC2) : Parameter (CommonPathInternal) has invalid value (null|null|null|null)
2025-06-04 17:54:15,533 [INFO] ImportTextPane:218 - (OptionalMessage_ERROR) IP (DMA) : Parameter (Instance) has Id (ADC1) currently not set
2025-06-04 17:54:15,534 [INFO] ImportTextPane:218 - (OptionalMessage_ERROR) IP (DMA) : Parameter (Request) has Id (ADC1) currently not set
2025-06-04 17:54:15,534 [INFO] ImportTextPane:218 - (OptionalMessage_ERROR) IP (DMA) : Parameter (Direction) has Id (ADC1) currently not set
2025-06-04 17:54:15,534 [INFO] ImportTextPane:218 - (OptionalMessage_ERROR) IP (DMA) : Parameter (PeriphInc) has Id (ADC1) currently not set
2025-06-04 17:54:15,534 [INFO] ImportTextPane:218 - (OptionalMessage_ERROR) IP (DMA) : Parameter (MemInc) has Id (ADC1) currently not set
2025-06-04 17:54:15,536 [INFO] ImportTextPane:218 - (OptionalMessage_ERROR) IP (DMA) : Parameter (PeriphDataAlignment) has Id (ADC1) currently not set
2025-06-04 17:54:15,537 [INFO] ImportTextPane:218 - (OptionalMessage_ERROR) IP (DMA) : Parameter (MemDataAlignment) has Id (ADC1) currently not set
2025-06-04 17:54:15,537 [INFO] ImportTextPane:218 - (OptionalMessage_ERROR) IP (DMA) : Parameter (Mode) has Id (ADC1) currently not set
2025-06-04 17:54:15,537 [INFO] ImportTextPane:218 - (OptionalMessage_ERROR) IP (DMA) : Parameter (Priority) has Id (ADC1) currently not set
2025-06-04 17:54:15,538 [INFO] ImportTextPane:218 - (OptionalMessage_ERROR) IP (DMA) : Parameter (SignalID) has Id (ADC1) currently not set
2025-06-04 17:54:15,538 [INFO] ImportTextPane:218 - (OptionalMessage_ERROR) IP (DMA) : Parameter (Polarity) has Id (ADC1) currently not set
2025-06-04 17:54:15,538 [INFO] ImportTextPane:218 - (OptionalMessage_ERROR) IP (DMA) : Parameter (RequestNumber) has Id (ADC1) currently not set
2025-06-04 17:54:15,538 [INFO] ImportTextPane:218 - (OptionalMessage_ERROR) IP (DMA) : Parameter (SyncSignalID) has Id (ADC1) currently not set
2025-06-04 17:54:15,538 [INFO] ImportTextPane:218 - (OptionalMessage_ERROR) IP (DMA) : Parameter (SyncPolarity) has Id (ADC1) currently not set
2025-06-04 17:54:15,538 [INFO] ImportTextPane:218 - (OptionalMessage_ERROR) IP (DMA) : Parameter (SyncEnable) has Id (ADC1) currently not set
2025-06-04 17:54:15,539 [INFO] ImportTextPane:218 - (OptionalMessage_ERROR) IP (DMA) : Parameter (EventEnable) has Id (ADC1) currently not set
2025-06-04 17:54:15,539 [INFO] ImportTextPane:218 - (OptionalMessage_ERROR) IP (DMA) : Parameter (SyncRequestNumber) has Id (ADC1) currently not set
2025-06-04 17:54:15,539 [INFO] ImportTextPane:218 - (OptionalMessage_ERROR) IP (DMA) : Parameter (Instance) has Id (ADC2) currently not set
2025-06-04 17:54:15,539 [INFO] ImportTextPane:218 - (OptionalMessage_ERROR) IP (DMA) : Parameter (Request) has Id (ADC2) currently not set
2025-06-04 17:54:15,539 [INFO] ImportTextPane:218 - (OptionalMessage_ERROR) IP (DMA) : Parameter (Direction) has Id (ADC2) currently not set
2025-06-04 17:54:15,539 [INFO] ImportTextPane:218 - (OptionalMessage_ERROR) IP (DMA) : Parameter (PeriphInc) has Id (ADC2) currently not set
2025-06-04 17:54:15,539 [INFO] ImportTextPane:218 - (OptionalMessage_ERROR) IP (DMA) : Parameter (MemInc) has Id (ADC2) currently not set
2025-06-04 17:54:15,539 [INFO] ImportTextPane:218 - (OptionalMessage_ERROR) IP (DMA) : Parameter (PeriphDataAlignment) has Id (ADC2) currently not set
2025-06-04 17:54:15,540 [INFO] ImportTextPane:218 - (OptionalMessage_ERROR) IP (DMA) : Parameter (MemDataAlignment) has Id (ADC2) currently not set
2025-06-04 17:54:15,540 [INFO] ImportTextPane:218 - (OptionalMessage_ERROR) IP (DMA) : Parameter (Mode) has Id (ADC2) currently not set
2025-06-04 17:54:15,540 [INFO] ImportTextPane:218 - (OptionalMessage_ERROR) IP (DMA) : Parameter (Priority) has Id (ADC2) currently not set
2025-06-04 17:54:15,540 [INFO] ImportTextPane:218 - (OptionalMessage_ERROR) IP (DMA) : Parameter (SignalID) has Id (ADC2) currently not set
2025-06-04 17:54:15,540 [INFO] ImportTextPane:218 - (OptionalMessage_ERROR) IP (DMA) : Parameter (Polarity) has Id (ADC2) currently not set
2025-06-04 17:54:15,540 [INFO] ImportTextPane:218 - (OptionalMessage_ERROR) IP (DMA) : Parameter (RequestNumber) has Id (ADC2) currently not set
2025-06-04 17:54:15,540 [INFO] ImportTextPane:218 - (OptionalMessage_ERROR) IP (DMA) : Parameter (SyncSignalID) has Id (ADC2) currently not set
2025-06-04 17:54:15,540 [INFO] ImportTextPane:218 - (OptionalMessage_ERROR) IP (DMA) : Parameter (SyncPolarity) has Id (ADC2) currently not set
2025-06-04 17:54:15,540 [INFO] ImportTextPane:218 - (OptionalMessage_ERROR) IP (DMA) : Parameter (SyncEnable) has Id (ADC2) currently not set
2025-06-04 17:54:15,541 [INFO] ImportTextPane:218 - (OptionalMessage_ERROR) IP (DMA) : Parameter (EventEnable) has Id (ADC2) currently not set
2025-06-04 17:54:15,541 [INFO] ImportTextPane:218 - (OptionalMessage_ERROR) IP (DMA) : Parameter (SyncRequestNumber) has Id (ADC2) currently not set
2025-06-04 17:54:15,541 [WARN] IP:2250 - MessageRAMOffset not found: check if there is a RefParameter without a condition.
2025-06-04 17:54:15,542 [WARN] IP:2250 - RxFifo0ElmtsNbr not found: check if there is a RefParameter without a condition.
2025-06-04 17:54:15,542 [WARN] IP:2250 - RxFifo0ElmtSize not found: check if there is a RefParameter without a condition.
2025-06-04 17:54:15,542 [WARN] IP:2250 - RxFifo1ElmtsNbr not found: check if there is a RefParameter without a condition.
2025-06-04 17:54:15,542 [WARN] IP:2250 - RxFifo1ElmtSize not found: check if there is a RefParameter without a condition.
2025-06-04 17:54:15,543 [WARN] IP:2250 - RxBuffersNbr not found: check if there is a RefParameter without a condition.
2025-06-04 17:54:15,543 [WARN] IP:2250 - RxBufferSize not found: check if there is a RefParameter without a condition.
2025-06-04 17:54:15,543 [WARN] IP:2250 - TxEventsNbr not found: check if there is a RefParameter without a condition.
2025-06-04 17:54:15,543 [WARN] IP:2250 - TxBuffersNbr not found: check if there is a RefParameter without a condition.
2025-06-04 17:54:15,543 [WARN] IP:2250 - TxFifoQueueElmtsNbr not found: check if there is a RefParameter without a condition.
2025-06-04 17:54:15,543 [WARN] IP:2250 - TxElmtSize not found: check if there is a RefParameter without a condition.
2025-06-04 17:54:15,543 [WARN] IP:2250 - ClockCalibrationCCU not found: check if there is a RefParameter without a condition.
2025-06-04 17:54:15,544 [WARN] IP:2250 - ClockDividerCCU not found: check if there is a RefParameter without a condition.
2025-06-04 17:54:15,544 [WARN] IP:2250 - MinOscClkPeriodsCCU not found: check if there is a RefParameter without a condition.
2025-06-04 17:54:15,544 [WARN] IP:2250 - TimeQuantaPerBitTimeCCU not found: check if there is a RefParameter without a condition.
2025-06-04 17:54:15,544 [WARN] IP:2250 - WatchdogStartValueCCU not found: check if there is a RefParameter without a condition.
2025-06-04 17:54:15,575 [INFO] ImportTextPane:218 - (OptionalMessage_ERROR) IP (RCC) : Invalid parameter (FamilyName)
2025-06-04 17:54:16,614 [INFO] ApiDb:581 - Connected to CubeFinder SQLite database (C:\Users\pwlub\.stmcufinder\plugins\mcufinder\mcu\cube-finder-db.db)
2025-06-04 17:54:16,840 [INFO] ApiDb:668 - CubeFinder database Data Model version=2.1
2025-06-04 17:54:16,840 [INFO] ApiDb:669 - CubeFinder database Configuration version=3.0.39
2025-06-04 17:54:16,841 [INFO] ApiDb:670 - CubeFinder database generation date=2025-03-24 (1742811287)
2025-06-04 17:54:16,841 [INFO] ApiDb:671 - CubeFinder database FW Pack versions=[FP-ATR-ASTRA1_V2.0.0, FP-SNS-FLIGHT1_V5.0.2, FP-SNS-MOTENV1_V5.0.0, FP-SNS-MOTENVWB1_V1.4.0, FP-SNS-SMARTAG2_V1.2.0, FP-SNS-STBOX1_V2.0.0, STM32Cube_FW_C0_V1.4.0, STM32Cube_FW_F4_V1.28.1, STM32Cube_FW_F7_V1.17.2, STM32Cube_FW_G0_V1.6.2, STM32Cube_FW_G4_V1.6.1, STM32Cube_FW_H5_V1.5.0, STM32Cube_FW_H7RS_V1.2.0, STM32Cube_FW_H7_V1.12.1, STM32Cube_FW_L0_V1.12.2, STM32Cube_FW_L4_V1.18.1, STM32Cube_FW_L5_V1.5.1, STM32Cube_FW_N6_V1.1.0, STM32Cube_FW_U0_V1.2.0, STM32Cube_FW_U3_V1.1.0, STM32Cube_FW_U5_V1.7.0, STM32Cube_FW_WB0_V1.2.0, STM32Cube_FW_WBA_V1.6.0, STM32Cube_FW_WB_V1.22.0, STM32Cube_FW_WL3_V1.1.0, STM32Cube_FW_WL_V1.3.1, X-CUBE-ALGOBUILD_V1.4.0, X-CUBE-ALS_V1.0.2, X-CUBE-AZRTOS-F4_V1.1.0, X-CUBE-AZRTOS-F7_V1.1.0, X-CUBE-AZRTOS-G0_V1.1.0, X-CUBE-AZRTOS-G4_V2.0.0, X-CUBE-AZRTOS-H7RS_V1.0.0, X-CUBE-AZRTOS-H7_V3.3.0, X-CUBE-AZRTOS-L4_V2.0.0, X-CUBE-AZRTOS-L5_V2.0.0, X-CUBE-AZRTOS-WB_V2.0.0, X-CUBE-AZRTOS-WL_V2.0.0, X-CUBE-BLE1_V7.1.0, X-CUBE-BLE2_V3.3.0, X-CUBE-BLEMGR_V4.0.0, X-CUBE-EEPRMA1_V5.1.0, X-CUBE-FREERTOS_V1.3.0, X-CUBE-GNSS1_V6.0.0, X-CUBE-MEMS1_V11.1.0, X-CUBE-NFC4_V3.0.0, X-CUBE-NFC7_V1.0.1, X-CUBE-SFXS2LP1_V4.0.0, X-CUBE-SUBG2_V5.0.0, X-CUBE-TOF1_V3.4.2]
2025-06-04 17:54:17,358 [INFO] DbBoardsSqlite:226 - include board P-NUCLEO-WB55-NUCLEO as a kit item of type 'Nucleo-64'
2025-06-04 17:54:17,359 [INFO] DbBoardsSqlite:226 - include board P-NUCLEO-WB55-USBDONGLE as a kit item of type 'Nucleo USB Dongle'
2025-06-04 17:54:17,363 [INFO] DbBoardsSqlite:226 - include board STEVAL-IDP005V1 as a kit item of type 'Evaluation Board'
2025-06-04 17:54:17,364 [INFO] DbBoardsSqlite:226 - include board STEVAL-IDP005V2 as a kit item of type 'Evaluation Board'
2025-06-04 17:54:19,126 [INFO] ApiDb:240 - Found 895 in-development CPN: [B-G473E-ZEST1S, B-WB1M-WPAN1, B-WBA5M-WPAN, B-WL5M-SUBG1, NUCLEO-C031C6, NUCLEO-C051C8, NUCLEO-C071RB, NUCLEO-C092RC, NUCLEO-H503RB, NUCLEO-H533RE, NUCLEO-H563ZI, NUCLEO-H7S3L8, NUCLEO-N657X0-Q, NUCLEO-U031R8, NUCLEO-U083RC, NUCLEO-U385RG-Q, NUCLEO-U545RE-Q, NUCLEO-U5A5ZJ-Q, NUCLEO-WB05KZ, NUCLEO-WB07CC, NUCLEO-WB09KE, NUCLEO-WBA52CG, NUCLEO-WBA55CG, NUCLEO-WBA65RI, NUCLEO-WL33CC1, NUCLEO-WL33CC2, STEVAL-PROTEUS1, STEVAL-SMARTAG2, STEVAL-STWINBX1, STM320518-EVAL, STM32C0116-DK, STM32C011D6Y3TR, STM32C011D6Y6TR, STM32C011F4P3, STM32C011F4P6, STM32C011F4U3, STM32C011F4U6TR, STM32C011F6P3, STM32C011F6P6, STM32C011F6U3, STM32C011F6U6TR, STM32C011J4M3, STM32C011J4M6, STM32C011J6M3, STM32C011J6M6, STM32C0316-DK, STM32C031C4T3, STM32C031C4T6, STM32C031C4U3, STM32C031C4U6, STM32C031C6T3, STM32C031C6T6, STM32C031C6U3, STM32C031C6U6, STM32C031F4P3, STM32C031F4P6, STM32C031F6P3, STM32C031F6P6, STM32C031G4U3, STM32C031G4U6, STM32C031G6U3, STM32C031G6U6, STM32C031K4T3, STM32C031K4T6, STM32C031K4U3, STM32C031K4U6, STM32C031K6T3, STM32C031K6T6, STM32C031K6U3, STM32C031K6U6, STM32C051C6T6, STM32C051C6U6, STM32C051C8T6, STM32C051C8U6, STM32C051D8Y6TR, STM32C051F6P6, STM32C051F8P6, STM32C051G6U6, STM32C051G8U6, STM32C051K6T6, STM32C051K6U6, STM32C051K8T6, STM32C071C8T6, STM32C071C8T6N, STM32C071C8U6, STM32C071C8U6N, STM32C071CBT6, STM32C071CBT6N, STM32C071CBU6, STM32C071CBU6N, STM32C071F8P6, STM32C071F8P6N, STM32C071FBP6, STM32C071FBP6N, STM32C071FBY6TR, STM32C071G8U6, STM32C071G8U6N, STM32C071GBU6, STM32C071GBU6N, STM32C071K8T6, STM32C071K8T6N, STM32C071K8U6, STM32C071K8U6N, STM32C071KBT6, STM32C071KBT6N, STM32C071KBU6, STM32C071KBU6N, STM32C071R8T6, STM32C071R8T6N, STM32C071RBI6N, STM32C071RBT6, STM32C071RBT6N, STM32C091CBT6, STM32C091CBU6, STM32C091CCT6, STM32C091CCU6, STM32C091ECY6TR, STM32C091FBP6, STM32C091FCP6, STM32C091GBU6, STM32C091GCU6, STM32C091KBT6, STM32C091KBU6, STM32C091KCT6, STM32C091KCU6, STM32C091RBT6, STM32C091RCI6, STM32C091RCT6, STM32C092CBT6, STM32C092CBU6, STM32C092CCT6, STM32C092CCU6, STM32C092ECY6TR, STM32C092FBP6, STM32C092FCP6, STM32C092GBU6, STM32C092GCU6, STM32C092KBT6, STM32C092KBU6, STM32C092KCT6, STM32C092KCU6, STM32C092RBT6, STM32C092RCI6, STM32C092RCT6, STM32G071K8TXN, STM32G071K8UXN, STM32G081GBU6N, STM32G081KBT6N, STM32G081KBUXN, STM32G0B1CCT6N, STM32G0B1KCT6, STM32G0B1NEY6TR, STM32G0B1RCT6N, STM32G0C1CCT6, STM32G0C1CCT6N, STM32G0C1CCU6N, STM32G0C1CET6N, STM32G0C1CEU6N, STM32G0C1KCT6, STM32G0C1NEY6TR, STM32G0C1RCI6N, STM32G0C1RCT6N, STM32G0C1REI6N, STM32G0C1RET6N, STM32G0C1VCI6, STM32G0C1VEI6, STM32G411C6T3, STM32G411C6T6, STM32G411C6U3, STM32G411C6U6, STM32G411C8T3, STM32G411C8T6, STM32G411C8U3, STM32G411C8U6, STM32G411CBT3, STM32G411CBT6, STM32G411CBU3, STM32G411CBU6, STM32G411CCT3, STM32G411CCT6, STM32G411CCU3, STM32G411CCU6, STM32G411K6T3, STM32G411K6T6, STM32G411K6U3, STM32G411K6U6, STM32G411K8T3, STM32G411K8T6, STM32G411K8U3, STM32G411K8U6, STM32G411KBT3, STM32G411KBT6, STM32G411KBU3, STM32G411KBU6, STM32G411M6T3, STM32G411M6T6, STM32G411M8T3, STM32G411M8T6, STM32G411MBT3, STM32G411MBT6, STM32G411MCT3, STM32G411MCT6, STM32G411R6T3, STM32G411R6T6, STM32G411R8T3, STM32G411R8T6, STM32G411RBT3, STM32G411RBT6, STM32G411RCT3, STM32G411RCT6, STM32G414CBT3, STM32G414CBT6, STM32G414CBU3, STM32G414CBU6, STM32G414CCT3, STM32G414CCT6, STM32G414CCU3, STM32G414CCU6, STM32G414MBT3, STM32G414MBT6, STM32G414MCT3, STM32G414MCT6, STM32G414RBT3, STM32G414RBT6, STM32G414RCT3, STM32G414RCT6, STM32G414VBT3, STM32G414VBT6, STM32G414VCT3, STM32G414VCT6, STM32G431CBT3Z, STM32G431RBT3Z, STM32G471CCT6, STM32G471CCU6, STM32G471CET3, STM32G471CET6, STM32G471CEU3, STM32G471CEU6, STM32G471MCT6, STM32G471MET3, STM32G471MET6, STM32G471MEY6TR, STM32G471QCT6, STM32G471QET3, STM32G471RCT6, STM32G471RET3, STM32G471RET6, STM32G471VCH6, STM32G471VCI6, STM32G471VCT6, STM32G471VEH3, STM32G471VEH6, STM32G471VEI3, STM32G471VEI6, STM32G471VET3, STM32G471VET6, STM32G473QET3Z, STM32G473RET3Z, STM32G474CCT6, STM32G491RET3Z, STM32H503CBT6, STM32H503CBU6, STM32H503EBY6TR, STM32H503KBU6, STM32H503RBT6, STM32H523CCT6, STM32H523CCU6, STM32H523CET6, STM32H523CEU6, STM32H523HEY6TR, STM32H523RCT6, STM32H523RET6, STM32H523VCI6, STM32H523VCT6, STM32H523VEI6, STM32H523VET6, STM32H523ZCJ6, STM32H523ZCT6, STM32H523ZEJ6, STM32H523ZET6, STM32H533CET6, STM32H533CEU6, STM32H533HEY6TR, STM32H533RET6, STM32H533VEI6, STM32H533VET6, STM32H533ZEJ6, STM32H533ZET6, STM32H562AGI6, STM32H562AII6, STM32H562IGK6, STM32H562IGT6, STM32H562IIK6, STM32H562IIT6, STM32H562RGT6, STM32H562RGV6, STM32H562RIT6, STM32H562RIV6, STM32H562VGT6, STM32H562VIT6, STM32H562ZGT6, STM32H562ZIT6, STM32H563AGI6, STM32H563AII3Q, STM32H563AII6, STM32H563IGK6, STM32H563IGT6, STM32H563IIK3Q, STM32H563IIK6, STM32H563IIT3Q, STM32H563IIT6, STM32H563MIY3QTR, STM32H563RGT6, STM32H563RGV6, STM32H563RIT6, STM32H563RIV6, STM32H563VGT6, STM32H563VIT3Q, STM32H563VIT6, STM32H563ZGT6, STM32H563ZIT3Q, STM32H563ZIT6, STM32H573AII3Q, STM32H573AII6, STM32H573I-DK, STM32H573IIK3Q, STM32H573IIK6, STM32H573IIT3Q, STM32H573IIT6, STM32H573MIY3QTR, STM32H573RIT6, STM32H573RIV6, STM32H573VIT3Q, STM32H573VIT6, STM32H573ZIT3Q, STM32H573ZIT6, STM32H7R3A8I6, STM32H7R3I8K6, STM32H7R3I8T6, STM32H7R3L8H6, STM32H7R3L8H6H, STM32H7R3R8V6, STM32H7R3V8H6, STM32H7R3V8T6, STM32H7R3V8Y6TR, STM32H7R3Z8J6, STM32H7R3Z8T6, STM32H7R7A8I6, STM32H7R7I8K6, STM32H7R7I8T6, STM32H7R7L8H6, STM32H7R7L8H6H, STM32H7R7Z8J6, STM32H7S3A8I6, STM32H7S3I8K6, STM32H7S3I8T6, STM32H7S3L8H6, STM32H7S3L8H6H, STM32H7S3R8V6, STM32H7S3V8H6, STM32H7S3V8T6, STM32H7S3V8Y6TR, STM32H7S3Z8J6, STM32H7S3Z8T6, STM32H7S78-DK, STM32H7S7A8I6, STM32H7S7I8K6, STM32H7S7I8T6, STM32H7S7L8H6, STM32H7S7L8H6H, STM32H7S7Z8J6, STM32L4R5QGI6STR, STM32MP131AAE3, STM32MP131AAF3, STM32MP131AAG3, STM32MP131CAE3, STM32MP131CAF3, STM32MP131CAG3, STM32MP131DAE7, STM32MP131DAF7, STM32MP131DAG7, STM32MP131FAE7, STM32MP131FAF7, STM32MP131FAG7, STM32MP133AAE3, STM32MP133AAF3, STM32MP133AAG3, STM32MP133CAE3, STM32MP133CAF3, STM32MP133CAG3, STM32MP133DAE7, STM32MP133DAF7, STM32MP133DAG7, STM32MP133FAE7, STM32MP133FAF7, STM32MP133FAG7, STM32MP135AAE3, STM32MP135AAF3, STM32MP135AAG3, STM32MP135CAE3, STM32MP135CAF3, STM32MP135CAG3, STM32MP135DAE7, STM32MP135DAF7, STM32MP135DAG7, STM32MP135F-DK, STM32MP135FAE7, STM32MP135FAF7, STM32MP135FAF7T, STM32MP135FAF7U, STM32MP135FAG7, STM32MP231AAJ3, STM32MP231AAK3, STM32MP231AAL3, STM32MP231CAJ3, STM32MP231CAK3, STM32MP231CAL3, STM32MP231DAJ3, STM32MP231DAK3, STM32MP231DAL3, STM32MP231FAJ3, STM32MP231FAK3, STM32MP231FAL3, STM32MP233AAJ3, STM32MP233AAK3, STM32MP233AAL3, STM32MP233CAJ3, STM32MP233CAK3, STM32MP233CAL3, STM32MP233DAJ3, STM32MP233DAK3, STM32MP233DAL3, STM32MP233FAJ3, STM32MP233FAK3, STM32MP233FAL3, STM32MP235AAJ3, STM32MP235AAK3, STM32MP235AAL3, STM32MP235CAJ3, STM32MP235CAK3, STM32MP235CAL3, STM32MP235DAJ3, STM32MP235DAK3, STM32MP235DAL3, STM32MP235FAJ3, STM32MP235FAK3, STM32MP235FAL3, STM32MP251AAI3, STM32MP251AAJ3, STM32MP251AAK3, STM32MP251AAL3, STM32MP251CAI3, STM32MP251CAJ3, STM32MP251CAK3, STM32MP251CAL3, STM32MP251DAI3, STM32MP251DAJ3, STM32MP251DAK3, STM32MP251DAL3, STM32MP251FAI3, STM32MP251FAJ3, STM32MP251FAK3, STM32MP251FAL3, STM32MP253AAI3, STM32MP253AAJ3, STM32MP253AAK3, STM32MP253AAL3, STM32MP253CAI3, STM32MP253CAJ3, STM32MP253CAK3, STM32MP253CAL3, STM32MP253DAI3, STM32MP253DAJ3, STM32MP253DAK3, STM32MP253DAL3, STM32MP253FAI3, STM32MP253FAJ3, STM32MP253FAK3, STM32MP253FAL3, STM32MP255AAI3, STM32MP255AAJ3, STM32MP255AAK3, STM32MP255AAL3, STM32MP255CAI3, STM32MP255CAJ3, STM32MP255CAK3, STM32MP255CAL3, STM32MP255DAI3, STM32MP255DAJ3, STM32MP255DAK3, STM32MP255DAL3, STM32MP255FAI3, STM32MP255FAJ3, STM32MP255FAK3, STM32MP255FAL3, STM32MP257AAI3, STM32MP257AAJ3, STM32MP257AAK3, STM32MP257AAL3, STM32MP257CAI3, STM32MP257CAJ3, STM32MP257CAK3, STM32MP257CAL3, STM32MP257DAI3, STM32MP257DAJ3, STM32MP257DAK3, STM32MP257DAL3, STM32MP257F-DK, STM32MP257F-EV1, STM32MP257FAI3, STM32MP257FAJ3, STM32MP257FAK3, STM32MP257FAL3, STM32N645A0H3Q, STM32N645B0H3Q, STM32N645I0H3Q, STM32N645L0H3Q, STM32N645X0H3Q, STM32N645Z0H3Q, STM32N647A0H3Q, STM32N647B0H3Q, STM32N647I0H3Q, STM32N647L0H3Q, STM32N647X0H3Q, STM32N647Z0H3Q, STM32N655A0H3Q, STM32N655B0H3Q, STM32N655I0H3Q, STM32N655L0H3Q, STM32N655X0H3Q, STM32N655Z0H3Q, STM32N6570-DK, STM32N657A0H3Q, STM32N657B0H3Q, STM32N657I0H3Q, STM32N657L0H3Q, STM32N657X0H3Q, STM32N657Z0H3Q, STM32U031C6T6, STM32U031C6U6, STM32U031C8T6, STM32U031C8U6, STM32U031F4P6, STM32U031F6P6, STM32U031F8P6, STM32U031G6Y6TR, STM32U031G8Y6TR, STM32U031K4U6, STM32U031K6U6, STM32U031K8U6, STM32U031R6I6, STM32U031R6T6, STM32U031R8I6, STM32U031R8T6, STM32U073C8T6, STM32U073C8U6, STM32U073CBT6, STM32U073CBU6, STM32U073CCT6, STM32U073CCU6, STM32U073H8Y6TR, STM32U073HBY6TR, STM32U073HCY6TR, STM32U073K8U6, STM32U073KBU6, STM32U073KCU6, STM32U073M8I6, STM32U073M8T6, STM32U073MBI6, STM32U073MBT6, STM32U073MCI6, STM32U073MCT6, STM32U073R8I6, STM32U073R8T6, STM32U073RBI6, STM32U073RBT6, STM32U073RCI6, STM32U073RCT6, STM32U083C-DK, STM32U083CCT6, STM32U083CCU6, STM32U083HCY6TR, STM32U083KCU6, STM32U083MCI6, STM32U083MCT6, STM32U083RCI6, STM32U083RCT6, STM32U375CET6, STM32U375CET6Q, STM32U375CEU6, STM32U375CEU6Q, STM32U375CEY6QTR, STM32U375CGT6, STM32U375CGT6Q, STM32U375CGU6, STM32U375CGU6Q, STM32U375CGY6QTR, STM32U375KEU6, STM32U375KGU6, STM32U375REI6, STM32U375REI6Q, STM32U375RET6, STM32U375RET6Q, STM32U375REY6GTR, STM32U375REY6QTR, STM32U375RGI6, STM32U375RGI6Q, STM32U375RGT6, STM32U375RGT6Q, STM32U375RGY6GTR, STM32U375RGY6QTR, STM32U375VEI6, STM32U375VEI6Q, STM32U375VET6, STM32U375VET6Q, STM32U375VGI6, STM32U375VGI6Q, STM32U375VGT6, STM32U375VGT6Q, STM32U385CGT6, STM32U385CGT6Q, STM32U385CGU6, STM32U385CGU6Q, STM32U385CGY6QTR, STM32U385KGU6, STM32U385RGI6, STM32U385RGI6Q, STM32U385RGT6, STM32U385RGT6Q, STM32U385RGY6GTR, STM32U385RGY6QTR, STM32U385VGI6, STM32U385VGI6Q, STM32U385VGT6, STM32U385VGT6Q, STM32U535CBT6, STM32U535CBT6Q, STM32U535CBU6, STM32U535CBU6Q, STM32U535CCT6, STM32U535CCT6Q, STM32U535CCU6, STM32U535CCU6Q, STM32U535CET6, STM32U535CET6Q, STM32U535CEU6, STM32U535CEU6Q, STM32U535JEY6QTR, STM32U535NCY6QTR, STM32U535NEY6QTR, STM32U535RBI6, STM32U535RBI6Q, STM32U535RBT6, STM32U535RBT6Q, STM32U535RCI6, STM32U535RCI6Q, STM32U535RCT6, STM32U535RCT6Q, STM32U535REI6, STM32U535REI6Q, STM32U535RET6, STM32U535RET6Q, STM32U535VCI6, STM32U535VCI6Q, STM32U535VCT6, STM32U535VCT6Q, STM32U535VEI6, STM32U535VEI6Q, STM32U535VET6, STM32U535VET6Q, STM32U545CET6, STM32U545CET6Q, STM32U545CEU6, STM32U545CEU6Q, STM32U545JEY6QTR, STM32U545NEY6QTR, STM32U545REI6, STM32U545REI6Q, STM32U545RET6, STM32U545RET6Q, STM32U545VEI6, STM32U545VEI6Q, STM32U545VET6, STM32U545VET6Q, STM32U595AIH6, STM32U595AIH6Q, STM32U595AJH6, STM32U595AJH6Q, STM32U595QII6, STM32U595QII6Q, STM32U595QJI6, STM32U595QJI6Q, STM32U595RIT6, STM32U595RIT6Q, STM32U595RJT6, STM32U595RJT6Q, STM32U595VIT6, STM32U595VIT6Q, STM32U595VJT6, STM32U595VJT6Q, STM32U595ZIT6, STM32U595ZIT6Q, STM32U595ZIY6QTR, STM32U595ZJT6, STM32U595ZJT6Q, STM32U595ZJY6QTR, STM32U599BJY6QTR, STM32U599NIH6Q, STM32U599NJH6Q, STM32U599VIT6Q, STM32U599VJT6, STM32U599VJT6Q, STM32U599ZIT6Q, STM32U599ZIY6QTR, STM32U599ZJT6Q, STM32U599ZJY6QTR, STM32U5A5AJH6, STM32U5A5AJH6Q, STM32U5A5QII3Q , STM32U5A5QJI6, STM32U5A5QJI6Q, STM32U5A5RJT6, STM32U5A5RJT6Q, STM32U5A5VJT6, STM32U5A5VJT6Q, STM32U5A5ZJT6, STM32U5A5ZJT6Q, STM32U5A5ZJY6QTR, STM32U5A9BJY6QTR, STM32U5A9J-DK, STM32U5A9NJH6Q, STM32U5A9VJT6Q, STM32U5A9ZJT6Q, STM32U5A9ZJY6QTR, STM32U5F7VIT6, STM32U5F7VIT6Q, STM32U5F7VJT6, STM32U5F7VJT6Q, STM32U5F9BJY6QTR, STM32U5F9NJH6Q, STM32U5F9VIT6Q, STM32U5F9VJT6Q, STM32U5F9ZIJ6QTR, STM32U5F9ZIT6Q, STM32U5F9ZJJ6QTR, STM32U5F9ZJT6Q, STM32U5G7VJT6, STM32U5G7VJT6Q, STM32U5G9BJY6QTR, STM32U5G9J-DK1, STM32U5G9J-DK2, STM32U5G9NJH6Q, STM32U5G9VJT6Q, STM32U5G9ZJJ6QTR, STM32U5G9ZJT6Q, STM32WB05KZV6TR, STM32WB05KZV7TR, STM32WB05TZF6TR, STM32WB05TZF7TR, STM32WB06CCF6TR, STM32WB06CCF7TR, STM32WB06CCV6TR, STM32WB06CCV7TR, STM32WB06KCV6TR, STM32WB06KCV7TR, STM32WB07CCF6TR, STM32WB07CCF7TR, STM32WB07CCV6TR, STM32WB07CCV7TR, STM32WB07KCV6TR, STM32WB07KCV7TR, STM32WB09KEV6TR, STM32WB09KEV7TR, STM32WB09TEF6TR, STM32WB09TEF7TR, STM32WB1MMCH6, STM32WBA50KGU6, STM32WBA50KGU6TR, STM32WBA52CEU6, STM32WBA52CEU6TR, STM32WBA52CEU7, STM32WBA52CEU7TR, STM32WBA52CGU6, STM32WBA52CGU6TR, STM32WBA52CGU6U, STM32WBA52CGU7, STM32WBA52CGU7TR, STM32WBA52KEU6, STM32WBA52KEU6TR, STM32WBA52KGU6, STM32WBA52KGU6TR, STM32WBA54CEU6, STM32WBA54CEU6TR, STM32WBA54CEU7, STM32WBA54CEU7TR, STM32WBA54CGU6, STM32WBA54CGU6TR, STM32WBA54CGU7, STM32WBA54CGU7TR, STM32WBA54KEU6, STM32WBA54KEU6TR, STM32WBA54KEU7, STM32WBA54KEU7TR, STM32WBA54KGU6, STM32WBA54KGU6TR, STM32WBA54KGU7, STM32WBA54KGU7TR, STM32WBA55CEU6, STM32WBA55CEU6TR, STM32WBA55CEU7, STM32WBA55CEU7TR, STM32WBA55CGU6, STM32WBA55CGU6TR, STM32WBA55CGU6U, STM32WBA55CGU7, STM32WBA55CGU7TR, STM32WBA55G-DK1, STM32WBA55HEF6, STM32WBA55HEF7, STM32WBA55HGF6, STM32WBA55HGF7, STM32WBA55UEI6, STM32WBA55UEI6TR, STM32WBA55UEI7, STM32WBA55UEI7TR, STM32WBA55UGI6, STM32WBA55UGI6TR, STM32WBA55UGI7, STM32WBA55UGI7TR, STM32WBA5MJGH6TR, STM32WBA62CGU6, STM32WBA62CIU6, STM32WBA62MGF6, STM32WBA62MIF6, STM32WBA62PGI6, STM32WBA62PII6, STM32WBA63CGU6, STM32WBA63CGU7, STM32WBA63CIU6, STM32WBA63CIU7, STM32WBA64CGU6, STM32WBA64CGU7, STM32WBA64CIU6, STM32WBA64CIU7, STM32WBA65CGU6, STM32WBA65CGU7, STM32WBA65CIU6, STM32WBA65CIU7, STM32WBA65I-DK1, STM32WBA65MGF6, STM32WBA65MGF7, STM32WBA65MIF6, STM32WBA65MIF7, STM32WBA65PGI6, STM32WBA65PGI7, STM32WBA65PII6, STM32WBA65PII7, STM32WBA65RGV6, STM32WBA65RGV7, STM32WBA65RIV6, STM32WBA65RIV7, STM32WL30K8V6, STM32WL30KBV6, STM32WL31C8V6, STM32WL31CBV6, STM32WL31K8V6, STM32WL31KBV6, STM32WL33C8V6, STM32WL33C8V6TR, STM32WL33C8V7, STM32WL33C8V7TR, STM32WL33CBV6, STM32WL33CBV6TR, STM32WL33CBV7, STM32WL33CBV7TR, STM32WL33CCV6, STM32WL33CCV6TR, STM32WL33CCV7, STM32WL33CCV7A, STM32WL33CCV7ATR, STM32WL33CCV7TR, STM32WL33K8V6, STM32WL33K8V6TR, STM32WL33K8V7, STM32WL33K8V7TR, STM32WL33KBV6, STM32WL33KBV6TR, STM32WL33KBV7, STM32WL33KBV7TR, STM32WL33KCV6, STM32WL33KCV6TR, STM32WL33KCV7, STM32WL33KCV7TR, STM32WL5MOCH6, STM32WL5MOCH6TR]
2025-06-04 17:54:19,637 [INFO] BoardInfo:889 - No configuration file found for board P-NUCLEO-WB55
2025-06-04 17:54:19,641 [INFO] DbBoards:161 - Kit is not supported: P-NUCLEO-WB55
2025-06-04 17:54:19,661 [INFO] BoardInfo:889 - No configuration file found for board STEVAL-BFA001V1B
2025-06-04 17:54:19,665 [INFO] DbBoards:161 - Kit is not supported: STEVAL-BFA001V1B
2025-06-04 17:54:19,667 [INFO] BoardInfo:889 - No configuration file found for board STEVAL-BFA001V2B
2025-06-04 17:54:19,672 [INFO] DbBoards:161 - Kit is not supported: STEVAL-BFA001V2B
2025-06-04 17:54:20,167 [INFO] DbBoards:168 - Found 211 boards, 208 are supported
2025-06-04 17:54:20,168 [INFO] DbBoards:169 - Found 211 boards, 43 of them is supported for  Bsp
2025-06-04 17:54:20,175 [INFO] ApiDb:668 - CubeFinder database Data Model version=2.1
2025-06-04 17:54:20,175 [INFO] ApiDb:669 - CubeFinder database Configuration version=3.0.39
2025-06-04 17:54:20,175 [INFO] ApiDb:670 - CubeFinder database generation date=2025-03-24 (1742811287)
2025-06-04 17:54:20,175 [INFO] ApiDb:671 - CubeFinder database FW Pack versions=[FP-ATR-ASTRA1_V2.0.0, FP-SNS-FLIGHT1_V5.0.2, FP-SNS-MOTENV1_V5.0.0, FP-SNS-MOTENVWB1_V1.4.0, FP-SNS-SMARTAG2_V1.2.0, FP-SNS-STBOX1_V2.0.0, STM32Cube_FW_C0_V1.4.0, STM32Cube_FW_F4_V1.28.1, STM32Cube_FW_F7_V1.17.2, STM32Cube_FW_G0_V1.6.2, STM32Cube_FW_G4_V1.6.1, STM32Cube_FW_H5_V1.5.0, STM32Cube_FW_H7RS_V1.2.0, STM32Cube_FW_H7_V1.12.1, STM32Cube_FW_L0_V1.12.2, STM32Cube_FW_L4_V1.18.1, STM32Cube_FW_L5_V1.5.1, STM32Cube_FW_N6_V1.1.0, STM32Cube_FW_U0_V1.2.0, STM32Cube_FW_U3_V1.1.0, STM32Cube_FW_U5_V1.7.0, STM32Cube_FW_WB0_V1.2.0, STM32Cube_FW_WBA_V1.6.0, STM32Cube_FW_WB_V1.22.0, STM32Cube_FW_WL3_V1.1.0, STM32Cube_FW_WL_V1.3.1, X-CUBE-ALGOBUILD_V1.4.0, X-CUBE-ALS_V1.0.2, X-CUBE-AZRTOS-F4_V1.1.0, X-CUBE-AZRTOS-F7_V1.1.0, X-CUBE-AZRTOS-G0_V1.1.0, X-CUBE-AZRTOS-G4_V2.0.0, X-CUBE-AZRTOS-H7RS_V1.0.0, X-CUBE-AZRTOS-H7_V3.3.0, X-CUBE-AZRTOS-L4_V2.0.0, X-CUBE-AZRTOS-L5_V2.0.0, X-CUBE-AZRTOS-WB_V2.0.0, X-CUBE-AZRTOS-WL_V2.0.0, X-CUBE-BLE1_V7.1.0, X-CUBE-BLE2_V3.3.0, X-CUBE-BLEMGR_V4.0.0, X-CUBE-EEPRMA1_V5.1.0, X-CUBE-FREERTOS_V1.3.0, X-CUBE-GNSS1_V6.0.0, X-CUBE-MEMS1_V11.1.0, X-CUBE-NFC4_V3.0.0, X-CUBE-NFC7_V1.0.1, X-CUBE-SFXS2LP1_V4.0.0, X-CUBE-SUBG2_V5.0.0, X-CUBE-TOF1_V3.4.2]
2025-06-04 17:54:23,865 [INFO] ApiDb:240 - Found 895 in-development CPN: [B-G473E-ZEST1S, B-WB1M-WPAN1, B-WBA5M-WPAN, B-WL5M-SUBG1, NUCLEO-C031C6, NUCLEO-C051C8, NUCLEO-C071RB, NUCLEO-C092RC, NUCLEO-H503RB, NUCLEO-H533RE, NUCLEO-H563ZI, NUCLEO-H7S3L8, NUCLEO-N657X0-Q, NUCLEO-U031R8, NUCLEO-U083RC, NUCLEO-U385RG-Q, NUCLEO-U545RE-Q, NUCLEO-U5A5ZJ-Q, NUCLEO-WB05KZ, NUCLEO-WB07CC, NUCLEO-WB09KE, NUCLEO-WBA52CG, NUCLEO-WBA55CG, NUCLEO-WBA65RI, NUCLEO-WL33CC1, NUCLEO-WL33CC2, STEVAL-PROTEUS1, STEVAL-SMARTAG2, STEVAL-STWINBX1, STM320518-EVAL, STM32C0116-DK, STM32C011D6Y3TR, STM32C011D6Y6TR, STM32C011F4P3, STM32C011F4P6, STM32C011F4U3, STM32C011F4U6TR, STM32C011F6P3, STM32C011F6P6, STM32C011F6U3, STM32C011F6U6TR, STM32C011J4M3, STM32C011J4M6, STM32C011J6M3, STM32C011J6M6, STM32C0316-DK, STM32C031C4T3, STM32C031C4T6, STM32C031C4U3, STM32C031C4U6, STM32C031C6T3, STM32C031C6T6, STM32C031C6U3, STM32C031C6U6, STM32C031F4P3, STM32C031F4P6, STM32C031F6P3, STM32C031F6P6, STM32C031G4U3, STM32C031G4U6, STM32C031G6U3, STM32C031G6U6, STM32C031K4T3, STM32C031K4T6, STM32C031K4U3, STM32C031K4U6, STM32C031K6T3, STM32C031K6T6, STM32C031K6U3, STM32C031K6U6, STM32C051C6T6, STM32C051C6U6, STM32C051C8T6, STM32C051C8U6, STM32C051D8Y6TR, STM32C051F6P6, STM32C051F8P6, STM32C051G6U6, STM32C051G8U6, STM32C051K6T6, STM32C051K6U6, STM32C051K8T6, STM32C071C8T6, STM32C071C8T6N, STM32C071C8U6, STM32C071C8U6N, STM32C071CBT6, STM32C071CBT6N, STM32C071CBU6, STM32C071CBU6N, STM32C071F8P6, STM32C071F8P6N, STM32C071FBP6, STM32C071FBP6N, STM32C071FBY6TR, STM32C071G8U6, STM32C071G8U6N, STM32C071GBU6, STM32C071GBU6N, STM32C071K8T6, STM32C071K8T6N, STM32C071K8U6, STM32C071K8U6N, STM32C071KBT6, STM32C071KBT6N, STM32C071KBU6, STM32C071KBU6N, STM32C071R8T6, STM32C071R8T6N, STM32C071RBI6N, STM32C071RBT6, STM32C071RBT6N, STM32C091CBT6, STM32C091CBU6, STM32C091CCT6, STM32C091CCU6, STM32C091ECY6TR, STM32C091FBP6, STM32C091FCP6, STM32C091GBU6, STM32C091GCU6, STM32C091KBT6, STM32C091KBU6, STM32C091KCT6, STM32C091KCU6, STM32C091RBT6, STM32C091RCI6, STM32C091RCT6, STM32C092CBT6, STM32C092CBU6, STM32C092CCT6, STM32C092CCU6, STM32C092ECY6TR, STM32C092FBP6, STM32C092FCP6, STM32C092GBU6, STM32C092GCU6, STM32C092KBT6, STM32C092KBU6, STM32C092KCT6, STM32C092KCU6, STM32C092RBT6, STM32C092RCI6, STM32C092RCT6, STM32G071K8TXN, STM32G071K8UXN, STM32G081GBU6N, STM32G081KBT6N, STM32G081KBUXN, STM32G0B1CCT6N, STM32G0B1KCT6, STM32G0B1NEY6TR, STM32G0B1RCT6N, STM32G0C1CCT6, STM32G0C1CCT6N, STM32G0C1CCU6N, STM32G0C1CET6N, STM32G0C1CEU6N, STM32G0C1KCT6, STM32G0C1NEY6TR, STM32G0C1RCI6N, STM32G0C1RCT6N, STM32G0C1REI6N, STM32G0C1RET6N, STM32G0C1VCI6, STM32G0C1VEI6, STM32G411C6T3, STM32G411C6T6, STM32G411C6U3, STM32G411C6U6, STM32G411C8T3, STM32G411C8T6, STM32G411C8U3, STM32G411C8U6, STM32G411CBT3, STM32G411CBT6, STM32G411CBU3, STM32G411CBU6, STM32G411CCT3, STM32G411CCT6, STM32G411CCU3, STM32G411CCU6, STM32G411K6T3, STM32G411K6T6, STM32G411K6U3, STM32G411K6U6, STM32G411K8T3, STM32G411K8T6, STM32G411K8U3, STM32G411K8U6, STM32G411KBT3, STM32G411KBT6, STM32G411KBU3, STM32G411KBU6, STM32G411M6T3, STM32G411M6T6, STM32G411M8T3, STM32G411M8T6, STM32G411MBT3, STM32G411MBT6, STM32G411MCT3, STM32G411MCT6, STM32G411R6T3, STM32G411R6T6, STM32G411R8T3, STM32G411R8T6, STM32G411RBT3, STM32G411RBT6, STM32G411RCT3, STM32G411RCT6, STM32G414CBT3, STM32G414CBT6, STM32G414CBU3, STM32G414CBU6, STM32G414CCT3, STM32G414CCT6, STM32G414CCU3, STM32G414CCU6, STM32G414MBT3, STM32G414MBT6, STM32G414MCT3, STM32G414MCT6, STM32G414RBT3, STM32G414RBT6, STM32G414RCT3, STM32G414RCT6, STM32G414VBT3, STM32G414VBT6, STM32G414VCT3, STM32G414VCT6, STM32G431CBT3Z, STM32G431RBT3Z, STM32G471CCT6, STM32G471CCU6, STM32G471CET3, STM32G471CET6, STM32G471CEU3, STM32G471CEU6, STM32G471MCT6, STM32G471MET3, STM32G471MET6, STM32G471MEY6TR, STM32G471QCT6, STM32G471QET3, STM32G471RCT6, STM32G471RET3, STM32G471RET6, STM32G471VCH6, STM32G471VCI6, STM32G471VCT6, STM32G471VEH3, STM32G471VEH6, STM32G471VEI3, STM32G471VEI6, STM32G471VET3, STM32G471VET6, STM32G473QET3Z, STM32G473RET3Z, STM32G474CCT6, STM32G491RET3Z, STM32H503CBT6, STM32H503CBU6, STM32H503EBY6TR, STM32H503KBU6, STM32H503RBT6, STM32H523CCT6, STM32H523CCU6, STM32H523CET6, STM32H523CEU6, STM32H523HEY6TR, STM32H523RCT6, STM32H523RET6, STM32H523VCI6, STM32H523VCT6, STM32H523VEI6, STM32H523VET6, STM32H523ZCJ6, STM32H523ZCT6, STM32H523ZEJ6, STM32H523ZET6, STM32H533CET6, STM32H533CEU6, STM32H533HEY6TR, STM32H533RET6, STM32H533VEI6, STM32H533VET6, STM32H533ZEJ6, STM32H533ZET6, STM32H562AGI6, STM32H562AII6, STM32H562IGK6, STM32H562IGT6, STM32H562IIK6, STM32H562IIT6, STM32H562RGT6, STM32H562RGV6, STM32H562RIT6, STM32H562RIV6, STM32H562VGT6, STM32H562VIT6, STM32H562ZGT6, STM32H562ZIT6, STM32H563AGI6, STM32H563AII3Q, STM32H563AII6, STM32H563IGK6, STM32H563IGT6, STM32H563IIK3Q, STM32H563IIK6, STM32H563IIT3Q, STM32H563IIT6, STM32H563MIY3QTR, STM32H563RGT6, STM32H563RGV6, STM32H563RIT6, STM32H563RIV6, STM32H563VGT6, STM32H563VIT3Q, STM32H563VIT6, STM32H563ZGT6, STM32H563ZIT3Q, STM32H563ZIT6, STM32H573AII3Q, STM32H573AII6, STM32H573I-DK, STM32H573IIK3Q, STM32H573IIK6, STM32H573IIT3Q, STM32H573IIT6, STM32H573MIY3QTR, STM32H573RIT6, STM32H573RIV6, STM32H573VIT3Q, STM32H573VIT6, STM32H573ZIT3Q, STM32H573ZIT6, STM32H7R3A8I6, STM32H7R3I8K6, STM32H7R3I8T6, STM32H7R3L8H6, STM32H7R3L8H6H, STM32H7R3R8V6, STM32H7R3V8H6, STM32H7R3V8T6, STM32H7R3V8Y6TR, STM32H7R3Z8J6, STM32H7R3Z8T6, STM32H7R7A8I6, STM32H7R7I8K6, STM32H7R7I8T6, STM32H7R7L8H6, STM32H7R7L8H6H, STM32H7R7Z8J6, STM32H7S3A8I6, STM32H7S3I8K6, STM32H7S3I8T6, STM32H7S3L8H6, STM32H7S3L8H6H, STM32H7S3R8V6, STM32H7S3V8H6, STM32H7S3V8T6, STM32H7S3V8Y6TR, STM32H7S3Z8J6, STM32H7S3Z8T6, STM32H7S78-DK, STM32H7S7A8I6, STM32H7S7I8K6, STM32H7S7I8T6, STM32H7S7L8H6, STM32H7S7L8H6H, STM32H7S7Z8J6, STM32L4R5QGI6STR, STM32MP131AAE3, STM32MP131AAF3, STM32MP131AAG3, STM32MP131CAE3, STM32MP131CAF3, STM32MP131CAG3, STM32MP131DAE7, STM32MP131DAF7, STM32MP131DAG7, STM32MP131FAE7, STM32MP131FAF7, STM32MP131FAG7, STM32MP133AAE3, STM32MP133AAF3, STM32MP133AAG3, STM32MP133CAE3, STM32MP133CAF3, STM32MP133CAG3, STM32MP133DAE7, STM32MP133DAF7, STM32MP133DAG7, STM32MP133FAE7, STM32MP133FAF7, STM32MP133FAG7, STM32MP135AAE3, STM32MP135AAF3, STM32MP135AAG3, STM32MP135CAE3, STM32MP135CAF3, STM32MP135CAG3, STM32MP135DAE7, STM32MP135DAF7, STM32MP135DAG7, STM32MP135F-DK, STM32MP135FAE7, STM32MP135FAF7, STM32MP135FAF7T, STM32MP135FAF7U, STM32MP135FAG7, STM32MP231AAJ3, STM32MP231AAK3, STM32MP231AAL3, STM32MP231CAJ3, STM32MP231CAK3, STM32MP231CAL3, STM32MP231DAJ3, STM32MP231DAK3, STM32MP231DAL3, STM32MP231FAJ3, STM32MP231FAK3, STM32MP231FAL3, STM32MP233AAJ3, STM32MP233AAK3, STM32MP233AAL3, STM32MP233CAJ3, STM32MP233CAK3, STM32MP233CAL3, STM32MP233DAJ3, STM32MP233DAK3, STM32MP233DAL3, STM32MP233FAJ3, STM32MP233FAK3, STM32MP233FAL3, STM32MP235AAJ3, STM32MP235AAK3, STM32MP235AAL3, STM32MP235CAJ3, STM32MP235CAK3, STM32MP235CAL3, STM32MP235DAJ3, STM32MP235DAK3, STM32MP235DAL3, STM32MP235FAJ3, STM32MP235FAK3, STM32MP235FAL3, STM32MP251AAI3, STM32MP251AAJ3, STM32MP251AAK3, STM32MP251AAL3, STM32MP251CAI3, STM32MP251CAJ3, STM32MP251CAK3, STM32MP251CAL3, STM32MP251DAI3, STM32MP251DAJ3, STM32MP251DAK3, STM32MP251DAL3, STM32MP251FAI3, STM32MP251FAJ3, STM32MP251FAK3, STM32MP251FAL3, STM32MP253AAI3, STM32MP253AAJ3, STM32MP253AAK3, STM32MP253AAL3, STM32MP253CAI3, STM32MP253CAJ3, STM32MP253CAK3, STM32MP253CAL3, STM32MP253DAI3, STM32MP253DAJ3, STM32MP253DAK3, STM32MP253DAL3, STM32MP253FAI3, STM32MP253FAJ3, STM32MP253FAK3, STM32MP253FAL3, STM32MP255AAI3, STM32MP255AAJ3, STM32MP255AAK3, STM32MP255AAL3, STM32MP255CAI3, STM32MP255CAJ3, STM32MP255CAK3, STM32MP255CAL3, STM32MP255DAI3, STM32MP255DAJ3, STM32MP255DAK3, STM32MP255DAL3, STM32MP255FAI3, STM32MP255FAJ3, STM32MP255FAK3, STM32MP255FAL3, STM32MP257AAI3, STM32MP257AAJ3, STM32MP257AAK3, STM32MP257AAL3, STM32MP257CAI3, STM32MP257CAJ3, STM32MP257CAK3, STM32MP257CAL3, STM32MP257DAI3, STM32MP257DAJ3, STM32MP257DAK3, STM32MP257DAL3, STM32MP257F-DK, STM32MP257F-EV1, STM32MP257FAI3, STM32MP257FAJ3, STM32MP257FAK3, STM32MP257FAL3, STM32N645A0H3Q, STM32N645B0H3Q, STM32N645I0H3Q, STM32N645L0H3Q, STM32N645X0H3Q, STM32N645Z0H3Q, STM32N647A0H3Q, STM32N647B0H3Q, STM32N647I0H3Q, STM32N647L0H3Q, STM32N647X0H3Q, STM32N647Z0H3Q, STM32N655A0H3Q, STM32N655B0H3Q, STM32N655I0H3Q, STM32N655L0H3Q, STM32N655X0H3Q, STM32N655Z0H3Q, STM32N6570-DK, STM32N657A0H3Q, STM32N657B0H3Q, STM32N657I0H3Q, STM32N657L0H3Q, STM32N657X0H3Q, STM32N657Z0H3Q, STM32U031C6T6, STM32U031C6U6, STM32U031C8T6, STM32U031C8U6, STM32U031F4P6, STM32U031F6P6, STM32U031F8P6, STM32U031G6Y6TR, STM32U031G8Y6TR, STM32U031K4U6, STM32U031K6U6, STM32U031K8U6, STM32U031R6I6, STM32U031R6T6, STM32U031R8I6, STM32U031R8T6, STM32U073C8T6, STM32U073C8U6, STM32U073CBT6, STM32U073CBU6, STM32U073CCT6, STM32U073CCU6, STM32U073H8Y6TR, STM32U073HBY6TR, STM32U073HCY6TR, STM32U073K8U6, STM32U073KBU6, STM32U073KCU6, STM32U073M8I6, STM32U073M8T6, STM32U073MBI6, STM32U073MBT6, STM32U073MCI6, STM32U073MCT6, STM32U073R8I6, STM32U073R8T6, STM32U073RBI6, STM32U073RBT6, STM32U073RCI6, STM32U073RCT6, STM32U083C-DK, STM32U083CCT6, STM32U083CCU6, STM32U083HCY6TR, STM32U083KCU6, STM32U083MCI6, STM32U083MCT6, STM32U083RCI6, STM32U083RCT6, STM32U375CET6, STM32U375CET6Q, STM32U375CEU6, STM32U375CEU6Q, STM32U375CEY6QTR, STM32U375CGT6, STM32U375CGT6Q, STM32U375CGU6, STM32U375CGU6Q, STM32U375CGY6QTR, STM32U375KEU6, STM32U375KGU6, STM32U375REI6, STM32U375REI6Q, STM32U375RET6, STM32U375RET6Q, STM32U375REY6GTR, STM32U375REY6QTR, STM32U375RGI6, STM32U375RGI6Q, STM32U375RGT6, STM32U375RGT6Q, STM32U375RGY6GTR, STM32U375RGY6QTR, STM32U375VEI6, STM32U375VEI6Q, STM32U375VET6, STM32U375VET6Q, STM32U375VGI6, STM32U375VGI6Q, STM32U375VGT6, STM32U375VGT6Q, STM32U385CGT6, STM32U385CGT6Q, STM32U385CGU6, STM32U385CGU6Q, STM32U385CGY6QTR, STM32U385KGU6, STM32U385RGI6, STM32U385RGI6Q, STM32U385RGT6, STM32U385RGT6Q, STM32U385RGY6GTR, STM32U385RGY6QTR, STM32U385VGI6, STM32U385VGI6Q, STM32U385VGT6, STM32U385VGT6Q, STM32U535CBT6, STM32U535CBT6Q, STM32U535CBU6, STM32U535CBU6Q, STM32U535CCT6, STM32U535CCT6Q, STM32U535CCU6, STM32U535CCU6Q, STM32U535CET6, STM32U535CET6Q, STM32U535CEU6, STM32U535CEU6Q, STM32U535JEY6QTR, STM32U535NCY6QTR, STM32U535NEY6QTR, STM32U535RBI6, STM32U535RBI6Q, STM32U535RBT6, STM32U535RBT6Q, STM32U535RCI6, STM32U535RCI6Q, STM32U535RCT6, STM32U535RCT6Q, STM32U535REI6, STM32U535REI6Q, STM32U535RET6, STM32U535RET6Q, STM32U535VCI6, STM32U535VCI6Q, STM32U535VCT6, STM32U535VCT6Q, STM32U535VEI6, STM32U535VEI6Q, STM32U535VET6, STM32U535VET6Q, STM32U545CET6, STM32U545CET6Q, STM32U545CEU6, STM32U545CEU6Q, STM32U545JEY6QTR, STM32U545NEY6QTR, STM32U545REI6, STM32U545REI6Q, STM32U545RET6, STM32U545RET6Q, STM32U545VEI6, STM32U545VEI6Q, STM32U545VET6, STM32U545VET6Q, STM32U595AIH6, STM32U595AIH6Q, STM32U595AJH6, STM32U595AJH6Q, STM32U595QII6, STM32U595QII6Q, STM32U595QJI6, STM32U595QJI6Q, STM32U595RIT6, STM32U595RIT6Q, STM32U595RJT6, STM32U595RJT6Q, STM32U595VIT6, STM32U595VIT6Q, STM32U595VJT6, STM32U595VJT6Q, STM32U595ZIT6, STM32U595ZIT6Q, STM32U595ZIY6QTR, STM32U595ZJT6, STM32U595ZJT6Q, STM32U595ZJY6QTR, STM32U599BJY6QTR, STM32U599NIH6Q, STM32U599NJH6Q, STM32U599VIT6Q, STM32U599VJT6, STM32U599VJT6Q, STM32U599ZIT6Q, STM32U599ZIY6QTR, STM32U599ZJT6Q, STM32U599ZJY6QTR, STM32U5A5AJH6, STM32U5A5AJH6Q, STM32U5A5QII3Q , STM32U5A5QJI6, STM32U5A5QJI6Q, STM32U5A5RJT6, STM32U5A5RJT6Q, STM32U5A5VJT6, STM32U5A5VJT6Q, STM32U5A5ZJT6, STM32U5A5ZJT6Q, STM32U5A5ZJY6QTR, STM32U5A9BJY6QTR, STM32U5A9J-DK, STM32U5A9NJH6Q, STM32U5A9VJT6Q, STM32U5A9ZJT6Q, STM32U5A9ZJY6QTR, STM32U5F7VIT6, STM32U5F7VIT6Q, STM32U5F7VJT6, STM32U5F7VJT6Q, STM32U5F9BJY6QTR, STM32U5F9NJH6Q, STM32U5F9VIT6Q, STM32U5F9VJT6Q, STM32U5F9ZIJ6QTR, STM32U5F9ZIT6Q, STM32U5F9ZJJ6QTR, STM32U5F9ZJT6Q, STM32U5G7VJT6, STM32U5G7VJT6Q, STM32U5G9BJY6QTR, STM32U5G9J-DK1, STM32U5G9J-DK2, STM32U5G9NJH6Q, STM32U5G9VJT6Q, STM32U5G9ZJJ6QTR, STM32U5G9ZJT6Q, STM32WB05KZV6TR, STM32WB05KZV7TR, STM32WB05TZF6TR, STM32WB05TZF7TR, STM32WB06CCF6TR, STM32WB06CCF7TR, STM32WB06CCV6TR, STM32WB06CCV7TR, STM32WB06KCV6TR, STM32WB06KCV7TR, STM32WB07CCF6TR, STM32WB07CCF7TR, STM32WB07CCV6TR, STM32WB07CCV7TR, STM32WB07KCV6TR, STM32WB07KCV7TR, STM32WB09KEV6TR, STM32WB09KEV7TR, STM32WB09TEF6TR, STM32WB09TEF7TR, STM32WB1MMCH6, STM32WBA50KGU6, STM32WBA50KGU6TR, STM32WBA52CEU6, STM32WBA52CEU6TR, STM32WBA52CEU7, STM32WBA52CEU7TR, STM32WBA52CGU6, STM32WBA52CGU6TR, STM32WBA52CGU6U, STM32WBA52CGU7, STM32WBA52CGU7TR, STM32WBA52KEU6, STM32WBA52KEU6TR, STM32WBA52KGU6, STM32WBA52KGU6TR, STM32WBA54CEU6, STM32WBA54CEU6TR, STM32WBA54CEU7, STM32WBA54CEU7TR, STM32WBA54CGU6, STM32WBA54CGU6TR, STM32WBA54CGU7, STM32WBA54CGU7TR, STM32WBA54KEU6, STM32WBA54KEU6TR, STM32WBA54KEU7, STM32WBA54KEU7TR, STM32WBA54KGU6, STM32WBA54KGU6TR, STM32WBA54KGU7, STM32WBA54KGU7TR, STM32WBA55CEU6, STM32WBA55CEU6TR, STM32WBA55CEU7, STM32WBA55CEU7TR, STM32WBA55CGU6, STM32WBA55CGU6TR, STM32WBA55CGU6U, STM32WBA55CGU7, STM32WBA55CGU7TR, STM32WBA55G-DK1, STM32WBA55HEF6, STM32WBA55HEF7, STM32WBA55HGF6, STM32WBA55HGF7, STM32WBA55UEI6, STM32WBA55UEI6TR, STM32WBA55UEI7, STM32WBA55UEI7TR, STM32WBA55UGI6, STM32WBA55UGI6TR, STM32WBA55UGI7, STM32WBA55UGI7TR, STM32WBA5MJGH6TR, STM32WBA62CGU6, STM32WBA62CIU6, STM32WBA62MGF6, STM32WBA62MIF6, STM32WBA62PGI6, STM32WBA62PII6, STM32WBA63CGU6, STM32WBA63CGU7, STM32WBA63CIU6, STM32WBA63CIU7, STM32WBA64CGU6, STM32WBA64CGU7, STM32WBA64CIU6, STM32WBA64CIU7, STM32WBA65CGU6, STM32WBA65CGU7, STM32WBA65CIU6, STM32WBA65CIU7, STM32WBA65I-DK1, STM32WBA65MGF6, STM32WBA65MGF7, STM32WBA65MIF6, STM32WBA65MIF7, STM32WBA65PGI6, STM32WBA65PGI7, STM32WBA65PII6, STM32WBA65PII7, STM32WBA65RGV6, STM32WBA65RGV7, STM32WBA65RIV6, STM32WBA65RIV7, STM32WL30K8V6, STM32WL30KBV6, STM32WL31C8V6, STM32WL31CBV6, STM32WL31K8V6, STM32WL31KBV6, STM32WL33C8V6, STM32WL33C8V6TR, STM32WL33C8V7, STM32WL33C8V7TR, STM32WL33CBV6, STM32WL33CBV6TR, STM32WL33CBV7, STM32WL33CBV7TR, STM32WL33CCV6, STM32WL33CCV6TR, STM32WL33CCV7, STM32WL33CCV7A, STM32WL33CCV7ATR, STM32WL33CCV7TR, STM32WL33K8V6, STM32WL33K8V6TR, STM32WL33K8V7, STM32WL33K8V7TR, STM32WL33KBV6, STM32WL33KBV6TR, STM32WL33KBV7, STM32WL33KBV7TR, STM32WL33KCV6, STM32WL33KCV6TR, STM32WL33KCV7, STM32WL33KCV7TR, STM32WL5MOCH6, STM32WL5MOCH6TR]
2025-06-04 17:54:23,875 [INFO] DbMcus:218 - Found 4686 MCUs, 4686 are supported
2025-06-04 17:54:23,876 [INFO] ApiDb:423 - Load user favorites file C:\Users\pwlub/.stm32cubeide/favorites.mcus.txt: 0 item(s)
2025-06-04 17:54:23,877 [INFO] ApiDb:427 - User favorites MCUs=[]
2025-06-04 17:54:23,877 [INFO] DbMcus:224 - Set 0 / 0 favorites MCUs
2025-06-04 17:54:24,915 [INFO] ApiDb:414 - User favorites file not found: C:\Users\pwlub/.stm32cubeide/favorites.boards.txt
2025-06-04 17:54:24,915 [INFO] DbBoards:198 - Set 0 / 0 favorites Boards
2025-06-04 17:54:24,960 [INFO] UtilMem:75 - End LoadConfig() Used Memory: 450924408 Bytes (670040064)
2025-06-04 17:54:25,327 [WARN] ThirdParty:833 - waiting for thirdparty lock release [change project]
2025-06-04 17:54:25,327 [INFO] ThirdParty:835 - entering critical section [change project]
2025-06-04 17:54:25,328 [INFO] ThirdParty:1030 - CMSIS Pack Vendor :STMicroelectronics USBPD 4.1
2025-06-04 17:54:25,328 [INFO] ThirdParty:1030 - CMSIS Pack Vendor :STMicroelectronics X-CUBE-AZRTOS-H7 3.3.0
2025-06-04 17:54:25,328 [INFO] ThirdParty:1030 - CMSIS Pack Vendor :STMicroelectronics X-CUBE-NFC9 1.0.0
2025-06-04 17:54:25,328 [INFO] ThirdParty:1030 - CMSIS Pack Vendor :STMicroelectronics USB_HOST 2.0.0
2025-06-04 17:54:25,328 [INFO] ThirdParty:1030 - CMSIS Pack Vendor :STMicroelectronics FP-SNS-MOTENVWB1 1.4.0
2025-06-04 17:54:25,328 [INFO] ThirdParty:1030 - CMSIS Pack Vendor :STMicroelectronics X-CUBE-AZRTOS-F4 1.1.0
2025-06-04 17:54:25,328 [INFO] ThirdParty:1030 - CMSIS Pack Vendor :STMicroelectronics LIBJPEG 8.0.0
2025-06-04 17:54:25,328 [INFO] ThirdParty:1030 - CMSIS Pack Vendor :STMicroelectronics FP-ATR-ASTRA1 2.0.2
2025-06-04 17:54:25,328 [INFO] ThirdParty:1030 - CMSIS Pack Vendor :STMicroelectronics X-CUBE-BLE1 7.1.0
2025-06-04 17:54:25,328 [INFO] ThirdParty:1030 - CMSIS Pack Vendor :Avnet-IotConnect X-CUBE-IoTC-DA16k-PMOD 1.0.0
2025-06-04 17:54:25,329 [INFO] ThirdParty:1030 - CMSIS Pack Vendor :STMicroelectronics X-CUBE-SMBUS 2.1.0
2025-06-04 17:54:25,329 [INFO] ThirdParty:1030 - CMSIS Pack Vendor :STMicroelectronics X-CUBE-WB05N 1.1.0
2025-06-04 17:54:25,329 [INFO] ThirdParty:1030 - CMSIS Pack Vendor :STMicroelectronics USB_DEVICE 3.0.0
2025-06-04 17:54:25,329 [INFO] ThirdParty:1030 - CMSIS Pack Vendor :STMicroelectronics X-CUBE-ISPU 2.1.0
2025-06-04 17:54:25,329 [INFO] ThirdParty:1030 - CMSIS Pack Vendor :STMicroelectronics X-CUBE-AZRTOS-WB 2.0.0
2025-06-04 17:54:25,329 [INFO] ThirdParty:1030 - CMSIS Pack Vendor :STMicroelectronics X-CUBE-ST60 1.0.0
2025-06-04 17:54:25,329 [INFO] ThirdParty:1030 - CMSIS Pack Vendor :STMicroelectronics X-CUBE-GNSS1 7.0.1
2025-06-04 17:54:25,329 [INFO] ThirdParty:1030 - CMSIS Pack Vendor :STMicroelectronics X-CUBE-AZRTOS-F7 1.1.0
2025-06-04 17:54:25,329 [INFO] ThirdParty:1030 - CMSIS Pack Vendor :STMicroelectronics X-CUBE-AZRTOS-L5 2.0.0
2025-06-04 17:54:25,329 [INFO] ThirdParty:1030 - CMSIS Pack Vendor :STMicroelectronics X-CUBE-TOUCHGFX 4.25.0
2025-06-04 17:54:25,329 [INFO] ThirdParty:1030 - CMSIS Pack Vendor :STMicroelectronics USB_DEVICE 2.0.0
2025-06-04 17:54:25,329 [INFO] ThirdParty:1030 - CMSIS Pack Vendor :STMicroelectronics X-CUBE-NFC6 3.1.0
2025-06-04 17:54:25,329 [INFO] ThirdParty:1030 - CMSIS Pack Vendor :STMicroelectronics X-CUBE-AI 10.1.0
2025-06-04 17:54:25,329 [INFO] ThirdParty:1030 - CMSIS Pack Vendor :STMicroelectronics FP-SNS-STBOX1 2.0.0
2025-06-04 17:54:25,329 [INFO] ThirdParty:1030 - CMSIS Pack Vendor :STMicroelectronics X-CUBE-MEMS1 11.2.0
2025-06-04 17:54:25,329 [INFO] ThirdParty:1030 - CMSIS Pack Vendor :STMicroelectronics FreeRTOS 0.0.1
2025-06-04 17:54:25,329 [INFO] ThirdParty:1030 - CMSIS Pack Vendor :STMicroelectronics X-CUBE-AZRTOS-G0 1.1.0
2025-06-04 17:54:25,329 [INFO] ThirdParty:1030 - CMSIS Pack Vendor :STMicroelectronics X-CUBE-SAFEA1 1.2.2
2025-06-04 17:54:25,330 [INFO] ThirdParty:1030 - CMSIS Pack Vendor :STMicroelectronics X-CUBE-NFC4 3.0.0
2025-06-04 17:54:25,330 [INFO] ThirdParty:1030 - CMSIS Pack Vendor :STMicroelectronics X-CUBE-DPower 1.2.0
2025-06-04 17:54:25,330 [INFO] ThirdParty:1030 - CMSIS Pack Vendor :STMicroelectronics X-CUBE-SUBG2 5.0.0
2025-06-04 17:54:25,330 [INFO] ThirdParty:1030 - CMSIS Pack Vendor :STMicroelectronics STM32_WPAN 1.0.0
2025-06-04 17:54:25,330 [INFO] ThirdParty:1030 - CMSIS Pack Vendor :EmbeddedOffice I-CUBE-FS-RTOS 1.0.1
2025-06-04 17:54:25,330 [INFO] ThirdParty:1030 - CMSIS Pack Vendor :STMicroelectronics lwIP 2.0.3
2025-06-04 17:54:25,330 [INFO] ThirdParty:1030 - CMSIS Pack Vendor :Cesanta I-CUBE-Mongoose 7.13.0
2025-06-04 17:54:25,330 [INFO] ThirdParty:1030 - CMSIS Pack Vendor :STMicroelectronics USB_HOST 1.0.0
2025-06-04 17:54:25,330 [INFO] ThirdParty:1030 - CMSIS Pack Vendor :Infineon AIROC-Wi-Fi-Bluetooth-STM32 1.7.0
2025-06-04 17:54:25,330 [INFO] ThirdParty:1030 - CMSIS Pack Vendor :STMicroelectronics X-CUBE-AZRTOS-G4 2.0.0
2025-06-04 17:54:25,330 [INFO] ThirdParty:1030 - CMSIS Pack Vendor :STMicroelectronics X-CUBE-WB05N 2.0.0
2025-06-04 17:54:25,330 [INFO] ThirdParty:1030 - CMSIS Pack Vendor :STMicroelectronics PDM2PCM 3.1.0
2025-06-04 17:54:25,330 [INFO] ThirdParty:1030 - CMSIS Pack Vendor :STMicroelectronics PDM2PCM 3.3.0
2025-06-04 17:54:25,330 [INFO] ThirdParty:1030 - CMSIS Pack Vendor :wolfSSL I-CUBE-wolfTPM 3.8.0
2025-06-04 17:54:25,330 [INFO] ThirdParty:1030 - CMSIS Pack Vendor :STMicroelectronics X-CUBE-DISPLAY 3.0.0
2025-06-04 17:54:25,331 [INFO] ThirdParty:1030 - CMSIS Pack Vendor :wolfSSL I-CUBE-wolfSSH 1.4.20
2025-06-04 17:54:25,331 [INFO] ThirdParty:1030 - CMSIS Pack Vendor :STMicroelectronics X-CUBE-NFC7 2.0.0
2025-06-04 17:54:25,331 [INFO] ThirdParty:1030 - CMSIS Pack Vendor :STMicroelectronics X-CUBE-TCPP 4.2.0
2025-06-04 17:54:25,331 [INFO] ThirdParty:1030 - CMSIS Pack Vendor :RealThread X-CUBE-RT-Thread_Nano 4.1.1
2025-06-04 17:54:25,331 [INFO] ThirdParty:1030 - CMSIS Pack Vendor :STMicroelectronics FP-ATR-SIGFOX1 3.2.0
2025-06-04 17:54:25,331 [INFO] ThirdParty:1030 - CMSIS Pack Vendor :STMicroelectronics X-CUBE-NFC10 1.0.0
2025-06-04 17:54:25,332 [INFO] ThirdParty:1030 - CMSIS Pack Vendor :STMicroelectronics X-CUBE-BLEMGR 4.0.0
2025-06-04 17:54:25,332 [INFO] ThirdParty:1030 - CMSIS Pack Vendor :STMicroelectronics X-CUBE-EEPRMA1 5.1.0
2025-06-04 17:54:25,332 [INFO] ThirdParty:1030 - CMSIS Pack Vendor :STMicroelectronics X-CUBE-FREERTOS 1.3.1
2025-06-04 17:54:25,332 [INFO] ThirdParty:1030 - CMSIS Pack Vendor :STMicroelectronics HAL Drivers 0.0.0
2025-06-04 17:54:25,332 [INFO] ThirdParty:1030 - CMSIS Pack Vendor :STMicroelectronics MBEDTLS 2.16.2
2025-06-04 17:54:25,332 [INFO] ThirdParty:1030 - CMSIS Pack Vendor :STMicroelectronics X-CUBE-IPS 3.1.0
2025-06-04 17:54:25,332 [INFO] ThirdParty:1030 - CMSIS Pack Vendor :STMicroelectronics X-CUBE-ALS 1.0.2
2025-06-04 17:54:25,332 [INFO] ThirdParty:1030 - CMSIS Pack Vendor :emotas I-CUBE-CANOPEN 1.3.0
2025-06-04 17:54:25,332 [INFO] ThirdParty:1030 - CMSIS Pack Vendor :STMicroelectronics X-CUBE-FREERTOS 1.3.0
2025-06-04 17:54:25,332 [INFO] ThirdParty:1030 - CMSIS Pack Vendor :STMicroelectronics X-CUBE-NFC7 1.0.1
2025-06-04 17:54:25,332 [INFO] ThirdParty:1030 - CMSIS Pack Vendor :STMicroelectronics MBEDTLS 2.14.1
2025-06-04 17:54:25,332 [INFO] ThirdParty:1030 - CMSIS Pack Vendor :ITTIA_DB I-CUBE-ITTIADB 8.9.0
2025-06-04 17:54:25,332 [INFO] ThirdParty:1030 - CMSIS Pack Vendor :portGmbH I-Cube-SoM-uGOAL 1.1.0
2025-06-04 17:54:25,332 [INFO] ThirdParty:1030 - CMSIS Pack Vendor :quantropi X-CUBE-qispace-sdk-base 2.0.0
2025-06-04 17:54:25,332 [INFO] ThirdParty:1030 - CMSIS Pack Vendor :STMicroelectronics X-CUBE-AI 10.0.0
2025-06-04 17:54:25,333 [INFO] ThirdParty:1030 - CMSIS Pack Vendor :STMicroelectronics X-CUBE-ST67W61 1.0.0
2025-06-04 17:54:25,333 [INFO] ThirdParty:1030 - CMSIS Pack Vendor :STMicroelectronics ThreadX 1.0.0
2025-06-04 17:54:25,333 [INFO] ThirdParty:1030 - CMSIS Pack Vendor :STMicroelectronics FP-SNS-SMARTAG2 1.2.0
2025-06-04 17:54:25,333 [INFO] ThirdParty:1030 - CMSIS Pack Vendor :STMicroelectronics FP-SNS-FLIGHT1 5.1.0
2025-06-04 17:54:25,333 [INFO] ThirdParty:1030 - CMSIS Pack Vendor :STMicroelectronics X-CUBE-MEMS1 11.1.0
2025-06-04 17:54:25,333 [INFO] ThirdParty:1030 - CMSIS Pack Vendor :STMicroelectronics X-CUBE-AZRTOS-WL 2.0.0
2025-06-04 17:54:25,333 [INFO] ThirdParty:1030 - CMSIS Pack Vendor :SEGGER I-CUBE-embOS 1.3.1
2025-06-04 17:54:25,333 [INFO] ThirdParty:1030 - CMSIS Pack Vendor :STMicroelectronics X-CUBE-ALGOBUILD 1.4.0
2025-06-04 17:54:25,333 [INFO] ThirdParty:1030 - CMSIS Pack Vendor :STMicroelectronics FP-SNS-MOTENV1 5.0.0
2025-06-04 17:54:25,333 [INFO] ThirdParty:1030 - CMSIS Pack Vendor :STMicroelectronics USB_DEVICE 1.0.0
2025-06-04 17:54:25,333 [INFO] ThirdParty:1030 - CMSIS Pack Vendor :STMicroelectronics X-CUBE-AZRTOS-H7RS 1.0.0
2025-06-04 17:54:25,333 [INFO] ThirdParty:1030 - CMSIS Pack Vendor :STMicroelectronics X-CUBE-AZRTOS-L4 2.0.0
2025-06-04 17:54:25,333 [INFO] ThirdParty:1030 - CMSIS Pack Vendor :STMicroelectronics ThreadX 0.0.2
2025-06-04 17:54:25,333 [INFO] ThirdParty:1030 - CMSIS Pack Vendor :WES I-CUBE-Cesium 1.3.0
2025-06-04 17:54:25,333 [INFO] ThirdParty:1030 - CMSIS Pack Vendor :STMicroelectronics lwIP 2.1.2
2025-06-04 17:54:25,333 [INFO] ThirdParty:1030 - CMSIS Pack Vendor :STMicroelectronics X-CUBE-SFXS2LP1 4.0.0
2025-06-04 17:54:25,333 [INFO] ThirdParty:1030 - CMSIS Pack Vendor :STMicroelectronics X-CUBE-BLE2 3.3.0
2025-06-04 17:54:25,333 [INFO] ThirdParty:1030 - CMSIS Pack Vendor :STMicroelectronics X-CUBE-TOF1 3.4.2
2025-06-04 17:54:25,334 [INFO] ThirdParty:1030 - CMSIS Pack Vendor :STMicroelectronics X-CUBE-TOF1 3.4.3
2025-06-04 17:54:25,334 [INFO] ThirdParty:1030 - CMSIS Pack Vendor :STMicroelectronics PDM2PCM 3.2.0
2025-06-04 17:54:25,334 [INFO] ThirdParty:841 - exiting critical section [change project]
2025-06-04 17:54:27,109 [INFO] PinOutPanel:1589 - setPackage(No Configuration,No Configuration)
2025-06-04 17:54:27,113 [INFO] PinOutPanel:1589 - setPackage(STM32G473RCTx,LQFP64)
2025-06-04 17:54:29,303 [INFO] UtilMem:75 - Before build in PCC Used Memory: 668615496 Bytes (706740224)
2025-06-04 17:54:32,580 [INFO] UtilMem:75 - After build in PCC Used Memory: 563351152 Bytes (723517440)
2025-06-04 17:54:32,771 [INFO] ApiDbMcu:508 - Load IP Config File for FREERTOS
2025-06-04 17:54:32,902 [INFO] IPUIPlugin:80 - create IPUIPlugin
2025-06-04 17:54:32,902 [INFO] IPUIPlugin:80 - create IPUIPlugin
2025-06-04 17:54:32,902 [INFO] IPUIPlugin:80 - create IPUIPlugin
2025-06-04 17:54:32,902 [INFO] IPUIPlugin:80 - create IPUIPlugin
2025-06-04 17:54:32,902 [INFO] IPUIPlugin:80 - create IPUIPlugin
2025-06-04 17:54:32,902 [INFO] IPUIPlugin:80 - create IPUIPlugin
2025-06-04 17:54:32,903 [INFO] IPUIPlugin:80 - create IPUIPlugin
2025-06-04 17:54:32,903 [INFO] IPUIPlugin:80 - create IPUIPlugin
2025-06-04 17:54:32,903 [INFO] IPUIPlugin:80 - create IPUIPlugin
2025-06-04 17:54:32,904 [INFO] IPUIPlugin:80 - create IPUIPlugin
2025-06-04 17:54:32,905 [INFO] IPUIPlugin:80 - create IPUIPlugin
2025-06-04 17:54:32,905 [INFO] IPUIPlugin:80 - create IPUIPlugin
2025-06-04 17:54:32,906 [INFO] IPUIPlugin:80 - create IPUIPlugin
2025-06-04 17:54:32,906 [INFO] IPUIPlugin:80 - create IPUIPlugin
2025-06-04 17:54:32,907 [INFO] IPUIPlugin:80 - create IPUIPlugin
2025-06-04 17:54:32,907 [INFO] IPUIPlugin:80 - create IPUIPlugin
2025-06-04 17:54:32,908 [INFO] IPUIPlugin:80 - create IPUIPlugin
2025-06-04 17:54:32,909 [INFO] IPUIPlugin:80 - create IPUIPlugin
2025-06-04 17:54:32,909 [INFO] IPUIPlugin:80 - create IPUIPlugin
2025-06-04 17:54:32,910 [INFO] IPUIPlugin:80 - create IPUIPlugin
2025-06-04 17:54:32,910 [INFO] IPUIPlugin:80 - create IPUIPlugin
2025-06-04 17:54:32,910 [INFO] IPUIPlugin:80 - create IPUIPlugin
2025-06-04 17:54:32,910 [INFO] IPUIPlugin:80 - create IPUIPlugin
2025-06-04 17:54:32,911 [INFO] IPUIPlugin:80 - create IPUIPlugin
2025-06-04 17:54:32,911 [INFO] IPUIPlugin:80 - create IPUIPlugin
2025-06-04 17:54:32,911 [INFO] IPUIPlugin:80 - create IPUIPlugin
2025-06-04 17:54:32,911 [INFO] IPUIPlugin:80 - create IPUIPlugin
2025-06-04 17:54:32,953 [INFO] IPUIPlugin:80 - create IPUIPlugin
2025-06-04 17:54:32,954 [INFO] IPUIPlugin:80 - create IPUIPlugin
2025-06-04 17:54:32,954 [INFO] IPUIPlugin:80 - create IPUIPlugin
2025-06-04 17:54:32,954 [INFO] IPUIPlugin:80 - create IPUIPlugin
2025-06-04 17:54:32,954 [INFO] IPUIPlugin:80 - create IPUIPlugin
2025-06-04 17:54:32,955 [INFO] IPUIPlugin:80 - create IPUIPlugin
2025-06-04 17:54:32,955 [INFO] IPUIPlugin:80 - create IPUIPlugin
2025-06-04 17:54:32,955 [INFO] IPUIPlugin:80 - create IPUIPlugin
2025-06-04 17:54:32,956 [INFO] IPUIPlugin:80 - create IPUIPlugin
2025-06-04 17:54:32,956 [INFO] IPUIPlugin:80 - create IPUIPlugin
2025-06-04 17:54:32,957 [INFO] IPUIPlugin:80 - create IPUIPlugin
2025-06-04 17:54:32,957 [INFO] IPUIPlugin:80 - create IPUIPlugin
2025-06-04 17:54:32,957 [INFO] IPUIPlugin:80 - create IPUIPlugin
2025-06-04 17:54:32,958 [INFO] IPUIPlugin:80 - create IPUIPlugin
2025-06-04 17:54:32,958 [INFO] IPUIPlugin:80 - create IPUIPlugin
2025-06-04 17:54:32,960 [INFO] IPUIPlugin:80 - create IPUIPlugin
2025-06-04 17:54:32,960 [INFO] IPUIPlugin:80 - create IPUIPlugin
2025-06-04 17:54:32,960 [INFO] IPUIPlugin:80 - create IPUIPlugin
2025-06-04 17:54:32,961 [INFO] IPUIPlugin:80 - create IPUIPlugin
2025-06-04 17:54:32,962 [INFO] IPUIPlugin:80 - create IPUIPlugin
2025-06-04 17:54:32,962 [INFO] IPUIPlugin:80 - create IPUIPlugin
2025-06-04 17:54:32,962 [INFO] IPUIPlugin:80 - create IPUIPlugin
2025-06-04 17:54:32,963 [INFO] IPUIPlugin:80 - create IPUIPlugin
2025-06-04 17:54:32,963 [INFO] IPUIPlugin:80 - create IPUIPlugin
2025-06-04 17:54:32,964 [INFO] IPUIPlugin:80 - create IPUIPlugin
2025-06-04 17:54:32,964 [INFO] IPUIPlugin:80 - create IPUIPlugin
2025-06-04 17:54:32,965 [INFO] IPUIPlugin:80 - create IPUIPlugin
2025-06-04 17:54:32,965 [INFO] IPUIPlugin:80 - create IPUIPlugin
2025-06-04 17:54:32,966 [INFO] IPUIPlugin:80 - create IPUIPlugin
2025-06-04 17:54:32,966 [INFO] IPUIPlugin:80 - create IPUIPlugin
2025-06-04 17:54:32,967 [INFO] IPUIPlugin:80 - create IPUIPlugin
2025-06-04 17:54:32,967 [INFO] IPUIPlugin:80 - create IPUIPlugin
2025-06-04 17:54:32,968 [INFO] IPUIPlugin:80 - create IPUIPlugin
2025-06-04 17:54:32,968 [INFO] IPUIPlugin:80 - create IPUIPlugin
2025-06-04 17:54:32,969 [INFO] IPUIPlugin:80 - create IPUIPlugin
2025-06-04 17:54:32,970 [INFO] IPUIPlugin:80 - create IPUIPlugin
2025-06-04 17:54:32,971 [INFO] IPUIPlugin:80 - create IPUIPlugin
2025-06-04 17:54:32,972 [INFO] IPUIPlugin:80 - create IPUIPlugin
2025-06-04 17:54:32,972 [INFO] IPUIPlugin:80 - create IPUIPlugin
2025-06-04 17:54:32,973 [INFO] IPUIPlugin:80 - create IPUIPlugin
2025-06-04 17:54:32,974 [INFO] IPUIPlugin:80 - create IPUIPlugin
2025-06-04 17:54:32,975 [INFO] IPUIPlugin:80 - create IPUIPlugin
2025-06-04 17:54:32,976 [INFO] IPUIPlugin:80 - create IPUIPlugin
2025-06-04 17:54:32,976 [INFO] IPUIPlugin:80 - create IPUIPlugin
2025-06-04 17:54:32,977 [INFO] IPUIPlugin:80 - create IPUIPlugin
2025-06-04 17:54:32,978 [INFO] IPUIPlugin:80 - create IPUIPlugin
2025-06-04 17:54:32,979 [INFO] IPUIPlugin:80 - create IPUIPlugin
2025-06-04 17:54:32,980 [INFO] IPUIPlugin:80 - create IPUIPlugin
2025-06-04 17:54:32,981 [INFO] IPUIPlugin:80 - create IPUIPlugin
2025-06-04 17:54:33,008 [WARN] IP:2250 - MessageRAMOffset not found: check if there is a RefParameter without a condition.
2025-06-04 17:54:33,009 [WARN] IP:2250 - RxFifo0ElmtsNbr not found: check if there is a RefParameter without a condition.
2025-06-04 17:54:33,009 [WARN] IP:2250 - RxFifo0ElmtSize not found: check if there is a RefParameter without a condition.
2025-06-04 17:54:33,009 [WARN] IP:2250 - RxFifo1ElmtsNbr not found: check if there is a RefParameter without a condition.
2025-06-04 17:54:33,009 [WARN] IP:2250 - RxFifo1ElmtSize not found: check if there is a RefParameter without a condition.
2025-06-04 17:54:33,009 [WARN] IP:2250 - RxBuffersNbr not found: check if there is a RefParameter without a condition.
2025-06-04 17:54:33,009 [WARN] IP:2250 - RxBufferSize not found: check if there is a RefParameter without a condition.
2025-06-04 17:54:33,010 [WARN] IP:2250 - TxEventsNbr not found: check if there is a RefParameter without a condition.
2025-06-04 17:54:33,010 [WARN] IP:2250 - TxBuffersNbr not found: check if there is a RefParameter without a condition.
2025-06-04 17:54:33,010 [WARN] IP:2250 - TxFifoQueueElmtsNbr not found: check if there is a RefParameter without a condition.
2025-06-04 17:54:33,010 [WARN] IP:2250 - TxElmtSize not found: check if there is a RefParameter without a condition.
2025-06-04 17:54:33,010 [WARN] IP:2250 - ClockCalibrationCCU not found: check if there is a RefParameter without a condition.
2025-06-04 17:54:33,010 [WARN] IP:2250 - ClockDividerCCU not found: check if there is a RefParameter without a condition.
2025-06-04 17:54:33,011 [WARN] IP:2250 - MinOscClkPeriodsCCU not found: check if there is a RefParameter without a condition.
2025-06-04 17:54:33,011 [WARN] IP:2250 - TimeQuantaPerBitTimeCCU not found: check if there is a RefParameter without a condition.
2025-06-04 17:54:33,011 [WARN] IP:2250 - WatchdogStartValueCCU not found: check if there is a RefParameter without a condition.
2025-06-04 17:54:33,020 [INFO] LogOutputStream:77 - [STDOUT_REDIRECT] Nominal 
2025-06-04 17:54:33,021 [INFO] Can:71 - Can Add PropertyChangeListener com.st.microxplorer.plugins.ip.can.Can@764f154d
2025-06-04 17:54:33,103 [WARN] FreeRTOS:1023 - Null or empty value: should not occur! (nothing added to the table)
2025-06-04 17:54:33,665 [INFO] CADModel:165 - CPN selected for project levelSTM32G473RCT6
2025-06-04 17:54:33,665 [INFO] CADModel:114 - Register for checkConnection events
2025-06-04 17:54:33,669 [INFO] RtosManager:725 - Active RTOS found at IOC load: FREERTOS [Cortex-M4NS]
2025-06-04 17:54:33,801 [INFO] OpenFileManager:385 - Restore cursor
2025-06-04 17:54:34,452 [WARN] IP:2250 - MessageRAMOffset not found: check if there is a RefParameter without a condition.
2025-06-04 17:54:34,452 [WARN] IP:2250 - RxFifo0ElmtsNbr not found: check if there is a RefParameter without a condition.
2025-06-04 17:54:34,453 [WARN] IP:2250 - RxFifo0ElmtSize not found: check if there is a RefParameter without a condition.
2025-06-04 17:54:34,453 [WARN] IP:2250 - RxFifo1ElmtsNbr not found: check if there is a RefParameter without a condition.
2025-06-04 17:54:34,453 [WARN] IP:2250 - RxFifo1ElmtSize not found: check if there is a RefParameter without a condition.
2025-06-04 17:54:34,455 [WARN] IP:2250 - RxBuffersNbr not found: check if there is a RefParameter without a condition.
2025-06-04 17:54:34,455 [WARN] IP:2250 - RxBufferSize not found: check if there is a RefParameter without a condition.
2025-06-04 17:54:34,455 [WARN] IP:2250 - TxEventsNbr not found: check if there is a RefParameter without a condition.
2025-06-04 17:54:34,455 [WARN] IP:2250 - TxBuffersNbr not found: check if there is a RefParameter without a condition.
2025-06-04 17:54:34,455 [WARN] IP:2250 - TxFifoQueueElmtsNbr not found: check if there is a RefParameter without a condition.
2025-06-04 17:54:34,455 [WARN] IP:2250 - TxElmtSize not found: check if there is a RefParameter without a condition.
2025-06-04 17:54:34,455 [WARN] IP:2250 - ClockCalibrationCCU not found: check if there is a RefParameter without a condition.
2025-06-04 17:54:34,456 [WARN] IP:2250 - ClockDividerCCU not found: check if there is a RefParameter without a condition.
2025-06-04 17:54:34,456 [WARN] IP:2250 - MinOscClkPeriodsCCU not found: check if there is a RefParameter without a condition.
2025-06-04 17:54:34,456 [WARN] IP:2250 - TimeQuantaPerBitTimeCCU not found: check if there is a RefParameter without a condition.
2025-06-04 17:54:34,456 [WARN] IP:2250 - WatchdogStartValueCCU not found: check if there is a RefParameter without a condition.
2025-06-04 17:56:57,815 [INFO] ADCParametersView:116 -                Rank 1 : false
2025-06-04 17:56:57,817 [INFO] ADCParametersView:116 -                Rank 1 : false
2025-06-04 17:56:57,817 [INFO] ADCParametersView:116 -                Rank 2 : false
2025-06-04 17:56:57,819 [INFO] ADCParametersView:116 -                Rank 1 : false
2025-06-04 17:56:57,819 [INFO] ADCParametersView:116 -                Rank 2 : false
2025-06-04 17:56:57,819 [INFO] ADCParametersView:116 -                Rank 3 : false
2025-06-04 17:56:57,821 [INFO] ADCParametersView:116 -                Rank 1 : false
2025-06-04 17:56:57,821 [INFO] ADCParametersView:116 -                Rank 2 : false
2025-06-04 17:56:57,821 [INFO] ADCParametersView:116 -                Rank 3 : false
2025-06-04 17:56:57,822 [INFO] ADCParametersView:116 -                Rank 4 : false
2025-06-04 17:56:57,823 [INFO] ADCParametersView:116 -                Rank 1 : false
2025-06-04 17:56:57,823 [INFO] ADCParametersView:116 -                Rank 2 : false
2025-06-04 17:56:57,823 [INFO] ADCParametersView:116 -                Rank 3 : false
2025-06-04 17:56:57,823 [INFO] ADCParametersView:116 -                Rank 4 : false
2025-06-04 17:56:57,823 [INFO] ADCParametersView:116 -                Rank 5 : false
2025-06-04 17:56:57,825 [INFO] ADCParametersView:116 -                Rank 1 : false
2025-06-04 17:56:57,825 [INFO] ADCParametersView:116 -                Rank 2 : false
2025-06-04 17:56:57,826 [INFO] ADCParametersView:116 -                Rank 3 : false
2025-06-04 17:56:57,826 [INFO] ADCParametersView:116 -                Rank 4 : false
2025-06-04 17:56:57,832 [INFO] ADCParametersView:116 -                Rank 5 : false
2025-06-04 17:56:57,833 [INFO] ADCParametersView:116 -                Rank 6 : false
2025-06-04 17:56:58,157 [INFO] ADCParametersView:116 -                Rank 1 : false
2025-06-04 17:56:58,158 [INFO] ADCParametersView:116 -                Rank 2 : false
2025-06-04 17:56:58,159 [INFO] ADCParametersView:116 -                Rank 3 : false
2025-06-04 17:56:58,159 [INFO] ADCParametersView:116 -                Rank 4 : false
2025-06-04 17:56:58,160 [INFO] ADCParametersView:116 -                Rank 5 : false
2025-06-04 17:56:58,160 [INFO] ADCParametersView:116 -                Rank 6 : false
2025-06-04 17:56:58,161 [INFO] ADCParametersView:116 -                Rank 1 : false
2025-06-04 17:56:58,161 [INFO] ADCParametersView:116 -                Rank 2 : false
2025-06-04 17:56:58,161 [INFO] ADCParametersView:116 -                Rank 3 : false
2025-06-04 17:56:58,162 [INFO] ADCParametersView:116 -                Rank 4 : false
2025-06-04 17:56:58,163 [INFO] ADCParametersView:116 -                Rank 5 : false
2025-06-04 17:56:58,163 [INFO] ADCParametersView:116 -                Rank 6 : false
2025-06-04 17:56:58,164 [INFO] ADCParametersView:116 -                Rank 1 : false
2025-06-04 17:56:58,164 [INFO] ADCParametersView:116 -                Rank 2 : false
2025-06-04 17:56:58,164 [INFO] ADCParametersView:116 -                Rank 3 : false
2025-06-04 17:56:58,164 [INFO] ADCParametersView:116 -                Rank 4 : false
2025-06-04 17:56:58,164 [INFO] ADCParametersView:116 -                Rank 5 : false
2025-06-04 17:56:58,165 [INFO] ADCParametersView:116 -                Rank 6 : false
2025-06-04 17:56:58,165 [INFO] ADCParametersView:116 -                Rank 1 : false
2025-06-04 17:56:58,165 [INFO] ADCParametersView:116 -                Rank 2 : false
2025-06-04 17:56:58,166 [INFO] ADCParametersView:116 -                Rank 3 : false
2025-06-04 17:56:58,166 [INFO] ADCParametersView:116 -                Rank 4 : false
2025-06-04 17:56:58,166 [INFO] ADCParametersView:116 -                Rank 5 : false
2025-06-04 17:56:58,167 [INFO] ADCParametersView:116 -                Rank 6 : false
2025-06-04 17:56:58,167 [INFO] ADCParametersView:116 -                Rank 1 : false
2025-06-04 17:56:58,168 [INFO] ADCParametersView:116 -                Rank 2 : false
2025-06-04 17:56:58,168 [INFO] ADCParametersView:116 -                Rank 3 : false
2025-06-04 17:56:58,168 [INFO] ADCParametersView:116 -                Rank 4 : false
2025-06-04 17:56:58,168 [INFO] ADCParametersView:116 -                Rank 5 : false
2025-06-04 17:56:58,169 [INFO] ADCParametersView:116 -                Rank 6 : false
2025-06-04 17:56:58,169 [INFO] ADCParametersView:116 -                Rank 1 : false
2025-06-04 17:56:58,169 [INFO] ADCParametersView:116 -                Rank 2 : false
2025-06-04 17:56:58,170 [INFO] ADCParametersView:116 -                Rank 3 : false
2025-06-04 17:56:58,170 [INFO] ADCParametersView:116 -                Rank 4 : false
2025-06-04 17:56:58,170 [INFO] ADCParametersView:116 -                Rank 5 : false
2025-06-04 17:56:58,170 [INFO] ADCParametersView:116 -                Rank 6 : false
2025-06-04 17:56:58,171 [INFO] ADCParametersView:116 -                Rank 1 : false
2025-06-04 17:56:58,171 [INFO] ADCParametersView:116 -                Rank 2 : false
2025-06-04 17:56:58,171 [INFO] ADCParametersView:116 -                Rank 3 : false
2025-06-04 17:56:58,171 [INFO] ADCParametersView:116 -                Rank 4 : false
2025-06-04 17:56:58,171 [INFO] ADCParametersView:116 -                Rank 5 : false
2025-06-04 17:56:58,172 [INFO] ADCParametersView:116 -                Rank 6 : false
2025-06-04 17:56:58,172 [INFO] ADCParametersView:116 -                Rank 1 : false
2025-06-04 17:56:58,172 [INFO] ADCParametersView:116 -                Rank 2 : false
2025-06-04 17:56:58,172 [INFO] ADCParametersView:116 -                Rank 3 : false
2025-06-04 17:56:58,172 [INFO] ADCParametersView:116 -                Rank 4 : false
2025-06-04 17:56:58,173 [INFO] ADCParametersView:116 -                Rank 5 : false
2025-06-04 17:56:58,173 [INFO] ADCParametersView:116 -                Rank 6 : false
2025-06-04 17:56:58,173 [INFO] ADCParametersView:116 -                Rank 1 : false
2025-06-04 17:56:58,173 [INFO] ADCParametersView:116 -                Rank 2 : false
2025-06-04 17:56:58,174 [INFO] ADCParametersView:116 -                Rank 3 : false
2025-06-04 17:56:58,174 [INFO] ADCParametersView:116 -                Rank 4 : false
2025-06-04 17:56:58,174 [INFO] ADCParametersView:116 -                Rank 5 : false
2025-06-04 17:56:58,175 [INFO] ADCParametersView:116 -                Rank 6 : false
2025-06-04 17:56:58,176 [INFO] ADCParametersView:116 -                Rank 1 : false
2025-06-04 17:56:58,176 [INFO] ADCParametersView:116 -                Rank 2 : false
2025-06-04 17:56:58,176 [INFO] ADCParametersView:116 -                Rank 3 : false
2025-06-04 17:56:58,177 [INFO] ADCParametersView:116 -                Rank 4 : false
2025-06-04 17:56:58,177 [INFO] ADCParametersView:116 -                Rank 5 : false
2025-06-04 17:56:58,177 [INFO] ADCParametersView:116 -                Rank 6 : false
2025-06-04 17:56:58,178 [INFO] ADCParametersView:116 -                Rank 1 : false
2025-06-04 17:56:58,178 [INFO] ADCParametersView:116 -                Rank 2 : false
2025-06-04 17:56:58,178 [INFO] ADCParametersView:116 -                Rank 3 : false
2025-06-04 17:56:58,178 [INFO] ADCParametersView:116 -                Rank 4 : false
2025-06-04 17:56:58,178 [INFO] ADCParametersView:116 -                Rank 5 : false
2025-06-04 17:56:58,179 [INFO] ADCParametersView:116 -                Rank 6 : false
2025-06-04 17:56:58,179 [INFO] ADCParametersView:116 -                Rank 1 : false
2025-06-04 17:56:58,179 [INFO] ADCParametersView:116 -                Rank 2 : false
2025-06-04 17:56:58,179 [INFO] ADCParametersView:116 -                Rank 3 : false
2025-06-04 17:56:58,180 [INFO] ADCParametersView:116 -                Rank 4 : false
2025-06-04 17:56:58,180 [INFO] ADCParametersView:116 -                Rank 5 : false
2025-06-04 17:56:58,180 [INFO] ADCParametersView:116 -                Rank 6 : false
2025-06-04 17:56:58,180 [INFO] ADCParametersView:116 -                Rank 1 : false
2025-06-04 17:56:58,181 [INFO] ADCParametersView:116 -                Rank 2 : false
2025-06-04 17:56:58,181 [INFO] ADCParametersView:116 -                Rank 3 : false
2025-06-04 17:56:58,181 [INFO] ADCParametersView:116 -                Rank 4 : false
2025-06-04 17:56:58,181 [INFO] ADCParametersView:116 -                Rank 5 : false
2025-06-04 17:56:58,181 [INFO] ADCParametersView:116 -                Rank 6 : false
2025-06-04 17:56:58,182 [INFO] ADCParametersView:116 -                Rank 1 : false
2025-06-04 17:56:58,182 [INFO] ADCParametersView:116 -                Rank 2 : false
2025-06-04 17:56:58,182 [INFO] ADCParametersView:116 -                Rank 3 : false
2025-06-04 17:56:58,182 [INFO] ADCParametersView:116 -                Rank 4 : false
2025-06-04 17:56:58,182 [INFO] ADCParametersView:116 -                Rank 5 : false
2025-06-04 17:56:58,182 [INFO] ADCParametersView:116 -                Rank 6 : false
2025-06-04 17:56:58,183 [INFO] ADCParametersView:116 -                Rank 1 : false
2025-06-04 17:56:58,183 [INFO] ADCParametersView:116 -                Rank 2 : false
2025-06-04 17:56:58,183 [INFO] ADCParametersView:116 -                Rank 3 : false
2025-06-04 17:56:58,183 [INFO] ADCParametersView:116 -                Rank 4 : false
2025-06-04 17:56:58,183 [INFO] ADCParametersView:116 -                Rank 5 : false
2025-06-04 17:56:58,184 [INFO] ADCParametersView:116 -                Rank 6 : false
2025-06-04 17:56:58,184 [INFO] ADCParametersView:116 -                Rank 1 : false
2025-06-04 17:56:58,184 [INFO] ADCParametersView:116 -                Rank 2 : false
2025-06-04 17:56:58,184 [INFO] ADCParametersView:116 -                Rank 3 : false
2025-06-04 17:56:58,184 [INFO] ADCParametersView:116 -                Rank 4 : false
2025-06-04 17:56:58,184 [INFO] ADCParametersView:116 -                Rank 5 : false
2025-06-04 17:56:58,185 [INFO] ADCParametersView:116 -                Rank 6 : false
2025-06-04 17:56:58,185 [INFO] ADCParametersView:116 -                Rank 1 : false
2025-06-04 17:56:58,185 [INFO] ADCParametersView:116 -                Rank 2 : false
2025-06-04 17:56:58,185 [INFO] ADCParametersView:116 -                Rank 3 : false
2025-06-04 17:56:58,185 [INFO] ADCParametersView:116 -                Rank 4 : false
2025-06-04 17:56:58,185 [INFO] ADCParametersView:116 -                Rank 5 : false
2025-06-04 17:56:58,186 [INFO] ADCParametersView:116 -                Rank 6 : false
2025-06-04 17:56:58,186 [INFO] ADCParametersView:116 -                Rank 1 : false
2025-06-04 17:56:58,186 [INFO] ADCParametersView:116 -                Rank 2 : false
2025-06-04 17:56:58,186 [INFO] ADCParametersView:116 -                Rank 3 : false
2025-06-04 17:56:58,186 [INFO] ADCParametersView:116 -                Rank 4 : false
2025-06-04 17:56:58,187 [INFO] ADCParametersView:116 -                Rank 5 : false
2025-06-04 17:56:58,187 [INFO] ADCParametersView:116 -                Rank 6 : false
2025-06-04 17:56:58,187 [INFO] ADCParametersView:116 -                Rank 1 : false
2025-06-04 17:56:58,187 [INFO] ADCParametersView:116 -                Rank 2 : false
2025-06-04 17:56:58,187 [INFO] ADCParametersView:116 -                Rank 3 : false
2025-06-04 17:56:58,188 [INFO] ADCParametersView:116 -                Rank 4 : false
2025-06-04 17:56:58,188 [INFO] ADCParametersView:116 -                Rank 5 : false
2025-06-04 17:56:58,188 [INFO] ADCParametersView:116 -                Rank 6 : false
2025-06-04 17:56:58,188 [INFO] ADCParametersView:116 -                Rank 1 : false
2025-06-04 17:56:58,188 [INFO] ADCParametersView:116 -                Rank 2 : false
2025-06-04 17:56:58,188 [INFO] ADCParametersView:116 -                Rank 3 : false
2025-06-04 17:56:58,188 [INFO] ADCParametersView:116 -                Rank 4 : false
2025-06-04 17:56:58,189 [INFO] ADCParametersView:116 -                Rank 5 : false
2025-06-04 17:56:58,189 [INFO] ADCParametersView:116 -                Rank 6 : false
2025-06-04 17:56:58,189 [INFO] ADCParametersView:116 -                Rank 1 : false
2025-06-04 17:56:58,189 [INFO] ADCParametersView:116 -                Rank 2 : false
2025-06-04 17:56:58,189 [INFO] ADCParametersView:116 -                Rank 3 : false
2025-06-04 17:56:58,189 [INFO] ADCParametersView:116 -                Rank 4 : false
2025-06-04 17:56:58,190 [INFO] ADCParametersView:116 -                Rank 5 : false
2025-06-04 17:56:58,190 [INFO] ADCParametersView:116 -                Rank 6 : false
2025-06-04 17:56:58,190 [INFO] ADCParametersView:116 -                Rank 2 : false
2025-06-04 17:56:58,190 [INFO] ADCParametersView:116 -                Rank 3 : false
2025-06-04 17:56:58,190 [INFO] ADCParametersView:116 -                Rank 4 : false
2025-06-04 17:56:58,190 [INFO] ADCParametersView:116 -                Rank 5 : false
2025-06-04 17:56:58,190 [INFO] ADCParametersView:116 -                Rank 6 : false
2025-06-04 17:56:58,191 [INFO] ADCParametersView:116 -                Rank 3 : false
2025-06-04 17:56:58,192 [INFO] ADCParametersView:116 -                Rank 4 : false
2025-06-04 17:56:58,192 [INFO] ADCParametersView:116 -                Rank 5 : false
2025-06-04 17:56:58,192 [INFO] ADCParametersView:116 -                Rank 6 : false
2025-06-04 17:56:58,192 [INFO] ADCParametersView:116 -                Rank 4 : false
2025-06-04 17:56:58,192 [INFO] ADCParametersView:116 -                Rank 5 : false
2025-06-04 17:56:58,192 [INFO] ADCParametersView:116 -                Rank 6 : false
2025-06-04 17:56:58,193 [INFO] ADCParametersView:116 -                Rank 5 : false
2025-06-04 17:56:58,193 [INFO] ADCParametersView:116 -                Rank 6 : false
2025-06-04 17:56:58,193 [INFO] ADCParametersView:116 -                Rank 6 : false
2025-06-04 17:56:58,311 [INFO] ADCParametersView:116 -                Rank 1 : false
2025-06-04 17:56:58,313 [INFO] ADCParametersView:116 -                Rank 1 : false
2025-06-04 17:56:58,313 [INFO] ADCParametersView:116 -                Rank 2 : false
2025-06-04 17:56:58,314 [INFO] ADCParametersView:116 -                Rank 1 : false
2025-06-04 17:56:58,314 [INFO] ADCParametersView:116 -                Rank 2 : false
2025-06-04 17:56:58,314 [INFO] ADCParametersView:116 -                Rank 3 : false
2025-06-04 17:56:58,315 [INFO] ADCParametersView:116 -                Rank 1 : false
2025-06-04 17:56:58,316 [INFO] ADCParametersView:116 -                Rank 2 : false
2025-06-04 17:56:58,316 [INFO] ADCParametersView:116 -                Rank 3 : false
2025-06-04 17:56:58,316 [INFO] ADCParametersView:116 -                Rank 4 : false
2025-06-04 17:56:58,317 [INFO] ADCParametersView:116 -                Rank 1 : false
2025-06-04 17:56:58,317 [INFO] ADCParametersView:116 -                Rank 2 : false
2025-06-04 17:56:58,317 [INFO] ADCParametersView:116 -                Rank 3 : false
2025-06-04 17:56:58,317 [INFO] ADCParametersView:116 -                Rank 4 : false
2025-06-04 17:56:58,317 [INFO] ADCParametersView:116 -                Rank 5 : false
2025-06-04 17:56:58,319 [INFO] ADCParametersView:116 -                Rank 1 : false
2025-06-04 17:56:58,319 [INFO] ADCParametersView:116 -                Rank 2 : false
2025-06-04 17:56:58,319 [INFO] ADCParametersView:116 -                Rank 3 : false
2025-06-04 17:56:58,319 [INFO] ADCParametersView:116 -                Rank 4 : false
2025-06-04 17:56:58,319 [INFO] ADCParametersView:116 -                Rank 5 : false
2025-06-04 17:56:58,320 [INFO] ADCParametersView:116 -                Rank 6 : false
2025-06-04 17:57:13,880 [INFO] ADCParametersView:116 -                Rank 1 : true
2025-06-04 17:57:13,880 [INFO] ADCParametersView:116 -                Rank 2 : false
2025-06-04 17:57:13,880 [INFO] ADCParametersView:116 -                Rank 3 : false
2025-06-04 17:57:13,880 [INFO] ADCParametersView:116 -                Rank 4 : false
2025-06-04 17:57:13,880 [INFO] ADCParametersView:116 -                Rank 5 : false
2025-06-04 17:57:13,881 [INFO] ADCParametersView:116 -                Rank 6 : false
2025-06-04 17:57:17,720 [INFO] NvicIntPanel:101 - NVIC parent = com.st.microxplorer.plugins.ip.nvic.MultiNvicIntPanel[,0,0,0x0,invalid,layout=javax.swing.BoxLayout,alignmentX=0.0,alignmentY=0.0,border=,flags=9,maximumSize=,minimumSize=,preferredSize=]
2025-06-04 17:57:17,838 [INFO] ADCParametersView:116 -                Rank 1 : true
2025-06-04 17:57:17,838 [INFO] ADCParametersView:116 -                Rank 2 : false
2025-06-04 17:57:17,839 [INFO] ADCParametersView:116 -                Rank 3 : false
2025-06-04 17:57:17,839 [INFO] ADCParametersView:116 -                Rank 4 : false
2025-06-04 17:57:17,839 [INFO] ADCParametersView:116 -                Rank 5 : false
2025-06-04 17:57:17,839 [INFO] ADCParametersView:116 -                Rank 6 : false
2025-06-04 17:57:17,844 [INFO] ADCParametersView:116 -                Rank 1 : true
2025-06-04 17:57:17,844 [INFO] ADCParametersView:116 -                Rank 2 : false
2025-06-04 17:57:17,844 [INFO] ADCParametersView:116 -                Rank 3 : false
2025-06-04 17:57:17,845 [INFO] ADCParametersView:116 -                Rank 4 : false
2025-06-04 17:57:17,845 [INFO] ADCParametersView:116 -                Rank 5 : false
2025-06-04 17:57:17,845 [INFO] ADCParametersView:116 -                Rank 6 : false
2025-06-04 17:57:17,846 [INFO] ADCParametersView:116 -                Rank 1 : true
2025-06-04 17:57:17,846 [INFO] ADCParametersView:116 -                Rank 2 : false
2025-06-04 17:57:17,846 [INFO] ADCParametersView:116 -                Rank 3 : false
2025-06-04 17:57:17,846 [INFO] ADCParametersView:116 -                Rank 4 : false
2025-06-04 17:57:17,846 [INFO] ADCParametersView:116 -                Rank 5 : false
2025-06-04 17:57:17,846 [INFO] ADCParametersView:116 -                Rank 6 : false
2025-06-04 17:57:17,847 [INFO] ADCParametersView:116 -                Rank 1 : true
2025-06-04 17:57:17,847 [INFO] ADCParametersView:116 -                Rank 2 : false
2025-06-04 17:57:17,847 [INFO] ADCParametersView:116 -                Rank 3 : false
2025-06-04 17:57:17,847 [INFO] ADCParametersView:116 -                Rank 4 : false
2025-06-04 17:57:17,847 [INFO] ADCParametersView:116 -                Rank 5 : false
2025-06-04 17:57:17,848 [INFO] ADCParametersView:116 -                Rank 6 : false
2025-06-04 17:57:17,848 [INFO] ADCParametersView:116 -                Rank 1 : true
2025-06-04 17:57:17,848 [INFO] ADCParametersView:116 -                Rank 2 : false
2025-06-04 17:57:17,848 [INFO] ADCParametersView:116 -                Rank 3 : false
2025-06-04 17:57:17,849 [INFO] ADCParametersView:116 -                Rank 4 : false
2025-06-04 17:57:17,849 [INFO] ADCParametersView:116 -                Rank 5 : false
2025-06-04 17:57:17,849 [INFO] ADCParametersView:116 -                Rank 6 : false
2025-06-04 17:57:17,849 [INFO] ADCParametersView:116 -                Rank 1 : true
2025-06-04 17:57:17,850 [INFO] ADCParametersView:116 -                Rank 2 : false
2025-06-04 17:57:17,850 [INFO] ADCParametersView:116 -                Rank 3 : false
2025-06-04 17:57:17,850 [INFO] ADCParametersView:116 -                Rank 4 : false
2025-06-04 17:57:17,850 [INFO] ADCParametersView:116 -                Rank 5 : false
2025-06-04 17:57:17,850 [INFO] ADCParametersView:116 -                Rank 6 : false
2025-06-04 17:57:17,851 [INFO] ADCParametersView:116 -                Rank 1 : true
2025-06-04 17:57:17,851 [INFO] ADCParametersView:116 -                Rank 2 : false
2025-06-04 17:57:17,851 [INFO] ADCParametersView:116 -                Rank 3 : false
2025-06-04 17:57:17,851 [INFO] ADCParametersView:116 -                Rank 4 : false
2025-06-04 17:57:17,851 [INFO] ADCParametersView:116 -                Rank 5 : false
2025-06-04 17:57:17,851 [INFO] ADCParametersView:116 -                Rank 6 : false
2025-06-04 17:57:17,852 [INFO] ADCParametersView:116 -                Rank 1 : true
2025-06-04 17:57:17,852 [INFO] ADCParametersView:116 -                Rank 2 : false
2025-06-04 17:57:17,852 [INFO] ADCParametersView:116 -                Rank 3 : false
2025-06-04 17:57:17,852 [INFO] ADCParametersView:116 -                Rank 4 : false
2025-06-04 17:57:17,853 [INFO] ADCParametersView:116 -                Rank 5 : false
2025-06-04 17:57:17,853 [INFO] ADCParametersView:116 -                Rank 6 : false
2025-06-04 17:57:17,853 [INFO] ADCParametersView:116 -                Rank 1 : true
2025-06-04 17:57:17,853 [INFO] ADCParametersView:116 -                Rank 2 : false
2025-06-04 17:57:17,854 [INFO] ADCParametersView:116 -                Rank 3 : false
2025-06-04 17:57:17,854 [INFO] ADCParametersView:116 -                Rank 4 : false
2025-06-04 17:57:17,854 [INFO] ADCParametersView:116 -                Rank 5 : false
2025-06-04 17:57:17,854 [INFO] ADCParametersView:116 -                Rank 6 : false
2025-06-04 17:57:17,854 [INFO] ADCParametersView:116 -                Rank 1 : true
2025-06-04 17:57:17,854 [INFO] ADCParametersView:116 -                Rank 2 : false
2025-06-04 17:57:17,855 [INFO] ADCParametersView:116 -                Rank 3 : false
2025-06-04 17:57:17,855 [INFO] ADCParametersView:116 -                Rank 4 : false
2025-06-04 17:57:17,855 [INFO] ADCParametersView:116 -                Rank 5 : false
2025-06-04 17:57:17,855 [INFO] ADCParametersView:116 -                Rank 6 : false
2025-06-04 17:57:17,855 [INFO] ADCParametersView:116 -                Rank 1 : true
2025-06-04 17:57:17,855 [INFO] ADCParametersView:116 -                Rank 2 : false
2025-06-04 17:57:17,856 [INFO] ADCParametersView:116 -                Rank 3 : false
2025-06-04 17:57:17,856 [INFO] ADCParametersView:116 -                Rank 4 : false
2025-06-04 17:57:17,856 [INFO] ADCParametersView:116 -                Rank 5 : false
2025-06-04 17:57:17,856 [INFO] ADCParametersView:116 -                Rank 6 : false
2025-06-04 17:57:17,856 [INFO] ADCParametersView:116 -                Rank 1 : true
2025-06-04 17:57:17,856 [INFO] ADCParametersView:116 -                Rank 2 : false
2025-06-04 17:57:17,857 [INFO] ADCParametersView:116 -                Rank 3 : false
2025-06-04 17:57:17,857 [INFO] ADCParametersView:116 -                Rank 4 : false
2025-06-04 17:57:17,857 [INFO] ADCParametersView:116 -                Rank 5 : false
2025-06-04 17:57:17,857 [INFO] ADCParametersView:116 -                Rank 6 : false
2025-06-04 17:57:17,858 [INFO] ADCParametersView:116 -                Rank 1 : true
2025-06-04 17:57:17,858 [INFO] ADCParametersView:116 -                Rank 2 : false
2025-06-04 17:57:17,858 [INFO] ADCParametersView:116 -                Rank 3 : false
2025-06-04 17:57:17,858 [INFO] ADCParametersView:116 -                Rank 4 : false
2025-06-04 17:57:17,859 [INFO] ADCParametersView:116 -                Rank 5 : false
2025-06-04 17:57:17,859 [INFO] ADCParametersView:116 -                Rank 6 : false
2025-06-04 17:57:17,859 [INFO] ADCParametersView:116 -                Rank 1 : true
2025-06-04 17:57:17,859 [INFO] ADCParametersView:116 -                Rank 2 : false
2025-06-04 17:57:17,860 [INFO] ADCParametersView:116 -                Rank 3 : false
2025-06-04 17:57:17,860 [INFO] ADCParametersView:116 -                Rank 4 : false
2025-06-04 17:57:17,860 [INFO] ADCParametersView:116 -                Rank 5 : false
2025-06-04 17:57:17,860 [INFO] ADCParametersView:116 -                Rank 6 : false
2025-06-04 17:57:17,861 [INFO] ADCParametersView:116 -                Rank 1 : true
2025-06-04 17:57:17,861 [INFO] ADCParametersView:116 -                Rank 2 : false
2025-06-04 17:57:17,861 [INFO] ADCParametersView:116 -                Rank 3 : false
2025-06-04 17:57:17,861 [INFO] ADCParametersView:116 -                Rank 4 : false
2025-06-04 17:57:17,861 [INFO] ADCParametersView:116 -                Rank 5 : false
2025-06-04 17:57:17,861 [INFO] ADCParametersView:116 -                Rank 6 : false
2025-06-04 17:57:17,862 [INFO] ADCParametersView:116 -                Rank 1 : true
2025-06-04 17:57:17,862 [INFO] ADCParametersView:116 -                Rank 2 : false
2025-06-04 17:57:17,862 [INFO] ADCParametersView:116 -                Rank 3 : false
2025-06-04 17:57:17,862 [INFO] ADCParametersView:116 -                Rank 4 : false
2025-06-04 17:57:17,862 [INFO] ADCParametersView:116 -                Rank 5 : false
2025-06-04 17:57:17,862 [INFO] ADCParametersView:116 -                Rank 6 : false
2025-06-04 17:57:17,863 [INFO] ADCParametersView:116 -                Rank 1 : true
2025-06-04 17:57:17,863 [INFO] ADCParametersView:116 -                Rank 2 : false
2025-06-04 17:57:17,863 [INFO] ADCParametersView:116 -                Rank 3 : false
2025-06-04 17:57:17,863 [INFO] ADCParametersView:116 -                Rank 4 : false
2025-06-04 17:57:17,864 [INFO] ADCParametersView:116 -                Rank 5 : false
2025-06-04 17:57:17,864 [INFO] ADCParametersView:116 -                Rank 6 : false
2025-06-04 17:57:17,864 [INFO] ADCParametersView:116 -                Rank 1 : true
2025-06-04 17:57:17,864 [INFO] ADCParametersView:116 -                Rank 2 : false
2025-06-04 17:57:17,864 [INFO] ADCParametersView:116 -                Rank 3 : false
2025-06-04 17:57:17,864 [INFO] ADCParametersView:116 -                Rank 4 : false
2025-06-04 17:57:17,865 [INFO] ADCParametersView:116 -                Rank 5 : false
2025-06-04 17:57:17,865 [INFO] ADCParametersView:116 -                Rank 6 : false
2025-06-04 17:57:17,865 [INFO] ADCParametersView:116 -                Rank 1 : true
2025-06-04 17:57:17,865 [INFO] ADCParametersView:116 -                Rank 2 : false
2025-06-04 17:57:17,865 [INFO] ADCParametersView:116 -                Rank 3 : false
2025-06-04 17:57:17,865 [INFO] ADCParametersView:116 -                Rank 4 : false
2025-06-04 17:57:17,865 [INFO] ADCParametersView:116 -                Rank 5 : false
2025-06-04 17:57:17,866 [INFO] ADCParametersView:116 -                Rank 6 : false
2025-06-04 17:57:17,866 [INFO] ADCParametersView:116 -                Rank 1 : true
2025-06-04 17:57:17,866 [INFO] ADCParametersView:116 -                Rank 2 : false
2025-06-04 17:57:17,866 [INFO] ADCParametersView:116 -                Rank 3 : false
2025-06-04 17:57:17,866 [INFO] ADCParametersView:116 -                Rank 4 : false
2025-06-04 17:57:17,866 [INFO] ADCParametersView:116 -                Rank 5 : false
2025-06-04 17:57:17,866 [INFO] ADCParametersView:116 -                Rank 6 : false
2025-06-04 17:57:17,867 [INFO] ADCParametersView:116 -                Rank 1 : true
2025-06-04 17:57:17,867 [INFO] ADCParametersView:116 -                Rank 2 : false
2025-06-04 17:57:17,867 [INFO] ADCParametersView:116 -                Rank 3 : false
2025-06-04 17:57:17,867 [INFO] ADCParametersView:116 -                Rank 4 : false
2025-06-04 17:57:17,867 [INFO] ADCParametersView:116 -                Rank 5 : false
2025-06-04 17:57:17,867 [INFO] ADCParametersView:116 -                Rank 6 : false
2025-06-04 17:57:17,868 [INFO] ADCParametersView:116 -                Rank 2 : false
2025-06-04 17:57:17,868 [INFO] ADCParametersView:116 -                Rank 3 : false
2025-06-04 17:57:17,868 [INFO] ADCParametersView:116 -                Rank 4 : false
2025-06-04 17:57:17,868 [INFO] ADCParametersView:116 -                Rank 5 : false
2025-06-04 17:57:17,868 [INFO] ADCParametersView:116 -                Rank 6 : false
2025-06-04 17:57:17,868 [INFO] ADCParametersView:116 -                Rank 3 : false
2025-06-04 17:57:17,868 [INFO] ADCParametersView:116 -                Rank 4 : false
2025-06-04 17:57:17,869 [INFO] ADCParametersView:116 -                Rank 5 : false
2025-06-04 17:57:17,869 [INFO] ADCParametersView:116 -                Rank 6 : false
2025-06-04 17:57:17,869 [INFO] ADCParametersView:116 -                Rank 4 : false
2025-06-04 17:57:17,869 [INFO] ADCParametersView:116 -                Rank 5 : false
2025-06-04 17:57:17,869 [INFO] ADCParametersView:116 -                Rank 6 : false
2025-06-04 17:57:17,870 [INFO] ADCParametersView:116 -                Rank 5 : false
2025-06-04 17:57:17,870 [INFO] ADCParametersView:116 -                Rank 6 : false
2025-06-04 17:57:17,870 [INFO] ADCParametersView:116 -                Rank 6 : false
2025-06-04 17:57:17,940 [INFO] ADCParametersView:116 -                Rank 1 : true
2025-06-04 17:57:17,943 [INFO] ADCParametersView:116 -                Rank 1 : true
2025-06-04 17:57:17,943 [INFO] ADCParametersView:116 -                Rank 2 : false
2025-06-04 17:57:17,944 [INFO] ADCParametersView:116 -                Rank 1 : true
2025-06-04 17:57:17,945 [INFO] ADCParametersView:116 -                Rank 2 : false
2025-06-04 17:57:17,945 [INFO] ADCParametersView:116 -                Rank 3 : false
2025-06-04 17:57:17,946 [INFO] ADCParametersView:116 -                Rank 1 : true
2025-06-04 17:57:17,946 [INFO] ADCParametersView:116 -                Rank 2 : false
2025-06-04 17:57:17,946 [INFO] ADCParametersView:116 -                Rank 3 : false
2025-06-04 17:57:17,946 [INFO] ADCParametersView:116 -                Rank 4 : false
2025-06-04 17:57:17,947 [INFO] ADCParametersView:116 -                Rank 1 : true
2025-06-04 17:57:17,947 [INFO] ADCParametersView:116 -                Rank 2 : false
2025-06-04 17:57:17,947 [INFO] ADCParametersView:116 -                Rank 3 : false
2025-06-04 17:57:17,947 [INFO] ADCParametersView:116 -                Rank 4 : false
2025-06-04 17:57:17,947 [INFO] ADCParametersView:116 -                Rank 5 : false
2025-06-04 17:57:17,948 [INFO] ADCParametersView:116 -                Rank 1 : true
2025-06-04 17:57:17,948 [INFO] ADCParametersView:116 -                Rank 2 : false
2025-06-04 17:57:17,948 [INFO] ADCParametersView:116 -                Rank 3 : false
2025-06-04 17:57:17,949 [INFO] ADCParametersView:116 -                Rank 4 : false
2025-06-04 17:57:17,949 [INFO] ADCParametersView:116 -                Rank 5 : false
2025-06-04 17:57:17,949 [INFO] ADCParametersView:116 -                Rank 6 : false
2025-06-04 17:57:32,235 [INFO] ADCParametersView:116 -                Rank 1 : true
2025-06-04 17:57:32,235 [INFO] ADCParametersView:116 -                Rank 2 : true
2025-06-04 17:57:32,235 [INFO] ADCParametersView:116 -                Rank 3 : false
2025-06-04 17:57:32,235 [INFO] ADCParametersView:116 -                Rank 4 : false
2025-06-04 17:57:32,235 [INFO] ADCParametersView:116 -                Rank 5 : false
2025-06-04 17:57:32,236 [INFO] ADCParametersView:116 -                Rank 6 : false
2025-06-04 17:57:35,114 [INFO] NvicIntPanel:101 - NVIC parent = com.st.microxplorer.plugins.ip.nvic.MultiNvicIntPanel[,0,0,0x0,invalid,layout=javax.swing.BoxLayout,alignmentX=0.0,alignmentY=0.0,border=,flags=9,maximumSize=,minimumSize=,preferredSize=]
2025-06-04 17:57:35,236 [INFO] ADCParametersView:116 -                Rank 1 : true
2025-06-04 17:57:35,236 [INFO] ADCParametersView:116 -                Rank 2 : true
2025-06-04 17:57:35,236 [INFO] ADCParametersView:116 -                Rank 3 : false
2025-06-04 17:57:35,236 [INFO] ADCParametersView:116 -                Rank 4 : false
2025-06-04 17:57:35,236 [INFO] ADCParametersView:116 -                Rank 5 : false
2025-06-04 17:57:35,237 [INFO] ADCParametersView:116 -                Rank 6 : false
2025-06-04 17:57:35,240 [INFO] ADCParametersView:116 -                Rank 1 : true
2025-06-04 17:57:35,241 [INFO] ADCParametersView:116 -                Rank 2 : true
2025-06-04 17:57:35,241 [INFO] ADCParametersView:116 -                Rank 3 : false
2025-06-04 17:57:35,241 [INFO] ADCParametersView:116 -                Rank 4 : false
2025-06-04 17:57:35,241 [INFO] ADCParametersView:116 -                Rank 5 : false
2025-06-04 17:57:35,241 [INFO] ADCParametersView:116 -                Rank 6 : false
2025-06-04 17:57:35,242 [INFO] ADCParametersView:116 -                Rank 1 : true
2025-06-04 17:57:35,242 [INFO] ADCParametersView:116 -                Rank 2 : true
2025-06-04 17:57:35,242 [INFO] ADCParametersView:116 -                Rank 3 : false
2025-06-04 17:57:35,242 [INFO] ADCParametersView:116 -                Rank 4 : false
2025-06-04 17:57:35,242 [INFO] ADCParametersView:116 -                Rank 5 : false
2025-06-04 17:57:35,242 [INFO] ADCParametersView:116 -                Rank 6 : false
2025-06-04 17:57:35,243 [INFO] ADCParametersView:116 -                Rank 1 : true
2025-06-04 17:57:35,243 [INFO] ADCParametersView:116 -                Rank 2 : true
2025-06-04 17:57:35,243 [INFO] ADCParametersView:116 -                Rank 3 : false
2025-06-04 17:57:35,243 [INFO] ADCParametersView:116 -                Rank 4 : false
2025-06-04 17:57:35,243 [INFO] ADCParametersView:116 -                Rank 5 : false
2025-06-04 17:57:35,243 [INFO] ADCParametersView:116 -                Rank 6 : false
2025-06-04 17:57:35,243 [INFO] ADCParametersView:116 -                Rank 1 : true
2025-06-04 17:57:35,243 [INFO] ADCParametersView:116 -                Rank 2 : true
2025-06-04 17:57:35,244 [INFO] ADCParametersView:116 -                Rank 3 : false
2025-06-04 17:57:35,244 [INFO] ADCParametersView:116 -                Rank 4 : false
2025-06-04 17:57:35,244 [INFO] ADCParametersView:116 -                Rank 5 : false
2025-06-04 17:57:35,244 [INFO] ADCParametersView:116 -                Rank 6 : false
2025-06-04 17:57:35,244 [INFO] ADCParametersView:116 -                Rank 1 : true
2025-06-04 17:57:35,244 [INFO] ADCParametersView:116 -                Rank 2 : true
2025-06-04 17:57:35,244 [INFO] ADCParametersView:116 -                Rank 3 : false
2025-06-04 17:57:35,244 [INFO] ADCParametersView:116 -                Rank 4 : false
2025-06-04 17:57:35,244 [INFO] ADCParametersView:116 -                Rank 5 : false
2025-06-04 17:57:35,245 [INFO] ADCParametersView:116 -                Rank 6 : false
2025-06-04 17:57:35,245 [INFO] ADCParametersView:116 -                Rank 1 : true
2025-06-04 17:57:35,245 [INFO] ADCParametersView:116 -                Rank 2 : true
2025-06-04 17:57:35,245 [INFO] ADCParametersView:116 -                Rank 3 : false
2025-06-04 17:57:35,245 [INFO] ADCParametersView:116 -                Rank 4 : false
2025-06-04 17:57:35,245 [INFO] ADCParametersView:116 -                Rank 5 : false
2025-06-04 17:57:35,245 [INFO] ADCParametersView:116 -                Rank 6 : false
2025-06-04 17:57:35,245 [INFO] ADCParametersView:116 -                Rank 1 : true
2025-06-04 17:57:35,246 [INFO] ADCParametersView:116 -                Rank 2 : true
2025-06-04 17:57:35,246 [INFO] ADCParametersView:116 -                Rank 3 : false
2025-06-04 17:57:35,246 [INFO] ADCParametersView:116 -                Rank 4 : false
2025-06-04 17:57:35,246 [INFO] ADCParametersView:116 -                Rank 5 : false
2025-06-04 17:57:35,246 [INFO] ADCParametersView:116 -                Rank 6 : false
2025-06-04 17:57:35,246 [INFO] ADCParametersView:116 -                Rank 1 : true
2025-06-04 17:57:35,246 [INFO] ADCParametersView:116 -                Rank 2 : true
2025-06-04 17:57:35,246 [INFO] ADCParametersView:116 -                Rank 3 : false
2025-06-04 17:57:35,246 [INFO] ADCParametersView:116 -                Rank 4 : false
2025-06-04 17:57:35,246 [INFO] ADCParametersView:116 -                Rank 5 : false
2025-06-04 17:57:35,247 [INFO] ADCParametersView:116 -                Rank 6 : false
2025-06-04 17:57:35,247 [INFO] ADCParametersView:116 -                Rank 1 : true
2025-06-04 17:57:35,247 [INFO] ADCParametersView:116 -                Rank 2 : true
2025-06-04 17:57:35,247 [INFO] ADCParametersView:116 -                Rank 3 : false
2025-06-04 17:57:35,247 [INFO] ADCParametersView:116 -                Rank 4 : false
2025-06-04 17:57:35,247 [INFO] ADCParametersView:116 -                Rank 5 : false
2025-06-04 17:57:35,247 [INFO] ADCParametersView:116 -                Rank 6 : false
2025-06-04 17:57:35,248 [INFO] ADCParametersView:116 -                Rank 1 : true
2025-06-04 17:57:35,248 [INFO] ADCParametersView:116 -                Rank 2 : true
2025-06-04 17:57:35,248 [INFO] ADCParametersView:116 -                Rank 3 : false
2025-06-04 17:57:35,248 [INFO] ADCParametersView:116 -                Rank 4 : false
2025-06-04 17:57:35,248 [INFO] ADCParametersView:116 -                Rank 5 : false
2025-06-04 17:57:35,248 [INFO] ADCParametersView:116 -                Rank 6 : false
2025-06-04 17:57:35,248 [INFO] ADCParametersView:116 -                Rank 1 : true
2025-06-04 17:57:35,248 [INFO] ADCParametersView:116 -                Rank 2 : true
2025-06-04 17:57:35,248 [INFO] ADCParametersView:116 -                Rank 3 : false
2025-06-04 17:57:35,248 [INFO] ADCParametersView:116 -                Rank 4 : false
2025-06-04 17:57:35,249 [INFO] ADCParametersView:116 -                Rank 5 : false
2025-06-04 17:57:35,249 [INFO] ADCParametersView:116 -                Rank 6 : false
2025-06-04 17:57:35,249 [INFO] ADCParametersView:116 -                Rank 1 : true
2025-06-04 17:57:35,249 [INFO] ADCParametersView:116 -                Rank 2 : true
2025-06-04 17:57:35,249 [INFO] ADCParametersView:116 -                Rank 3 : false
2025-06-04 17:57:35,249 [INFO] ADCParametersView:116 -                Rank 4 : false
2025-06-04 17:57:35,249 [INFO] ADCParametersView:116 -                Rank 5 : false
2025-06-04 17:57:35,249 [INFO] ADCParametersView:116 -                Rank 6 : false
2025-06-04 17:57:35,249 [INFO] ADCParametersView:116 -                Rank 1 : true
2025-06-04 17:57:35,249 [INFO] ADCParametersView:116 -                Rank 2 : true
2025-06-04 17:57:35,250 [INFO] ADCParametersView:116 -                Rank 3 : false
2025-06-04 17:57:35,250 [INFO] ADCParametersView:116 -                Rank 4 : false
2025-06-04 17:57:35,250 [INFO] ADCParametersView:116 -                Rank 5 : false
2025-06-04 17:57:35,250 [INFO] ADCParametersView:116 -                Rank 6 : false
2025-06-04 17:57:35,250 [INFO] ADCParametersView:116 -                Rank 1 : true
2025-06-04 17:57:35,250 [INFO] ADCParametersView:116 -                Rank 2 : true
2025-06-04 17:57:35,250 [INFO] ADCParametersView:116 -                Rank 3 : false
2025-06-04 17:57:35,250 [INFO] ADCParametersView:116 -                Rank 4 : false
2025-06-04 17:57:35,250 [INFO] ADCParametersView:116 -                Rank 5 : false
2025-06-04 17:57:35,250 [INFO] ADCParametersView:116 -                Rank 6 : false
2025-06-04 17:57:35,250 [INFO] ADCParametersView:116 -                Rank 1 : true
2025-06-04 17:57:35,251 [INFO] ADCParametersView:116 -                Rank 2 : true
2025-06-04 17:57:35,251 [INFO] ADCParametersView:116 -                Rank 3 : false
2025-06-04 17:57:35,251 [INFO] ADCParametersView:116 -                Rank 4 : false
2025-06-04 17:57:35,251 [INFO] ADCParametersView:116 -                Rank 5 : false
2025-06-04 17:57:35,251 [INFO] ADCParametersView:116 -                Rank 6 : false
2025-06-04 17:57:35,251 [INFO] ADCParametersView:116 -                Rank 1 : true
2025-06-04 17:57:35,251 [INFO] ADCParametersView:116 -                Rank 2 : true
2025-06-04 17:57:35,251 [INFO] ADCParametersView:116 -                Rank 3 : false
2025-06-04 17:57:35,251 [INFO] ADCParametersView:116 -                Rank 4 : false
2025-06-04 17:57:35,251 [INFO] ADCParametersView:116 -                Rank 5 : false
2025-06-04 17:57:35,251 [INFO] ADCParametersView:116 -                Rank 6 : false
2025-06-04 17:57:35,252 [INFO] ADCParametersView:116 -                Rank 1 : true
2025-06-04 17:57:35,252 [INFO] ADCParametersView:116 -                Rank 2 : true
2025-06-04 17:57:35,252 [INFO] ADCParametersView:116 -                Rank 3 : false
2025-06-04 17:57:35,252 [INFO] ADCParametersView:116 -                Rank 4 : false
2025-06-04 17:57:35,252 [INFO] ADCParametersView:116 -                Rank 5 : false
2025-06-04 17:57:35,252 [INFO] ADCParametersView:116 -                Rank 6 : false
2025-06-04 17:57:35,252 [INFO] ADCParametersView:116 -                Rank 1 : true
2025-06-04 17:57:35,252 [INFO] ADCParametersView:116 -                Rank 2 : true
2025-06-04 17:57:35,252 [INFO] ADCParametersView:116 -                Rank 3 : false
2025-06-04 17:57:35,252 [INFO] ADCParametersView:116 -                Rank 4 : false
2025-06-04 17:57:35,253 [INFO] ADCParametersView:116 -                Rank 5 : false
2025-06-04 17:57:35,253 [INFO] ADCParametersView:116 -                Rank 6 : false
2025-06-04 17:57:35,253 [INFO] ADCParametersView:116 -                Rank 1 : true
2025-06-04 17:57:35,253 [INFO] ADCParametersView:116 -                Rank 2 : true
2025-06-04 17:57:35,253 [INFO] ADCParametersView:116 -                Rank 3 : false
2025-06-04 17:57:35,253 [INFO] ADCParametersView:116 -                Rank 4 : false
2025-06-04 17:57:35,253 [INFO] ADCParametersView:116 -                Rank 5 : false
2025-06-04 17:57:35,253 [INFO] ADCParametersView:116 -                Rank 6 : false
2025-06-04 17:57:35,253 [INFO] ADCParametersView:116 -                Rank 1 : true
2025-06-04 17:57:35,253 [INFO] ADCParametersView:116 -                Rank 2 : true
2025-06-04 17:57:35,254 [INFO] ADCParametersView:116 -                Rank 3 : false
2025-06-04 17:57:35,254 [INFO] ADCParametersView:116 -                Rank 4 : false
2025-06-04 17:57:35,254 [INFO] ADCParametersView:116 -                Rank 5 : false
2025-06-04 17:57:35,254 [INFO] ADCParametersView:116 -                Rank 6 : false
2025-06-04 17:57:35,254 [INFO] ADCParametersView:116 -                Rank 2 : true
2025-06-04 17:57:35,254 [INFO] ADCParametersView:116 -                Rank 3 : false
2025-06-04 17:57:35,254 [INFO] ADCParametersView:116 -                Rank 4 : false
2025-06-04 17:57:35,254 [INFO] ADCParametersView:116 -                Rank 5 : false
2025-06-04 17:57:35,254 [INFO] ADCParametersView:116 -                Rank 6 : false
2025-06-04 17:57:35,254 [INFO] ADCParametersView:116 -                Rank 3 : false
2025-06-04 17:57:35,254 [INFO] ADCParametersView:116 -                Rank 4 : false
2025-06-04 17:57:35,254 [INFO] ADCParametersView:116 -                Rank 5 : false
2025-06-04 17:57:35,254 [INFO] ADCParametersView:116 -                Rank 6 : false
2025-06-04 17:57:35,255 [INFO] ADCParametersView:116 -                Rank 4 : false
2025-06-04 17:57:35,255 [INFO] ADCParametersView:116 -                Rank 5 : false
2025-06-04 17:57:35,255 [INFO] ADCParametersView:116 -                Rank 6 : false
2025-06-04 17:57:35,255 [INFO] ADCParametersView:116 -                Rank 5 : false
2025-06-04 17:57:35,255 [INFO] ADCParametersView:116 -                Rank 6 : false
2025-06-04 17:57:35,255 [INFO] ADCParametersView:116 -                Rank 6 : false
2025-06-04 17:57:35,330 [INFO] ADCParametersView:116 -                Rank 1 : true
2025-06-04 17:57:35,331 [INFO] ADCParametersView:116 -                Rank 1 : true
2025-06-04 17:57:35,332 [INFO] ADCParametersView:116 -                Rank 2 : true
2025-06-04 17:57:35,332 [INFO] ADCParametersView:116 -                Rank 1 : true
2025-06-04 17:57:35,333 [INFO] ADCParametersView:116 -                Rank 2 : true
2025-06-04 17:57:35,333 [INFO] ADCParametersView:116 -                Rank 3 : false
2025-06-04 17:57:35,333 [INFO] ADCParametersView:116 -                Rank 1 : true
2025-06-04 17:57:35,333 [INFO] ADCParametersView:116 -                Rank 2 : true
2025-06-04 17:57:35,334 [INFO] ADCParametersView:116 -                Rank 3 : false
2025-06-04 17:57:35,334 [INFO] ADCParametersView:116 -                Rank 4 : false
2025-06-04 17:57:35,335 [INFO] ADCParametersView:116 -                Rank 1 : true
2025-06-04 17:57:35,335 [INFO] ADCParametersView:116 -                Rank 2 : true
2025-06-04 17:57:35,335 [INFO] ADCParametersView:116 -                Rank 3 : false
2025-06-04 17:57:35,335 [INFO] ADCParametersView:116 -                Rank 4 : false
2025-06-04 17:57:35,335 [INFO] ADCParametersView:116 -                Rank 5 : false
2025-06-04 17:57:35,336 [INFO] ADCParametersView:116 -                Rank 1 : true
2025-06-04 17:57:35,336 [INFO] ADCParametersView:116 -                Rank 2 : true
2025-06-04 17:57:35,336 [INFO] ADCParametersView:116 -                Rank 3 : false
2025-06-04 17:57:35,336 [INFO] ADCParametersView:116 -                Rank 4 : false
2025-06-04 17:57:35,336 [INFO] ADCParametersView:116 -                Rank 5 : false
2025-06-04 17:57:35,337 [INFO] ADCParametersView:116 -                Rank 6 : false
2025-06-04 17:57:38,773 [INFO] ADCParametersView:116 -                Rank 1 : true
2025-06-04 17:57:38,773 [INFO] ADCParametersView:116 -                Rank 2 : true
2025-06-04 17:57:38,774 [INFO] ADCParametersView:116 -                Rank 3 : true
2025-06-04 17:57:38,774 [INFO] ADCParametersView:116 -                Rank 4 : false
2025-06-04 17:57:38,774 [INFO] ADCParametersView:116 -                Rank 5 : false
2025-06-04 17:57:38,774 [INFO] ADCParametersView:116 -                Rank 6 : false
2025-06-04 17:57:41,361 [INFO] NvicIntPanel:101 - NVIC parent = com.st.microxplorer.plugins.ip.nvic.MultiNvicIntPanel[,0,0,0x0,invalid,layout=javax.swing.BoxLayout,alignmentX=0.0,alignmentY=0.0,border=,flags=9,maximumSize=,minimumSize=,preferredSize=]
2025-06-04 17:57:41,445 [INFO] ADCParametersView:116 -                Rank 1 : true
2025-06-04 17:57:41,446 [INFO] ADCParametersView:116 -                Rank 2 : true
2025-06-04 17:57:41,446 [INFO] ADCParametersView:116 -                Rank 3 : true
2025-06-04 17:57:41,446 [INFO] ADCParametersView:116 -                Rank 4 : false
2025-06-04 17:57:41,446 [INFO] ADCParametersView:116 -                Rank 5 : false
2025-06-04 17:57:41,446 [INFO] ADCParametersView:116 -                Rank 6 : false
2025-06-04 17:57:41,450 [INFO] ADCParametersView:116 -                Rank 1 : true
2025-06-04 17:57:41,450 [INFO] ADCParametersView:116 -                Rank 2 : true
2025-06-04 17:57:41,450 [INFO] ADCParametersView:116 -                Rank 3 : true
2025-06-04 17:57:41,450 [INFO] ADCParametersView:116 -                Rank 4 : false
2025-06-04 17:57:41,450 [INFO] ADCParametersView:116 -                Rank 5 : false
2025-06-04 17:57:41,450 [INFO] ADCParametersView:116 -                Rank 6 : false
2025-06-04 17:57:41,450 [INFO] ADCParametersView:116 -                Rank 1 : true
2025-06-04 17:57:41,450 [INFO] ADCParametersView:116 -                Rank 2 : true
2025-06-04 17:57:41,451 [INFO] ADCParametersView:116 -                Rank 3 : true
2025-06-04 17:57:41,451 [INFO] ADCParametersView:116 -                Rank 4 : false
2025-06-04 17:57:41,451 [INFO] ADCParametersView:116 -                Rank 5 : false
2025-06-04 17:57:41,451 [INFO] ADCParametersView:116 -                Rank 6 : false
2025-06-04 17:57:41,451 [INFO] ADCParametersView:116 -                Rank 1 : true
2025-06-04 17:57:41,451 [INFO] ADCParametersView:116 -                Rank 2 : true
2025-06-04 17:57:41,451 [INFO] ADCParametersView:116 -                Rank 3 : true
2025-06-04 17:57:41,451 [INFO] ADCParametersView:116 -                Rank 4 : false
2025-06-04 17:57:41,451 [INFO] ADCParametersView:116 -                Rank 5 : false
2025-06-04 17:57:41,452 [INFO] ADCParametersView:116 -                Rank 6 : false
2025-06-04 17:57:41,452 [INFO] ADCParametersView:116 -                Rank 1 : true
2025-06-04 17:57:41,452 [INFO] ADCParametersView:116 -                Rank 2 : true
2025-06-04 17:57:41,452 [INFO] ADCParametersView:116 -                Rank 3 : true
2025-06-04 17:57:41,452 [INFO] ADCParametersView:116 -                Rank 4 : false
2025-06-04 17:57:41,452 [INFO] ADCParametersView:116 -                Rank 5 : false
2025-06-04 17:57:41,452 [INFO] ADCParametersView:116 -                Rank 6 : false
2025-06-04 17:57:41,452 [INFO] ADCParametersView:116 -                Rank 1 : true
2025-06-04 17:57:41,452 [INFO] ADCParametersView:116 -                Rank 2 : true
2025-06-04 17:57:41,453 [INFO] ADCParametersView:116 -                Rank 3 : true
2025-06-04 17:57:41,453 [INFO] ADCParametersView:116 -                Rank 4 : false
2025-06-04 17:57:41,453 [INFO] ADCParametersView:116 -                Rank 5 : false
2025-06-04 17:57:41,453 [INFO] ADCParametersView:116 -                Rank 6 : false
2025-06-04 17:57:41,453 [INFO] ADCParametersView:116 -                Rank 1 : true
2025-06-04 17:57:41,453 [INFO] ADCParametersView:116 -                Rank 2 : true
2025-06-04 17:57:41,453 [INFO] ADCParametersView:116 -                Rank 3 : true
2025-06-04 17:57:41,453 [INFO] ADCParametersView:116 -                Rank 4 : false
2025-06-04 17:57:41,453 [INFO] ADCParametersView:116 -                Rank 5 : false
2025-06-04 17:57:41,453 [INFO] ADCParametersView:116 -                Rank 6 : false
2025-06-04 17:57:41,454 [INFO] ADCParametersView:116 -                Rank 1 : true
2025-06-04 17:57:41,454 [INFO] ADCParametersView:116 -                Rank 2 : true
2025-06-04 17:57:41,454 [INFO] ADCParametersView:116 -                Rank 3 : true
2025-06-04 17:57:41,454 [INFO] ADCParametersView:116 -                Rank 4 : false
2025-06-04 17:57:41,454 [INFO] ADCParametersView:116 -                Rank 5 : false
2025-06-04 17:57:41,454 [INFO] ADCParametersView:116 -                Rank 6 : false
2025-06-04 17:57:41,454 [INFO] ADCParametersView:116 -                Rank 1 : true
2025-06-04 17:57:41,454 [INFO] ADCParametersView:116 -                Rank 2 : true
2025-06-04 17:57:41,454 [INFO] ADCParametersView:116 -                Rank 3 : true
2025-06-04 17:57:41,454 [INFO] ADCParametersView:116 -                Rank 4 : false
2025-06-04 17:57:41,454 [INFO] ADCParametersView:116 -                Rank 5 : false
2025-06-04 17:57:41,454 [INFO] ADCParametersView:116 -                Rank 6 : false
2025-06-04 17:57:41,455 [INFO] ADCParametersView:116 -                Rank 1 : true
2025-06-04 17:57:41,455 [INFO] ADCParametersView:116 -                Rank 2 : true
2025-06-04 17:57:41,455 [INFO] ADCParametersView:116 -                Rank 3 : true
2025-06-04 17:57:41,455 [INFO] ADCParametersView:116 -                Rank 4 : false
2025-06-04 17:57:41,455 [INFO] ADCParametersView:116 -                Rank 5 : false
2025-06-04 17:57:41,455 [INFO] ADCParametersView:116 -                Rank 6 : false
2025-06-04 17:57:41,455 [INFO] ADCParametersView:116 -                Rank 1 : true
2025-06-04 17:57:41,455 [INFO] ADCParametersView:116 -                Rank 2 : true
2025-06-04 17:57:41,455 [INFO] ADCParametersView:116 -                Rank 3 : true
2025-06-04 17:57:41,455 [INFO] ADCParametersView:116 -                Rank 4 : false
2025-06-04 17:57:41,455 [INFO] ADCParametersView:116 -                Rank 5 : false
2025-06-04 17:57:41,455 [INFO] ADCParametersView:116 -                Rank 6 : false
2025-06-04 17:57:41,455 [INFO] ADCParametersView:116 -                Rank 1 : true
2025-06-04 17:57:41,455 [INFO] ADCParametersView:116 -                Rank 2 : true
2025-06-04 17:57:41,455 [INFO] ADCParametersView:116 -                Rank 3 : true
2025-06-04 17:57:41,455 [INFO] ADCParametersView:116 -                Rank 4 : false
2025-06-04 17:57:41,455 [INFO] ADCParametersView:116 -                Rank 5 : false
2025-06-04 17:57:41,455 [INFO] ADCParametersView:116 -                Rank 6 : false
2025-06-04 17:57:41,456 [INFO] ADCParametersView:116 -                Rank 1 : true
2025-06-04 17:57:41,456 [INFO] ADCParametersView:116 -                Rank 2 : true
2025-06-04 17:57:41,456 [INFO] ADCParametersView:116 -                Rank 3 : true
2025-06-04 17:57:41,456 [INFO] ADCParametersView:116 -                Rank 4 : false
2025-06-04 17:57:41,456 [INFO] ADCParametersView:116 -                Rank 5 : false
2025-06-04 17:57:41,456 [INFO] ADCParametersView:116 -                Rank 6 : false
2025-06-04 17:57:41,456 [INFO] ADCParametersView:116 -                Rank 1 : true
2025-06-04 17:57:41,456 [INFO] ADCParametersView:116 -                Rank 2 : true
2025-06-04 17:57:41,456 [INFO] ADCParametersView:116 -                Rank 3 : true
2025-06-04 17:57:41,456 [INFO] ADCParametersView:116 -                Rank 4 : false
2025-06-04 17:57:41,456 [INFO] ADCParametersView:116 -                Rank 5 : false
2025-06-04 17:57:41,456 [INFO] ADCParametersView:116 -                Rank 6 : false
2025-06-04 17:57:41,456 [INFO] ADCParametersView:116 -                Rank 1 : true
2025-06-04 17:57:41,456 [INFO] ADCParametersView:116 -                Rank 2 : true
2025-06-04 17:57:41,457 [INFO] ADCParametersView:116 -                Rank 3 : true
2025-06-04 17:57:41,457 [INFO] ADCParametersView:116 -                Rank 4 : false
2025-06-04 17:57:41,457 [INFO] ADCParametersView:116 -                Rank 5 : false
2025-06-04 17:57:41,457 [INFO] ADCParametersView:116 -                Rank 6 : false
2025-06-04 17:57:41,457 [INFO] ADCParametersView:116 -                Rank 1 : true
2025-06-04 17:57:41,457 [INFO] ADCParametersView:116 -                Rank 2 : true
2025-06-04 17:57:41,457 [INFO] ADCParametersView:116 -                Rank 3 : true
2025-06-04 17:57:41,457 [INFO] ADCParametersView:116 -                Rank 4 : false
2025-06-04 17:57:41,457 [INFO] ADCParametersView:116 -                Rank 5 : false
2025-06-04 17:57:41,457 [INFO] ADCParametersView:116 -                Rank 6 : false
2025-06-04 17:57:41,458 [INFO] ADCParametersView:116 -                Rank 1 : true
2025-06-04 17:57:41,458 [INFO] ADCParametersView:116 -                Rank 2 : true
2025-06-04 17:57:41,458 [INFO] ADCParametersView:116 -                Rank 3 : true
2025-06-04 17:57:41,459 [INFO] ADCParametersView:116 -                Rank 4 : false
2025-06-04 17:57:41,459 [INFO] ADCParametersView:116 -                Rank 5 : false
2025-06-04 17:57:41,459 [INFO] ADCParametersView:116 -                Rank 6 : false
2025-06-04 17:57:41,459 [INFO] ADCParametersView:116 -                Rank 1 : true
2025-06-04 17:57:41,459 [INFO] ADCParametersView:116 -                Rank 2 : true
2025-06-04 17:57:41,460 [INFO] ADCParametersView:116 -                Rank 3 : true
2025-06-04 17:57:41,460 [INFO] ADCParametersView:116 -                Rank 4 : false
2025-06-04 17:57:41,460 [INFO] ADCParametersView:116 -                Rank 5 : false
2025-06-04 17:57:41,460 [INFO] ADCParametersView:116 -                Rank 6 : false
2025-06-04 17:57:41,460 [INFO] ADCParametersView:116 -                Rank 1 : true
2025-06-04 17:57:41,460 [INFO] ADCParametersView:116 -                Rank 2 : true
2025-06-04 17:57:41,460 [INFO] ADCParametersView:116 -                Rank 3 : true
2025-06-04 17:57:41,460 [INFO] ADCParametersView:116 -                Rank 4 : false
2025-06-04 17:57:41,460 [INFO] ADCParametersView:116 -                Rank 5 : false
2025-06-04 17:57:41,460 [INFO] ADCParametersView:116 -                Rank 6 : false
2025-06-04 17:57:41,460 [INFO] ADCParametersView:116 -                Rank 1 : true
2025-06-04 17:57:41,464 [INFO] ADCParametersView:116 -                Rank 2 : true
2025-06-04 17:57:41,465 [INFO] ADCParametersView:116 -                Rank 3 : true
2025-06-04 17:57:41,465 [INFO] ADCParametersView:116 -                Rank 4 : false
2025-06-04 17:57:41,465 [INFO] ADCParametersView:116 -                Rank 5 : false
2025-06-04 17:57:41,465 [INFO] ADCParametersView:116 -                Rank 6 : false
2025-06-04 17:57:41,465 [INFO] ADCParametersView:116 -                Rank 1 : true
2025-06-04 17:57:41,465 [INFO] ADCParametersView:116 -                Rank 2 : true
2025-06-04 17:57:41,465 [INFO] ADCParametersView:116 -                Rank 3 : true
2025-06-04 17:57:41,465 [INFO] ADCParametersView:116 -                Rank 4 : false
2025-06-04 17:57:41,465 [INFO] ADCParametersView:116 -                Rank 5 : false
2025-06-04 17:57:41,466 [INFO] ADCParametersView:116 -                Rank 6 : false
2025-06-04 17:57:41,466 [INFO] ADCParametersView:116 -                Rank 2 : true
2025-06-04 17:57:41,466 [INFO] ADCParametersView:116 -                Rank 3 : true
2025-06-04 17:57:41,466 [INFO] ADCParametersView:116 -                Rank 4 : false
2025-06-04 17:57:41,466 [INFO] ADCParametersView:116 -                Rank 5 : false
2025-06-04 17:57:41,466 [INFO] ADCParametersView:116 -                Rank 6 : false
2025-06-04 17:57:41,466 [INFO] ADCParametersView:116 -                Rank 3 : true
2025-06-04 17:57:41,466 [INFO] ADCParametersView:116 -                Rank 4 : false
2025-06-04 17:57:41,466 [INFO] ADCParametersView:116 -                Rank 5 : false
2025-06-04 17:57:41,466 [INFO] ADCParametersView:116 -                Rank 6 : false
2025-06-04 17:57:41,466 [INFO] ADCParametersView:116 -                Rank 4 : false
2025-06-04 17:57:41,466 [INFO] ADCParametersView:116 -                Rank 5 : false
2025-06-04 17:57:41,466 [INFO] ADCParametersView:116 -                Rank 6 : false
2025-06-04 17:57:41,466 [INFO] ADCParametersView:116 -                Rank 5 : false
2025-06-04 17:57:41,467 [INFO] ADCParametersView:116 -                Rank 6 : false
2025-06-04 17:57:41,467 [INFO] ADCParametersView:116 -                Rank 6 : false
2025-06-04 17:57:41,536 [INFO] ADCParametersView:116 -                Rank 1 : true
2025-06-04 17:57:41,537 [INFO] ADCParametersView:116 -                Rank 1 : true
2025-06-04 17:57:41,537 [INFO] ADCParametersView:116 -                Rank 2 : true
2025-06-04 17:57:41,537 [INFO] ADCParametersView:116 -                Rank 1 : true
2025-06-04 17:57:41,538 [INFO] ADCParametersView:116 -                Rank 2 : true
2025-06-04 17:57:41,538 [INFO] ADCParametersView:116 -                Rank 3 : true
2025-06-04 17:57:41,538 [INFO] ADCParametersView:116 -                Rank 1 : true
2025-06-04 17:57:41,538 [INFO] ADCParametersView:116 -                Rank 2 : true
2025-06-04 17:57:41,538 [INFO] ADCParametersView:116 -                Rank 3 : true
2025-06-04 17:57:41,539 [INFO] ADCParametersView:116 -                Rank 4 : false
2025-06-04 17:57:41,539 [INFO] ADCParametersView:116 -                Rank 1 : true
2025-06-04 17:57:41,539 [INFO] ADCParametersView:116 -                Rank 2 : true
2025-06-04 17:57:41,539 [INFO] ADCParametersView:116 -                Rank 3 : true
2025-06-04 17:57:41,540 [INFO] ADCParametersView:116 -                Rank 4 : false
2025-06-04 17:57:41,540 [INFO] ADCParametersView:116 -                Rank 5 : false
2025-06-04 17:57:41,540 [INFO] ADCParametersView:116 -                Rank 1 : true
2025-06-04 17:57:41,540 [INFO] ADCParametersView:116 -                Rank 2 : true
2025-06-04 17:57:41,540 [INFO] ADCParametersView:116 -                Rank 3 : true
2025-06-04 17:57:41,540 [INFO] ADCParametersView:116 -                Rank 4 : false
2025-06-04 17:57:41,540 [INFO] ADCParametersView:116 -                Rank 5 : false
2025-06-04 17:57:41,540 [INFO] ADCParametersView:116 -                Rank 6 : false
2025-06-04 17:57:49,751 [INFO] ADCParametersView:116 -                Rank 1 : true
2025-06-04 17:57:49,751 [INFO] ADCParametersView:116 -                Rank 2 : true
2025-06-04 17:57:49,751 [INFO] ADCParametersView:116 -                Rank 3 : true
2025-06-04 17:57:49,751 [INFO] ADCParametersView:116 -                Rank 4 : true
2025-06-04 17:57:49,751 [INFO] ADCParametersView:116 -                Rank 5 : false
2025-06-04 17:57:49,751 [INFO] ADCParametersView:116 -                Rank 6 : false
2025-06-04 17:57:52,580 [INFO] NvicIntPanel:101 - NVIC parent = com.st.microxplorer.plugins.ip.nvic.MultiNvicIntPanel[,0,0,0x0,invalid,layout=javax.swing.BoxLayout,alignmentX=0.0,alignmentY=0.0,border=,flags=9,maximumSize=,minimumSize=,preferredSize=]
2025-06-04 17:57:52,675 [INFO] ADCParametersView:116 -                Rank 1 : true
2025-06-04 17:57:52,675 [INFO] ADCParametersView:116 -                Rank 2 : true
2025-06-04 17:57:52,675 [INFO] ADCParametersView:116 -                Rank 3 : true
2025-06-04 17:57:52,675 [INFO] ADCParametersView:116 -                Rank 4 : true
2025-06-04 17:57:52,675 [INFO] ADCParametersView:116 -                Rank 5 : false
2025-06-04 17:57:52,675 [INFO] ADCParametersView:116 -                Rank 6 : false
2025-06-04 17:57:52,682 [INFO] ADCParametersView:116 -                Rank 1 : true
2025-06-04 17:57:52,682 [INFO] ADCParametersView:116 -                Rank 2 : true
2025-06-04 17:57:52,682 [INFO] ADCParametersView:116 -                Rank 3 : true
2025-06-04 17:57:52,682 [INFO] ADCParametersView:116 -                Rank 4 : true
2025-06-04 17:57:52,682 [INFO] ADCParametersView:116 -                Rank 5 : false
2025-06-04 17:57:52,682 [INFO] ADCParametersView:116 -                Rank 6 : false
2025-06-04 17:57:52,682 [INFO] ADCParametersView:116 -                Rank 1 : true
2025-06-04 17:57:52,682 [INFO] ADCParametersView:116 -                Rank 2 : true
2025-06-04 17:57:52,682 [INFO] ADCParametersView:116 -                Rank 3 : true
2025-06-04 17:57:52,683 [INFO] ADCParametersView:116 -                Rank 4 : true
2025-06-04 17:57:52,683 [INFO] ADCParametersView:116 -                Rank 5 : false
2025-06-04 17:57:52,683 [INFO] ADCParametersView:116 -                Rank 6 : false
2025-06-04 17:57:52,683 [INFO] ADCParametersView:116 -                Rank 1 : true
2025-06-04 17:57:52,683 [INFO] ADCParametersView:116 -                Rank 2 : true
2025-06-04 17:57:52,683 [INFO] ADCParametersView:116 -                Rank 3 : true
2025-06-04 17:57:52,683 [INFO] ADCParametersView:116 -                Rank 4 : true
2025-06-04 17:57:52,683 [INFO] ADCParametersView:116 -                Rank 5 : false
2025-06-04 17:57:52,683 [INFO] ADCParametersView:116 -                Rank 6 : false
2025-06-04 17:57:52,683 [INFO] ADCParametersView:116 -                Rank 1 : true
2025-06-04 17:57:52,683 [INFO] ADCParametersView:116 -                Rank 2 : true
2025-06-04 17:57:52,683 [INFO] ADCParametersView:116 -                Rank 3 : true
2025-06-04 17:57:52,683 [INFO] ADCParametersView:116 -                Rank 4 : true
2025-06-04 17:57:52,684 [INFO] ADCParametersView:116 -                Rank 5 : false
2025-06-04 17:57:52,684 [INFO] ADCParametersView:116 -                Rank 6 : false
2025-06-04 17:57:52,684 [INFO] ADCParametersView:116 -                Rank 1 : true
2025-06-04 17:57:52,684 [INFO] ADCParametersView:116 -                Rank 2 : true
2025-06-04 17:57:52,684 [INFO] ADCParametersView:116 -                Rank 3 : true
2025-06-04 17:57:52,684 [INFO] ADCParametersView:116 -                Rank 4 : true
2025-06-04 17:57:52,684 [INFO] ADCParametersView:116 -                Rank 5 : false
2025-06-04 17:57:52,684 [INFO] ADCParametersView:116 -                Rank 6 : false
2025-06-04 17:57:52,684 [INFO] ADCParametersView:116 -                Rank 1 : true
2025-06-04 17:57:52,684 [INFO] ADCParametersView:116 -                Rank 2 : true
2025-06-04 17:57:52,684 [INFO] ADCParametersView:116 -                Rank 3 : true
2025-06-04 17:57:52,684 [INFO] ADCParametersView:116 -                Rank 4 : true
2025-06-04 17:57:52,685 [INFO] ADCParametersView:116 -                Rank 5 : false
2025-06-04 17:57:52,685 [INFO] ADCParametersView:116 -                Rank 6 : false
2025-06-04 17:57:52,685 [INFO] ADCParametersView:116 -                Rank 1 : true
2025-06-04 17:57:52,685 [INFO] ADCParametersView:116 -                Rank 2 : true
2025-06-04 17:57:52,685 [INFO] ADCParametersView:116 -                Rank 3 : true
2025-06-04 17:57:52,685 [INFO] ADCParametersView:116 -                Rank 4 : true
2025-06-04 17:57:52,685 [INFO] ADCParametersView:116 -                Rank 5 : false
2025-06-04 17:57:52,685 [INFO] ADCParametersView:116 -                Rank 6 : false
2025-06-04 17:57:52,686 [INFO] ADCParametersView:116 -                Rank 1 : true
2025-06-04 17:57:52,686 [INFO] ADCParametersView:116 -                Rank 2 : true
2025-06-04 17:57:52,686 [INFO] ADCParametersView:116 -                Rank 3 : true
2025-06-04 17:57:52,686 [INFO] ADCParametersView:116 -                Rank 4 : true
2025-06-04 17:57:52,686 [INFO] ADCParametersView:116 -                Rank 5 : false
2025-06-04 17:57:52,686 [INFO] ADCParametersView:116 -                Rank 6 : false
2025-06-04 17:57:52,686 [INFO] ADCParametersView:116 -                Rank 1 : true
2025-06-04 17:57:52,686 [INFO] ADCParametersView:116 -                Rank 2 : true
2025-06-04 17:57:52,686 [INFO] ADCParametersView:116 -                Rank 3 : true
2025-06-04 17:57:52,686 [INFO] ADCParametersView:116 -                Rank 4 : true
2025-06-04 17:57:52,686 [INFO] ADCParametersView:116 -                Rank 5 : false
2025-06-04 17:57:52,686 [INFO] ADCParametersView:116 -                Rank 6 : false
2025-06-04 17:57:52,686 [INFO] ADCParametersView:116 -                Rank 1 : true
2025-06-04 17:57:52,687 [INFO] ADCParametersView:116 -                Rank 2 : true
2025-06-04 17:57:52,687 [INFO] ADCParametersView:116 -                Rank 3 : true
2025-06-04 17:57:52,687 [INFO] ADCParametersView:116 -                Rank 4 : true
2025-06-04 17:57:52,687 [INFO] ADCParametersView:116 -                Rank 5 : false
2025-06-04 17:57:52,687 [INFO] ADCParametersView:116 -                Rank 6 : false
2025-06-04 17:57:52,687 [INFO] ADCParametersView:116 -                Rank 1 : true
2025-06-04 17:57:52,687 [INFO] ADCParametersView:116 -                Rank 2 : true
2025-06-04 17:57:52,687 [INFO] ADCParametersView:116 -                Rank 3 : true
2025-06-04 17:57:52,687 [INFO] ADCParametersView:116 -                Rank 4 : true
2025-06-04 17:57:52,687 [INFO] ADCParametersView:116 -                Rank 5 : false
2025-06-04 17:57:52,687 [INFO] ADCParametersView:116 -                Rank 6 : false
2025-06-04 17:57:52,687 [INFO] ADCParametersView:116 -                Rank 1 : true
2025-06-04 17:57:52,687 [INFO] ADCParametersView:116 -                Rank 2 : true
2025-06-04 17:57:52,688 [INFO] ADCParametersView:116 -                Rank 3 : true
2025-06-04 17:57:52,688 [INFO] ADCParametersView:116 -                Rank 4 : true
2025-06-04 17:57:52,688 [INFO] ADCParametersView:116 -                Rank 5 : false
2025-06-04 17:57:52,688 [INFO] ADCParametersView:116 -                Rank 6 : false
2025-06-04 17:57:52,688 [INFO] ADCParametersView:116 -                Rank 1 : true
2025-06-04 17:57:52,688 [INFO] ADCParametersView:116 -                Rank 2 : true
2025-06-04 17:57:52,688 [INFO] ADCParametersView:116 -                Rank 3 : true
2025-06-04 17:57:52,688 [INFO] ADCParametersView:116 -                Rank 4 : true
2025-06-04 17:57:52,688 [INFO] ADCParametersView:116 -                Rank 5 : false
2025-06-04 17:57:52,688 [INFO] ADCParametersView:116 -                Rank 6 : false
2025-06-04 17:57:52,688 [INFO] ADCParametersView:116 -                Rank 1 : true
2025-06-04 17:57:52,688 [INFO] ADCParametersView:116 -                Rank 2 : true
2025-06-04 17:57:52,688 [INFO] ADCParametersView:116 -                Rank 3 : true
2025-06-04 17:57:52,688 [INFO] ADCParametersView:116 -                Rank 4 : true
2025-06-04 17:57:52,688 [INFO] ADCParametersView:116 -                Rank 5 : false
2025-06-04 17:57:52,689 [INFO] ADCParametersView:116 -                Rank 6 : false
2025-06-04 17:57:52,689 [INFO] ADCParametersView:116 -                Rank 1 : true
2025-06-04 17:57:52,689 [INFO] ADCParametersView:116 -                Rank 2 : true
2025-06-04 17:57:52,689 [INFO] ADCParametersView:116 -                Rank 3 : true
2025-06-04 17:57:52,689 [INFO] ADCParametersView:116 -                Rank 4 : true
2025-06-04 17:57:52,689 [INFO] ADCParametersView:116 -                Rank 5 : false
2025-06-04 17:57:52,689 [INFO] ADCParametersView:116 -                Rank 6 : false
2025-06-04 17:57:52,689 [INFO] ADCParametersView:116 -                Rank 1 : true
2025-06-04 17:57:52,689 [INFO] ADCParametersView:116 -                Rank 2 : true
2025-06-04 17:57:52,689 [INFO] ADCParametersView:116 -                Rank 3 : true
2025-06-04 17:57:52,689 [INFO] ADCParametersView:116 -                Rank 4 : true
2025-06-04 17:57:52,689 [INFO] ADCParametersView:116 -                Rank 5 : false
2025-06-04 17:57:52,689 [INFO] ADCParametersView:116 -                Rank 6 : false
2025-06-04 17:57:52,689 [INFO] ADCParametersView:116 -                Rank 1 : true
2025-06-04 17:57:52,689 [INFO] ADCParametersView:116 -                Rank 2 : true
2025-06-04 17:57:52,689 [INFO] ADCParametersView:116 -                Rank 3 : true
2025-06-04 17:57:52,690 [INFO] ADCParametersView:116 -                Rank 4 : true
2025-06-04 17:57:52,690 [INFO] ADCParametersView:116 -                Rank 5 : false
2025-06-04 17:57:52,690 [INFO] ADCParametersView:116 -                Rank 6 : false
2025-06-04 17:57:52,690 [INFO] ADCParametersView:116 -                Rank 1 : true
2025-06-04 17:57:52,690 [INFO] ADCParametersView:116 -                Rank 2 : true
2025-06-04 17:57:52,690 [INFO] ADCParametersView:116 -                Rank 3 : true
2025-06-04 17:57:52,690 [INFO] ADCParametersView:116 -                Rank 4 : true
2025-06-04 17:57:52,690 [INFO] ADCParametersView:116 -                Rank 5 : false
2025-06-04 17:57:52,690 [INFO] ADCParametersView:116 -                Rank 6 : false
2025-06-04 17:57:52,690 [INFO] ADCParametersView:116 -                Rank 1 : true
2025-06-04 17:57:52,690 [INFO] ADCParametersView:116 -                Rank 2 : true
2025-06-04 17:57:52,690 [INFO] ADCParametersView:116 -                Rank 3 : true
2025-06-04 17:57:52,690 [INFO] ADCParametersView:116 -                Rank 4 : true
2025-06-04 17:57:52,690 [INFO] ADCParametersView:116 -                Rank 5 : false
2025-06-04 17:57:52,690 [INFO] ADCParametersView:116 -                Rank 6 : false
2025-06-04 17:57:52,691 [INFO] ADCParametersView:116 -                Rank 1 : true
2025-06-04 17:57:52,691 [INFO] ADCParametersView:116 -                Rank 2 : true
2025-06-04 17:57:52,691 [INFO] ADCParametersView:116 -                Rank 3 : true
2025-06-04 17:57:52,691 [INFO] ADCParametersView:116 -                Rank 4 : true
2025-06-04 17:57:52,691 [INFO] ADCParametersView:116 -                Rank 5 : false
2025-06-04 17:57:52,691 [INFO] ADCParametersView:116 -                Rank 6 : false
2025-06-04 17:57:52,691 [INFO] ADCParametersView:116 -                Rank 2 : true
2025-06-04 17:57:52,691 [INFO] ADCParametersView:116 -                Rank 3 : true
2025-06-04 17:57:52,691 [INFO] ADCParametersView:116 -                Rank 4 : true
2025-06-04 17:57:52,691 [INFO] ADCParametersView:116 -                Rank 5 : false
2025-06-04 17:57:52,691 [INFO] ADCParametersView:116 -                Rank 6 : false
2025-06-04 17:57:52,691 [INFO] ADCParametersView:116 -                Rank 3 : true
2025-06-04 17:57:52,691 [INFO] ADCParametersView:116 -                Rank 4 : true
2025-06-04 17:57:52,691 [INFO] ADCParametersView:116 -                Rank 5 : false
2025-06-04 17:57:52,691 [INFO] ADCParametersView:116 -                Rank 6 : false
2025-06-04 17:57:52,692 [INFO] ADCParametersView:116 -                Rank 4 : true
2025-06-04 17:57:52,692 [INFO] ADCParametersView:116 -                Rank 5 : false
2025-06-04 17:57:52,692 [INFO] ADCParametersView:116 -                Rank 6 : false
2025-06-04 17:57:52,692 [INFO] ADCParametersView:116 -                Rank 5 : false
2025-06-04 17:57:52,692 [INFO] ADCParametersView:116 -                Rank 6 : false
2025-06-04 17:57:52,692 [INFO] ADCParametersView:116 -                Rank 6 : false
2025-06-04 17:57:52,765 [INFO] ADCParametersView:116 -                Rank 1 : true
2025-06-04 17:57:52,766 [INFO] ADCParametersView:116 -                Rank 1 : true
2025-06-04 17:57:52,766 [INFO] ADCParametersView:116 -                Rank 2 : true
2025-06-04 17:57:52,767 [INFO] ADCParametersView:116 -                Rank 1 : true
2025-06-04 17:57:52,767 [INFO] ADCParametersView:116 -                Rank 2 : true
2025-06-04 17:57:52,767 [INFO] ADCParametersView:116 -                Rank 3 : true
2025-06-04 17:57:52,768 [INFO] ADCParametersView:116 -                Rank 1 : true
2025-06-04 17:57:52,768 [INFO] ADCParametersView:116 -                Rank 2 : true
2025-06-04 17:57:52,768 [INFO] ADCParametersView:116 -                Rank 3 : true
2025-06-04 17:57:52,768 [INFO] ADCParametersView:116 -                Rank 4 : true
2025-06-04 17:57:52,769 [INFO] ADCParametersView:116 -                Rank 1 : true
2025-06-04 17:57:52,769 [INFO] ADCParametersView:116 -                Rank 2 : true
2025-06-04 17:57:52,769 [INFO] ADCParametersView:116 -                Rank 3 : true
2025-06-04 17:57:52,769 [INFO] ADCParametersView:116 -                Rank 4 : true
2025-06-04 17:57:52,769 [INFO] ADCParametersView:116 -                Rank 5 : false
2025-06-04 17:57:52,770 [INFO] ADCParametersView:116 -                Rank 1 : true
2025-06-04 17:57:52,770 [INFO] ADCParametersView:116 -                Rank 2 : true
2025-06-04 17:57:52,770 [INFO] ADCParametersView:116 -                Rank 3 : true
2025-06-04 17:57:52,770 [INFO] ADCParametersView:116 -                Rank 4 : true
2025-06-04 17:57:52,770 [INFO] ADCParametersView:116 -                Rank 5 : false
2025-06-04 17:57:52,771 [INFO] ADCParametersView:116 -                Rank 6 : false
2025-06-04 17:57:56,443 [INFO] ADCParametersView:116 -                Rank 1 : true
2025-06-04 17:57:56,443 [INFO] ADCParametersView:116 -                Rank 2 : true
2025-06-04 17:57:56,443 [INFO] ADCParametersView:116 -                Rank 3 : true
2025-06-04 17:57:56,443 [INFO] ADCParametersView:116 -                Rank 4 : true
2025-06-04 17:57:56,444 [INFO] ADCParametersView:116 -                Rank 5 : true
2025-06-04 17:57:56,444 [INFO] ADCParametersView:116 -                Rank 6 : false
2025-06-04 17:57:59,395 [INFO] NvicIntPanel:101 - NVIC parent = com.st.microxplorer.plugins.ip.nvic.MultiNvicIntPanel[,0,0,0x0,invalid,layout=javax.swing.BoxLayout,alignmentX=0.0,alignmentY=0.0,border=,flags=9,maximumSize=,minimumSize=,preferredSize=]
2025-06-04 17:57:59,502 [INFO] ADCParametersView:116 -                Rank 1 : true
2025-06-04 17:57:59,502 [INFO] ADCParametersView:116 -                Rank 2 : true
2025-06-04 17:57:59,502 [INFO] ADCParametersView:116 -                Rank 3 : true
2025-06-04 17:57:59,502 [INFO] ADCParametersView:116 -                Rank 4 : true
2025-06-04 17:57:59,502 [INFO] ADCParametersView:116 -                Rank 5 : true
2025-06-04 17:57:59,502 [INFO] ADCParametersView:116 -                Rank 6 : false
2025-06-04 17:57:59,506 [INFO] ADCParametersView:116 -                Rank 1 : true
2025-06-04 17:57:59,506 [INFO] ADCParametersView:116 -                Rank 2 : true
2025-06-04 17:57:59,506 [INFO] ADCParametersView:116 -                Rank 3 : true
2025-06-04 17:57:59,506 [INFO] ADCParametersView:116 -                Rank 4 : true
2025-06-04 17:57:59,506 [INFO] ADCParametersView:116 -                Rank 5 : true
2025-06-04 17:57:59,506 [INFO] ADCParametersView:116 -                Rank 6 : false
2025-06-04 17:57:59,507 [INFO] ADCParametersView:116 -                Rank 1 : true
2025-06-04 17:57:59,507 [INFO] ADCParametersView:116 -                Rank 2 : true
2025-06-04 17:57:59,507 [INFO] ADCParametersView:116 -                Rank 3 : true
2025-06-04 17:57:59,507 [INFO] ADCParametersView:116 -                Rank 4 : true
2025-06-04 17:57:59,507 [INFO] ADCParametersView:116 -                Rank 5 : true
2025-06-04 17:57:59,507 [INFO] ADCParametersView:116 -                Rank 6 : false
2025-06-04 17:57:59,507 [INFO] ADCParametersView:116 -                Rank 1 : true
2025-06-04 17:57:59,507 [INFO] ADCParametersView:116 -                Rank 2 : true
2025-06-04 17:57:59,507 [INFO] ADCParametersView:116 -                Rank 3 : true
2025-06-04 17:57:59,507 [INFO] ADCParametersView:116 -                Rank 4 : true
2025-06-04 17:57:59,507 [INFO] ADCParametersView:116 -                Rank 5 : true
2025-06-04 17:57:59,507 [INFO] ADCParametersView:116 -                Rank 6 : false
2025-06-04 17:57:59,508 [INFO] ADCParametersView:116 -                Rank 1 : true
2025-06-04 17:57:59,508 [INFO] ADCParametersView:116 -                Rank 2 : true
2025-06-04 17:57:59,508 [INFO] ADCParametersView:116 -                Rank 3 : true
2025-06-04 17:57:59,508 [INFO] ADCParametersView:116 -                Rank 4 : true
2025-06-04 17:57:59,508 [INFO] ADCParametersView:116 -                Rank 5 : true
2025-06-04 17:57:59,508 [INFO] ADCParametersView:116 -                Rank 6 : false
2025-06-04 17:57:59,508 [INFO] ADCParametersView:116 -                Rank 1 : true
2025-06-04 17:57:59,508 [INFO] ADCParametersView:116 -                Rank 2 : true
2025-06-04 17:57:59,508 [INFO] ADCParametersView:116 -                Rank 3 : true
2025-06-04 17:57:59,508 [INFO] ADCParametersView:116 -                Rank 4 : true
2025-06-04 17:57:59,508 [INFO] ADCParametersView:116 -                Rank 5 : true
2025-06-04 17:57:59,508 [INFO] ADCParametersView:116 -                Rank 6 : false
2025-06-04 17:57:59,509 [INFO] ADCParametersView:116 -                Rank 1 : true
2025-06-04 17:57:59,509 [INFO] ADCParametersView:116 -                Rank 2 : true
2025-06-04 17:57:59,509 [INFO] ADCParametersView:116 -                Rank 3 : true
2025-06-04 17:57:59,509 [INFO] ADCParametersView:116 -                Rank 4 : true
2025-06-04 17:57:59,509 [INFO] ADCParametersView:116 -                Rank 5 : true
2025-06-04 17:57:59,509 [INFO] ADCParametersView:116 -                Rank 6 : false
2025-06-04 17:57:59,509 [INFO] ADCParametersView:116 -                Rank 1 : true
2025-06-04 17:57:59,509 [INFO] ADCParametersView:116 -                Rank 2 : true
2025-06-04 17:57:59,510 [INFO] ADCParametersView:116 -                Rank 3 : true
2025-06-04 17:57:59,510 [INFO] ADCParametersView:116 -                Rank 4 : true
2025-06-04 17:57:59,510 [INFO] ADCParametersView:116 -                Rank 5 : true
2025-06-04 17:57:59,510 [INFO] ADCParametersView:116 -                Rank 6 : false
2025-06-04 17:57:59,510 [INFO] ADCParametersView:116 -                Rank 1 : true
2025-06-04 17:57:59,510 [INFO] ADCParametersView:116 -                Rank 2 : true
2025-06-04 17:57:59,510 [INFO] ADCParametersView:116 -                Rank 3 : true
2025-06-04 17:57:59,510 [INFO] ADCParametersView:116 -                Rank 4 : true
2025-06-04 17:57:59,510 [INFO] ADCParametersView:116 -                Rank 5 : true
2025-06-04 17:57:59,510 [INFO] ADCParametersView:116 -                Rank 6 : false
2025-06-04 17:57:59,511 [INFO] ADCParametersView:116 -                Rank 1 : true
2025-06-04 17:57:59,511 [INFO] ADCParametersView:116 -                Rank 2 : true
2025-06-04 17:57:59,511 [INFO] ADCParametersView:116 -                Rank 3 : true
2025-06-04 17:57:59,511 [INFO] ADCParametersView:116 -                Rank 4 : true
2025-06-04 17:57:59,511 [INFO] ADCParametersView:116 -                Rank 5 : true
2025-06-04 17:57:59,511 [INFO] ADCParametersView:116 -                Rank 6 : false
2025-06-04 17:57:59,511 [INFO] ADCParametersView:116 -                Rank 1 : true
2025-06-04 17:57:59,511 [INFO] ADCParametersView:116 -                Rank 2 : true
2025-06-04 17:57:59,511 [INFO] ADCParametersView:116 -                Rank 3 : true
2025-06-04 17:57:59,511 [INFO] ADCParametersView:116 -                Rank 4 : true
2025-06-04 17:57:59,511 [INFO] ADCParametersView:116 -                Rank 5 : true
2025-06-04 17:57:59,512 [INFO] ADCParametersView:116 -                Rank 6 : false
2025-06-04 17:57:59,512 [INFO] ADCParametersView:116 -                Rank 1 : true
2025-06-04 17:57:59,512 [INFO] ADCParametersView:116 -                Rank 2 : true
2025-06-04 17:57:59,512 [INFO] ADCParametersView:116 -                Rank 3 : true
2025-06-04 17:57:59,512 [INFO] ADCParametersView:116 -                Rank 4 : true
2025-06-04 17:57:59,512 [INFO] ADCParametersView:116 -                Rank 5 : true
2025-06-04 17:57:59,512 [INFO] ADCParametersView:116 -                Rank 6 : false
2025-06-04 17:57:59,512 [INFO] ADCParametersView:116 -                Rank 1 : true
2025-06-04 17:57:59,512 [INFO] ADCParametersView:116 -                Rank 2 : true
2025-06-04 17:57:59,512 [INFO] ADCParametersView:116 -                Rank 3 : true
2025-06-04 17:57:59,513 [INFO] ADCParametersView:116 -                Rank 4 : true
2025-06-04 17:57:59,513 [INFO] ADCParametersView:116 -                Rank 5 : true
2025-06-04 17:57:59,513 [INFO] ADCParametersView:116 -                Rank 6 : false
2025-06-04 17:57:59,513 [INFO] ADCParametersView:116 -                Rank 1 : true
2025-06-04 17:57:59,513 [INFO] ADCParametersView:116 -                Rank 2 : true
2025-06-04 17:57:59,513 [INFO] ADCParametersView:116 -                Rank 3 : true
2025-06-04 17:57:59,513 [INFO] ADCParametersView:116 -                Rank 4 : true
2025-06-04 17:57:59,513 [INFO] ADCParametersView:116 -                Rank 5 : true
2025-06-04 17:57:59,513 [INFO] ADCParametersView:116 -                Rank 6 : false
2025-06-04 17:57:59,513 [INFO] ADCParametersView:116 -                Rank 1 : true
2025-06-04 17:57:59,513 [INFO] ADCParametersView:116 -                Rank 2 : true
2025-06-04 17:57:59,513 [INFO] ADCParametersView:116 -                Rank 3 : true
2025-06-04 17:57:59,514 [INFO] ADCParametersView:116 -                Rank 4 : true
2025-06-04 17:57:59,514 [INFO] ADCParametersView:116 -                Rank 5 : true
2025-06-04 17:57:59,514 [INFO] ADCParametersView:116 -                Rank 6 : false
2025-06-04 17:57:59,514 [INFO] ADCParametersView:116 -                Rank 1 : true
2025-06-04 17:57:59,514 [INFO] ADCParametersView:116 -                Rank 2 : true
2025-06-04 17:57:59,514 [INFO] ADCParametersView:116 -                Rank 3 : true
2025-06-04 17:57:59,514 [INFO] ADCParametersView:116 -                Rank 4 : true
2025-06-04 17:57:59,514 [INFO] ADCParametersView:116 -                Rank 5 : true
2025-06-04 17:57:59,514 [INFO] ADCParametersView:116 -                Rank 6 : false
2025-06-04 17:57:59,514 [INFO] ADCParametersView:116 -                Rank 1 : true
2025-06-04 17:57:59,514 [INFO] ADCParametersView:116 -                Rank 2 : true
2025-06-04 17:57:59,514 [INFO] ADCParametersView:116 -                Rank 3 : true
2025-06-04 17:57:59,515 [INFO] ADCParametersView:116 -                Rank 4 : true
2025-06-04 17:57:59,515 [INFO] ADCParametersView:116 -                Rank 5 : true
2025-06-04 17:57:59,515 [INFO] ADCParametersView:116 -                Rank 6 : false
2025-06-04 17:57:59,515 [INFO] ADCParametersView:116 -                Rank 1 : true
2025-06-04 17:57:59,515 [INFO] ADCParametersView:116 -                Rank 2 : true
2025-06-04 17:57:59,515 [INFO] ADCParametersView:116 -                Rank 3 : true
2025-06-04 17:57:59,515 [INFO] ADCParametersView:116 -                Rank 4 : true
2025-06-04 17:57:59,515 [INFO] ADCParametersView:116 -                Rank 5 : true
2025-06-04 17:57:59,515 [INFO] ADCParametersView:116 -                Rank 6 : false
2025-06-04 17:57:59,515 [INFO] ADCParametersView:116 -                Rank 1 : true
2025-06-04 17:57:59,515 [INFO] ADCParametersView:116 -                Rank 2 : true
2025-06-04 17:57:59,515 [INFO] ADCParametersView:116 -                Rank 3 : true
2025-06-04 17:57:59,515 [INFO] ADCParametersView:116 -                Rank 4 : true
2025-06-04 17:57:59,515 [INFO] ADCParametersView:116 -                Rank 5 : true
2025-06-04 17:57:59,515 [INFO] ADCParametersView:116 -                Rank 6 : false
2025-06-04 17:57:59,516 [INFO] ADCParametersView:116 -                Rank 1 : true
2025-06-04 17:57:59,516 [INFO] ADCParametersView:116 -                Rank 2 : true
2025-06-04 17:57:59,516 [INFO] ADCParametersView:116 -                Rank 3 : true
2025-06-04 17:57:59,516 [INFO] ADCParametersView:116 -                Rank 4 : true
2025-06-04 17:57:59,516 [INFO] ADCParametersView:116 -                Rank 5 : true
2025-06-04 17:57:59,516 [INFO] ADCParametersView:116 -                Rank 6 : false
2025-06-04 17:57:59,516 [INFO] ADCParametersView:116 -                Rank 1 : true
2025-06-04 17:57:59,516 [INFO] ADCParametersView:116 -                Rank 2 : true
2025-06-04 17:57:59,516 [INFO] ADCParametersView:116 -                Rank 3 : true
2025-06-04 17:57:59,516 [INFO] ADCParametersView:116 -                Rank 4 : true
2025-06-04 17:57:59,516 [INFO] ADCParametersView:116 -                Rank 5 : true
2025-06-04 17:57:59,517 [INFO] ADCParametersView:116 -                Rank 6 : false
2025-06-04 17:57:59,517 [INFO] ADCParametersView:116 -                Rank 2 : true
2025-06-04 17:57:59,517 [INFO] ADCParametersView:116 -                Rank 3 : true
2025-06-04 17:57:59,517 [INFO] ADCParametersView:116 -                Rank 4 : true
2025-06-04 17:57:59,517 [INFO] ADCParametersView:116 -                Rank 5 : true
2025-06-04 17:57:59,517 [INFO] ADCParametersView:116 -                Rank 6 : false
2025-06-04 17:57:59,517 [INFO] ADCParametersView:116 -                Rank 3 : true
2025-06-04 17:57:59,517 [INFO] ADCParametersView:116 -                Rank 4 : true
2025-06-04 17:57:59,517 [INFO] ADCParametersView:116 -                Rank 5 : true
2025-06-04 17:57:59,517 [INFO] ADCParametersView:116 -                Rank 6 : false
2025-06-04 17:57:59,517 [INFO] ADCParametersView:116 -                Rank 4 : true
2025-06-04 17:57:59,517 [INFO] ADCParametersView:116 -                Rank 5 : true
2025-06-04 17:57:59,517 [INFO] ADCParametersView:116 -                Rank 6 : false
2025-06-04 17:57:59,517 [INFO] ADCParametersView:116 -                Rank 5 : true
2025-06-04 17:57:59,517 [INFO] ADCParametersView:116 -                Rank 6 : false
2025-06-04 17:57:59,518 [INFO] ADCParametersView:116 -                Rank 6 : false
2025-06-04 17:57:59,611 [INFO] ADCParametersView:116 -                Rank 1 : true
2025-06-04 17:57:59,612 [INFO] ADCParametersView:116 -                Rank 1 : true
2025-06-04 17:57:59,612 [INFO] ADCParametersView:116 -                Rank 2 : true
2025-06-04 17:57:59,613 [INFO] ADCParametersView:116 -                Rank 1 : true
2025-06-04 17:57:59,613 [INFO] ADCParametersView:116 -                Rank 2 : true
2025-06-04 17:57:59,613 [INFO] ADCParametersView:116 -                Rank 3 : true
2025-06-04 17:57:59,614 [INFO] ADCParametersView:116 -                Rank 1 : true
2025-06-04 17:57:59,614 [INFO] ADCParametersView:116 -                Rank 2 : true
2025-06-04 17:57:59,614 [INFO] ADCParametersView:116 -                Rank 3 : true
2025-06-04 17:57:59,614 [INFO] ADCParametersView:116 -                Rank 4 : true
2025-06-04 17:57:59,615 [INFO] ADCParametersView:116 -                Rank 1 : true
2025-06-04 17:57:59,615 [INFO] ADCParametersView:116 -                Rank 2 : true
2025-06-04 17:57:59,615 [INFO] ADCParametersView:116 -                Rank 3 : true
2025-06-04 17:57:59,615 [INFO] ADCParametersView:116 -                Rank 4 : true
2025-06-04 17:57:59,615 [INFO] ADCParametersView:116 -                Rank 5 : true
2025-06-04 17:57:59,616 [INFO] ADCParametersView:116 -                Rank 1 : true
2025-06-04 17:57:59,616 [INFO] ADCParametersView:116 -                Rank 2 : true
2025-06-04 17:57:59,616 [INFO] ADCParametersView:116 -                Rank 3 : true
2025-06-04 17:57:59,617 [INFO] ADCParametersView:116 -                Rank 4 : true
2025-06-04 17:57:59,617 [INFO] ADCParametersView:116 -                Rank 5 : true
2025-06-04 17:57:59,617 [INFO] ADCParametersView:116 -                Rank 6 : false
2025-06-04 17:58:05,959 [INFO] ADCParametersView:116 -                Rank 1 : true
2025-06-04 17:58:05,960 [INFO] ADCParametersView:116 -                Rank 2 : true
2025-06-04 17:58:05,960 [INFO] ADCParametersView:116 -                Rank 3 : true
2025-06-04 17:58:05,960 [INFO] ADCParametersView:116 -                Rank 4 : true
2025-06-04 17:58:05,960 [INFO] ADCParametersView:116 -                Rank 5 : true
2025-06-04 17:58:05,960 [INFO] ADCParametersView:116 -                Rank 6 : true
2025-06-04 17:58:08,519 [INFO] NvicIntPanel:101 - NVIC parent = com.st.microxplorer.plugins.ip.nvic.MultiNvicIntPanel[,0,0,0x0,invalid,layout=javax.swing.BoxLayout,alignmentX=0.0,alignmentY=0.0,border=,flags=9,maximumSize=,minimumSize=,preferredSize=]
2025-06-04 17:58:08,601 [INFO] ADCParametersView:116 -                Rank 1 : true
2025-06-04 17:58:08,601 [INFO] ADCParametersView:116 -                Rank 2 : true
2025-06-04 17:58:08,602 [INFO] ADCParametersView:116 -                Rank 3 : true
2025-06-04 17:58:08,602 [INFO] ADCParametersView:116 -                Rank 4 : true
2025-06-04 17:58:08,602 [INFO] ADCParametersView:116 -                Rank 5 : true
2025-06-04 17:58:08,602 [INFO] ADCParametersView:116 -                Rank 6 : true
2025-06-04 17:58:08,605 [INFO] ADCParametersView:116 -                Rank 1 : true
2025-06-04 17:58:08,605 [INFO] ADCParametersView:116 -                Rank 2 : true
2025-06-04 17:58:08,605 [INFO] ADCParametersView:116 -                Rank 3 : true
2025-06-04 17:58:08,605 [INFO] ADCParametersView:116 -                Rank 4 : true
2025-06-04 17:58:08,605 [INFO] ADCParametersView:116 -                Rank 5 : true
2025-06-04 17:58:08,605 [INFO] ADCParametersView:116 -                Rank 6 : true
2025-06-04 17:58:08,606 [INFO] ADCParametersView:116 -                Rank 1 : true
2025-06-04 17:58:08,606 [INFO] ADCParametersView:116 -                Rank 2 : true
2025-06-04 17:58:08,606 [INFO] ADCParametersView:116 -                Rank 3 : true
2025-06-04 17:58:08,606 [INFO] ADCParametersView:116 -                Rank 4 : true
2025-06-04 17:58:08,606 [INFO] ADCParametersView:116 -                Rank 5 : true
2025-06-04 17:58:08,606 [INFO] ADCParametersView:116 -                Rank 6 : true
2025-06-04 17:58:08,606 [INFO] ADCParametersView:116 -                Rank 1 : true
2025-06-04 17:58:08,606 [INFO] ADCParametersView:116 -                Rank 2 : true
2025-06-04 17:58:08,606 [INFO] ADCParametersView:116 -                Rank 3 : true
2025-06-04 17:58:08,606 [INFO] ADCParametersView:116 -                Rank 4 : true
2025-06-04 17:58:08,607 [INFO] ADCParametersView:116 -                Rank 5 : true
2025-06-04 17:58:08,607 [INFO] ADCParametersView:116 -                Rank 6 : true
2025-06-04 17:58:08,607 [INFO] ADCParametersView:116 -                Rank 1 : true
2025-06-04 17:58:08,607 [INFO] ADCParametersView:116 -                Rank 2 : true
2025-06-04 17:58:08,607 [INFO] ADCParametersView:116 -                Rank 3 : true
2025-06-04 17:58:08,607 [INFO] ADCParametersView:116 -                Rank 4 : true
2025-06-04 17:58:08,607 [INFO] ADCParametersView:116 -                Rank 5 : true
2025-06-04 17:58:08,607 [INFO] ADCParametersView:116 -                Rank 6 : true
2025-06-04 17:58:08,607 [INFO] ADCParametersView:116 -                Rank 1 : true
2025-06-04 17:58:08,607 [INFO] ADCParametersView:116 -                Rank 2 : true
2025-06-04 17:58:08,608 [INFO] ADCParametersView:116 -                Rank 3 : true
2025-06-04 17:58:08,608 [INFO] ADCParametersView:116 -                Rank 4 : true
2025-06-04 17:58:08,608 [INFO] ADCParametersView:116 -                Rank 5 : true
2025-06-04 17:58:08,608 [INFO] ADCParametersView:116 -                Rank 6 : true
2025-06-04 17:58:08,608 [INFO] ADCParametersView:116 -                Rank 1 : true
2025-06-04 17:58:08,608 [INFO] ADCParametersView:116 -                Rank 2 : true
2025-06-04 17:58:08,608 [INFO] ADCParametersView:116 -                Rank 3 : true
2025-06-04 17:58:08,608 [INFO] ADCParametersView:116 -                Rank 4 : true
2025-06-04 17:58:08,608 [INFO] ADCParametersView:116 -                Rank 5 : true
2025-06-04 17:58:08,608 [INFO] ADCParametersView:116 -                Rank 6 : true
2025-06-04 17:58:08,608 [INFO] ADCParametersView:116 -                Rank 1 : true
2025-06-04 17:58:08,608 [INFO] ADCParametersView:116 -                Rank 2 : true
2025-06-04 17:58:08,609 [INFO] ADCParametersView:116 -                Rank 3 : true
2025-06-04 17:58:08,609 [INFO] ADCParametersView:116 -                Rank 4 : true
2025-06-04 17:58:08,609 [INFO] ADCParametersView:116 -                Rank 5 : true
2025-06-04 17:58:08,609 [INFO] ADCParametersView:116 -                Rank 6 : true
2025-06-04 17:58:08,609 [INFO] ADCParametersView:116 -                Rank 1 : true
2025-06-04 17:58:08,609 [INFO] ADCParametersView:116 -                Rank 2 : true
2025-06-04 17:58:08,609 [INFO] ADCParametersView:116 -                Rank 3 : true
2025-06-04 17:58:08,609 [INFO] ADCParametersView:116 -                Rank 4 : true
2025-06-04 17:58:08,609 [INFO] ADCParametersView:116 -                Rank 5 : true
2025-06-04 17:58:08,609 [INFO] ADCParametersView:116 -                Rank 6 : true
2025-06-04 17:58:08,609 [INFO] ADCParametersView:116 -                Rank 1 : true
2025-06-04 17:58:08,610 [INFO] ADCParametersView:116 -                Rank 2 : true
2025-06-04 17:58:08,610 [INFO] ADCParametersView:116 -                Rank 3 : true
2025-06-04 17:58:08,610 [INFO] ADCParametersView:116 -                Rank 4 : true
2025-06-04 17:58:08,610 [INFO] ADCParametersView:116 -                Rank 5 : true
2025-06-04 17:58:08,610 [INFO] ADCParametersView:116 -                Rank 6 : true
2025-06-04 17:58:08,610 [INFO] ADCParametersView:116 -                Rank 1 : true
2025-06-04 17:58:08,610 [INFO] ADCParametersView:116 -                Rank 2 : true
2025-06-04 17:58:08,610 [INFO] ADCParametersView:116 -                Rank 3 : true
2025-06-04 17:58:08,610 [INFO] ADCParametersView:116 -                Rank 4 : true
2025-06-04 17:58:08,610 [INFO] ADCParametersView:116 -                Rank 5 : true
2025-06-04 17:58:08,610 [INFO] ADCParametersView:116 -                Rank 6 : true
2025-06-04 17:58:08,611 [INFO] ADCParametersView:116 -                Rank 1 : true
2025-06-04 17:58:08,611 [INFO] ADCParametersView:116 -                Rank 2 : true
2025-06-04 17:58:08,611 [INFO] ADCParametersView:116 -                Rank 3 : true
2025-06-04 17:58:08,611 [INFO] ADCParametersView:116 -                Rank 4 : true
2025-06-04 17:58:08,611 [INFO] ADCParametersView:116 -                Rank 5 : true
2025-06-04 17:58:08,611 [INFO] ADCParametersView:116 -                Rank 6 : true
2025-06-04 17:58:08,611 [INFO] ADCParametersView:116 -                Rank 1 : true
2025-06-04 17:58:08,611 [INFO] ADCParametersView:116 -                Rank 2 : true
2025-06-04 17:58:08,611 [INFO] ADCParametersView:116 -                Rank 3 : true
2025-06-04 17:58:08,611 [INFO] ADCParametersView:116 -                Rank 4 : true
2025-06-04 17:58:08,611 [INFO] ADCParametersView:116 -                Rank 5 : true
2025-06-04 17:58:08,611 [INFO] ADCParametersView:116 -                Rank 6 : true
2025-06-04 17:58:08,612 [INFO] ADCParametersView:116 -                Rank 1 : true
2025-06-04 17:58:08,612 [INFO] ADCParametersView:116 -                Rank 2 : true
2025-06-04 17:58:08,612 [INFO] ADCParametersView:116 -                Rank 3 : true
2025-06-04 17:58:08,612 [INFO] ADCParametersView:116 -                Rank 4 : true
2025-06-04 17:58:08,612 [INFO] ADCParametersView:116 -                Rank 5 : true
2025-06-04 17:58:08,612 [INFO] ADCParametersView:116 -                Rank 6 : true
2025-06-04 17:58:08,612 [INFO] ADCParametersView:116 -                Rank 1 : true
2025-06-04 17:58:08,612 [INFO] ADCParametersView:116 -                Rank 2 : true
2025-06-04 17:58:08,613 [INFO] ADCParametersView:116 -                Rank 3 : true
2025-06-04 17:58:08,613 [INFO] ADCParametersView:116 -                Rank 4 : true
2025-06-04 17:58:08,613 [INFO] ADCParametersView:116 -                Rank 5 : true
2025-06-04 17:58:08,613 [INFO] ADCParametersView:116 -                Rank 6 : true
2025-06-04 17:58:08,613 [INFO] ADCParametersView:116 -                Rank 1 : true
2025-06-04 17:58:08,613 [INFO] ADCParametersView:116 -                Rank 2 : true
2025-06-04 17:58:08,613 [INFO] ADCParametersView:116 -                Rank 3 : true
2025-06-04 17:58:08,613 [INFO] ADCParametersView:116 -                Rank 4 : true
2025-06-04 17:58:08,613 [INFO] ADCParametersView:116 -                Rank 5 : true
2025-06-04 17:58:08,613 [INFO] ADCParametersView:116 -                Rank 6 : true
2025-06-04 17:58:08,613 [INFO] ADCParametersView:116 -                Rank 1 : true
2025-06-04 17:58:08,613 [INFO] ADCParametersView:116 -                Rank 2 : true
2025-06-04 17:58:08,613 [INFO] ADCParametersView:116 -                Rank 3 : true
2025-06-04 17:58:08,614 [INFO] ADCParametersView:116 -                Rank 4 : true
2025-06-04 17:58:08,614 [INFO] ADCParametersView:116 -                Rank 5 : true
2025-06-04 17:58:08,614 [INFO] ADCParametersView:116 -                Rank 6 : true
2025-06-04 17:58:08,614 [INFO] ADCParametersView:116 -                Rank 1 : true
2025-06-04 17:58:08,614 [INFO] ADCParametersView:116 -                Rank 2 : true
2025-06-04 17:58:08,614 [INFO] ADCParametersView:116 -                Rank 3 : true
2025-06-04 17:58:08,614 [INFO] ADCParametersView:116 -                Rank 4 : true
2025-06-04 17:58:08,614 [INFO] ADCParametersView:116 -                Rank 5 : true
2025-06-04 17:58:08,614 [INFO] ADCParametersView:116 -                Rank 6 : true
2025-06-04 17:58:08,614 [INFO] ADCParametersView:116 -                Rank 1 : true
2025-06-04 17:58:08,614 [INFO] ADCParametersView:116 -                Rank 2 : true
2025-06-04 17:58:08,614 [INFO] ADCParametersView:116 -                Rank 3 : true
2025-06-04 17:58:08,614 [INFO] ADCParametersView:116 -                Rank 4 : true
2025-06-04 17:58:08,614 [INFO] ADCParametersView:116 -                Rank 5 : true
2025-06-04 17:58:08,614 [INFO] ADCParametersView:116 -                Rank 6 : true
2025-06-04 17:58:08,615 [INFO] ADCParametersView:116 -                Rank 1 : true
2025-06-04 17:58:08,615 [INFO] ADCParametersView:116 -                Rank 2 : true
2025-06-04 17:58:08,615 [INFO] ADCParametersView:116 -                Rank 3 : true
2025-06-04 17:58:08,615 [INFO] ADCParametersView:116 -                Rank 4 : true
2025-06-04 17:58:08,615 [INFO] ADCParametersView:116 -                Rank 5 : true
2025-06-04 17:58:08,615 [INFO] ADCParametersView:116 -                Rank 6 : true
2025-06-04 17:58:08,615 [INFO] ADCParametersView:116 -                Rank 1 : true
2025-06-04 17:58:08,615 [INFO] ADCParametersView:116 -                Rank 2 : true
2025-06-04 17:58:08,615 [INFO] ADCParametersView:116 -                Rank 3 : true
2025-06-04 17:58:08,615 [INFO] ADCParametersView:116 -                Rank 4 : true
2025-06-04 17:58:08,615 [INFO] ADCParametersView:116 -                Rank 5 : true
2025-06-04 17:58:08,615 [INFO] ADCParametersView:116 -                Rank 6 : true
2025-06-04 17:58:08,615 [INFO] ADCParametersView:116 -                Rank 2 : true
2025-06-04 17:58:08,615 [INFO] ADCParametersView:116 -                Rank 3 : true
2025-06-04 17:58:08,616 [INFO] ADCParametersView:116 -                Rank 4 : true
2025-06-04 17:58:08,616 [INFO] ADCParametersView:116 -                Rank 5 : true
2025-06-04 17:58:08,616 [INFO] ADCParametersView:116 -                Rank 6 : true
2025-06-04 17:58:08,616 [INFO] ADCParametersView:116 -                Rank 3 : true
2025-06-04 17:58:08,616 [INFO] ADCParametersView:116 -                Rank 4 : true
2025-06-04 17:58:08,616 [INFO] ADCParametersView:116 -                Rank 5 : true
2025-06-04 17:58:08,616 [INFO] ADCParametersView:116 -                Rank 6 : true
2025-06-04 17:58:08,616 [INFO] ADCParametersView:116 -                Rank 4 : true
2025-06-04 17:58:08,616 [INFO] ADCParametersView:116 -                Rank 5 : true
2025-06-04 17:58:08,616 [INFO] ADCParametersView:116 -                Rank 6 : true
2025-06-04 17:58:08,616 [INFO] ADCParametersView:116 -                Rank 5 : true
2025-06-04 17:58:08,616 [INFO] ADCParametersView:116 -                Rank 6 : true
2025-06-04 17:58:08,616 [INFO] ADCParametersView:116 -                Rank 6 : true
2025-06-04 17:58:08,686 [INFO] ADCParametersView:116 -                Rank 1 : true
2025-06-04 17:58:08,686 [INFO] ADCParametersView:116 -                Rank 1 : true
2025-06-04 17:58:08,686 [INFO] ADCParametersView:116 -                Rank 2 : true
2025-06-04 17:58:08,687 [INFO] ADCParametersView:116 -                Rank 1 : true
2025-06-04 17:58:08,687 [INFO] ADCParametersView:116 -                Rank 2 : true
2025-06-04 17:58:08,687 [INFO] ADCParametersView:116 -                Rank 3 : true
2025-06-04 17:58:08,688 [INFO] ADCParametersView:116 -                Rank 1 : true
2025-06-04 17:58:08,688 [INFO] ADCParametersView:116 -                Rank 2 : true
2025-06-04 17:58:08,688 [INFO] ADCParametersView:116 -                Rank 3 : true
2025-06-04 17:58:08,688 [INFO] ADCParametersView:116 -                Rank 4 : true
2025-06-04 17:58:08,689 [INFO] ADCParametersView:116 -                Rank 1 : true
2025-06-04 17:58:08,689 [INFO] ADCParametersView:116 -                Rank 2 : true
2025-06-04 17:58:08,689 [INFO] ADCParametersView:116 -                Rank 3 : true
2025-06-04 17:58:08,689 [INFO] ADCParametersView:116 -                Rank 4 : true
2025-06-04 17:58:08,689 [INFO] ADCParametersView:116 -                Rank 5 : true
2025-06-04 17:58:08,690 [INFO] ADCParametersView:116 -                Rank 1 : true
2025-06-04 17:58:08,690 [INFO] ADCParametersView:116 -                Rank 2 : true
2025-06-04 17:58:08,690 [INFO] ADCParametersView:116 -                Rank 3 : true
2025-06-04 17:58:08,690 [INFO] ADCParametersView:116 -                Rank 4 : true
2025-06-04 17:58:08,690 [INFO] ADCParametersView:116 -                Rank 5 : true
2025-06-04 17:58:08,690 [INFO] ADCParametersView:116 -                Rank 6 : true
2025-06-04 17:58:10,535 [INFO] UtilMem:75 - End SaveConfig() Used Memory: 864805824 Bytes (1073741824)
2025-06-04 17:58:13,196 [INFO] UtilMem:75 - End SaveConfig() Used Memory: 892591040 Bytes (1073741824)
2025-06-04 17:58:18,167 [INFO] UtilMem:75 - End SaveConfig() Used Memory: 670806016 Bytes (1073741824)
2025-06-04 17:58:19,840 [INFO] BlockDiagram:2775 - set Specific Code input for plugin: SPI
2025-06-04 17:58:19,840 [INFO] BlockDiagram:2775 - set Specific Code input for plugin: FREERTOS
2025-06-04 17:58:19,840 [INFO] BlockDiagram:2775 - set Specific Code input for plugin: IWDG
2025-06-04 17:58:19,840 [INFO] BlockDiagram:2775 - set Specific Code input for plugin: DAC
2025-06-04 17:58:19,840 [INFO] BlockDiagram:2775 - set Specific Code input for plugin: ADC
2025-06-04 17:58:19,840 [INFO] BlockDiagram:2775 - set Specific Code input for plugin: SYS
2025-06-04 17:58:19,841 [INFO] BlockDiagram:2775 - set Specific Code input for plugin: ADC
2025-06-04 17:58:19,841 [INFO] BlockDiagram:2775 - set Specific Code input for plugin: RCC
2025-06-04 17:58:19,841 [INFO] BlockDiagram:2775 - set Specific Code input for plugin: I2C
2025-06-04 17:58:19,841 [INFO] BlockDiagram:2775 - set Specific Code input for plugin: I2C
2025-06-04 17:58:19,841 [INFO] BlockDiagram:2775 - set Specific Code input for plugin: I2C
2025-06-04 17:58:19,841 [INFO] BlockDiagram:2775 - set Specific Code input for plugin: NVIC
2025-06-04 17:58:19,841 [INFO] BlockDiagram:2775 - set Specific Code input for plugin: USART
2025-06-04 17:58:19,841 [INFO] BlockDiagram:2775 - set Specific Code input for plugin: DMA
2025-06-04 17:58:19,842 [INFO] BlockDiagram:2775 - set Specific Code input for plugin: GPIO
2025-06-04 17:58:19,842 [INFO] BlockDiagram:2775 - set Specific Code input for plugin: FDCAN
2025-06-04 17:58:19,845 [INFO] CodeGenerator:882 - code generatio: config db path: C:/Users/pwlub/.stm32cubemx/databases/DB.6.0.111/db/
2025-06-04 17:58:19,935 [WARN] IP:2250 - MessageRAMOffset not found: check if there is a RefParameter without a condition.
2025-06-04 17:58:19,935 [WARN] IP:2250 - RxFifo0ElmtsNbr not found: check if there is a RefParameter without a condition.
2025-06-04 17:58:19,935 [WARN] IP:2250 - RxFifo0ElmtSize not found: check if there is a RefParameter without a condition.
2025-06-04 17:58:19,935 [WARN] IP:2250 - RxFifo1ElmtsNbr not found: check if there is a RefParameter without a condition.
2025-06-04 17:58:19,935 [WARN] IP:2250 - RxFifo1ElmtSize not found: check if there is a RefParameter without a condition.
2025-06-04 17:58:19,935 [WARN] IP:2250 - RxBuffersNbr not found: check if there is a RefParameter without a condition.
2025-06-04 17:58:19,935 [WARN] IP:2250 - RxBufferSize not found: check if there is a RefParameter without a condition.
2025-06-04 17:58:19,936 [WARN] IP:2250 - TxEventsNbr not found: check if there is a RefParameter without a condition.
2025-06-04 17:58:19,936 [WARN] IP:2250 - TxBuffersNbr not found: check if there is a RefParameter without a condition.
2025-06-04 17:58:19,936 [WARN] IP:2250 - TxFifoQueueElmtsNbr not found: check if there is a RefParameter without a condition.
2025-06-04 17:58:19,936 [WARN] IP:2250 - TxElmtSize not found: check if there is a RefParameter without a condition.
2025-06-04 17:58:19,936 [WARN] IP:2250 - ClockCalibrationCCU not found: check if there is a RefParameter without a condition.
2025-06-04 17:58:19,936 [WARN] IP:2250 - ClockDividerCCU not found: check if there is a RefParameter without a condition.
2025-06-04 17:58:19,936 [WARN] IP:2250 - MinOscClkPeriodsCCU not found: check if there is a RefParameter without a condition.
2025-06-04 17:58:19,936 [WARN] IP:2250 - TimeQuantaPerBitTimeCCU not found: check if there is a RefParameter without a condition.
2025-06-04 17:58:19,936 [WARN] IP:2250 - WatchdogStartValueCCU not found: check if there is a RefParameter without a condition.
2025-06-04 17:58:20,653 [INFO] CodeEngine:263 - oldGeneratedFile, C:\Users\pwlub\Desktop\PUTM_EV_REARBOX_2024\firmware\MXTmpFiles\license.tmp_save
2025-06-04 17:58:21,808 [INFO] CodeEngine:287 - Generated code: C:\Users\pwlub\Desktop\PUTM_EV_REARBOX_2024\firmware\MXTmpFiles\license.tmp
2025-06-04 17:58:22,604 [INFO] CodeEngine:263 - oldGeneratedFile, C:\Users\pwlub\Desktop\PUTM_EV_REARBOX_2024\firmware\Core\Src\gpio.c_save
2025-06-04 17:58:23,114 [INFO] CodeEngine:287 - Generated code: C:\Users\pwlub\Desktop\PUTM_EV_REARBOX_2024\firmware\Core\Src\gpio.c
2025-06-04 17:58:23,150 [INFO] CodeEngine:263 - oldGeneratedFile, C:\Users\pwlub\Desktop\PUTM_EV_REARBOX_2024\firmware\Core\Inc\gpio.h_save
2025-06-04 17:58:23,517 [INFO] CodeEngine:287 - Generated code: C:\Users\pwlub\Desktop\PUTM_EV_REARBOX_2024\firmware\Core\Inc\gpio.h
2025-06-04 17:58:28,591 [INFO] Middleware:1452 - No code input for Bsp Dependency
2025-06-04 17:58:28,620 [INFO] CodeEngine:263 - oldGeneratedFile, C:\Users\pwlub\Desktop\PUTM_EV_REARBOX_2024\firmware\MXTmpFiles\rtos_inc.tmp_save
2025-06-04 17:58:28,877 [INFO] CodeEngine:287 - Generated code: C:\Users\pwlub\Desktop\PUTM_EV_REARBOX_2024\firmware\MXTmpFiles\rtos_inc.tmp
2025-06-04 17:58:28,903 [INFO] CodeEngine:263 - oldGeneratedFile, C:\Users\pwlub\Desktop\PUTM_EV_REARBOX_2024\firmware\MXTmpFiles\rtos_kernelInit.tmp_save
2025-06-04 17:58:29,119 [INFO] CodeEngine:287 - Generated code: C:\Users\pwlub\Desktop\PUTM_EV_REARBOX_2024\firmware\MXTmpFiles\rtos_kernelInit.tmp
2025-06-04 17:58:29,143 [INFO] CodeEngine:263 - oldGeneratedFile, C:\Users\pwlub\Desktop\PUTM_EV_REARBOX_2024\firmware\MXTmpFiles\rtos_kernelStart.tmp_save
2025-06-04 17:58:29,326 [INFO] CodeEngine:287 - Generated code: C:\Users\pwlub\Desktop\PUTM_EV_REARBOX_2024\firmware\MXTmpFiles\rtos_kernelStart.tmp
2025-06-04 17:58:29,349 [INFO] CodeEngine:263 - oldGeneratedFile, C:\Users\pwlub\Desktop\PUTM_EV_REARBOX_2024\firmware\MXTmpFiles\rtos_typedefs.tmp_save
2025-06-04 17:58:29,483 [INFO] CodeEngine:287 - Generated code: C:\Users\pwlub\Desktop\PUTM_EV_REARBOX_2024\firmware\MXTmpFiles\rtos_typedefs.tmp
2025-06-04 17:58:29,506 [INFO] CodeEngine:263 - oldGeneratedFile, C:\Users\pwlub\Desktop\PUTM_EV_REARBOX_2024\firmware\MXTmpFiles\rtos_vars.tmp_save
2025-06-04 17:58:29,668 [INFO] CodeEngine:287 - Generated code: C:\Users\pwlub\Desktop\PUTM_EV_REARBOX_2024\firmware\MXTmpFiles\rtos_vars.tmp
2025-06-04 17:58:29,714 [INFO] CodeEngine:263 - oldGeneratedFile, C:\Users\pwlub\Desktop\PUTM_EV_REARBOX_2024\firmware\MXTmpFiles\rtos_pfp.tmp_save
2025-06-04 17:58:29,869 [INFO] CodeEngine:287 - Generated code: C:\Users\pwlub\Desktop\PUTM_EV_REARBOX_2024\firmware\MXTmpFiles\rtos_pfp.tmp
2025-06-04 17:58:29,893 [INFO] CodeEngine:263 - oldGeneratedFile, C:\Users\pwlub\Desktop\PUTM_EV_REARBOX_2024\firmware\MXTmpFiles\rtos_obj_creat.tmp_save
2025-06-04 17:58:30,037 [INFO] CodeEngine:287 - Generated code: C:\Users\pwlub\Desktop\PUTM_EV_REARBOX_2024\firmware\MXTmpFiles\rtos_obj_creat.tmp
2025-06-04 17:58:30,085 [INFO] CodeEngine:263 - oldGeneratedFile, C:\Users\pwlub\Desktop\PUTM_EV_REARBOX_2024\firmware\MXTmpFiles\rtos_default_thread.tmp_save
2025-06-04 17:58:30,215 [INFO] CodeEngine:287 - Generated code: C:\Users\pwlub\Desktop\PUTM_EV_REARBOX_2024\firmware\MXTmpFiles\rtos_default_thread.tmp
2025-06-04 17:58:30,240 [INFO] CodeEngine:263 - oldGeneratedFile, C:\Users\pwlub\Desktop\PUTM_EV_REARBOX_2024\firmware\MXTmpFiles\rtos_threads.tmp_save
2025-06-04 17:58:30,376 [INFO] CodeEngine:287 - Generated code: C:\Users\pwlub\Desktop\PUTM_EV_REARBOX_2024\firmware\MXTmpFiles\rtos_threads.tmp
2025-06-04 17:58:30,427 [INFO] Middleware:1452 - No code input for Bsp Dependency
2025-06-04 17:58:30,441 [INFO] CodeEngine:263 - oldGeneratedFile, C:\Users\pwlub\Desktop\PUTM_EV_REARBOX_2024\firmware\MXTmpFiles\rtos_inc.tmp_save
2025-06-04 17:58:30,605 [INFO] CodeEngine:287 - Generated code: C:\Users\pwlub\Desktop\PUTM_EV_REARBOX_2024\firmware\MXTmpFiles\rtos_inc.tmp
2025-06-04 17:58:30,622 [INFO] CodeEngine:263 - oldGeneratedFile, C:\Users\pwlub\Desktop\PUTM_EV_REARBOX_2024\firmware\MXTmpFiles\rtos_kernelInit.tmp_save
2025-06-04 17:58:30,725 [INFO] CodeEngine:287 - Generated code: C:\Users\pwlub\Desktop\PUTM_EV_REARBOX_2024\firmware\MXTmpFiles\rtos_kernelInit.tmp
2025-06-04 17:58:30,747 [INFO] CodeEngine:263 - oldGeneratedFile, C:\Users\pwlub\Desktop\PUTM_EV_REARBOX_2024\firmware\MXTmpFiles\rtos_kernelStart.tmp_save
2025-06-04 17:58:30,837 [INFO] CodeEngine:287 - Generated code: C:\Users\pwlub\Desktop\PUTM_EV_REARBOX_2024\firmware\MXTmpFiles\rtos_kernelStart.tmp
2025-06-04 17:58:30,843 [INFO] CodeEngine:263 - oldGeneratedFile, C:\Users\pwlub\Desktop\PUTM_EV_REARBOX_2024\firmware\MXTmpFiles\rtos_typedefs.tmp_save
2025-06-04 17:58:30,946 [INFO] CodeEngine:287 - Generated code: C:\Users\pwlub\Desktop\PUTM_EV_REARBOX_2024\firmware\MXTmpFiles\rtos_typedefs.tmp
2025-06-04 17:58:30,970 [INFO] CodeEngine:263 - oldGeneratedFile, C:\Users\pwlub\Desktop\PUTM_EV_REARBOX_2024\firmware\MXTmpFiles\rtos_vars.tmp_save
2025-06-04 17:58:31,086 [INFO] CodeEngine:287 - Generated code: C:\Users\pwlub\Desktop\PUTM_EV_REARBOX_2024\firmware\MXTmpFiles\rtos_vars.tmp
2025-06-04 17:58:31,097 [INFO] CodeEngine:263 - oldGeneratedFile, C:\Users\pwlub\Desktop\PUTM_EV_REARBOX_2024\firmware\MXTmpFiles\rtos_pfp.tmp_save
2025-06-04 17:58:31,199 [INFO] CodeEngine:287 - Generated code: C:\Users\pwlub\Desktop\PUTM_EV_REARBOX_2024\firmware\MXTmpFiles\rtos_pfp.tmp
2025-06-04 17:58:31,221 [INFO] CodeEngine:263 - oldGeneratedFile, C:\Users\pwlub\Desktop\PUTM_EV_REARBOX_2024\firmware\MXTmpFiles\rtos_obj_creat.tmp_save
2025-06-04 17:58:31,302 [INFO] CodeEngine:287 - Generated code: C:\Users\pwlub\Desktop\PUTM_EV_REARBOX_2024\firmware\MXTmpFiles\rtos_obj_creat.tmp
2025-06-04 17:58:31,323 [INFO] CodeEngine:263 - oldGeneratedFile, C:\Users\pwlub\Desktop\PUTM_EV_REARBOX_2024\firmware\MXTmpFiles\rtos_default_thread.tmp_save
2025-06-04 17:58:31,400 [INFO] CodeEngine:287 - Generated code: C:\Users\pwlub\Desktop\PUTM_EV_REARBOX_2024\firmware\MXTmpFiles\rtos_default_thread.tmp
2025-06-04 17:58:31,406 [INFO] CodeEngine:263 - oldGeneratedFile, C:\Users\pwlub\Desktop\PUTM_EV_REARBOX_2024\firmware\MXTmpFiles\rtos_threads.tmp_save
2025-06-04 17:58:31,486 [INFO] CodeEngine:287 - Generated code: C:\Users\pwlub\Desktop\PUTM_EV_REARBOX_2024\firmware\MXTmpFiles\rtos_threads.tmp
2025-06-04 17:58:31,527 [INFO] CodeEngine:263 - oldGeneratedFile, C:\Users\pwlub\Desktop\PUTM_EV_REARBOX_2024\firmware\Core\Inc\FreeRTOSConfig.h_save
2025-06-04 17:58:31,751 [INFO] CodeEngine:287 - Generated code: C:\Users\pwlub\Desktop\PUTM_EV_REARBOX_2024\firmware\Core\Inc\FreeRTOSConfig.h
2025-06-04 17:58:31,804 [INFO] CodeEngine:263 - oldGeneratedFile, C:\Users\pwlub\Desktop\PUTM_EV_REARBOX_2024\firmware\Core\Src\app_freertos.c_save
2025-06-04 17:58:32,006 [INFO] CodeEngine:287 - Generated code: C:\Users\pwlub\Desktop\PUTM_EV_REARBOX_2024\firmware\Core\Src\app_freertos.c
2025-06-04 17:58:32,063 [INFO] CodeEngine:263 - oldGeneratedFile, C:\Users\pwlub\Desktop\PUTM_EV_REARBOX_2024\firmware\Core\Src\adc.c_save
2025-06-04 17:58:32,423 [INFO] CodeEngine:287 - Generated code: C:\Users\pwlub\Desktop\PUTM_EV_REARBOX_2024\firmware\Core\Src\adc.c
2025-06-04 17:58:32,470 [INFO] CodeEngine:263 - oldGeneratedFile, C:\Users\pwlub\Desktop\PUTM_EV_REARBOX_2024\firmware\Core\Inc\adc.h_save
2025-06-04 17:58:32,631 [INFO] CodeEngine:287 - Generated code: C:\Users\pwlub\Desktop\PUTM_EV_REARBOX_2024\firmware\Core\Inc\adc.h
2025-06-04 17:58:32,676 [INFO] CodeEngine:263 - oldGeneratedFile, C:\Users\pwlub\Desktop\PUTM_EV_REARBOX_2024\firmware\Core\Src\dac.c_save
2025-06-04 17:58:32,902 [INFO] CodeEngine:287 - Generated code: C:\Users\pwlub\Desktop\PUTM_EV_REARBOX_2024\firmware\Core\Src\dac.c
2025-06-04 17:58:32,916 [INFO] CodeEngine:263 - oldGeneratedFile, C:\Users\pwlub\Desktop\PUTM_EV_REARBOX_2024\firmware\Core\Inc\dac.h_save
2025-06-04 17:58:33,149 [INFO] CodeEngine:287 - Generated code: C:\Users\pwlub\Desktop\PUTM_EV_REARBOX_2024\firmware\Core\Inc\dac.h
2025-06-04 17:58:33,424 [INFO] CodeEngine:263 - oldGeneratedFile, C:\Users\pwlub\Desktop\PUTM_EV_REARBOX_2024\firmware\Core\Src\dma.c_save
2025-06-04 17:58:33,606 [INFO] CodeEngine:287 - Generated code: C:\Users\pwlub\Desktop\PUTM_EV_REARBOX_2024\firmware\Core\Src\dma.c
2025-06-04 17:58:33,637 [INFO] CodeEngine:263 - oldGeneratedFile, C:\Users\pwlub\Desktop\PUTM_EV_REARBOX_2024\firmware\Core\Inc\dma.h_save
2025-06-04 17:58:33,809 [INFO] CodeEngine:287 - Generated code: C:\Users\pwlub\Desktop\PUTM_EV_REARBOX_2024\firmware\Core\Inc\dma.h
2025-06-04 17:58:33,850 [INFO] CodeEngine:263 - oldGeneratedFile, C:\Users\pwlub\Desktop\PUTM_EV_REARBOX_2024\firmware\Core\Src\fdcan.c_save
2025-06-04 17:58:34,106 [INFO] CodeEngine:287 - Generated code: C:\Users\pwlub\Desktop\PUTM_EV_REARBOX_2024\firmware\Core\Src\fdcan.c
2025-06-04 17:58:34,118 [INFO] CodeEngine:263 - oldGeneratedFile, C:\Users\pwlub\Desktop\PUTM_EV_REARBOX_2024\firmware\Core\Inc\fdcan.h_save
2025-06-04 17:58:34,270 [INFO] CodeEngine:287 - Generated code: C:\Users\pwlub\Desktop\PUTM_EV_REARBOX_2024\firmware\Core\Inc\fdcan.h
2025-06-04 17:58:34,306 [INFO] CodeEngine:263 - oldGeneratedFile, C:\Users\pwlub\Desktop\PUTM_EV_REARBOX_2024\firmware\Core\Src\i2c.c_save
2025-06-04 17:58:34,538 [INFO] CodeEngine:287 - Generated code: C:\Users\pwlub\Desktop\PUTM_EV_REARBOX_2024\firmware\Core\Src\i2c.c
2025-06-04 17:58:34,566 [INFO] CodeEngine:263 - oldGeneratedFile, C:\Users\pwlub\Desktop\PUTM_EV_REARBOX_2024\firmware\Core\Inc\i2c.h_save
2025-06-04 17:58:34,707 [INFO] CodeEngine:287 - Generated code: C:\Users\pwlub\Desktop\PUTM_EV_REARBOX_2024\firmware\Core\Inc\i2c.h
2025-06-04 17:58:34,740 [INFO] CodeEngine:263 - oldGeneratedFile, C:\Users\pwlub\Desktop\PUTM_EV_REARBOX_2024\firmware\Core\Src\iwdg.c_save
2025-06-04 17:58:34,927 [INFO] CodeEngine:287 - Generated code: C:\Users\pwlub\Desktop\PUTM_EV_REARBOX_2024\firmware\Core\Src\iwdg.c
2025-06-04 17:58:34,948 [INFO] CodeEngine:263 - oldGeneratedFile, C:\Users\pwlub\Desktop\PUTM_EV_REARBOX_2024\firmware\Core\Inc\iwdg.h_save
2025-06-04 17:58:35,118 [INFO] CodeEngine:287 - Generated code: C:\Users\pwlub\Desktop\PUTM_EV_REARBOX_2024\firmware\Core\Inc\iwdg.h
2025-06-04 17:58:35,151 [INFO] CodeEngine:263 - oldGeneratedFile, C:\Users\pwlub\Desktop\PUTM_EV_REARBOX_2024\firmware\Core\Src\spi.c_save
2025-06-04 17:58:35,345 [INFO] CodeEngine:287 - Generated code: C:\Users\pwlub\Desktop\PUTM_EV_REARBOX_2024\firmware\Core\Src\spi.c
2025-06-04 17:58:35,353 [INFO] CodeEngine:263 - oldGeneratedFile, C:\Users\pwlub\Desktop\PUTM_EV_REARBOX_2024\firmware\Core\Inc\spi.h_save
2025-06-04 17:58:35,510 [INFO] CodeEngine:287 - Generated code: C:\Users\pwlub\Desktop\PUTM_EV_REARBOX_2024\firmware\Core\Inc\spi.h
2025-06-04 17:58:35,544 [INFO] CodeEngine:263 - oldGeneratedFile, C:\Users\pwlub\Desktop\PUTM_EV_REARBOX_2024\firmware\Core\Src\usart.c_save
2025-06-04 17:58:35,726 [INFO] CodeEngine:287 - Generated code: C:\Users\pwlub\Desktop\PUTM_EV_REARBOX_2024\firmware\Core\Src\usart.c
2025-06-04 17:58:35,735 [INFO] CodeEngine:263 - oldGeneratedFile, C:\Users\pwlub\Desktop\PUTM_EV_REARBOX_2024\firmware\Core\Inc\usart.h_save
2025-06-04 17:58:35,879 [INFO] CodeEngine:287 - Generated code: C:\Users\pwlub\Desktop\PUTM_EV_REARBOX_2024\firmware\Core\Inc\usart.h
2025-06-04 17:58:35,941 [INFO] CodeEngine:263 - oldGeneratedFile, C:\Users\pwlub\Desktop\PUTM_EV_REARBOX_2024\firmware\Core\Src\stm32g4xx_it.c_save
2025-06-04 17:58:36,151 [INFO] CodeEngine:287 - Generated code: C:\Users\pwlub\Desktop\PUTM_EV_REARBOX_2024\firmware\Core\Src\stm32g4xx_it.c
2025-06-04 17:58:36,186 [INFO] CodeEngine:263 - oldGeneratedFile, C:\Users\pwlub\Desktop\PUTM_EV_REARBOX_2024\firmware\Core\Inc\stm32g4xx_it.h_save
2025-06-04 17:58:36,361 [INFO] CodeEngine:287 - Generated code: C:\Users\pwlub\Desktop\PUTM_EV_REARBOX_2024\firmware\Core\Inc\stm32g4xx_it.h
2025-06-04 17:58:36,468 [INFO] CodeEngine:263 - oldGeneratedFile, C:\Users\pwlub\Desktop\PUTM_EV_REARBOX_2024\firmware\Core\Src\stm32g4xx_hal_msp.c_save
2025-06-04 17:58:36,681 [INFO] CodeEngine:287 - Generated code: C:\Users\pwlub\Desktop\PUTM_EV_REARBOX_2024\firmware\Core\Src\stm32g4xx_hal_msp.c
2025-06-04 17:58:36,706 [INFO] CodeEngine:263 - oldGeneratedFile, C:\Users\pwlub\Desktop\PUTM_EV_REARBOX_2024\firmware\MXTmpFiles\system.tmp_save
2025-06-04 17:58:36,842 [INFO] CodeEngine:287 - Generated code: C:\Users\pwlub\Desktop\PUTM_EV_REARBOX_2024\firmware\MXTmpFiles\system.tmp
2025-06-04 17:58:36,884 [INFO] CodeEngine:263 - oldGeneratedFile, C:\Users\pwlub\Desktop\PUTM_EV_REARBOX_2024\firmware\Core\Src\stm32g4xx_hal_timebase_tim.c_save
2025-06-04 17:58:37,053 [INFO] CodeEngine:287 - Generated code: C:\Users\pwlub\Desktop\PUTM_EV_REARBOX_2024\firmware\Core\Src\stm32g4xx_hal_timebase_tim.c
2025-06-04 17:58:37,107 [INFO] CodeEngine:319 - oldGeneratedFile, C:\Users\pwlub\Desktop\PUTM_EV_REARBOX_2024\firmware\Core\Inc\stm32g4xx_hal_conf.h_save
2025-06-04 17:58:37,310 [INFO] CodeEngine:343 - Generated code: C:\Users\pwlub\Desktop\PUTM_EV_REARBOX_2024\firmware\Core\Inc\stm32g4xx_hal_conf.h
2025-06-04 17:58:37,395 [WARN] IPConfigManager:3174 - Warning: the RefConfig RCC_CommonPeriphClockConfig is not available in your config.xml file
2025-06-04 17:58:37,418 [INFO] ApiDbMcu:508 - Load IP Config File for ADC1
2025-06-04 17:58:37,446 [INFO] ApiDbMcu:508 - Load IP Config File for ADC2
2025-06-04 17:58:37,451 [INFO] ApiDbMcu:508 - Load IP Config File for DAC1
2025-06-04 17:58:37,463 [INFO] ApiDbMcu:508 - Load IP Config File for FDCAN1
2025-06-04 17:58:37,469 [INFO] ApiDbMcu:508 - Load IP Config File for I2C1
2025-06-04 17:58:37,474 [INFO] ApiDbMcu:508 - Load IP Config File for I2C2
2025-06-04 17:58:37,481 [INFO] ApiDbMcu:508 - Load IP Config File for I2C3
2025-06-04 17:58:37,483 [INFO] ApiDbMcu:508 - Load IP Config File for IWDG
2025-06-04 17:58:37,489 [INFO] ApiDbMcu:508 - Load IP Config File for SPI3
2025-06-04 17:58:37,526 [INFO] ApiDbMcu:508 - Load IP Config File for USART3
2025-06-04 17:58:37,533 [INFO] ApiDbMcu:508 - Load IP Config File for RCC
2025-06-04 17:58:37,610 [INFO] CodeEngine:263 - oldGeneratedFile, C:\Users\pwlub\Desktop\PUTM_EV_REARBOX_2024\firmware\Core\Inc\main.h_save
2025-06-04 17:58:37,937 [INFO] CodeEngine:287 - Generated code: C:\Users\pwlub\Desktop\PUTM_EV_REARBOX_2024\firmware\Core\Inc\main.h
2025-06-04 17:58:37,982 [INFO] CodeEngine:263 - oldGeneratedFile, C:\Users\pwlub\Desktop\PUTM_EV_REARBOX_2024\firmware\Core\Src\main.c_save
2025-06-04 17:58:38,303 [INFO] CodeEngine:287 - Generated code: C:\Users\pwlub\Desktop\PUTM_EV_REARBOX_2024\firmware\Core\Src\main.c
2025-06-04 17:58:39,380 [INFO] ProjectBuilder:3324 - Time for Copy HAL[1] : 578mS.
2025-06-04 17:58:39,396 [INFO] ProjectBuilder:4912 - Project Generator version: 4.6.0-B36
2025-06-04 17:58:39,589 [INFO] ConfigFileManager:1590 - The Die is : DIE469
2025-06-04 17:58:39,609 [INFO] ApiDbMcu:508 - Load IP Config File for FATFS
2025-06-04 17:58:39,642 [INFO] ApiDbMcu:508 - Load IP Config File for USBPD
2025-06-04 17:58:39,679 [INFO] ApiDbMcu:508 - Load IP Config File for USB_DEVICE
2025-06-04 17:58:40,675 [INFO] LogOutputStream:77 - [STDOUT_REDIRECT] 
2025-06-04 17:58:47,800 [INFO] ProjectBuilder:5191 - Time for Generating toolchain IDE Files: 8405mS.
2025-06-04 17:58:47,802 [INFO] ProjectBuilder:3181 - Time for Copy CMSIS : 1mS.
2025-06-04 17:58:47,813 [INFO] ProjectBuilder:3181 - Time for Copy CMSIS : 0mS.
2025-06-04 18:11:46,529 [INFO] NvicIntPanel:101 - NVIC parent = com.st.microxplorer.plugins.ip.nvic.MultiNvicIntPanel[,0,0,0x0,invalid,layout=javax.swing.BoxLayout,alignmentX=0.0,alignmentY=0.0,border=,flags=9,maximumSize=,minimumSize=,preferredSize=]
2025-06-04 18:11:46,728 [INFO] ADCParametersView:116 -                Rank 1 : true
2025-06-04 18:11:46,729 [INFO] ADCParametersView:116 -                Rank 2 : true
2025-06-04 18:11:46,729 [INFO] ADCParametersView:116 -                Rank 3 : true
2025-06-04 18:11:46,729 [INFO] ADCParametersView:116 -                Rank 4 : true
2025-06-04 18:11:46,730 [INFO] ADCParametersView:116 -                Rank 5 : true
2025-06-04 18:11:46,730 [INFO] ADCParametersView:116 -                Rank 6 : true
2025-06-04 18:11:46,737 [INFO] ADCParametersView:116 -                Rank 1 : true
2025-06-04 18:11:46,737 [INFO] ADCParametersView:116 -                Rank 2 : true
2025-06-04 18:11:46,737 [INFO] ADCParametersView:116 -                Rank 3 : true
2025-06-04 18:11:46,738 [INFO] ADCParametersView:116 -                Rank 4 : true
2025-06-04 18:11:46,738 [INFO] ADCParametersView:116 -                Rank 5 : true
2025-06-04 18:11:46,738 [INFO] ADCParametersView:116 -                Rank 6 : true
2025-06-04 18:11:46,739 [INFO] ADCParametersView:116 -                Rank 1 : true
2025-06-04 18:11:46,739 [INFO] ADCParametersView:116 -                Rank 2 : true
2025-06-04 18:11:46,740 [INFO] ADCParametersView:116 -                Rank 3 : true
2025-06-04 18:11:46,742 [INFO] ADCParametersView:116 -                Rank 4 : true
2025-06-04 18:11:46,742 [INFO] ADCParametersView:116 -                Rank 5 : true
2025-06-04 18:11:46,742 [INFO] ADCParametersView:116 -                Rank 6 : true
2025-06-04 18:11:46,743 [INFO] ADCParametersView:116 -                Rank 1 : true
2025-06-04 18:11:46,743 [INFO] ADCParametersView:116 -                Rank 2 : true
2025-06-04 18:11:46,744 [INFO] ADCParametersView:116 -                Rank 3 : true
2025-06-04 18:11:46,744 [INFO] ADCParametersView:116 -                Rank 4 : true
2025-06-04 18:11:46,744 [INFO] ADCParametersView:116 -                Rank 5 : true
2025-06-04 18:11:46,744 [INFO] ADCParametersView:116 -                Rank 6 : true
2025-06-04 18:11:46,745 [INFO] ADCParametersView:116 -                Rank 1 : true
2025-06-04 18:11:46,745 [INFO] ADCParametersView:116 -                Rank 2 : true
2025-06-04 18:11:46,745 [INFO] ADCParametersView:116 -                Rank 3 : true
2025-06-04 18:11:46,746 [INFO] ADCParametersView:116 -                Rank 4 : true
2025-06-04 18:11:46,746 [INFO] ADCParametersView:116 -                Rank 5 : true
2025-06-04 18:11:46,746 [INFO] ADCParametersView:116 -                Rank 6 : true
2025-06-04 18:11:46,747 [INFO] ADCParametersView:116 -                Rank 1 : true
2025-06-04 18:11:46,747 [INFO] ADCParametersView:116 -                Rank 2 : true
2025-06-04 18:11:46,747 [INFO] ADCParametersView:116 -                Rank 3 : true
2025-06-04 18:11:46,747 [INFO] ADCParametersView:116 -                Rank 4 : true
2025-06-04 18:11:46,748 [INFO] ADCParametersView:116 -                Rank 5 : true
2025-06-04 18:11:46,749 [INFO] ADCParametersView:116 -                Rank 6 : true
2025-06-04 18:11:46,750 [INFO] ADCParametersView:116 -                Rank 1 : true
2025-06-04 18:11:46,750 [INFO] ADCParametersView:116 -                Rank 2 : true
2025-06-04 18:11:46,750 [INFO] ADCParametersView:116 -                Rank 3 : true
2025-06-04 18:11:46,751 [INFO] ADCParametersView:116 -                Rank 4 : true
2025-06-04 18:11:46,751 [INFO] ADCParametersView:116 -                Rank 5 : true
2025-06-04 18:11:46,751 [INFO] ADCParametersView:116 -                Rank 6 : true
2025-06-04 18:11:46,752 [INFO] ADCParametersView:116 -                Rank 1 : true
2025-06-04 18:11:46,752 [INFO] ADCParametersView:116 -                Rank 2 : true
2025-06-04 18:11:46,752 [INFO] ADCParametersView:116 -                Rank 3 : true
2025-06-04 18:11:46,752 [INFO] ADCParametersView:116 -                Rank 4 : true
2025-06-04 18:11:46,752 [INFO] ADCParametersView:116 -                Rank 5 : true
2025-06-04 18:11:46,752 [INFO] ADCParametersView:116 -                Rank 6 : true
2025-06-04 18:11:46,753 [INFO] ADCParametersView:116 -                Rank 1 : true
2025-06-04 18:11:46,753 [INFO] ADCParametersView:116 -                Rank 2 : true
2025-06-04 18:11:46,753 [INFO] ADCParametersView:116 -                Rank 3 : true
2025-06-04 18:11:46,753 [INFO] ADCParametersView:116 -                Rank 4 : true
2025-06-04 18:11:46,754 [INFO] ADCParametersView:116 -                Rank 5 : true
2025-06-04 18:11:46,754 [INFO] ADCParametersView:116 -                Rank 6 : true
2025-06-04 18:11:46,754 [INFO] ADCParametersView:116 -                Rank 1 : true
2025-06-04 18:11:46,754 [INFO] ADCParametersView:116 -                Rank 2 : true
2025-06-04 18:11:46,754 [INFO] ADCParametersView:116 -                Rank 3 : true
2025-06-04 18:11:46,755 [INFO] ADCParametersView:116 -                Rank 4 : true
2025-06-04 18:11:46,755 [INFO] ADCParametersView:116 -                Rank 5 : true
2025-06-04 18:11:46,755 [INFO] ADCParametersView:116 -                Rank 6 : true
2025-06-04 18:11:46,755 [INFO] ADCParametersView:116 -                Rank 1 : true
2025-06-04 18:11:46,755 [INFO] ADCParametersView:116 -                Rank 2 : true
2025-06-04 18:11:46,757 [INFO] ADCParametersView:116 -                Rank 3 : true
2025-06-04 18:11:46,757 [INFO] ADCParametersView:116 -                Rank 4 : true
2025-06-04 18:11:46,757 [INFO] ADCParametersView:116 -                Rank 5 : true
2025-06-04 18:11:46,757 [INFO] ADCParametersView:116 -                Rank 6 : true
2025-06-04 18:11:46,758 [INFO] ADCParametersView:116 -                Rank 1 : true
2025-06-04 18:11:46,758 [INFO] ADCParametersView:116 -                Rank 2 : true
2025-06-04 18:11:46,758 [INFO] ADCParametersView:116 -                Rank 3 : true
2025-06-04 18:11:46,759 [INFO] ADCParametersView:116 -                Rank 4 : true
2025-06-04 18:11:46,759 [INFO] ADCParametersView:116 -                Rank 5 : true
2025-06-04 18:11:46,759 [INFO] ADCParametersView:116 -                Rank 6 : true
2025-06-04 18:11:46,759 [INFO] ADCParametersView:116 -                Rank 1 : true
2025-06-04 18:11:46,759 [INFO] ADCParametersView:116 -                Rank 2 : true
2025-06-04 18:11:46,760 [INFO] ADCParametersView:116 -                Rank 3 : true
2025-06-04 18:11:46,760 [INFO] ADCParametersView:116 -                Rank 4 : true
2025-06-04 18:11:46,760 [INFO] ADCParametersView:116 -                Rank 5 : true
2025-06-04 18:11:46,760 [INFO] ADCParametersView:116 -                Rank 6 : true
2025-06-04 18:11:46,761 [INFO] ADCParametersView:116 -                Rank 1 : true
2025-06-04 18:11:46,761 [INFO] ADCParametersView:116 -                Rank 2 : true
2025-06-04 18:11:46,761 [INFO] ADCParametersView:116 -                Rank 3 : true
2025-06-04 18:11:46,761 [INFO] ADCParametersView:116 -                Rank 4 : true
2025-06-04 18:11:46,761 [INFO] ADCParametersView:116 -                Rank 5 : true
2025-06-04 18:11:46,761 [INFO] ADCParametersView:116 -                Rank 6 : true
2025-06-04 18:11:46,762 [INFO] ADCParametersView:116 -                Rank 1 : true
2025-06-04 18:11:46,762 [INFO] ADCParametersView:116 -                Rank 2 : true
2025-06-04 18:11:46,762 [INFO] ADCParametersView:116 -                Rank 3 : true
2025-06-04 18:11:46,762 [INFO] ADCParametersView:116 -                Rank 4 : true
2025-06-04 18:11:46,762 [INFO] ADCParametersView:116 -                Rank 5 : true
2025-06-04 18:11:46,762 [INFO] ADCParametersView:116 -                Rank 6 : true
2025-06-04 18:11:46,763 [INFO] ADCParametersView:116 -                Rank 1 : true
2025-06-04 18:11:46,763 [INFO] ADCParametersView:116 -                Rank 2 : true
2025-06-04 18:11:46,763 [INFO] ADCParametersView:116 -                Rank 3 : true
2025-06-04 18:11:46,763 [INFO] ADCParametersView:116 -                Rank 4 : true
2025-06-04 18:11:46,763 [INFO] ADCParametersView:116 -                Rank 5 : true
2025-06-04 18:11:46,763 [INFO] ADCParametersView:116 -                Rank 6 : true
2025-06-04 18:11:46,764 [INFO] ADCParametersView:116 -                Rank 1 : true
2025-06-04 18:11:46,764 [INFO] ADCParametersView:116 -                Rank 2 : true
2025-06-04 18:11:46,764 [INFO] ADCParametersView:116 -                Rank 3 : true
2025-06-04 18:11:46,764 [INFO] ADCParametersView:116 -                Rank 4 : true
2025-06-04 18:11:46,764 [INFO] ADCParametersView:116 -                Rank 5 : true
2025-06-04 18:11:46,764 [INFO] ADCParametersView:116 -                Rank 6 : true
2025-06-04 18:11:46,765 [INFO] ADCParametersView:116 -                Rank 1 : true
2025-06-04 18:11:46,765 [INFO] ADCParametersView:116 -                Rank 2 : true
2025-06-04 18:11:46,765 [INFO] ADCParametersView:116 -                Rank 3 : true
2025-06-04 18:11:46,765 [INFO] ADCParametersView:116 -                Rank 4 : true
2025-06-04 18:11:46,765 [INFO] ADCParametersView:116 -                Rank 5 : true
2025-06-04 18:11:46,766 [INFO] ADCParametersView:116 -                Rank 6 : true
2025-06-04 18:11:46,766 [INFO] ADCParametersView:116 -                Rank 1 : true
2025-06-04 18:11:46,766 [INFO] ADCParametersView:116 -                Rank 2 : true
2025-06-04 18:11:46,767 [INFO] ADCParametersView:116 -                Rank 3 : true
2025-06-04 18:11:46,767 [INFO] ADCParametersView:116 -                Rank 4 : true
2025-06-04 18:11:46,767 [INFO] ADCParametersView:116 -                Rank 5 : true
2025-06-04 18:11:46,767 [INFO] ADCParametersView:116 -                Rank 6 : true
2025-06-04 18:11:46,767 [INFO] ADCParametersView:116 -                Rank 1 : true
2025-06-04 18:11:46,767 [INFO] ADCParametersView:116 -                Rank 2 : true
2025-06-04 18:11:46,768 [INFO] ADCParametersView:116 -                Rank 3 : true
2025-06-04 18:11:46,768 [INFO] ADCParametersView:116 -                Rank 4 : true
2025-06-04 18:11:46,768 [INFO] ADCParametersView:116 -                Rank 5 : true
2025-06-04 18:11:46,768 [INFO] ADCParametersView:116 -                Rank 6 : true
2025-06-04 18:11:46,768 [INFO] ADCParametersView:116 -                Rank 1 : true
2025-06-04 18:11:46,769 [INFO] ADCParametersView:116 -                Rank 2 : true
2025-06-04 18:11:46,769 [INFO] ADCParametersView:116 -                Rank 3 : true
2025-06-04 18:11:46,769 [INFO] ADCParametersView:116 -                Rank 4 : true
2025-06-04 18:11:46,769 [INFO] ADCParametersView:116 -                Rank 5 : true
2025-06-04 18:11:46,769 [INFO] ADCParametersView:116 -                Rank 6 : true
2025-06-04 18:11:46,769 [INFO] ADCParametersView:116 -                Rank 2 : true
2025-06-04 18:11:46,770 [INFO] ADCParametersView:116 -                Rank 3 : true
2025-06-04 18:11:46,770 [INFO] ADCParametersView:116 -                Rank 4 : true
2025-06-04 18:11:46,770 [INFO] ADCParametersView:116 -                Rank 5 : true
2025-06-04 18:11:46,770 [INFO] ADCParametersView:116 -                Rank 6 : true
2025-06-04 18:11:46,770 [INFO] ADCParametersView:116 -                Rank 3 : true
2025-06-04 18:11:46,770 [INFO] ADCParametersView:116 -                Rank 4 : true
2025-06-04 18:11:46,770 [INFO] ADCParametersView:116 -                Rank 5 : true
2025-06-04 18:11:46,771 [INFO] ADCParametersView:116 -                Rank 6 : true
2025-06-04 18:11:46,771 [INFO] ADCParametersView:116 -                Rank 4 : true
2025-06-04 18:11:46,771 [INFO] ADCParametersView:116 -                Rank 5 : true
2025-06-04 18:11:46,771 [INFO] ADCParametersView:116 -                Rank 6 : true
2025-06-04 18:11:46,771 [INFO] ADCParametersView:116 -                Rank 5 : true
2025-06-04 18:11:46,771 [INFO] ADCParametersView:116 -                Rank 6 : true
2025-06-04 18:11:46,772 [INFO] ADCParametersView:116 -                Rank 6 : true
2025-06-04 18:11:46,913 [INFO] ADCParametersView:116 -                Rank 1 : true
2025-06-04 18:11:46,914 [INFO] ADCParametersView:116 -                Rank 1 : true
2025-06-04 18:11:46,914 [INFO] ADCParametersView:116 -                Rank 2 : true
2025-06-04 18:11:46,915 [INFO] ADCParametersView:116 -                Rank 1 : true
2025-06-04 18:11:46,923 [INFO] ADCParametersView:116 -                Rank 2 : true
2025-06-04 18:11:46,924 [INFO] ADCParametersView:116 -                Rank 3 : true
2025-06-04 18:11:46,925 [INFO] ADCParametersView:116 -                Rank 1 : true
2025-06-04 18:11:46,925 [INFO] ADCParametersView:116 -                Rank 2 : true
2025-06-04 18:11:46,925 [INFO] ADCParametersView:116 -                Rank 3 : true
2025-06-04 18:11:46,926 [INFO] ADCParametersView:116 -                Rank 4 : true
2025-06-04 18:11:46,927 [INFO] ADCParametersView:116 -                Rank 1 : true
2025-06-04 18:11:46,927 [INFO] ADCParametersView:116 -                Rank 2 : true
2025-06-04 18:11:46,927 [INFO] ADCParametersView:116 -                Rank 3 : true
2025-06-04 18:11:46,928 [INFO] ADCParametersView:116 -                Rank 4 : true
2025-06-04 18:11:46,928 [INFO] ADCParametersView:116 -                Rank 5 : true
2025-06-04 18:11:46,929 [INFO] ADCParametersView:116 -                Rank 1 : true
2025-06-04 18:11:46,930 [INFO] ADCParametersView:116 -                Rank 2 : true
2025-06-04 18:11:46,930 [INFO] ADCParametersView:116 -                Rank 3 : true
2025-06-04 18:11:46,930 [INFO] ADCParametersView:116 -                Rank 4 : true
2025-06-04 18:11:46,930 [INFO] ADCParametersView:116 -                Rank 5 : true
2025-06-04 18:11:46,931 [INFO] ADCParametersView:116 -                Rank 6 : true
2025-06-04 18:11:52,346 [INFO] NvicIntPanel:101 - NVIC parent = com.st.microxplorer.plugins.ip.nvic.MultiNvicIntPanel[,0,0,0x0,invalid,layout=javax.swing.BoxLayout,alignmentX=0.0,alignmentY=0.0,border=,flags=9,maximumSize=,minimumSize=,preferredSize=]
2025-06-04 18:11:52,475 [INFO] ADCParametersView:116 -                Rank 1 : true
2025-06-04 18:11:52,476 [INFO] ADCParametersView:116 -                Rank 2 : true
2025-06-04 18:11:52,476 [INFO] ADCParametersView:116 -                Rank 3 : true
2025-06-04 18:11:52,476 [INFO] ADCParametersView:116 -                Rank 4 : true
2025-06-04 18:11:52,476 [INFO] ADCParametersView:116 -                Rank 5 : true
2025-06-04 18:11:52,476 [INFO] ADCParametersView:116 -                Rank 6 : true
2025-06-04 18:11:52,481 [INFO] ADCParametersView:116 -                Rank 1 : true
2025-06-04 18:11:52,481 [INFO] ADCParametersView:116 -                Rank 2 : true
2025-06-04 18:11:52,481 [INFO] ADCParametersView:116 -                Rank 3 : true
2025-06-04 18:11:52,481 [INFO] ADCParametersView:116 -                Rank 4 : true
2025-06-04 18:11:52,481 [INFO] ADCParametersView:116 -                Rank 5 : true
2025-06-04 18:11:52,481 [INFO] ADCParametersView:116 -                Rank 6 : true
2025-06-04 18:11:52,482 [INFO] ADCParametersView:116 -                Rank 1 : true
2025-06-04 18:11:52,482 [INFO] ADCParametersView:116 -                Rank 2 : true
2025-06-04 18:11:52,482 [INFO] ADCParametersView:116 -                Rank 3 : true
2025-06-04 18:11:52,482 [INFO] ADCParametersView:116 -                Rank 4 : true
2025-06-04 18:11:52,482 [INFO] ADCParametersView:116 -                Rank 5 : true
2025-06-04 18:11:52,482 [INFO] ADCParametersView:116 -                Rank 6 : true
2025-06-04 18:11:52,482 [INFO] ADCParametersView:116 -                Rank 1 : true
2025-06-04 18:11:52,482 [INFO] ADCParametersView:116 -                Rank 2 : true
2025-06-04 18:11:52,483 [INFO] ADCParametersView:116 -                Rank 3 : true
2025-06-04 18:11:52,483 [INFO] ADCParametersView:116 -                Rank 4 : true
2025-06-04 18:11:52,483 [INFO] ADCParametersView:116 -                Rank 5 : true
2025-06-04 18:11:52,483 [INFO] ADCParametersView:116 -                Rank 6 : true
2025-06-04 18:11:52,484 [INFO] ADCParametersView:116 -                Rank 1 : true
2025-06-04 18:11:52,484 [INFO] ADCParametersView:116 -                Rank 2 : true
2025-06-04 18:11:52,484 [INFO] ADCParametersView:116 -                Rank 3 : true
2025-06-04 18:11:52,484 [INFO] ADCParametersView:116 -                Rank 4 : true
2025-06-04 18:11:52,484 [INFO] ADCParametersView:116 -                Rank 5 : true
2025-06-04 18:11:52,484 [INFO] ADCParametersView:116 -                Rank 6 : true
2025-06-04 18:11:52,484 [INFO] ADCParametersView:116 -                Rank 1 : true
2025-06-04 18:11:52,485 [INFO] ADCParametersView:116 -                Rank 2 : true
2025-06-04 18:11:52,485 [INFO] ADCParametersView:116 -                Rank 3 : true
2025-06-04 18:11:52,485 [INFO] ADCParametersView:116 -                Rank 4 : true
2025-06-04 18:11:52,485 [INFO] ADCParametersView:116 -                Rank 5 : true
2025-06-04 18:11:52,485 [INFO] ADCParametersView:116 -                Rank 6 : true
2025-06-04 18:11:52,485 [INFO] ADCParametersView:116 -                Rank 1 : true
2025-06-04 18:11:52,485 [INFO] ADCParametersView:116 -                Rank 2 : true
2025-06-04 18:11:52,485 [INFO] ADCParametersView:116 -                Rank 3 : true
2025-06-04 18:11:52,485 [INFO] ADCParametersView:116 -                Rank 4 : true
2025-06-04 18:11:52,485 [INFO] ADCParametersView:116 -                Rank 5 : true
2025-06-04 18:11:52,486 [INFO] ADCParametersView:116 -                Rank 6 : true
2025-06-04 18:11:52,486 [INFO] ADCParametersView:116 -                Rank 1 : true
2025-06-04 18:11:52,486 [INFO] ADCParametersView:116 -                Rank 2 : true
2025-06-04 18:11:52,486 [INFO] ADCParametersView:116 -                Rank 3 : true
2025-06-04 18:11:52,486 [INFO] ADCParametersView:116 -                Rank 4 : true
2025-06-04 18:11:52,486 [INFO] ADCParametersView:116 -                Rank 5 : true
2025-06-04 18:11:52,486 [INFO] ADCParametersView:116 -                Rank 6 : true
2025-06-04 18:11:52,487 [INFO] ADCParametersView:116 -                Rank 1 : true
2025-06-04 18:11:52,487 [INFO] ADCParametersView:116 -                Rank 2 : true
2025-06-04 18:11:52,487 [INFO] ADCParametersView:116 -                Rank 3 : true
2025-06-04 18:11:52,487 [INFO] ADCParametersView:116 -                Rank 4 : true
2025-06-04 18:11:52,487 [INFO] ADCParametersView:116 -                Rank 5 : true
2025-06-04 18:11:52,487 [INFO] ADCParametersView:116 -                Rank 6 : true
2025-06-04 18:11:52,487 [INFO] ADCParametersView:116 -                Rank 1 : true
2025-06-04 18:11:52,487 [INFO] ADCParametersView:116 -                Rank 2 : true
2025-06-04 18:11:52,488 [INFO] ADCParametersView:116 -                Rank 3 : true
2025-06-04 18:11:52,488 [INFO] ADCParametersView:116 -                Rank 4 : true
2025-06-04 18:11:52,488 [INFO] ADCParametersView:116 -                Rank 5 : true
2025-06-04 18:11:52,488 [INFO] ADCParametersView:116 -                Rank 6 : true
2025-06-04 18:11:52,488 [INFO] ADCParametersView:116 -                Rank 1 : true
2025-06-04 18:11:52,488 [INFO] ADCParametersView:116 -                Rank 2 : true
2025-06-04 18:11:52,488 [INFO] ADCParametersView:116 -                Rank 3 : true
2025-06-04 18:11:52,488 [INFO] ADCParametersView:116 -                Rank 4 : true
2025-06-04 18:11:52,488 [INFO] ADCParametersView:116 -                Rank 5 : true
2025-06-04 18:11:52,488 [INFO] ADCParametersView:116 -                Rank 6 : true
2025-06-04 18:11:52,489 [INFO] ADCParametersView:116 -                Rank 1 : true
2025-06-04 18:11:52,489 [INFO] ADCParametersView:116 -                Rank 2 : true
2025-06-04 18:11:52,489 [INFO] ADCParametersView:116 -                Rank 3 : true
2025-06-04 18:11:52,489 [INFO] ADCParametersView:116 -                Rank 4 : true
2025-06-04 18:11:52,489 [INFO] ADCParametersView:116 -                Rank 5 : true
2025-06-04 18:11:52,489 [INFO] ADCParametersView:116 -                Rank 6 : true
2025-06-04 18:11:52,489 [INFO] ADCParametersView:116 -                Rank 1 : true
2025-06-04 18:11:52,489 [INFO] ADCParametersView:116 -                Rank 2 : true
2025-06-04 18:11:52,490 [INFO] ADCParametersView:116 -                Rank 3 : true
2025-06-04 18:11:52,490 [INFO] ADCParametersView:116 -                Rank 4 : true
2025-06-04 18:11:52,490 [INFO] ADCParametersView:116 -                Rank 5 : true
2025-06-04 18:11:52,490 [INFO] ADCParametersView:116 -                Rank 6 : true
2025-06-04 18:11:52,490 [INFO] ADCParametersView:116 -                Rank 1 : true
2025-06-04 18:11:52,490 [INFO] ADCParametersView:116 -                Rank 2 : true
2025-06-04 18:11:52,490 [INFO] ADCParametersView:116 -                Rank 3 : true
2025-06-04 18:11:52,490 [INFO] ADCParametersView:116 -                Rank 4 : true
2025-06-04 18:11:52,490 [INFO] ADCParametersView:116 -                Rank 5 : true
2025-06-04 18:11:52,490 [INFO] ADCParametersView:116 -                Rank 6 : true
2025-06-04 18:11:52,491 [INFO] ADCParametersView:116 -                Rank 1 : true
2025-06-04 18:11:52,491 [INFO] ADCParametersView:116 -                Rank 2 : true
2025-06-04 18:11:52,491 [INFO] ADCParametersView:116 -                Rank 3 : true
2025-06-04 18:11:52,491 [INFO] ADCParametersView:116 -                Rank 4 : true
2025-06-04 18:11:52,491 [INFO] ADCParametersView:116 -                Rank 5 : true
2025-06-04 18:11:52,491 [INFO] ADCParametersView:116 -                Rank 6 : true
2025-06-04 18:11:52,491 [INFO] ADCParametersView:116 -                Rank 1 : true
2025-06-04 18:11:52,491 [INFO] ADCParametersView:116 -                Rank 2 : true
2025-06-04 18:11:52,492 [INFO] ADCParametersView:116 -                Rank 3 : true
2025-06-04 18:11:52,492 [INFO] ADCParametersView:116 -                Rank 4 : true
2025-06-04 18:11:52,492 [INFO] ADCParametersView:116 -                Rank 5 : true
2025-06-04 18:11:52,492 [INFO] ADCParametersView:116 -                Rank 6 : true
2025-06-04 18:11:52,492 [INFO] ADCParametersView:116 -                Rank 1 : true
2025-06-04 18:11:52,492 [INFO] ADCParametersView:116 -                Rank 2 : true
2025-06-04 18:11:52,492 [INFO] ADCParametersView:116 -                Rank 3 : true
2025-06-04 18:11:52,492 [INFO] ADCParametersView:116 -                Rank 4 : true
2025-06-04 18:11:52,492 [INFO] ADCParametersView:116 -                Rank 5 : true
2025-06-04 18:11:52,492 [INFO] ADCParametersView:116 -                Rank 6 : true
2025-06-04 18:11:52,493 [INFO] ADCParametersView:116 -                Rank 1 : true
2025-06-04 18:11:52,493 [INFO] ADCParametersView:116 -                Rank 2 : true
2025-06-04 18:11:52,493 [INFO] ADCParametersView:116 -                Rank 3 : true
2025-06-04 18:11:52,493 [INFO] ADCParametersView:116 -                Rank 4 : true
2025-06-04 18:11:52,493 [INFO] ADCParametersView:116 -                Rank 5 : true
2025-06-04 18:11:52,493 [INFO] ADCParametersView:116 -                Rank 6 : true
2025-06-04 18:11:52,493 [INFO] ADCParametersView:116 -                Rank 1 : true
2025-06-04 18:11:52,493 [INFO] ADCParametersView:116 -                Rank 2 : true
2025-06-04 18:11:52,494 [INFO] ADCParametersView:116 -                Rank 3 : true
2025-06-04 18:11:52,494 [INFO] ADCParametersView:116 -                Rank 4 : true
2025-06-04 18:11:52,494 [INFO] ADCParametersView:116 -                Rank 5 : true
2025-06-04 18:11:52,494 [INFO] ADCParametersView:116 -                Rank 6 : true
2025-06-04 18:11:52,494 [INFO] ADCParametersView:116 -                Rank 1 : true
2025-06-04 18:11:52,494 [INFO] ADCParametersView:116 -                Rank 2 : true
2025-06-04 18:11:52,494 [INFO] ADCParametersView:116 -                Rank 3 : true
2025-06-04 18:11:52,494 [INFO] ADCParametersView:116 -                Rank 4 : true
2025-06-04 18:11:52,494 [INFO] ADCParametersView:116 -                Rank 5 : true
2025-06-04 18:11:52,495 [INFO] ADCParametersView:116 -                Rank 6 : true
2025-06-04 18:11:52,495 [INFO] ADCParametersView:116 -                Rank 1 : true
2025-06-04 18:11:52,495 [INFO] ADCParametersView:116 -                Rank 2 : true
2025-06-04 18:11:52,495 [INFO] ADCParametersView:116 -                Rank 3 : true
2025-06-04 18:11:52,495 [INFO] ADCParametersView:116 -                Rank 4 : true
2025-06-04 18:11:52,495 [INFO] ADCParametersView:116 -                Rank 5 : true
2025-06-04 18:11:52,495 [INFO] ADCParametersView:116 -                Rank 6 : true
2025-06-04 18:11:52,495 [INFO] ADCParametersView:116 -                Rank 2 : true
2025-06-04 18:11:52,495 [INFO] ADCParametersView:116 -                Rank 3 : true
2025-06-04 18:11:52,495 [INFO] ADCParametersView:116 -                Rank 4 : true
2025-06-04 18:11:52,496 [INFO] ADCParametersView:116 -                Rank 5 : true
2025-06-04 18:11:52,496 [INFO] ADCParametersView:116 -                Rank 6 : true
2025-06-04 18:11:52,496 [INFO] ADCParametersView:116 -                Rank 3 : true
2025-06-04 18:11:52,496 [INFO] ADCParametersView:116 -                Rank 4 : true
2025-06-04 18:11:52,496 [INFO] ADCParametersView:116 -                Rank 5 : true
2025-06-04 18:11:52,496 [INFO] ADCParametersView:116 -                Rank 6 : true
2025-06-04 18:11:52,496 [INFO] ADCParametersView:116 -                Rank 4 : true
2025-06-04 18:11:52,496 [INFO] ADCParametersView:116 -                Rank 5 : true
2025-06-04 18:11:52,496 [INFO] ADCParametersView:116 -                Rank 6 : true
2025-06-04 18:11:52,496 [INFO] ADCParametersView:116 -                Rank 5 : true
2025-06-04 18:11:52,496 [INFO] ADCParametersView:116 -                Rank 6 : true
2025-06-04 18:11:52,496 [INFO] ADCParametersView:116 -                Rank 6 : true
2025-06-04 18:11:52,596 [INFO] ADCParametersView:116 -                Rank 1 : true
2025-06-04 18:11:52,597 [INFO] ADCParametersView:116 -                Rank 1 : true
2025-06-04 18:11:52,597 [INFO] ADCParametersView:116 -                Rank 2 : true
2025-06-04 18:11:52,598 [INFO] ADCParametersView:116 -                Rank 1 : true
2025-06-04 18:11:52,598 [INFO] ADCParametersView:116 -                Rank 2 : true
2025-06-04 18:11:52,598 [INFO] ADCParametersView:116 -                Rank 3 : true
2025-06-04 18:11:52,599 [INFO] ADCParametersView:116 -                Rank 1 : true
2025-06-04 18:11:52,599 [INFO] ADCParametersView:116 -                Rank 2 : true
2025-06-04 18:11:52,599 [INFO] ADCParametersView:116 -                Rank 3 : true
2025-06-04 18:11:52,599 [INFO] ADCParametersView:116 -                Rank 4 : true
2025-06-04 18:11:52,600 [INFO] ADCParametersView:116 -                Rank 1 : true
2025-06-04 18:11:52,600 [INFO] ADCParametersView:116 -                Rank 2 : true
2025-06-04 18:11:52,600 [INFO] ADCParametersView:116 -                Rank 3 : true
2025-06-04 18:11:52,600 [INFO] ADCParametersView:116 -                Rank 4 : true
2025-06-04 18:11:52,600 [INFO] ADCParametersView:116 -                Rank 5 : true
2025-06-04 18:11:52,601 [INFO] ADCParametersView:116 -                Rank 1 : true
2025-06-04 18:11:52,602 [INFO] ADCParametersView:116 -                Rank 2 : true
2025-06-04 18:11:52,602 [INFO] ADCParametersView:116 -                Rank 3 : true
2025-06-04 18:11:52,602 [INFO] ADCParametersView:116 -                Rank 4 : true
2025-06-04 18:11:52,602 [INFO] ADCParametersView:116 -                Rank 5 : true
2025-06-04 18:11:52,602 [INFO] ADCParametersView:116 -                Rank 6 : true
2025-06-04 18:11:56,843 [INFO] NvicIntPanel:101 - NVIC parent = com.st.microxplorer.plugins.ip.nvic.MultiNvicIntPanel[,0,0,0x0,invalid,layout=javax.swing.BoxLayout,alignmentX=0.0,alignmentY=0.0,border=,flags=9,maximumSize=,minimumSize=,preferredSize=]
2025-06-04 18:11:56,948 [INFO] ADCParametersView:116 -                Rank 1 : true
2025-06-04 18:11:56,949 [INFO] ADCParametersView:116 -                Rank 2 : true
2025-06-04 18:11:56,949 [INFO] ADCParametersView:116 -                Rank 3 : true
2025-06-04 18:11:56,949 [INFO] ADCParametersView:116 -                Rank 4 : true
2025-06-04 18:11:56,949 [INFO] ADCParametersView:116 -                Rank 5 : true
2025-06-04 18:11:56,949 [INFO] ADCParametersView:116 -                Rank 6 : true
2025-06-04 18:11:56,954 [INFO] ADCParametersView:116 -                Rank 1 : true
2025-06-04 18:11:56,954 [INFO] ADCParametersView:116 -                Rank 2 : true
2025-06-04 18:11:56,954 [INFO] ADCParametersView:116 -                Rank 3 : true
2025-06-04 18:11:56,954 [INFO] ADCParametersView:116 -                Rank 4 : true
2025-06-04 18:11:56,954 [INFO] ADCParametersView:116 -                Rank 5 : true
2025-06-04 18:11:56,954 [INFO] ADCParametersView:116 -                Rank 6 : true
2025-06-04 18:11:56,955 [INFO] ADCParametersView:116 -                Rank 1 : true
2025-06-04 18:11:56,955 [INFO] ADCParametersView:116 -                Rank 2 : true
2025-06-04 18:11:56,955 [INFO] ADCParametersView:116 -                Rank 3 : true
2025-06-04 18:11:56,955 [INFO] ADCParametersView:116 -                Rank 4 : true
2025-06-04 18:11:56,955 [INFO] ADCParametersView:116 -                Rank 5 : true
2025-06-04 18:11:56,955 [INFO] ADCParametersView:116 -                Rank 6 : true
2025-06-04 18:11:56,955 [INFO] ADCParametersView:116 -                Rank 1 : true
2025-06-04 18:11:56,955 [INFO] ADCParametersView:116 -                Rank 2 : true
2025-06-04 18:11:56,956 [INFO] ADCParametersView:116 -                Rank 3 : true
2025-06-04 18:11:56,956 [INFO] ADCParametersView:116 -                Rank 4 : true
2025-06-04 18:11:56,956 [INFO] ADCParametersView:116 -                Rank 5 : true
2025-06-04 18:11:56,956 [INFO] ADCParametersView:116 -                Rank 6 : true
2025-06-04 18:11:56,956 [INFO] ADCParametersView:116 -                Rank 1 : true
2025-06-04 18:11:56,956 [INFO] ADCParametersView:116 -                Rank 2 : true
2025-06-04 18:11:56,956 [INFO] ADCParametersView:116 -                Rank 3 : true
2025-06-04 18:11:56,956 [INFO] ADCParametersView:116 -                Rank 4 : true
2025-06-04 18:11:56,956 [INFO] ADCParametersView:116 -                Rank 5 : true
2025-06-04 18:11:56,956 [INFO] ADCParametersView:116 -                Rank 6 : true
2025-06-04 18:11:56,957 [INFO] ADCParametersView:116 -                Rank 1 : true
2025-06-04 18:11:56,957 [INFO] ADCParametersView:116 -                Rank 2 : true
2025-06-04 18:11:56,957 [INFO] ADCParametersView:116 -                Rank 3 : true
2025-06-04 18:11:56,957 [INFO] ADCParametersView:116 -                Rank 4 : true
2025-06-04 18:11:56,957 [INFO] ADCParametersView:116 -                Rank 5 : true
2025-06-04 18:11:56,957 [INFO] ADCParametersView:116 -                Rank 6 : true
2025-06-04 18:11:56,957 [INFO] ADCParametersView:116 -                Rank 1 : true
2025-06-04 18:11:56,957 [INFO] ADCParametersView:116 -                Rank 2 : true
2025-06-04 18:11:56,957 [INFO] ADCParametersView:116 -                Rank 3 : true
2025-06-04 18:11:56,957 [INFO] ADCParametersView:116 -                Rank 4 : true
2025-06-04 18:11:56,957 [INFO] ADCParametersView:116 -                Rank 5 : true
2025-06-04 18:11:56,958 [INFO] ADCParametersView:116 -                Rank 6 : true
2025-06-04 18:11:56,958 [INFO] ADCParametersView:116 -                Rank 1 : true
2025-06-04 18:11:56,958 [INFO] ADCParametersView:116 -                Rank 2 : true
2025-06-04 18:11:56,958 [INFO] ADCParametersView:116 -                Rank 3 : true
2025-06-04 18:11:56,958 [INFO] ADCParametersView:116 -                Rank 4 : true
2025-06-04 18:11:56,958 [INFO] ADCParametersView:116 -                Rank 5 : true
2025-06-04 18:11:56,958 [INFO] ADCParametersView:116 -                Rank 6 : true
2025-06-04 18:11:56,958 [INFO] ADCParametersView:116 -                Rank 1 : true
2025-06-04 18:11:56,959 [INFO] ADCParametersView:116 -                Rank 2 : true
2025-06-04 18:11:56,959 [INFO] ADCParametersView:116 -                Rank 3 : true
2025-06-04 18:11:56,959 [INFO] ADCParametersView:116 -                Rank 4 : true
2025-06-04 18:11:56,959 [INFO] ADCParametersView:116 -                Rank 5 : true
2025-06-04 18:11:56,959 [INFO] ADCParametersView:116 -                Rank 6 : true
2025-06-04 18:11:56,959 [INFO] ADCParametersView:116 -                Rank 1 : true
2025-06-04 18:11:56,959 [INFO] ADCParametersView:116 -                Rank 2 : true
2025-06-04 18:11:56,959 [INFO] ADCParametersView:116 -                Rank 3 : true
2025-06-04 18:11:56,959 [INFO] ADCParametersView:116 -                Rank 4 : true
2025-06-04 18:11:56,959 [INFO] ADCParametersView:116 -                Rank 5 : true
2025-06-04 18:11:56,959 [INFO] ADCParametersView:116 -                Rank 6 : true
2025-06-04 18:11:56,960 [INFO] ADCParametersView:116 -                Rank 1 : true
2025-06-04 18:11:56,960 [INFO] ADCParametersView:116 -                Rank 2 : true
2025-06-04 18:11:56,960 [INFO] ADCParametersView:116 -                Rank 3 : true
2025-06-04 18:11:56,960 [INFO] ADCParametersView:116 -                Rank 4 : true
2025-06-04 18:11:56,960 [INFO] ADCParametersView:116 -                Rank 5 : true
2025-06-04 18:11:56,960 [INFO] ADCParametersView:116 -                Rank 6 : true
2025-06-04 18:11:56,960 [INFO] ADCParametersView:116 -                Rank 1 : true
2025-06-04 18:11:56,960 [INFO] ADCParametersView:116 -                Rank 2 : true
2025-06-04 18:11:56,960 [INFO] ADCParametersView:116 -                Rank 3 : true
2025-06-04 18:11:56,960 [INFO] ADCParametersView:116 -                Rank 4 : true
2025-06-04 18:11:56,960 [INFO] ADCParametersView:116 -                Rank 5 : true
2025-06-04 18:11:56,960 [INFO] ADCParametersView:116 -                Rank 6 : true
2025-06-04 18:11:56,961 [INFO] ADCParametersView:116 -                Rank 1 : true
2025-06-04 18:11:56,961 [INFO] ADCParametersView:116 -                Rank 2 : true
2025-06-04 18:11:56,961 [INFO] ADCParametersView:116 -                Rank 3 : true
2025-06-04 18:11:56,961 [INFO] ADCParametersView:116 -                Rank 4 : true
2025-06-04 18:11:56,961 [INFO] ADCParametersView:116 -                Rank 5 : true
2025-06-04 18:11:56,961 [INFO] ADCParametersView:116 -                Rank 6 : true
2025-06-04 18:11:56,961 [INFO] ADCParametersView:116 -                Rank 1 : true
2025-06-04 18:11:56,961 [INFO] ADCParametersView:116 -                Rank 2 : true
2025-06-04 18:11:56,961 [INFO] ADCParametersView:116 -                Rank 3 : true
2025-06-04 18:11:56,961 [INFO] ADCParametersView:116 -                Rank 4 : true
2025-06-04 18:11:56,961 [INFO] ADCParametersView:116 -                Rank 5 : true
2025-06-04 18:11:56,962 [INFO] ADCParametersView:116 -                Rank 6 : true
2025-06-04 18:11:56,962 [INFO] ADCParametersView:116 -                Rank 1 : true
2025-06-04 18:11:56,962 [INFO] ADCParametersView:116 -                Rank 2 : true
2025-06-04 18:11:56,962 [INFO] ADCParametersView:116 -                Rank 3 : true
2025-06-04 18:11:56,962 [INFO] ADCParametersView:116 -                Rank 4 : true
2025-06-04 18:11:56,962 [INFO] ADCParametersView:116 -                Rank 5 : true
2025-06-04 18:11:56,962 [INFO] ADCParametersView:116 -                Rank 6 : true
2025-06-04 18:11:56,962 [INFO] ADCParametersView:116 -                Rank 1 : true
2025-06-04 18:11:56,962 [INFO] ADCParametersView:116 -                Rank 2 : true
2025-06-04 18:11:56,963 [INFO] ADCParametersView:116 -                Rank 3 : true
2025-06-04 18:11:56,963 [INFO] ADCParametersView:116 -                Rank 4 : true
2025-06-04 18:11:56,963 [INFO] ADCParametersView:116 -                Rank 5 : true
2025-06-04 18:11:56,963 [INFO] ADCParametersView:116 -                Rank 6 : true
2025-06-04 18:11:56,963 [INFO] ADCParametersView:116 -                Rank 1 : true
2025-06-04 18:11:56,963 [INFO] ADCParametersView:116 -                Rank 2 : true
2025-06-04 18:11:56,963 [INFO] ADCParametersView:116 -                Rank 3 : true
2025-06-04 18:11:56,963 [INFO] ADCParametersView:116 -                Rank 4 : true
2025-06-04 18:11:56,963 [INFO] ADCParametersView:116 -                Rank 5 : true
2025-06-04 18:11:56,963 [INFO] ADCParametersView:116 -                Rank 6 : true
2025-06-04 18:11:56,963 [INFO] ADCParametersView:116 -                Rank 1 : true
2025-06-04 18:11:56,963 [INFO] ADCParametersView:116 -                Rank 2 : true
2025-06-04 18:11:56,964 [INFO] ADCParametersView:116 -                Rank 3 : true
2025-06-04 18:11:56,964 [INFO] ADCParametersView:116 -                Rank 4 : true
2025-06-04 18:11:56,964 [INFO] ADCParametersView:116 -                Rank 5 : true
2025-06-04 18:11:56,964 [INFO] ADCParametersView:116 -                Rank 6 : true
2025-06-04 18:11:56,964 [INFO] ADCParametersView:116 -                Rank 1 : true
2025-06-04 18:11:56,964 [INFO] ADCParametersView:116 -                Rank 2 : true
2025-06-04 18:11:56,964 [INFO] ADCParametersView:116 -                Rank 3 : true
2025-06-04 18:11:56,964 [INFO] ADCParametersView:116 -                Rank 4 : true
2025-06-04 18:11:56,964 [INFO] ADCParametersView:116 -                Rank 5 : true
2025-06-04 18:11:56,964 [INFO] ADCParametersView:116 -                Rank 6 : true
2025-06-04 18:11:56,964 [INFO] ADCParametersView:116 -                Rank 1 : true
2025-06-04 18:11:56,965 [INFO] ADCParametersView:116 -                Rank 2 : true
2025-06-04 18:11:56,965 [INFO] ADCParametersView:116 -                Rank 3 : true
2025-06-04 18:11:56,965 [INFO] ADCParametersView:116 -                Rank 4 : true
2025-06-04 18:11:56,965 [INFO] ADCParametersView:116 -                Rank 5 : true
2025-06-04 18:11:56,965 [INFO] ADCParametersView:116 -                Rank 6 : true
2025-06-04 18:11:56,965 [INFO] ADCParametersView:116 -                Rank 1 : true
2025-06-04 18:11:56,965 [INFO] ADCParametersView:116 -                Rank 2 : true
2025-06-04 18:11:56,965 [INFO] ADCParametersView:116 -                Rank 3 : true
2025-06-04 18:11:56,965 [INFO] ADCParametersView:116 -                Rank 4 : true
2025-06-04 18:11:56,965 [INFO] ADCParametersView:116 -                Rank 5 : true
2025-06-04 18:11:56,966 [INFO] ADCParametersView:116 -                Rank 6 : true
2025-06-04 18:11:56,966 [INFO] ADCParametersView:116 -                Rank 2 : true
2025-06-04 18:11:56,966 [INFO] ADCParametersView:116 -                Rank 3 : true
2025-06-04 18:11:56,966 [INFO] ADCParametersView:116 -                Rank 4 : true
2025-06-04 18:11:56,966 [INFO] ADCParametersView:116 -                Rank 5 : true
2025-06-04 18:11:56,966 [INFO] ADCParametersView:116 -                Rank 6 : true
2025-06-04 18:11:56,966 [INFO] ADCParametersView:116 -                Rank 3 : true
2025-06-04 18:11:56,967 [INFO] ADCParametersView:116 -                Rank 4 : true
2025-06-04 18:11:56,967 [INFO] ADCParametersView:116 -                Rank 5 : true
2025-06-04 18:11:56,967 [INFO] ADCParametersView:116 -                Rank 6 : true
2025-06-04 18:11:56,967 [INFO] ADCParametersView:116 -                Rank 4 : true
2025-06-04 18:11:56,967 [INFO] ADCParametersView:116 -                Rank 5 : true
2025-06-04 18:11:56,967 [INFO] ADCParametersView:116 -                Rank 6 : true
2025-06-04 18:11:56,967 [INFO] ADCParametersView:116 -                Rank 5 : true
2025-06-04 18:11:56,967 [INFO] ADCParametersView:116 -                Rank 6 : true
2025-06-04 18:11:56,967 [INFO] ADCParametersView:116 -                Rank 6 : true
2025-06-04 18:11:57,061 [INFO] ADCParametersView:116 -                Rank 1 : true
2025-06-04 18:11:57,061 [INFO] ADCParametersView:116 -                Rank 1 : true
2025-06-04 18:11:57,062 [INFO] ADCParametersView:116 -                Rank 2 : true
2025-06-04 18:11:57,062 [INFO] ADCParametersView:116 -                Rank 1 : true
2025-06-04 18:11:57,062 [INFO] ADCParametersView:116 -                Rank 2 : true
2025-06-04 18:11:57,062 [INFO] ADCParametersView:116 -                Rank 3 : true
2025-06-04 18:11:57,063 [INFO] ADCParametersView:116 -                Rank 1 : true
2025-06-04 18:11:57,063 [INFO] ADCParametersView:116 -                Rank 2 : true
2025-06-04 18:11:57,063 [INFO] ADCParametersView:116 -                Rank 3 : true
2025-06-04 18:11:57,063 [INFO] ADCParametersView:116 -                Rank 4 : true
2025-06-04 18:11:57,065 [INFO] ADCParametersView:116 -                Rank 1 : true
2025-06-04 18:11:57,065 [INFO] ADCParametersView:116 -                Rank 2 : true
2025-06-04 18:11:57,065 [INFO] ADCParametersView:116 -                Rank 3 : true
2025-06-04 18:11:57,065 [INFO] ADCParametersView:116 -                Rank 4 : true
2025-06-04 18:11:57,065 [INFO] ADCParametersView:116 -                Rank 5 : true
2025-06-04 18:11:57,066 [INFO] ADCParametersView:116 -                Rank 1 : true
2025-06-04 18:11:57,066 [INFO] ADCParametersView:116 -                Rank 2 : true
2025-06-04 18:11:57,066 [INFO] ADCParametersView:116 -                Rank 3 : true
2025-06-04 18:11:57,066 [INFO] ADCParametersView:116 -                Rank 4 : true
2025-06-04 18:11:57,066 [INFO] ADCParametersView:116 -                Rank 5 : true
2025-06-04 18:11:57,066 [INFO] ADCParametersView:116 -                Rank 6 : true
2025-06-04 18:12:01,135 [INFO] NvicIntPanel:101 - NVIC parent = com.st.microxplorer.plugins.ip.nvic.MultiNvicIntPanel[,0,0,0x0,invalid,layout=javax.swing.BoxLayout,alignmentX=0.0,alignmentY=0.0,border=,flags=9,maximumSize=,minimumSize=,preferredSize=]
2025-06-04 18:12:01,281 [INFO] ADCParametersView:116 -                Rank 1 : true
2025-06-04 18:12:01,281 [INFO] ADCParametersView:116 -                Rank 2 : true
2025-06-04 18:12:01,281 [INFO] ADCParametersView:116 -                Rank 3 : true
2025-06-04 18:12:01,281 [INFO] ADCParametersView:116 -                Rank 4 : true
2025-06-04 18:12:01,281 [INFO] ADCParametersView:116 -                Rank 5 : true
2025-06-04 18:12:01,281 [INFO] ADCParametersView:116 -                Rank 6 : true
2025-06-04 18:12:01,295 [INFO] ADCParametersView:116 -                Rank 1 : true
2025-06-04 18:12:01,295 [INFO] ADCParametersView:116 -                Rank 2 : true
2025-06-04 18:12:01,295 [INFO] ADCParametersView:116 -                Rank 3 : true
2025-06-04 18:12:01,295 [INFO] ADCParametersView:116 -                Rank 4 : true
2025-06-04 18:12:01,295 [INFO] ADCParametersView:116 -                Rank 5 : true
2025-06-04 18:12:01,295 [INFO] ADCParametersView:116 -                Rank 6 : true
2025-06-04 18:12:01,296 [INFO] ADCParametersView:116 -                Rank 1 : true
2025-06-04 18:12:01,296 [INFO] ADCParametersView:116 -                Rank 2 : true
2025-06-04 18:12:01,296 [INFO] ADCParametersView:116 -                Rank 3 : true
2025-06-04 18:12:01,296 [INFO] ADCParametersView:116 -                Rank 4 : true
2025-06-04 18:12:01,296 [INFO] ADCParametersView:116 -                Rank 5 : true
2025-06-04 18:12:01,296 [INFO] ADCParametersView:116 -                Rank 6 : true
2025-06-04 18:12:01,296 [INFO] ADCParametersView:116 -                Rank 1 : true
2025-06-04 18:12:01,296 [INFO] ADCParametersView:116 -                Rank 2 : true
2025-06-04 18:12:01,296 [INFO] ADCParametersView:116 -                Rank 3 : true
2025-06-04 18:12:01,296 [INFO] ADCParametersView:116 -                Rank 4 : true
2025-06-04 18:12:01,296 [INFO] ADCParametersView:116 -                Rank 5 : true
2025-06-04 18:12:01,296 [INFO] ADCParametersView:116 -                Rank 6 : true
2025-06-04 18:12:01,297 [INFO] ADCParametersView:116 -                Rank 1 : true
2025-06-04 18:12:01,297 [INFO] ADCParametersView:116 -                Rank 2 : true
2025-06-04 18:12:01,297 [INFO] ADCParametersView:116 -                Rank 3 : true
2025-06-04 18:12:01,297 [INFO] ADCParametersView:116 -                Rank 4 : true
2025-06-04 18:12:01,297 [INFO] ADCParametersView:116 -                Rank 5 : true
2025-06-04 18:12:01,297 [INFO] ADCParametersView:116 -                Rank 6 : true
2025-06-04 18:12:01,297 [INFO] ADCParametersView:116 -                Rank 1 : true
2025-06-04 18:12:01,297 [INFO] ADCParametersView:116 -                Rank 2 : true
2025-06-04 18:12:01,297 [INFO] ADCParametersView:116 -                Rank 3 : true
2025-06-04 18:12:01,297 [INFO] ADCParametersView:116 -                Rank 4 : true
2025-06-04 18:12:01,297 [INFO] ADCParametersView:116 -                Rank 5 : true
2025-06-04 18:12:01,297 [INFO] ADCParametersView:116 -                Rank 6 : true
2025-06-04 18:12:01,298 [INFO] ADCParametersView:116 -                Rank 1 : true
2025-06-04 18:12:01,298 [INFO] ADCParametersView:116 -                Rank 2 : true
2025-06-04 18:12:01,298 [INFO] ADCParametersView:116 -                Rank 3 : true
2025-06-04 18:12:01,298 [INFO] ADCParametersView:116 -                Rank 4 : true
2025-06-04 18:12:01,298 [INFO] ADCParametersView:116 -                Rank 5 : true
2025-06-04 18:12:01,298 [INFO] ADCParametersView:116 -                Rank 6 : true
2025-06-04 18:12:01,299 [INFO] ADCParametersView:116 -                Rank 1 : true
2025-06-04 18:12:01,299 [INFO] ADCParametersView:116 -                Rank 2 : true
2025-06-04 18:12:01,300 [INFO] ADCParametersView:116 -                Rank 3 : true
2025-06-04 18:12:01,300 [INFO] ADCParametersView:116 -                Rank 4 : true
2025-06-04 18:12:01,300 [INFO] ADCParametersView:116 -                Rank 5 : true
2025-06-04 18:12:01,300 [INFO] ADCParametersView:116 -                Rank 6 : true
2025-06-04 18:12:01,300 [INFO] ADCParametersView:116 -                Rank 1 : true
2025-06-04 18:12:01,300 [INFO] ADCParametersView:116 -                Rank 2 : true
2025-06-04 18:12:01,300 [INFO] ADCParametersView:116 -                Rank 3 : true
2025-06-04 18:12:01,300 [INFO] ADCParametersView:116 -                Rank 4 : true
2025-06-04 18:12:01,300 [INFO] ADCParametersView:116 -                Rank 5 : true
2025-06-04 18:12:01,300 [INFO] ADCParametersView:116 -                Rank 6 : true
2025-06-04 18:12:01,301 [INFO] ADCParametersView:116 -                Rank 1 : true
2025-06-04 18:12:01,301 [INFO] ADCParametersView:116 -                Rank 2 : true
2025-06-04 18:12:01,301 [INFO] ADCParametersView:116 -                Rank 3 : true
2025-06-04 18:12:01,301 [INFO] ADCParametersView:116 -                Rank 4 : true
2025-06-04 18:12:01,301 [INFO] ADCParametersView:116 -                Rank 5 : true
2025-06-04 18:12:01,301 [INFO] ADCParametersView:116 -                Rank 6 : true
2025-06-04 18:12:01,301 [INFO] ADCParametersView:116 -                Rank 1 : true
2025-06-04 18:12:01,301 [INFO] ADCParametersView:116 -                Rank 2 : true
2025-06-04 18:12:01,301 [INFO] ADCParametersView:116 -                Rank 3 : true
2025-06-04 18:12:01,301 [INFO] ADCParametersView:116 -                Rank 4 : true
2025-06-04 18:12:01,301 [INFO] ADCParametersView:116 -                Rank 5 : true
2025-06-04 18:12:01,301 [INFO] ADCParametersView:116 -                Rank 6 : true
2025-06-04 18:12:01,302 [INFO] ADCParametersView:116 -                Rank 1 : true
2025-06-04 18:12:01,302 [INFO] ADCParametersView:116 -                Rank 2 : true
2025-06-04 18:12:01,302 [INFO] ADCParametersView:116 -                Rank 3 : true
2025-06-04 18:12:01,302 [INFO] ADCParametersView:116 -                Rank 4 : true
2025-06-04 18:12:01,302 [INFO] ADCParametersView:116 -                Rank 5 : true
2025-06-04 18:12:01,302 [INFO] ADCParametersView:116 -                Rank 6 : true
2025-06-04 18:12:01,302 [INFO] ADCParametersView:116 -                Rank 1 : true
2025-06-04 18:12:01,302 [INFO] ADCParametersView:116 -                Rank 2 : true
2025-06-04 18:12:01,302 [INFO] ADCParametersView:116 -                Rank 3 : true
2025-06-04 18:12:01,302 [INFO] ADCParametersView:116 -                Rank 4 : true
2025-06-04 18:12:01,302 [INFO] ADCParametersView:116 -                Rank 5 : true
2025-06-04 18:12:01,302 [INFO] ADCParametersView:116 -                Rank 6 : true
2025-06-04 18:12:01,302 [INFO] ADCParametersView:116 -                Rank 1 : true
2025-06-04 18:12:01,303 [INFO] ADCParametersView:116 -                Rank 2 : true
2025-06-04 18:12:01,303 [INFO] ADCParametersView:116 -                Rank 3 : true
2025-06-04 18:12:01,303 [INFO] ADCParametersView:116 -                Rank 4 : true
2025-06-04 18:12:01,303 [INFO] ADCParametersView:116 -                Rank 5 : true
2025-06-04 18:12:01,303 [INFO] ADCParametersView:116 -                Rank 6 : true
2025-06-04 18:12:01,303 [INFO] ADCParametersView:116 -                Rank 1 : true
2025-06-04 18:12:01,303 [INFO] ADCParametersView:116 -                Rank 2 : true
2025-06-04 18:12:01,303 [INFO] ADCParametersView:116 -                Rank 3 : true
2025-06-04 18:12:01,303 [INFO] ADCParametersView:116 -                Rank 4 : true
2025-06-04 18:12:01,303 [INFO] ADCParametersView:116 -                Rank 5 : true
2025-06-04 18:12:01,303 [INFO] ADCParametersView:116 -                Rank 6 : true
2025-06-04 18:12:01,303 [INFO] ADCParametersView:116 -                Rank 1 : true
2025-06-04 18:12:01,303 [INFO] ADCParametersView:116 -                Rank 2 : true
2025-06-04 18:12:01,304 [INFO] ADCParametersView:116 -                Rank 3 : true
2025-06-04 18:12:01,304 [INFO] ADCParametersView:116 -                Rank 4 : true
2025-06-04 18:12:01,304 [INFO] ADCParametersView:116 -                Rank 5 : true
2025-06-04 18:12:01,304 [INFO] ADCParametersView:116 -                Rank 6 : true
2025-06-04 18:12:01,304 [INFO] ADCParametersView:116 -                Rank 1 : true
2025-06-04 18:12:01,304 [INFO] ADCParametersView:116 -                Rank 2 : true
2025-06-04 18:12:01,304 [INFO] ADCParametersView:116 -                Rank 3 : true
2025-06-04 18:12:01,304 [INFO] ADCParametersView:116 -                Rank 4 : true
2025-06-04 18:12:01,304 [INFO] ADCParametersView:116 -                Rank 5 : true
2025-06-04 18:12:01,304 [INFO] ADCParametersView:116 -                Rank 6 : true
2025-06-04 18:12:01,304 [INFO] ADCParametersView:116 -                Rank 1 : true
2025-06-04 18:12:01,304 [INFO] ADCParametersView:116 -                Rank 2 : true
2025-06-04 18:12:01,304 [INFO] ADCParametersView:116 -                Rank 3 : true
2025-06-04 18:12:01,305 [INFO] ADCParametersView:116 -                Rank 4 : true
2025-06-04 18:12:01,306 [INFO] ADCParametersView:116 -                Rank 5 : true
2025-06-04 18:12:01,307 [INFO] ADCParametersView:116 -                Rank 6 : true
2025-06-04 18:12:01,307 [INFO] ADCParametersView:116 -                Rank 1 : true
2025-06-04 18:12:01,307 [INFO] ADCParametersView:116 -                Rank 2 : true
2025-06-04 18:12:01,307 [INFO] ADCParametersView:116 -                Rank 3 : true
2025-06-04 18:12:01,307 [INFO] ADCParametersView:116 -                Rank 4 : true
2025-06-04 18:12:01,307 [INFO] ADCParametersView:116 -                Rank 5 : true
2025-06-04 18:12:01,307 [INFO] ADCParametersView:116 -                Rank 6 : true
2025-06-04 18:12:01,307 [INFO] ADCParametersView:116 -                Rank 1 : true
2025-06-04 18:12:01,307 [INFO] ADCParametersView:116 -                Rank 2 : true
2025-06-04 18:12:01,308 [INFO] ADCParametersView:116 -                Rank 3 : true
2025-06-04 18:12:01,308 [INFO] ADCParametersView:116 -                Rank 4 : true
2025-06-04 18:12:01,308 [INFO] ADCParametersView:116 -                Rank 5 : true
2025-06-04 18:12:01,308 [INFO] ADCParametersView:116 -                Rank 6 : true
2025-06-04 18:12:01,308 [INFO] ADCParametersView:116 -                Rank 1 : true
2025-06-04 18:12:01,308 [INFO] ADCParametersView:116 -                Rank 2 : true
2025-06-04 18:12:01,308 [INFO] ADCParametersView:116 -                Rank 3 : true
2025-06-04 18:12:01,308 [INFO] ADCParametersView:116 -                Rank 4 : true
2025-06-04 18:12:01,308 [INFO] ADCParametersView:116 -                Rank 5 : true
2025-06-04 18:12:01,308 [INFO] ADCParametersView:116 -                Rank 6 : true
2025-06-04 18:12:01,308 [INFO] ADCParametersView:116 -                Rank 2 : true
2025-06-04 18:12:01,308 [INFO] ADCParametersView:116 -                Rank 3 : true
2025-06-04 18:12:01,308 [INFO] ADCParametersView:116 -                Rank 4 : true
2025-06-04 18:12:01,308 [INFO] ADCParametersView:116 -                Rank 5 : true
2025-06-04 18:12:01,309 [INFO] ADCParametersView:116 -                Rank 6 : true
2025-06-04 18:12:01,309 [INFO] ADCParametersView:116 -                Rank 3 : true
2025-06-04 18:12:01,309 [INFO] ADCParametersView:116 -                Rank 4 : true
2025-06-04 18:12:01,309 [INFO] ADCParametersView:116 -                Rank 5 : true
2025-06-04 18:12:01,309 [INFO] ADCParametersView:116 -                Rank 6 : true
2025-06-04 18:12:01,309 [INFO] ADCParametersView:116 -                Rank 4 : true
2025-06-04 18:12:01,309 [INFO] ADCParametersView:116 -                Rank 5 : true
2025-06-04 18:12:01,309 [INFO] ADCParametersView:116 -                Rank 6 : true
2025-06-04 18:12:01,309 [INFO] ADCParametersView:116 -                Rank 5 : true
2025-06-04 18:12:01,309 [INFO] ADCParametersView:116 -                Rank 6 : true
2025-06-04 18:12:01,309 [INFO] ADCParametersView:116 -                Rank 6 : true
2025-06-04 18:12:01,461 [INFO] ADCParametersView:116 -                Rank 1 : true
2025-06-04 18:12:01,462 [INFO] ADCParametersView:116 -                Rank 1 : true
2025-06-04 18:12:01,462 [INFO] ADCParametersView:116 -                Rank 2 : true
2025-06-04 18:12:01,462 [INFO] ADCParametersView:116 -                Rank 1 : true
2025-06-04 18:12:01,462 [INFO] ADCParametersView:116 -                Rank 2 : true
2025-06-04 18:12:01,462 [INFO] ADCParametersView:116 -                Rank 3 : true
2025-06-04 18:12:01,463 [INFO] ADCParametersView:116 -                Rank 1 : true
2025-06-04 18:12:01,463 [INFO] ADCParametersView:116 -                Rank 2 : true
2025-06-04 18:12:01,463 [INFO] ADCParametersView:116 -                Rank 3 : true
2025-06-04 18:12:01,463 [INFO] ADCParametersView:116 -                Rank 4 : true
2025-06-04 18:12:01,464 [INFO] ADCParametersView:116 -                Rank 1 : true
2025-06-04 18:12:01,464 [INFO] ADCParametersView:116 -                Rank 2 : true
2025-06-04 18:12:01,464 [INFO] ADCParametersView:116 -                Rank 3 : true
2025-06-04 18:12:01,464 [INFO] ADCParametersView:116 -                Rank 4 : true
2025-06-04 18:12:01,464 [INFO] ADCParametersView:116 -                Rank 5 : true
2025-06-04 18:12:01,464 [INFO] ADCParametersView:116 -                Rank 1 : true
2025-06-04 18:12:01,464 [INFO] ADCParametersView:116 -                Rank 2 : true
2025-06-04 18:12:01,465 [INFO] ADCParametersView:116 -                Rank 3 : true
2025-06-04 18:12:01,465 [INFO] ADCParametersView:116 -                Rank 4 : true
2025-06-04 18:12:01,465 [INFO] ADCParametersView:116 -                Rank 5 : true
2025-06-04 18:12:01,465 [INFO] ADCParametersView:116 -                Rank 6 : true
2025-06-04 18:12:04,607 [INFO] NvicIntPanel:101 - NVIC parent = com.st.microxplorer.plugins.ip.nvic.MultiNvicIntPanel[,0,0,0x0,invalid,layout=javax.swing.BoxLayout,alignmentX=0.0,alignmentY=0.0,border=,flags=9,maximumSize=,minimumSize=,preferredSize=]
2025-06-04 18:12:04,737 [INFO] ADCParametersView:116 -                Rank 1 : true
2025-06-04 18:12:04,738 [INFO] ADCParametersView:116 -                Rank 2 : true
2025-06-04 18:12:04,738 [INFO] ADCParametersView:116 -                Rank 3 : true
2025-06-04 18:12:04,738 [INFO] ADCParametersView:116 -                Rank 4 : true
2025-06-04 18:12:04,738 [INFO] ADCParametersView:116 -                Rank 5 : true
2025-06-04 18:12:04,738 [INFO] ADCParametersView:116 -                Rank 6 : true
2025-06-04 18:12:04,742 [INFO] ADCParametersView:116 -                Rank 1 : true
2025-06-04 18:12:04,742 [INFO] ADCParametersView:116 -                Rank 2 : true
2025-06-04 18:12:04,742 [INFO] ADCParametersView:116 -                Rank 3 : true
2025-06-04 18:12:04,742 [INFO] ADCParametersView:116 -                Rank 4 : true
2025-06-04 18:12:04,742 [INFO] ADCParametersView:116 -                Rank 5 : true
2025-06-04 18:12:04,742 [INFO] ADCParametersView:116 -                Rank 6 : true
2025-06-04 18:12:04,743 [INFO] ADCParametersView:116 -                Rank 1 : true
2025-06-04 18:12:04,743 [INFO] ADCParametersView:116 -                Rank 2 : true
2025-06-04 18:12:04,743 [INFO] ADCParametersView:116 -                Rank 3 : true
2025-06-04 18:12:04,743 [INFO] ADCParametersView:116 -                Rank 4 : true
2025-06-04 18:12:04,743 [INFO] ADCParametersView:116 -                Rank 5 : true
2025-06-04 18:12:04,743 [INFO] ADCParametersView:116 -                Rank 6 : true
2025-06-04 18:12:04,743 [INFO] ADCParametersView:116 -                Rank 1 : true
2025-06-04 18:12:04,743 [INFO] ADCParametersView:116 -                Rank 2 : true
2025-06-04 18:12:04,743 [INFO] ADCParametersView:116 -                Rank 3 : true
2025-06-04 18:12:04,743 [INFO] ADCParametersView:116 -                Rank 4 : true
2025-06-04 18:12:04,743 [INFO] ADCParametersView:116 -                Rank 5 : true
2025-06-04 18:12:04,743 [INFO] ADCParametersView:116 -                Rank 6 : true
2025-06-04 18:12:04,743 [INFO] ADCParametersView:116 -                Rank 1 : true
2025-06-04 18:12:04,743 [INFO] ADCParametersView:116 -                Rank 2 : true
2025-06-04 18:12:04,743 [INFO] ADCParametersView:116 -                Rank 3 : true
2025-06-04 18:12:04,744 [INFO] ADCParametersView:116 -                Rank 4 : true
2025-06-04 18:12:04,744 [INFO] ADCParametersView:116 -                Rank 5 : true
2025-06-04 18:12:04,744 [INFO] ADCParametersView:116 -                Rank 6 : true
2025-06-04 18:12:04,744 [INFO] ADCParametersView:116 -                Rank 1 : true
2025-06-04 18:12:04,744 [INFO] ADCParametersView:116 -                Rank 2 : true
2025-06-04 18:12:04,744 [INFO] ADCParametersView:116 -                Rank 3 : true
2025-06-04 18:12:04,744 [INFO] ADCParametersView:116 -                Rank 4 : true
2025-06-04 18:12:04,744 [INFO] ADCParametersView:116 -                Rank 5 : true
2025-06-04 18:12:04,744 [INFO] ADCParametersView:116 -                Rank 6 : true
2025-06-04 18:12:04,744 [INFO] ADCParametersView:116 -                Rank 1 : true
2025-06-04 18:12:04,744 [INFO] ADCParametersView:116 -                Rank 2 : true
2025-06-04 18:12:04,745 [INFO] ADCParametersView:116 -                Rank 3 : true
2025-06-04 18:12:04,745 [INFO] ADCParametersView:116 -                Rank 4 : true
2025-06-04 18:12:04,745 [INFO] ADCParametersView:116 -                Rank 5 : true
2025-06-04 18:12:04,745 [INFO] ADCParametersView:116 -                Rank 6 : true
2025-06-04 18:12:04,745 [INFO] ADCParametersView:116 -                Rank 1 : true
2025-06-04 18:12:04,745 [INFO] ADCParametersView:116 -                Rank 2 : true
2025-06-04 18:12:04,745 [INFO] ADCParametersView:116 -                Rank 3 : true
2025-06-04 18:12:04,745 [INFO] ADCParametersView:116 -                Rank 4 : true
2025-06-04 18:12:04,745 [INFO] ADCParametersView:116 -                Rank 5 : true
2025-06-04 18:12:04,745 [INFO] ADCParametersView:116 -                Rank 6 : true
2025-06-04 18:12:04,745 [INFO] ADCParametersView:116 -                Rank 1 : true
2025-06-04 18:12:04,745 [INFO] ADCParametersView:116 -                Rank 2 : true
2025-06-04 18:12:04,746 [INFO] ADCParametersView:116 -                Rank 3 : true
2025-06-04 18:12:04,746 [INFO] ADCParametersView:116 -                Rank 4 : true
2025-06-04 18:12:04,746 [INFO] ADCParametersView:116 -                Rank 5 : true
2025-06-04 18:12:04,746 [INFO] ADCParametersView:116 -                Rank 6 : true
2025-06-04 18:12:04,746 [INFO] ADCParametersView:116 -                Rank 1 : true
2025-06-04 18:12:04,746 [INFO] ADCParametersView:116 -                Rank 2 : true
2025-06-04 18:12:04,746 [INFO] ADCParametersView:116 -                Rank 3 : true
2025-06-04 18:12:04,746 [INFO] ADCParametersView:116 -                Rank 4 : true
2025-06-04 18:12:04,746 [INFO] ADCParametersView:116 -                Rank 5 : true
2025-06-04 18:12:04,746 [INFO] ADCParametersView:116 -                Rank 6 : true
2025-06-04 18:12:04,746 [INFO] ADCParametersView:116 -                Rank 1 : true
2025-06-04 18:12:04,746 [INFO] ADCParametersView:116 -                Rank 2 : true
2025-06-04 18:12:04,746 [INFO] ADCParametersView:116 -                Rank 3 : true
2025-06-04 18:12:04,747 [INFO] ADCParametersView:116 -                Rank 4 : true
2025-06-04 18:12:04,747 [INFO] ADCParametersView:116 -                Rank 5 : true
2025-06-04 18:12:04,747 [INFO] ADCParametersView:116 -                Rank 6 : true
2025-06-04 18:12:04,747 [INFO] ADCParametersView:116 -                Rank 1 : true
2025-06-04 18:12:04,747 [INFO] ADCParametersView:116 -                Rank 2 : true
2025-06-04 18:12:04,747 [INFO] ADCParametersView:116 -                Rank 3 : true
2025-06-04 18:12:04,747 [INFO] ADCParametersView:116 -                Rank 4 : true
2025-06-04 18:12:04,747 [INFO] ADCParametersView:116 -                Rank 5 : true
2025-06-04 18:12:04,747 [INFO] ADCParametersView:116 -                Rank 6 : true
2025-06-04 18:12:04,747 [INFO] ADCParametersView:116 -                Rank 1 : true
2025-06-04 18:12:04,747 [INFO] ADCParametersView:116 -                Rank 2 : true
2025-06-04 18:12:04,747 [INFO] ADCParametersView:116 -                Rank 3 : true
2025-06-04 18:12:04,747 [INFO] ADCParametersView:116 -                Rank 4 : true
2025-06-04 18:12:04,747 [INFO] ADCParametersView:116 -                Rank 5 : true
2025-06-04 18:12:04,747 [INFO] ADCParametersView:116 -                Rank 6 : true
2025-06-04 18:12:04,748 [INFO] ADCParametersView:116 -                Rank 1 : true
2025-06-04 18:12:04,748 [INFO] ADCParametersView:116 -                Rank 2 : true
2025-06-04 18:12:04,748 [INFO] ADCParametersView:116 -                Rank 3 : true
2025-06-04 18:12:04,748 [INFO] ADCParametersView:116 -                Rank 4 : true
2025-06-04 18:12:04,748 [INFO] ADCParametersView:116 -                Rank 5 : true
2025-06-04 18:12:04,748 [INFO] ADCParametersView:116 -                Rank 6 : true
2025-06-04 18:12:04,748 [INFO] ADCParametersView:116 -                Rank 1 : true
2025-06-04 18:12:04,748 [INFO] ADCParametersView:116 -                Rank 2 : true
2025-06-04 18:12:04,748 [INFO] ADCParametersView:116 -                Rank 3 : true
2025-06-04 18:12:04,748 [INFO] ADCParametersView:116 -                Rank 4 : true
2025-06-04 18:12:04,748 [INFO] ADCParametersView:116 -                Rank 5 : true
2025-06-04 18:12:04,748 [INFO] ADCParametersView:116 -                Rank 6 : true
2025-06-04 18:12:04,749 [INFO] ADCParametersView:116 -                Rank 1 : true
2025-06-04 18:12:04,749 [INFO] ADCParametersView:116 -                Rank 2 : true
2025-06-04 18:12:04,749 [INFO] ADCParametersView:116 -                Rank 3 : true
2025-06-04 18:12:04,749 [INFO] ADCParametersView:116 -                Rank 4 : true
2025-06-04 18:12:04,749 [INFO] ADCParametersView:116 -                Rank 5 : true
2025-06-04 18:12:04,749 [INFO] ADCParametersView:116 -                Rank 6 : true
2025-06-04 18:12:04,749 [INFO] ADCParametersView:116 -                Rank 1 : true
2025-06-04 18:12:04,749 [INFO] ADCParametersView:116 -                Rank 2 : true
2025-06-04 18:12:04,749 [INFO] ADCParametersView:116 -                Rank 3 : true
2025-06-04 18:12:04,749 [INFO] ADCParametersView:116 -                Rank 4 : true
2025-06-04 18:12:04,749 [INFO] ADCParametersView:116 -                Rank 5 : true
2025-06-04 18:12:04,749 [INFO] ADCParametersView:116 -                Rank 6 : true
2025-06-04 18:12:04,749 [INFO] ADCParametersView:116 -                Rank 1 : true
2025-06-04 18:12:04,749 [INFO] ADCParametersView:116 -                Rank 2 : true
2025-06-04 18:12:04,750 [INFO] ADCParametersView:116 -                Rank 3 : true
2025-06-04 18:12:04,750 [INFO] ADCParametersView:116 -                Rank 4 : true
2025-06-04 18:12:04,750 [INFO] ADCParametersView:116 -                Rank 5 : true
2025-06-04 18:12:04,750 [INFO] ADCParametersView:116 -                Rank 6 : true
2025-06-04 18:12:04,750 [INFO] ADCParametersView:116 -                Rank 1 : true
2025-06-04 18:12:04,750 [INFO] ADCParametersView:116 -                Rank 2 : true
2025-06-04 18:12:04,750 [INFO] ADCParametersView:116 -                Rank 3 : true
2025-06-04 18:12:04,750 [INFO] ADCParametersView:116 -                Rank 4 : true
2025-06-04 18:12:04,750 [INFO] ADCParametersView:116 -                Rank 5 : true
2025-06-04 18:12:04,750 [INFO] ADCParametersView:116 -                Rank 6 : true
2025-06-04 18:12:04,750 [INFO] ADCParametersView:116 -                Rank 1 : true
2025-06-04 18:12:04,751 [INFO] ADCParametersView:116 -                Rank 2 : true
2025-06-04 18:12:04,751 [INFO] ADCParametersView:116 -                Rank 3 : true
2025-06-04 18:12:04,751 [INFO] ADCParametersView:116 -                Rank 4 : true
2025-06-04 18:12:04,751 [INFO] ADCParametersView:116 -                Rank 5 : true
2025-06-04 18:12:04,751 [INFO] ADCParametersView:116 -                Rank 6 : true
2025-06-04 18:12:04,751 [INFO] ADCParametersView:116 -                Rank 1 : true
2025-06-04 18:12:04,751 [INFO] ADCParametersView:116 -                Rank 2 : true
2025-06-04 18:12:04,751 [INFO] ADCParametersView:116 -                Rank 3 : true
2025-06-04 18:12:04,751 [INFO] ADCParametersView:116 -                Rank 4 : true
2025-06-04 18:12:04,751 [INFO] ADCParametersView:116 -                Rank 5 : true
2025-06-04 18:12:04,751 [INFO] ADCParametersView:116 -                Rank 6 : true
2025-06-04 18:12:04,751 [INFO] ADCParametersView:116 -                Rank 2 : true
2025-06-04 18:12:04,751 [INFO] ADCParametersView:116 -                Rank 3 : true
2025-06-04 18:12:04,751 [INFO] ADCParametersView:116 -                Rank 4 : true
2025-06-04 18:12:04,751 [INFO] ADCParametersView:116 -                Rank 5 : true
2025-06-04 18:12:04,752 [INFO] ADCParametersView:116 -                Rank 6 : true
2025-06-04 18:12:04,752 [INFO] ADCParametersView:116 -                Rank 3 : true
2025-06-04 18:12:04,752 [INFO] ADCParametersView:116 -                Rank 4 : true
2025-06-04 18:12:04,752 [INFO] ADCParametersView:116 -                Rank 5 : true
2025-06-04 18:12:04,752 [INFO] ADCParametersView:116 -                Rank 6 : true
2025-06-04 18:12:04,752 [INFO] ADCParametersView:116 -                Rank 4 : true
2025-06-04 18:12:04,752 [INFO] ADCParametersView:116 -                Rank 5 : true
2025-06-04 18:12:04,752 [INFO] ADCParametersView:116 -                Rank 6 : true
2025-06-04 18:12:04,752 [INFO] ADCParametersView:116 -                Rank 5 : true
2025-06-04 18:12:04,752 [INFO] ADCParametersView:116 -                Rank 6 : true
2025-06-04 18:12:04,752 [INFO] ADCParametersView:116 -                Rank 6 : true
2025-06-04 18:12:04,828 [INFO] ADCParametersView:116 -                Rank 1 : true
2025-06-04 18:12:04,829 [INFO] ADCParametersView:116 -                Rank 1 : true
2025-06-04 18:12:04,829 [INFO] ADCParametersView:116 -                Rank 2 : true
2025-06-04 18:12:04,829 [INFO] ADCParametersView:116 -                Rank 1 : true
2025-06-04 18:12:04,830 [INFO] ADCParametersView:116 -                Rank 2 : true
2025-06-04 18:12:04,830 [INFO] ADCParametersView:116 -                Rank 3 : true
2025-06-04 18:12:04,830 [INFO] ADCParametersView:116 -                Rank 1 : true
2025-06-04 18:12:04,830 [INFO] ADCParametersView:116 -                Rank 2 : true
2025-06-04 18:12:04,830 [INFO] ADCParametersView:116 -                Rank 3 : true
2025-06-04 18:12:04,830 [INFO] ADCParametersView:116 -                Rank 4 : true
2025-06-04 18:12:04,831 [INFO] ADCParametersView:116 -                Rank 1 : true
2025-06-04 18:12:04,831 [INFO] ADCParametersView:116 -                Rank 2 : true
2025-06-04 18:12:04,831 [INFO] ADCParametersView:116 -                Rank 3 : true
2025-06-04 18:12:04,831 [INFO] ADCParametersView:116 -                Rank 4 : true
2025-06-04 18:12:04,831 [INFO] ADCParametersView:116 -                Rank 5 : true
2025-06-04 18:12:04,832 [INFO] ADCParametersView:116 -                Rank 1 : true
2025-06-04 18:12:04,832 [INFO] ADCParametersView:116 -                Rank 2 : true
2025-06-04 18:12:04,832 [INFO] ADCParametersView:116 -                Rank 3 : true
2025-06-04 18:12:04,832 [INFO] ADCParametersView:116 -                Rank 4 : true
2025-06-04 18:12:04,832 [INFO] ADCParametersView:116 -                Rank 5 : true
2025-06-04 18:12:04,832 [INFO] ADCParametersView:116 -                Rank 6 : true
2025-06-04 18:12:08,343 [INFO] NvicIntPanel:101 - NVIC parent = com.st.microxplorer.plugins.ip.nvic.MultiNvicIntPanel[,0,0,0x0,invalid,layout=javax.swing.BoxLayout,alignmentX=0.0,alignmentY=0.0,border=,flags=9,maximumSize=,minimumSize=,preferredSize=]
2025-06-04 18:12:08,448 [INFO] ADCParametersView:116 -                Rank 1 : true
2025-06-04 18:12:08,449 [INFO] ADCParametersView:116 -                Rank 2 : true
2025-06-04 18:12:08,449 [INFO] ADCParametersView:116 -                Rank 3 : true
2025-06-04 18:12:08,449 [INFO] ADCParametersView:116 -                Rank 4 : true
2025-06-04 18:12:08,449 [INFO] ADCParametersView:116 -                Rank 5 : true
2025-06-04 18:12:08,449 [INFO] ADCParametersView:116 -                Rank 6 : true
2025-06-04 18:12:08,456 [INFO] ADCParametersView:116 -                Rank 1 : true
2025-06-04 18:12:08,456 [INFO] ADCParametersView:116 -                Rank 2 : true
2025-06-04 18:12:08,456 [INFO] ADCParametersView:116 -                Rank 3 : true
2025-06-04 18:12:08,456 [INFO] ADCParametersView:116 -                Rank 4 : true
2025-06-04 18:12:08,456 [INFO] ADCParametersView:116 -                Rank 5 : true
2025-06-04 18:12:08,456 [INFO] ADCParametersView:116 -                Rank 6 : true
2025-06-04 18:12:08,456 [INFO] ADCParametersView:116 -                Rank 1 : true
2025-06-04 18:12:08,457 [INFO] ADCParametersView:116 -                Rank 2 : true
2025-06-04 18:12:08,457 [INFO] ADCParametersView:116 -                Rank 3 : true
2025-06-04 18:12:08,457 [INFO] ADCParametersView:116 -                Rank 4 : true
2025-06-04 18:12:08,457 [INFO] ADCParametersView:116 -                Rank 5 : true
2025-06-04 18:12:08,457 [INFO] ADCParametersView:116 -                Rank 6 : true
2025-06-04 18:12:08,457 [INFO] ADCParametersView:116 -                Rank 1 : true
2025-06-04 18:12:08,457 [INFO] ADCParametersView:116 -                Rank 2 : true
2025-06-04 18:12:08,457 [INFO] ADCParametersView:116 -                Rank 3 : true
2025-06-04 18:12:08,457 [INFO] ADCParametersView:116 -                Rank 4 : true
2025-06-04 18:12:08,457 [INFO] ADCParametersView:116 -                Rank 5 : true
2025-06-04 18:12:08,457 [INFO] ADCParametersView:116 -                Rank 6 : true
2025-06-04 18:12:08,458 [INFO] ADCParametersView:116 -                Rank 1 : true
2025-06-04 18:12:08,458 [INFO] ADCParametersView:116 -                Rank 2 : true
2025-06-04 18:12:08,458 [INFO] ADCParametersView:116 -                Rank 3 : true
2025-06-04 18:12:08,458 [INFO] ADCParametersView:116 -                Rank 4 : true
2025-06-04 18:12:08,458 [INFO] ADCParametersView:116 -                Rank 5 : true
2025-06-04 18:12:08,458 [INFO] ADCParametersView:116 -                Rank 6 : true
2025-06-04 18:12:08,459 [INFO] ADCParametersView:116 -                Rank 1 : true
2025-06-04 18:12:08,459 [INFO] ADCParametersView:116 -                Rank 2 : true
2025-06-04 18:12:08,459 [INFO] ADCParametersView:116 -                Rank 3 : true
2025-06-04 18:12:08,459 [INFO] ADCParametersView:116 -                Rank 4 : true
2025-06-04 18:12:08,459 [INFO] ADCParametersView:116 -                Rank 5 : true
2025-06-04 18:12:08,459 [INFO] ADCParametersView:116 -                Rank 6 : true
2025-06-04 18:12:08,459 [INFO] ADCParametersView:116 -                Rank 1 : true
2025-06-04 18:12:08,459 [INFO] ADCParametersView:116 -                Rank 2 : true
2025-06-04 18:12:08,459 [INFO] ADCParametersView:116 -                Rank 3 : true
2025-06-04 18:12:08,459 [INFO] ADCParametersView:116 -                Rank 4 : true
2025-06-04 18:12:08,459 [INFO] ADCParametersView:116 -                Rank 5 : true
2025-06-04 18:12:08,459 [INFO] ADCParametersView:116 -                Rank 6 : true
2025-06-04 18:12:08,459 [INFO] ADCParametersView:116 -                Rank 1 : true
2025-06-04 18:12:08,459 [INFO] ADCParametersView:116 -                Rank 2 : true
2025-06-04 18:12:08,459 [INFO] ADCParametersView:116 -                Rank 3 : true
2025-06-04 18:12:08,459 [INFO] ADCParametersView:116 -                Rank 4 : true
2025-06-04 18:12:08,459 [INFO] ADCParametersView:116 -                Rank 5 : true
2025-06-04 18:12:08,459 [INFO] ADCParametersView:116 -                Rank 6 : true
2025-06-04 18:12:08,459 [INFO] ADCParametersView:116 -                Rank 1 : true
2025-06-04 18:12:08,459 [INFO] ADCParametersView:116 -                Rank 2 : true
2025-06-04 18:12:08,459 [INFO] ADCParametersView:116 -                Rank 3 : true
2025-06-04 18:12:08,459 [INFO] ADCParametersView:116 -                Rank 4 : true
2025-06-04 18:12:08,459 [INFO] ADCParametersView:116 -                Rank 5 : true
2025-06-04 18:12:08,460 [INFO] ADCParametersView:116 -                Rank 6 : true
2025-06-04 18:12:08,460 [INFO] ADCParametersView:116 -                Rank 1 : true
2025-06-04 18:12:08,460 [INFO] ADCParametersView:116 -                Rank 2 : true
2025-06-04 18:12:08,460 [INFO] ADCParametersView:116 -                Rank 3 : true
2025-06-04 18:12:08,460 [INFO] ADCParametersView:116 -                Rank 4 : true
2025-06-04 18:12:08,460 [INFO] ADCParametersView:116 -                Rank 5 : true
2025-06-04 18:12:08,460 [INFO] ADCParametersView:116 -                Rank 6 : true
2025-06-04 18:12:08,460 [INFO] ADCParametersView:116 -                Rank 1 : true
2025-06-04 18:12:08,460 [INFO] ADCParametersView:116 -                Rank 2 : true
2025-06-04 18:12:08,460 [INFO] ADCParametersView:116 -                Rank 3 : true
2025-06-04 18:12:08,460 [INFO] ADCParametersView:116 -                Rank 4 : true
2025-06-04 18:12:08,460 [INFO] ADCParametersView:116 -                Rank 5 : true
2025-06-04 18:12:08,460 [INFO] ADCParametersView:116 -                Rank 6 : true
2025-06-04 18:12:08,460 [INFO] ADCParametersView:116 -                Rank 1 : true
2025-06-04 18:12:08,460 [INFO] ADCParametersView:116 -                Rank 2 : true
2025-06-04 18:12:08,460 [INFO] ADCParametersView:116 -                Rank 3 : true
2025-06-04 18:12:08,460 [INFO] ADCParametersView:116 -                Rank 4 : true
2025-06-04 18:12:08,460 [INFO] ADCParametersView:116 -                Rank 5 : true
2025-06-04 18:12:08,460 [INFO] ADCParametersView:116 -                Rank 6 : true
2025-06-04 18:12:08,460 [INFO] ADCParametersView:116 -                Rank 1 : true
2025-06-04 18:12:08,460 [INFO] ADCParametersView:116 -                Rank 2 : true
2025-06-04 18:12:08,460 [INFO] ADCParametersView:116 -                Rank 3 : true
2025-06-04 18:12:08,460 [INFO] ADCParametersView:116 -                Rank 4 : true
2025-06-04 18:12:08,460 [INFO] ADCParametersView:116 -                Rank 5 : true
2025-06-04 18:12:08,461 [INFO] ADCParametersView:116 -                Rank 6 : true
2025-06-04 18:12:08,461 [INFO] ADCParametersView:116 -                Rank 1 : true
2025-06-04 18:12:08,461 [INFO] ADCParametersView:116 -                Rank 2 : true
2025-06-04 18:12:08,461 [INFO] ADCParametersView:116 -                Rank 3 : true
2025-06-04 18:12:08,461 [INFO] ADCParametersView:116 -                Rank 4 : true
2025-06-04 18:12:08,461 [INFO] ADCParametersView:116 -                Rank 5 : true
2025-06-04 18:12:08,461 [INFO] ADCParametersView:116 -                Rank 6 : true
2025-06-04 18:12:08,461 [INFO] ADCParametersView:116 -                Rank 1 : true
2025-06-04 18:12:08,461 [INFO] ADCParametersView:116 -                Rank 2 : true
2025-06-04 18:12:08,461 [INFO] ADCParametersView:116 -                Rank 3 : true
2025-06-04 18:12:08,461 [INFO] ADCParametersView:116 -                Rank 4 : true
2025-06-04 18:12:08,461 [INFO] ADCParametersView:116 -                Rank 5 : true
2025-06-04 18:12:08,461 [INFO] ADCParametersView:116 -                Rank 6 : true
2025-06-04 18:12:08,461 [INFO] ADCParametersView:116 -                Rank 1 : true
2025-06-04 18:12:08,461 [INFO] ADCParametersView:116 -                Rank 2 : true
2025-06-04 18:12:08,461 [INFO] ADCParametersView:116 -                Rank 3 : true
2025-06-04 18:12:08,461 [INFO] ADCParametersView:116 -                Rank 4 : true
2025-06-04 18:12:08,462 [INFO] ADCParametersView:116 -                Rank 5 : true
2025-06-04 18:12:08,462 [INFO] ADCParametersView:116 -                Rank 6 : true
2025-06-04 18:12:08,462 [INFO] ADCParametersView:116 -                Rank 1 : true
2025-06-04 18:12:08,462 [INFO] ADCParametersView:116 -                Rank 2 : true
2025-06-04 18:12:08,462 [INFO] ADCParametersView:116 -                Rank 3 : true
2025-06-04 18:12:08,462 [INFO] ADCParametersView:116 -                Rank 4 : true
2025-06-04 18:12:08,463 [INFO] ADCParametersView:116 -                Rank 5 : true
2025-06-04 18:12:08,463 [INFO] ADCParametersView:116 -                Rank 6 : true
2025-06-04 18:12:08,463 [INFO] ADCParametersView:116 -                Rank 1 : true
2025-06-04 18:12:08,463 [INFO] ADCParametersView:116 -                Rank 2 : true
2025-06-04 18:12:08,463 [INFO] ADCParametersView:116 -                Rank 3 : true
2025-06-04 18:12:08,463 [INFO] ADCParametersView:116 -                Rank 4 : true
2025-06-04 18:12:08,463 [INFO] ADCParametersView:116 -                Rank 5 : true
2025-06-04 18:12:08,463 [INFO] ADCParametersView:116 -                Rank 6 : true
2025-06-04 18:12:08,463 [INFO] ADCParametersView:116 -                Rank 1 : true
2025-06-04 18:12:08,463 [INFO] ADCParametersView:116 -                Rank 2 : true
2025-06-04 18:12:08,463 [INFO] ADCParametersView:116 -                Rank 3 : true
2025-06-04 18:12:08,463 [INFO] ADCParametersView:116 -                Rank 4 : true
2025-06-04 18:12:08,463 [INFO] ADCParametersView:116 -                Rank 5 : true
2025-06-04 18:12:08,463 [INFO] ADCParametersView:116 -                Rank 6 : true
2025-06-04 18:12:08,463 [INFO] ADCParametersView:116 -                Rank 1 : true
2025-06-04 18:12:08,463 [INFO] ADCParametersView:116 -                Rank 2 : true
2025-06-04 18:12:08,463 [INFO] ADCParametersView:116 -                Rank 3 : true
2025-06-04 18:12:08,464 [INFO] ADCParametersView:116 -                Rank 4 : true
2025-06-04 18:12:08,464 [INFO] ADCParametersView:116 -                Rank 5 : true
2025-06-04 18:12:08,464 [INFO] ADCParametersView:116 -                Rank 6 : true
2025-06-04 18:12:08,464 [INFO] ADCParametersView:116 -                Rank 1 : true
2025-06-04 18:12:08,464 [INFO] ADCParametersView:116 -                Rank 2 : true
2025-06-04 18:12:08,464 [INFO] ADCParametersView:116 -                Rank 3 : true
2025-06-04 18:12:08,464 [INFO] ADCParametersView:116 -                Rank 4 : true
2025-06-04 18:12:08,464 [INFO] ADCParametersView:116 -                Rank 5 : true
2025-06-04 18:12:08,464 [INFO] ADCParametersView:116 -                Rank 6 : true
2025-06-04 18:12:08,464 [INFO] ADCParametersView:116 -                Rank 2 : true
2025-06-04 18:12:08,464 [INFO] ADCParametersView:116 -                Rank 3 : true
2025-06-04 18:12:08,464 [INFO] ADCParametersView:116 -                Rank 4 : true
2025-06-04 18:12:08,464 [INFO] ADCParametersView:116 -                Rank 5 : true
2025-06-04 18:12:08,464 [INFO] ADCParametersView:116 -                Rank 6 : true
2025-06-04 18:12:08,464 [INFO] ADCParametersView:116 -                Rank 3 : true
2025-06-04 18:12:08,464 [INFO] ADCParametersView:116 -                Rank 4 : true
2025-06-04 18:12:08,464 [INFO] ADCParametersView:116 -                Rank 5 : true
2025-06-04 18:12:08,464 [INFO] ADCParametersView:116 -                Rank 6 : true
2025-06-04 18:12:08,464 [INFO] ADCParametersView:116 -                Rank 4 : true
2025-06-04 18:12:08,464 [INFO] ADCParametersView:116 -                Rank 5 : true
2025-06-04 18:12:08,464 [INFO] ADCParametersView:116 -                Rank 6 : true
2025-06-04 18:12:08,464 [INFO] ADCParametersView:116 -                Rank 5 : true
2025-06-04 18:12:08,464 [INFO] ADCParametersView:116 -                Rank 6 : true
2025-06-04 18:12:08,464 [INFO] ADCParametersView:116 -                Rank 6 : true
2025-06-04 18:12:08,559 [INFO] ADCParametersView:116 -                Rank 1 : true
2025-06-04 18:12:08,560 [INFO] ADCParametersView:116 -                Rank 1 : true
2025-06-04 18:12:08,560 [INFO] ADCParametersView:116 -                Rank 2 : true
2025-06-04 18:12:08,560 [INFO] ADCParametersView:116 -                Rank 1 : true
2025-06-04 18:12:08,561 [INFO] ADCParametersView:116 -                Rank 2 : true
2025-06-04 18:12:08,561 [INFO] ADCParametersView:116 -                Rank 3 : true
2025-06-04 18:12:08,561 [INFO] ADCParametersView:116 -                Rank 1 : true
2025-06-04 18:12:08,561 [INFO] ADCParametersView:116 -                Rank 2 : true
2025-06-04 18:12:08,562 [INFO] ADCParametersView:116 -                Rank 3 : true
2025-06-04 18:12:08,562 [INFO] ADCParametersView:116 -                Rank 4 : true
2025-06-04 18:12:08,562 [INFO] ADCParametersView:116 -                Rank 1 : true
2025-06-04 18:12:08,562 [INFO] ADCParametersView:116 -                Rank 2 : true
2025-06-04 18:12:08,562 [INFO] ADCParametersView:116 -                Rank 3 : true
2025-06-04 18:12:08,562 [INFO] ADCParametersView:116 -                Rank 4 : true
2025-06-04 18:12:08,563 [INFO] ADCParametersView:116 -                Rank 5 : true
2025-06-04 18:12:08,563 [INFO] ADCParametersView:116 -                Rank 1 : true
2025-06-04 18:12:08,563 [INFO] ADCParametersView:116 -                Rank 2 : true
2025-06-04 18:12:08,563 [INFO] ADCParametersView:116 -                Rank 3 : true
2025-06-04 18:12:08,563 [INFO] ADCParametersView:116 -                Rank 4 : true
2025-06-04 18:12:08,563 [INFO] ADCParametersView:116 -                Rank 5 : true
2025-06-04 18:12:08,563 [INFO] ADCParametersView:116 -                Rank 6 : true
2025-06-04 18:12:10,613 [INFO] UtilMem:75 - End SaveConfig() Used Memory: 928881360 Bytes (1073741824)
2025-06-04 18:12:12,143 [INFO] UtilMem:75 - End SaveConfig() Used Memory: 954569424 Bytes (1073741824)
2025-06-04 18:12:16,095 [INFO] UtilMem:75 - End SaveConfig() Used Memory: 811060704 Bytes (1073741824)
2025-06-04 18:12:17,209 [INFO] BlockDiagram:2775 - set Specific Code input for plugin: SPI
2025-06-04 18:12:17,210 [INFO] BlockDiagram:2775 - set Specific Code input for plugin: FREERTOS
2025-06-04 18:12:17,210 [INFO] BlockDiagram:2775 - set Specific Code input for plugin: IWDG
2025-06-04 18:12:17,210 [INFO] BlockDiagram:2775 - set Specific Code input for plugin: DAC
2025-06-04 18:12:17,210 [INFO] BlockDiagram:2775 - set Specific Code input for plugin: ADC
2025-06-04 18:12:17,210 [INFO] BlockDiagram:2775 - set Specific Code input for plugin: SYS
2025-06-04 18:12:17,210 [INFO] BlockDiagram:2775 - set Specific Code input for plugin: ADC
2025-06-04 18:12:17,210 [INFO] BlockDiagram:2775 - set Specific Code input for plugin: RCC
2025-06-04 18:12:17,210 [INFO] BlockDiagram:2775 - set Specific Code input for plugin: I2C
2025-06-04 18:12:17,210 [INFO] BlockDiagram:2775 - set Specific Code input for plugin: I2C
2025-06-04 18:12:17,210 [INFO] BlockDiagram:2775 - set Specific Code input for plugin: I2C
2025-06-04 18:12:17,210 [INFO] BlockDiagram:2775 - set Specific Code input for plugin: NVIC
2025-06-04 18:12:17,210 [INFO] BlockDiagram:2775 - set Specific Code input for plugin: USART
2025-06-04 18:12:17,210 [INFO] BlockDiagram:2775 - set Specific Code input for plugin: DMA
2025-06-04 18:12:17,211 [INFO] BlockDiagram:2775 - set Specific Code input for plugin: GPIO
2025-06-04 18:12:17,212 [INFO] BlockDiagram:2775 - set Specific Code input for plugin: FDCAN
2025-06-04 18:12:17,213 [INFO] CodeGenerator:882 - code generatio: config db path: C:/Users/pwlub/.stm32cubemx/databases/DB.6.0.111/db/
2025-06-04 18:12:17,241 [INFO] Argument:325 - Argument : hdmavalue: null
2025-06-04 18:12:17,241 [INFO] Argument:327 - 	 sub Args: 
2025-06-04 18:12:17,241 [INFO] Argument:325 - Argument : Instancevalue: DMA1_Channel1
2025-06-04 18:12:17,242 [INFO] Argument:335 - Argument : Instancevalue: DMA1_Channel1
2025-06-04 18:12:17,242 [INFO] Argument:325 - Argument : Initvalue: null
2025-06-04 18:12:17,242 [INFO] Argument:327 - 	 sub Args: 
2025-06-04 18:12:17,242 [INFO] Argument:325 - Argument : Requestvalue: DMA_REQUEST_ADC1
2025-06-04 18:12:17,242 [INFO] Argument:335 - Argument : Requestvalue: DMA_REQUEST_ADC1
2025-06-04 18:12:17,242 [INFO] Argument:325 - Argument : Directionvalue: DMA_PERIPH_TO_MEMORY
2025-06-04 18:12:17,242 [INFO] Argument:335 - Argument : Directionvalue: DMA_PERIPH_TO_MEMORY
2025-06-04 18:12:17,242 [INFO] Argument:325 - Argument : PeriphIncvalue: DMA_PINC_DISABLE
2025-06-04 18:12:17,242 [INFO] Argument:335 - Argument : PeriphIncvalue: DMA_PINC_DISABLE
2025-06-04 18:12:17,242 [INFO] Argument:325 - Argument : MemIncvalue: DMA_MINC_ENABLE
2025-06-04 18:12:17,242 [INFO] Argument:335 - Argument : MemIncvalue: DMA_MINC_ENABLE
2025-06-04 18:12:17,243 [INFO] Argument:325 - Argument : PeriphDataAlignmentvalue: DMA_PDATAALIGN_HALFWORD
2025-06-04 18:12:17,243 [INFO] Argument:335 - Argument : PeriphDataAlignmentvalue: DMA_PDATAALIGN_HALFWORD
2025-06-04 18:12:17,243 [INFO] Argument:325 - Argument : MemDataAlignmentvalue: DMA_MDATAALIGN_HALFWORD
2025-06-04 18:12:17,243 [INFO] Argument:335 - Argument : MemDataAlignmentvalue: DMA_MDATAALIGN_HALFWORD
2025-06-04 18:12:17,243 [INFO] Argument:325 - Argument : Modevalue: DMA_CIRCULAR
2025-06-04 18:12:17,243 [INFO] Argument:335 - Argument : Modevalue: DMA_CIRCULAR
2025-06-04 18:12:17,243 [INFO] Argument:325 - Argument : Priorityvalue: DMA_PRIORITY_LOW
2025-06-04 18:12:17,243 [INFO] Argument:335 - Argument : Priorityvalue: DMA_PRIORITY_LOW
2025-06-04 18:12:17,243 [INFO] Argument:325 - Argument : Lockvalue: null
2025-06-04 18:12:17,243 [INFO] Argument:335 - Argument : Lockvalue: null
2025-06-04 18:12:17,243 [INFO] Argument:325 - Argument : Statevalue: null
2025-06-04 18:12:17,243 [INFO] Argument:335 - Argument : Statevalue: null
2025-06-04 18:12:17,243 [INFO] Argument:325 - Argument : Parentvalue: null
2025-06-04 18:12:17,243 [INFO] Argument:335 - Argument : Parentvalue: null
2025-06-04 18:12:17,243 [INFO] Argument:325 - Argument : XferCpltCallbackvalue: null
2025-06-04 18:12:17,243 [INFO] Argument:335 - Argument : XferCpltCallbackvalue: null
2025-06-04 18:12:17,243 [INFO] Argument:325 - Argument : XferHalfCpltCallbackvalue: null
2025-06-04 18:12:17,244 [INFO] Argument:335 - Argument : XferHalfCpltCallbackvalue: null
2025-06-04 18:12:17,244 [INFO] Argument:325 - Argument : XferErrorCallbackvalue: null
2025-06-04 18:12:17,244 [INFO] Argument:335 - Argument : XferErrorCallbackvalue: null
2025-06-04 18:12:17,244 [INFO] Argument:325 - Argument : XferAbortCallbackvalue: null
2025-06-04 18:12:17,244 [INFO] Argument:335 - Argument : XferAbortCallbackvalue: null
2025-06-04 18:12:17,244 [INFO] Argument:325 - Argument : ErrorCodevalue: null
2025-06-04 18:12:17,244 [INFO] Argument:335 - Argument : ErrorCodevalue: null
2025-06-04 18:12:17,244 [INFO] Argument:325 - Argument : ChannelIndexvalue: null
2025-06-04 18:12:17,244 [INFO] Argument:335 - Argument : ChannelIndexvalue: null
2025-06-04 18:12:17,244 [INFO] Argument:325 - Argument : DMAmuxChannelvalue: null
2025-06-04 18:12:17,244 [INFO] Argument:335 - Argument : DMAmuxChannelvalue: null
2025-06-04 18:12:17,244 [INFO] Argument:325 - Argument : DMAmuxChannelStatusvalue: null
2025-06-04 18:12:17,244 [INFO] Argument:335 - Argument : DMAmuxChannelStatusvalue: null
2025-06-04 18:12:17,244 [INFO] Argument:325 - Argument : DMAmuxChannelStatusMaskvalue: null
2025-06-04 18:12:17,244 [INFO] Argument:335 - Argument : DMAmuxChannelStatusMaskvalue: null
2025-06-04 18:12:17,244 [INFO] Argument:325 - Argument : DMAmuxRequestGenvalue: null
2025-06-04 18:12:17,244 [INFO] Argument:335 - Argument : DMAmuxRequestGenvalue: null
2025-06-04 18:12:17,244 [INFO] Argument:325 - Argument : DMAmuxRequestGenStatusvalue: null
2025-06-04 18:12:17,244 [INFO] Argument:335 - Argument : DMAmuxRequestGenStatusvalue: null
2025-06-04 18:12:17,245 [INFO] Argument:325 - Argument : DMAmuxRequestGenStatusMaskvalue: null
2025-06-04 18:12:17,245 [INFO] Argument:335 - Argument : DMAmuxRequestGenStatusMaskvalue: null
2025-06-04 18:12:17,286 [INFO] Argument:325 - Argument : hdmavalue: null
2025-06-04 18:12:17,287 [INFO] Argument:327 - 	 sub Args: 
2025-06-04 18:12:17,287 [INFO] Argument:325 - Argument : Instancevalue: DMA2_Channel2
2025-06-04 18:12:17,287 [INFO] Argument:335 - Argument : Instancevalue: DMA2_Channel2
2025-06-04 18:12:17,287 [INFO] Argument:325 - Argument : Initvalue: null
2025-06-04 18:12:17,287 [INFO] Argument:327 - 	 sub Args: 
2025-06-04 18:12:17,287 [INFO] Argument:325 - Argument : Requestvalue: DMA_REQUEST_ADC2
2025-06-04 18:12:17,287 [INFO] Argument:335 - Argument : Requestvalue: DMA_REQUEST_ADC2
2025-06-04 18:12:17,287 [INFO] Argument:325 - Argument : Directionvalue: DMA_PERIPH_TO_MEMORY
2025-06-04 18:12:17,287 [INFO] Argument:335 - Argument : Directionvalue: DMA_PERIPH_TO_MEMORY
2025-06-04 18:12:17,287 [INFO] Argument:325 - Argument : PeriphIncvalue: DMA_PINC_DISABLE
2025-06-04 18:12:17,287 [INFO] Argument:335 - Argument : PeriphIncvalue: DMA_PINC_DISABLE
2025-06-04 18:12:17,287 [INFO] Argument:325 - Argument : MemIncvalue: DMA_MINC_ENABLE
2025-06-04 18:12:17,287 [INFO] Argument:335 - Argument : MemIncvalue: DMA_MINC_ENABLE
2025-06-04 18:12:17,287 [INFO] Argument:325 - Argument : PeriphDataAlignmentvalue: DMA_PDATAALIGN_HALFWORD
2025-06-04 18:12:17,288 [INFO] Argument:335 - Argument : PeriphDataAlignmentvalue: DMA_PDATAALIGN_HALFWORD
2025-06-04 18:12:17,289 [INFO] Argument:325 - Argument : MemDataAlignmentvalue: DMA_MDATAALIGN_HALFWORD
2025-06-04 18:12:17,289 [INFO] Argument:335 - Argument : MemDataAlignmentvalue: DMA_MDATAALIGN_HALFWORD
2025-06-04 18:12:17,289 [INFO] Argument:325 - Argument : Modevalue: DMA_CIRCULAR
2025-06-04 18:12:17,289 [INFO] Argument:335 - Argument : Modevalue: DMA_CIRCULAR
2025-06-04 18:12:17,289 [INFO] Argument:325 - Argument : Priorityvalue: DMA_PRIORITY_LOW
2025-06-04 18:12:17,289 [INFO] Argument:335 - Argument : Priorityvalue: DMA_PRIORITY_LOW
2025-06-04 18:12:17,289 [INFO] Argument:325 - Argument : Lockvalue: null
2025-06-04 18:12:17,289 [INFO] Argument:335 - Argument : Lockvalue: null
2025-06-04 18:12:17,289 [INFO] Argument:325 - Argument : Statevalue: null
2025-06-04 18:12:17,289 [INFO] Argument:335 - Argument : Statevalue: null
2025-06-04 18:12:17,289 [INFO] Argument:325 - Argument : Parentvalue: null
2025-06-04 18:12:17,289 [INFO] Argument:335 - Argument : Parentvalue: null
2025-06-04 18:12:17,290 [INFO] Argument:325 - Argument : XferCpltCallbackvalue: null
2025-06-04 18:12:17,290 [INFO] Argument:335 - Argument : XferCpltCallbackvalue: null
2025-06-04 18:12:17,290 [INFO] Argument:325 - Argument : XferHalfCpltCallbackvalue: null
2025-06-04 18:12:17,290 [INFO] Argument:335 - Argument : XferHalfCpltCallbackvalue: null
2025-06-04 18:12:17,290 [INFO] Argument:325 - Argument : XferErrorCallbackvalue: null
2025-06-04 18:12:17,290 [INFO] Argument:335 - Argument : XferErrorCallbackvalue: null
2025-06-04 18:12:17,290 [INFO] Argument:325 - Argument : XferAbortCallbackvalue: null
2025-06-04 18:12:17,290 [INFO] Argument:335 - Argument : XferAbortCallbackvalue: null
2025-06-04 18:12:17,290 [INFO] Argument:325 - Argument : ErrorCodevalue: null
2025-06-04 18:12:17,290 [INFO] Argument:335 - Argument : ErrorCodevalue: null
2025-06-04 18:12:17,290 [INFO] Argument:325 - Argument : ChannelIndexvalue: null
2025-06-04 18:12:17,290 [INFO] Argument:335 - Argument : ChannelIndexvalue: null
2025-06-04 18:12:17,290 [INFO] Argument:325 - Argument : DMAmuxChannelvalue: null
2025-06-04 18:12:17,290 [INFO] Argument:335 - Argument : DMAmuxChannelvalue: null
2025-06-04 18:12:17,290 [INFO] Argument:325 - Argument : DMAmuxChannelStatusvalue: null
2025-06-04 18:12:17,290 [INFO] Argument:335 - Argument : DMAmuxChannelStatusvalue: null
2025-06-04 18:12:17,290 [INFO] Argument:325 - Argument : DMAmuxChannelStatusMaskvalue: null
2025-06-04 18:12:17,290 [INFO] Argument:335 - Argument : DMAmuxChannelStatusMaskvalue: null
2025-06-04 18:12:17,291 [INFO] Argument:325 - Argument : DMAmuxRequestGenvalue: null
2025-06-04 18:12:17,291 [INFO] Argument:335 - Argument : DMAmuxRequestGenvalue: null
2025-06-04 18:12:17,291 [INFO] Argument:325 - Argument : DMAmuxRequestGenStatusvalue: null
2025-06-04 18:12:17,291 [INFO] Argument:335 - Argument : DMAmuxRequestGenStatusvalue: null
2025-06-04 18:12:17,291 [INFO] Argument:325 - Argument : DMAmuxRequestGenStatusMaskvalue: null
2025-06-04 18:12:17,291 [INFO] Argument:335 - Argument : DMAmuxRequestGenStatusMaskvalue: null
2025-06-04 18:12:17,301 [WARN] IP:2250 - MessageRAMOffset not found: check if there is a RefParameter without a condition.
2025-06-04 18:12:17,302 [WARN] IP:2250 - RxFifo0ElmtsNbr not found: check if there is a RefParameter without a condition.
2025-06-04 18:12:17,302 [WARN] IP:2250 - RxFifo0ElmtSize not found: check if there is a RefParameter without a condition.
2025-06-04 18:12:17,302 [WARN] IP:2250 - RxFifo1ElmtsNbr not found: check if there is a RefParameter without a condition.
2025-06-04 18:12:17,302 [WARN] IP:2250 - RxFifo1ElmtSize not found: check if there is a RefParameter without a condition.
2025-06-04 18:12:17,302 [WARN] IP:2250 - RxBuffersNbr not found: check if there is a RefParameter without a condition.
2025-06-04 18:12:17,302 [WARN] IP:2250 - RxBufferSize not found: check if there is a RefParameter without a condition.
2025-06-04 18:12:17,302 [WARN] IP:2250 - TxEventsNbr not found: check if there is a RefParameter without a condition.
2025-06-04 18:12:17,302 [WARN] IP:2250 - TxBuffersNbr not found: check if there is a RefParameter without a condition.
2025-06-04 18:12:17,302 [WARN] IP:2250 - TxFifoQueueElmtsNbr not found: check if there is a RefParameter without a condition.
2025-06-04 18:12:17,302 [WARN] IP:2250 - TxElmtSize not found: check if there is a RefParameter without a condition.
2025-06-04 18:12:17,302 [WARN] IP:2250 - ClockCalibrationCCU not found: check if there is a RefParameter without a condition.
2025-06-04 18:12:17,303 [WARN] IP:2250 - ClockDividerCCU not found: check if there is a RefParameter without a condition.
2025-06-04 18:12:17,303 [WARN] IP:2250 - MinOscClkPeriodsCCU not found: check if there is a RefParameter without a condition.
2025-06-04 18:12:17,303 [WARN] IP:2250 - TimeQuantaPerBitTimeCCU not found: check if there is a RefParameter without a condition.
2025-06-04 18:12:17,303 [WARN] IP:2250 - WatchdogStartValueCCU not found: check if there is a RefParameter without a condition.
2025-06-04 18:12:17,684 [INFO] CodeEngine:263 - oldGeneratedFile, C:\Users\pwlub\Desktop\PUTM_EV_REARBOX_2024\firmware\MXTmpFiles\license.tmp_save
2025-06-04 18:12:18,482 [INFO] CodeEngine:287 - Generated code: C:\Users\pwlub\Desktop\PUTM_EV_REARBOX_2024\firmware\MXTmpFiles\license.tmp
2025-06-04 18:12:19,180 [INFO] CodeEngine:263 - oldGeneratedFile, C:\Users\pwlub\Desktop\PUTM_EV_REARBOX_2024\firmware\Core\Src\gpio.c_save
2025-06-04 18:12:19,697 [INFO] CodeEngine:287 - Generated code: C:\Users\pwlub\Desktop\PUTM_EV_REARBOX_2024\firmware\Core\Src\gpio.c
2025-06-04 18:12:19,729 [INFO] CodeEngine:263 - oldGeneratedFile, C:\Users\pwlub\Desktop\PUTM_EV_REARBOX_2024\firmware\Core\Inc\gpio.h_save
2025-06-04 18:12:20,090 [INFO] CodeEngine:287 - Generated code: C:\Users\pwlub\Desktop\PUTM_EV_REARBOX_2024\firmware\Core\Inc\gpio.h
2025-06-04 18:12:24,896 [INFO] Middleware:1452 - No code input for Bsp Dependency
2025-06-04 18:12:24,908 [INFO] CodeEngine:263 - oldGeneratedFile, C:\Users\pwlub\Desktop\PUTM_EV_REARBOX_2024\firmware\MXTmpFiles\rtos_inc.tmp_save
2025-06-04 18:12:25,111 [INFO] CodeEngine:287 - Generated code: C:\Users\pwlub\Desktop\PUTM_EV_REARBOX_2024\firmware\MXTmpFiles\rtos_inc.tmp
2025-06-04 18:12:25,117 [INFO] CodeEngine:263 - oldGeneratedFile, C:\Users\pwlub\Desktop\PUTM_EV_REARBOX_2024\firmware\MXTmpFiles\rtos_kernelInit.tmp_save
2025-06-04 18:12:25,273 [INFO] CodeEngine:287 - Generated code: C:\Users\pwlub\Desktop\PUTM_EV_REARBOX_2024\firmware\MXTmpFiles\rtos_kernelInit.tmp
2025-06-04 18:12:25,281 [INFO] CodeEngine:263 - oldGeneratedFile, C:\Users\pwlub\Desktop\PUTM_EV_REARBOX_2024\firmware\MXTmpFiles\rtos_kernelStart.tmp_save
2025-06-04 18:12:25,466 [INFO] CodeEngine:287 - Generated code: C:\Users\pwlub\Desktop\PUTM_EV_REARBOX_2024\firmware\MXTmpFiles\rtos_kernelStart.tmp
2025-06-04 18:12:25,480 [INFO] CodeEngine:263 - oldGeneratedFile, C:\Users\pwlub\Desktop\PUTM_EV_REARBOX_2024\firmware\MXTmpFiles\rtos_typedefs.tmp_save
2025-06-04 18:12:25,619 [INFO] CodeEngine:287 - Generated code: C:\Users\pwlub\Desktop\PUTM_EV_REARBOX_2024\firmware\MXTmpFiles\rtos_typedefs.tmp
2025-06-04 18:12:25,633 [INFO] CodeEngine:263 - oldGeneratedFile, C:\Users\pwlub\Desktop\PUTM_EV_REARBOX_2024\firmware\MXTmpFiles\rtos_vars.tmp_save
2025-06-04 18:12:25,808 [INFO] CodeEngine:287 - Generated code: C:\Users\pwlub\Desktop\PUTM_EV_REARBOX_2024\firmware\MXTmpFiles\rtos_vars.tmp
2025-06-04 18:12:25,813 [INFO] CodeEngine:263 - oldGeneratedFile, C:\Users\pwlub\Desktop\PUTM_EV_REARBOX_2024\firmware\MXTmpFiles\rtos_pfp.tmp_save
2025-06-04 18:12:25,943 [INFO] CodeEngine:287 - Generated code: C:\Users\pwlub\Desktop\PUTM_EV_REARBOX_2024\firmware\MXTmpFiles\rtos_pfp.tmp
2025-06-04 18:12:25,951 [INFO] CodeEngine:263 - oldGeneratedFile, C:\Users\pwlub\Desktop\PUTM_EV_REARBOX_2024\firmware\MXTmpFiles\rtos_obj_creat.tmp_save
2025-06-04 18:12:26,181 [INFO] CodeEngine:287 - Generated code: C:\Users\pwlub\Desktop\PUTM_EV_REARBOX_2024\firmware\MXTmpFiles\rtos_obj_creat.tmp
2025-06-04 18:12:26,206 [INFO] CodeEngine:263 - oldGeneratedFile, C:\Users\pwlub\Desktop\PUTM_EV_REARBOX_2024\firmware\MXTmpFiles\rtos_default_thread.tmp_save
2025-06-04 18:12:26,397 [INFO] CodeEngine:287 - Generated code: C:\Users\pwlub\Desktop\PUTM_EV_REARBOX_2024\firmware\MXTmpFiles\rtos_default_thread.tmp
2025-06-04 18:12:26,416 [INFO] CodeEngine:263 - oldGeneratedFile, C:\Users\pwlub\Desktop\PUTM_EV_REARBOX_2024\firmware\MXTmpFiles\rtos_threads.tmp_save
2025-06-04 18:12:26,533 [INFO] CodeEngine:287 - Generated code: C:\Users\pwlub\Desktop\PUTM_EV_REARBOX_2024\firmware\MXTmpFiles\rtos_threads.tmp
2025-06-04 18:12:26,583 [INFO] Middleware:1452 - No code input for Bsp Dependency
2025-06-04 18:12:26,623 [INFO] CodeEngine:263 - oldGeneratedFile, C:\Users\pwlub\Desktop\PUTM_EV_REARBOX_2024\firmware\MXTmpFiles\rtos_inc.tmp_save
2025-06-04 18:12:26,796 [INFO] CodeEngine:287 - Generated code: C:\Users\pwlub\Desktop\PUTM_EV_REARBOX_2024\firmware\MXTmpFiles\rtos_inc.tmp
2025-06-04 18:12:26,807 [INFO] CodeEngine:263 - oldGeneratedFile, C:\Users\pwlub\Desktop\PUTM_EV_REARBOX_2024\firmware\MXTmpFiles\rtos_kernelInit.tmp_save
2025-06-04 18:12:26,930 [INFO] CodeEngine:287 - Generated code: C:\Users\pwlub\Desktop\PUTM_EV_REARBOX_2024\firmware\MXTmpFiles\rtos_kernelInit.tmp
2025-06-04 18:12:26,941 [INFO] CodeEngine:263 - oldGeneratedFile, C:\Users\pwlub\Desktop\PUTM_EV_REARBOX_2024\firmware\MXTmpFiles\rtos_kernelStart.tmp_save
2025-06-04 18:12:27,065 [INFO] CodeEngine:287 - Generated code: C:\Users\pwlub\Desktop\PUTM_EV_REARBOX_2024\firmware\MXTmpFiles\rtos_kernelStart.tmp
2025-06-04 18:12:27,075 [INFO] CodeEngine:263 - oldGeneratedFile, C:\Users\pwlub\Desktop\PUTM_EV_REARBOX_2024\firmware\MXTmpFiles\rtos_typedefs.tmp_save
2025-06-04 18:12:27,190 [INFO] CodeEngine:287 - Generated code: C:\Users\pwlub\Desktop\PUTM_EV_REARBOX_2024\firmware\MXTmpFiles\rtos_typedefs.tmp
2025-06-04 18:12:27,213 [INFO] CodeEngine:263 - oldGeneratedFile, C:\Users\pwlub\Desktop\PUTM_EV_REARBOX_2024\firmware\MXTmpFiles\rtos_vars.tmp_save
2025-06-04 18:12:27,332 [INFO] CodeEngine:287 - Generated code: C:\Users\pwlub\Desktop\PUTM_EV_REARBOX_2024\firmware\MXTmpFiles\rtos_vars.tmp
2025-06-04 18:12:27,344 [INFO] CodeEngine:263 - oldGeneratedFile, C:\Users\pwlub\Desktop\PUTM_EV_REARBOX_2024\firmware\MXTmpFiles\rtos_pfp.tmp_save
2025-06-04 18:12:27,448 [INFO] CodeEngine:287 - Generated code: C:\Users\pwlub\Desktop\PUTM_EV_REARBOX_2024\firmware\MXTmpFiles\rtos_pfp.tmp
2025-06-04 18:12:27,471 [INFO] CodeEngine:263 - oldGeneratedFile, C:\Users\pwlub\Desktop\PUTM_EV_REARBOX_2024\firmware\MXTmpFiles\rtos_obj_creat.tmp_save
2025-06-04 18:12:27,582 [INFO] CodeEngine:287 - Generated code: C:\Users\pwlub\Desktop\PUTM_EV_REARBOX_2024\firmware\MXTmpFiles\rtos_obj_creat.tmp
2025-06-04 18:12:27,591 [INFO] CodeEngine:263 - oldGeneratedFile, C:\Users\pwlub\Desktop\PUTM_EV_REARBOX_2024\firmware\MXTmpFiles\rtos_default_thread.tmp_save
2025-06-04 18:12:27,673 [INFO] CodeEngine:287 - Generated code: C:\Users\pwlub\Desktop\PUTM_EV_REARBOX_2024\firmware\MXTmpFiles\rtos_default_thread.tmp
2025-06-04 18:12:27,680 [INFO] CodeEngine:263 - oldGeneratedFile, C:\Users\pwlub\Desktop\PUTM_EV_REARBOX_2024\firmware\MXTmpFiles\rtos_threads.tmp_save
2025-06-04 18:12:27,774 [INFO] CodeEngine:287 - Generated code: C:\Users\pwlub\Desktop\PUTM_EV_REARBOX_2024\firmware\MXTmpFiles\rtos_threads.tmp
2025-06-04 18:12:27,805 [INFO] CodeEngine:263 - oldGeneratedFile, C:\Users\pwlub\Desktop\PUTM_EV_REARBOX_2024\firmware\Core\Inc\FreeRTOSConfig.h_save
2025-06-04 18:12:27,952 [INFO] CodeEngine:287 - Generated code: C:\Users\pwlub\Desktop\PUTM_EV_REARBOX_2024\firmware\Core\Inc\FreeRTOSConfig.h
2025-06-04 18:12:27,983 [INFO] CodeEngine:263 - oldGeneratedFile, C:\Users\pwlub\Desktop\PUTM_EV_REARBOX_2024\firmware\Core\Src\app_freertos.c_save
2025-06-04 18:12:28,171 [INFO] CodeEngine:287 - Generated code: C:\Users\pwlub\Desktop\PUTM_EV_REARBOX_2024\firmware\Core\Src\app_freertos.c
2025-06-04 18:12:28,208 [INFO] CodeEngine:263 - oldGeneratedFile, C:\Users\pwlub\Desktop\PUTM_EV_REARBOX_2024\firmware\Core\Src\adc.c_save
2025-06-04 18:12:28,540 [INFO] CodeEngine:287 - Generated code: C:\Users\pwlub\Desktop\PUTM_EV_REARBOX_2024\firmware\Core\Src\adc.c
2025-06-04 18:12:28,591 [INFO] CodeEngine:263 - oldGeneratedFile, C:\Users\pwlub\Desktop\PUTM_EV_REARBOX_2024\firmware\Core\Inc\adc.h_save
2025-06-04 18:12:28,783 [INFO] CodeEngine:287 - Generated code: C:\Users\pwlub\Desktop\PUTM_EV_REARBOX_2024\firmware\Core\Inc\adc.h
2025-06-04 18:12:28,829 [INFO] CodeEngine:263 - oldGeneratedFile, C:\Users\pwlub\Desktop\PUTM_EV_REARBOX_2024\firmware\Core\Src\dac.c_save
2025-06-04 18:12:28,991 [INFO] CodeEngine:287 - Generated code: C:\Users\pwlub\Desktop\PUTM_EV_REARBOX_2024\firmware\Core\Src\dac.c
2025-06-04 18:12:29,004 [INFO] CodeEngine:263 - oldGeneratedFile, C:\Users\pwlub\Desktop\PUTM_EV_REARBOX_2024\firmware\Core\Inc\dac.h_save
2025-06-04 18:12:29,162 [INFO] CodeEngine:287 - Generated code: C:\Users\pwlub\Desktop\PUTM_EV_REARBOX_2024\firmware\Core\Inc\dac.h
2025-06-04 18:12:29,365 [INFO] CodeEngine:263 - oldGeneratedFile, C:\Users\pwlub\Desktop\PUTM_EV_REARBOX_2024\firmware\Core\Src\dma.c_save
2025-06-04 18:12:29,521 [INFO] CodeEngine:287 - Generated code: C:\Users\pwlub\Desktop\PUTM_EV_REARBOX_2024\firmware\Core\Src\dma.c
2025-06-04 18:12:29,529 [INFO] CodeEngine:263 - oldGeneratedFile, C:\Users\pwlub\Desktop\PUTM_EV_REARBOX_2024\firmware\Core\Inc\dma.h_save
2025-06-04 18:12:29,676 [INFO] CodeEngine:287 - Generated code: C:\Users\pwlub\Desktop\PUTM_EV_REARBOX_2024\firmware\Core\Inc\dma.h
2025-06-04 18:12:29,715 [INFO] CodeEngine:263 - oldGeneratedFile, C:\Users\pwlub\Desktop\PUTM_EV_REARBOX_2024\firmware\Core\Src\fdcan.c_save
2025-06-04 18:12:29,904 [INFO] CodeEngine:287 - Generated code: C:\Users\pwlub\Desktop\PUTM_EV_REARBOX_2024\firmware\Core\Src\fdcan.c
2025-06-04 18:12:29,913 [INFO] CodeEngine:263 - oldGeneratedFile, C:\Users\pwlub\Desktop\PUTM_EV_REARBOX_2024\firmware\Core\Inc\fdcan.h_save
2025-06-04 18:12:30,030 [INFO] CodeEngine:287 - Generated code: C:\Users\pwlub\Desktop\PUTM_EV_REARBOX_2024\firmware\Core\Inc\fdcan.h
2025-06-04 18:12:30,074 [INFO] CodeEngine:263 - oldGeneratedFile, C:\Users\pwlub\Desktop\PUTM_EV_REARBOX_2024\firmware\Core\Src\i2c.c_save
2025-06-04 18:12:30,335 [INFO] CodeEngine:287 - Generated code: C:\Users\pwlub\Desktop\PUTM_EV_REARBOX_2024\firmware\Core\Src\i2c.c
2025-06-04 18:12:30,361 [INFO] CodeEngine:263 - oldGeneratedFile, C:\Users\pwlub\Desktop\PUTM_EV_REARBOX_2024\firmware\Core\Inc\i2c.h_save
2025-06-04 18:12:30,550 [INFO] CodeEngine:287 - Generated code: C:\Users\pwlub\Desktop\PUTM_EV_REARBOX_2024\firmware\Core\Inc\i2c.h
2025-06-04 18:12:30,589 [INFO] CodeEngine:263 - oldGeneratedFile, C:\Users\pwlub\Desktop\PUTM_EV_REARBOX_2024\firmware\Core\Src\iwdg.c_save
2025-06-04 18:12:30,764 [INFO] CodeEngine:287 - Generated code: C:\Users\pwlub\Desktop\PUTM_EV_REARBOX_2024\firmware\Core\Src\iwdg.c
2025-06-04 18:12:30,773 [INFO] CodeEngine:263 - oldGeneratedFile, C:\Users\pwlub\Desktop\PUTM_EV_REARBOX_2024\firmware\Core\Inc\iwdg.h_save
2025-06-04 18:12:30,888 [INFO] CodeEngine:287 - Generated code: C:\Users\pwlub\Desktop\PUTM_EV_REARBOX_2024\firmware\Core\Inc\iwdg.h
2025-06-04 18:12:30,923 [INFO] CodeEngine:263 - oldGeneratedFile, C:\Users\pwlub\Desktop\PUTM_EV_REARBOX_2024\firmware\Core\Src\spi.c_save
2025-06-04 18:12:31,058 [INFO] CodeEngine:287 - Generated code: C:\Users\pwlub\Desktop\PUTM_EV_REARBOX_2024\firmware\Core\Src\spi.c
2025-06-04 18:12:31,067 [INFO] CodeEngine:263 - oldGeneratedFile, C:\Users\pwlub\Desktop\PUTM_EV_REARBOX_2024\firmware\Core\Inc\spi.h_save
2025-06-04 18:12:31,162 [INFO] CodeEngine:287 - Generated code: C:\Users\pwlub\Desktop\PUTM_EV_REARBOX_2024\firmware\Core\Inc\spi.h
2025-06-04 18:12:31,200 [INFO] CodeEngine:263 - oldGeneratedFile, C:\Users\pwlub\Desktop\PUTM_EV_REARBOX_2024\firmware\Core\Src\usart.c_save
2025-06-04 18:12:31,347 [INFO] CodeEngine:287 - Generated code: C:\Users\pwlub\Desktop\PUTM_EV_REARBOX_2024\firmware\Core\Src\usart.c
2025-06-04 18:12:31,355 [INFO] CodeEngine:263 - oldGeneratedFile, C:\Users\pwlub\Desktop\PUTM_EV_REARBOX_2024\firmware\Core\Inc\usart.h_save
2025-06-04 18:12:31,463 [INFO] CodeEngine:287 - Generated code: C:\Users\pwlub\Desktop\PUTM_EV_REARBOX_2024\firmware\Core\Inc\usart.h
2025-06-04 18:12:31,509 [INFO] CodeEngine:263 - oldGeneratedFile, C:\Users\pwlub\Desktop\PUTM_EV_REARBOX_2024\firmware\Core\Src\stm32g4xx_it.c_save
2025-06-04 18:12:31,806 [INFO] CodeEngine:287 - Generated code: C:\Users\pwlub\Desktop\PUTM_EV_REARBOX_2024\firmware\Core\Src\stm32g4xx_it.c
2025-06-04 18:12:31,814 [INFO] CodeEngine:263 - oldGeneratedFile, C:\Users\pwlub\Desktop\PUTM_EV_REARBOX_2024\firmware\Core\Inc\stm32g4xx_it.h_save
2025-06-04 18:12:31,910 [INFO] CodeEngine:287 - Generated code: C:\Users\pwlub\Desktop\PUTM_EV_REARBOX_2024\firmware\Core\Inc\stm32g4xx_it.h
2025-06-04 18:12:31,959 [INFO] CodeEngine:263 - oldGeneratedFile, C:\Users\pwlub\Desktop\PUTM_EV_REARBOX_2024\firmware\Core\Src\stm32g4xx_hal_msp.c_save
2025-06-04 18:12:32,103 [INFO] CodeEngine:287 - Generated code: C:\Users\pwlub\Desktop\PUTM_EV_REARBOX_2024\firmware\Core\Src\stm32g4xx_hal_msp.c
2025-06-04 18:12:32,108 [INFO] CodeEngine:263 - oldGeneratedFile, C:\Users\pwlub\Desktop\PUTM_EV_REARBOX_2024\firmware\MXTmpFiles\system.tmp_save
2025-06-04 18:12:32,199 [INFO] CodeEngine:287 - Generated code: C:\Users\pwlub\Desktop\PUTM_EV_REARBOX_2024\firmware\MXTmpFiles\system.tmp
2025-06-04 18:12:32,222 [INFO] CodeEngine:263 - oldGeneratedFile, C:\Users\pwlub\Desktop\PUTM_EV_REARBOX_2024\firmware\Core\Src\stm32g4xx_hal_timebase_tim.c_save
2025-06-04 18:12:32,335 [INFO] CodeEngine:287 - Generated code: C:\Users\pwlub\Desktop\PUTM_EV_REARBOX_2024\firmware\Core\Src\stm32g4xx_hal_timebase_tim.c
2025-06-04 18:12:32,372 [INFO] CodeEngine:319 - oldGeneratedFile, C:\Users\pwlub\Desktop\PUTM_EV_REARBOX_2024\firmware\Core\Inc\stm32g4xx_hal_conf.h_save
2025-06-04 18:12:32,513 [INFO] CodeEngine:343 - Generated code: C:\Users\pwlub\Desktop\PUTM_EV_REARBOX_2024\firmware\Core\Inc\stm32g4xx_hal_conf.h
2025-06-04 18:12:32,577 [WARN] IPConfigManager:3174 - Warning: the RefConfig RCC_CommonPeriphClockConfig is not available in your config.xml file
2025-06-04 18:12:32,618 [INFO] CodeEngine:263 - oldGeneratedFile, C:\Users\pwlub\Desktop\PUTM_EV_REARBOX_2024\firmware\Core\Inc\main.h_save
2025-06-04 18:12:32,796 [INFO] CodeEngine:287 - Generated code: C:\Users\pwlub\Desktop\PUTM_EV_REARBOX_2024\firmware\Core\Inc\main.h
2025-06-04 18:12:32,817 [INFO] CodeEngine:263 - oldGeneratedFile, C:\Users\pwlub\Desktop\PUTM_EV_REARBOX_2024\firmware\Core\Src\main.c_save
2025-06-04 18:12:32,936 [INFO] CodeEngine:287 - Generated code: C:\Users\pwlub\Desktop\PUTM_EV_REARBOX_2024\firmware\Core\Src\main.c
2025-06-04 18:12:33,943 [INFO] ProjectBuilder:3324 - Time for Copy HAL[1] : 505mS.
2025-06-04 18:12:33,955 [INFO] ProjectBuilder:4912 - Project Generator version: 4.6.0-B36
2025-06-04 18:12:34,193 [INFO] ConfigFileManager:1590 - The Die is : DIE469
2025-06-04 18:12:39,056 [INFO] ProjectBuilder:5191 - Time for Generating toolchain IDE Files: 5101mS.
2025-06-04 18:12:39,057 [INFO] ProjectBuilder:3181 - Time for Copy CMSIS : 0mS.
2025-06-04 18:12:39,069 [INFO] ProjectBuilder:3181 - Time for Copy CMSIS : 0mS.
2025-06-04 18:17:33,967 [INFO] MainUpdater:2872 - connection check result : 10
2025-06-04 18:17:33,967 [INFO] MainUpdater:2872 - connection check result : 10
2025-06-04 18:17:34,168 [INFO] LogOutputStream:77 - [STDOUT_REDIRECT] Nominal 
2025-06-04 18:17:34,238 [INFO] I2cTimingTraitement:330 - 0x30909DEC
2025-06-04 18:17:34,268 [INFO] I2cTimingTraitement:330 - 0x30909DEC
2025-06-04 18:17:34,280 [INFO] I2cTimingTraitement:330 - 0xD0E32C34
2025-06-04 18:17:34,290 [INFO] MicroXplorer:468 - Change Database Path : 
2025-06-04 18:17:34,290 [INFO] MicroXplorer:498 - Change Database Version : DB.6.0.140
2025-06-04 18:17:34,331 [ERROR] ProjectManagerView:394 - 
java.lang.NullPointerException: Cannot invoke "javax.swing.JTextField.getText()" because the return value of "java.util.List.get(int)" is null
	at com.st.microxplorer.plugins.projectmanager.gui.ProjectChoiceTab$9.caretUpdate(ProjectChoiceTab.java:2678) ~[filemanager.jar:?]
	at javax.swing.text.JTextComponent.fireCaretUpdate(JTextComponent.java:408) ~[?:?]
	at javax.swing.text.JTextComponent$MutableCaretEvent.fire(JTextComponent.java:4484) ~[?:?]
	at javax.swing.text.JTextComponent$MutableCaretEvent.stateChanged(JTextComponent.java:4506) ~[?:?]
	at javax.swing.text.DefaultCaret.fireStateChanged(DefaultCaret.java:857) ~[?:?]
	at javax.swing.text.DefaultCaret.changeCaretPosition(DefaultCaret.java:1343) ~[?:?]
	at javax.swing.text.DefaultCaret.handleSetDot(DefaultCaret.java:1242) ~[?:?]
	at javax.swing.text.DefaultCaret.setDot(DefaultCaret.java:1223) ~[?:?]
	at javax.swing.text.DefaultCaret$Handler.insertUpdate(DefaultCaret.java:1819) ~[?:?]
	at javax.swing.text.AbstractDocument.fireInsertUpdate(AbstractDocument.java:227) ~[?:?]
	at javax.swing.text.AbstractDocument.handleInsertString(AbstractDocument.java:781) ~[?:?]
	at javax.swing.text.AbstractDocument.insertString(AbstractDocument.java:740) ~[?:?]
	at javax.swing.text.PlainDocument.insertString(PlainDocument.java:131) ~[?:?]
	at javax.swing.text.AbstractDocument.replace(AbstractDocument.java:699) ~[?:?]
	at javax.swing.text.JTextComponent.setText(JTextComponent.java:1725) ~[?:?]
	at com.st.microxplorer.plugins.projectmanager.gui.ProjectChoiceTab.createHeapStackFields(ProjectChoiceTab.java:979) ~[filemanager.jar:?]
	at com.st.microxplorer.plugins.projectmanager.gui.ProjectChoiceTab.buildLinkSettingsPanel(ProjectChoiceTab.java:3766) ~[filemanager.jar:?]
	at com.st.microxplorer.plugins.projectmanager.gui.ProjectChoiceTab.defineWindowsFields(ProjectChoiceTab.java:1962) ~[filemanager.jar:?]
	at com.st.microxplorer.plugins.projectmanager.gui.ProjectChoiceTab.updateSettings(ProjectChoiceTab.java:555) ~[filemanager.jar:?]
	at com.st.microxplorer.plugins.projectmanager.gui.ProjectSettingsPanel.UpdateDialog(ProjectSettingsPanel.java:245) ~[filemanager.jar:?]
	at com.st.microxplorer.plugins.projectmanager.ProjectManagerView.propertyChange(ProjectManagerView.java:391) ~[filemanager.jar:?]
	at java.beans.PropertyChangeSupport.fire(PropertyChangeSupport.java:343) ~[?:?]
	at java.beans.PropertyChangeSupport.firePropertyChange(PropertyChangeSupport.java:335) ~[?:?]
	at java.beans.PropertyChangeSupport.firePropertyChange(PropertyChangeSupport.java:268) ~[?:?]
	at com.st.microxplorer.util.MXPropertyChangeSupport.firePropertyChange(MXPropertyChangeSupport.java:54) ~[STM32CubeMX.jar:?]
	at com.st.microxplorer.mxsystem.MxSystem.closeConfig(MxSystem.java:899) ~[STM32CubeMX.jar:?]
	at com.st.microxplorer.maingui.MainPanel.closeConfig(MainPanel.java:789) ~[STM32CubeMX.jar:?]
	at com.st.microxplorer.plugins.filemanager.engine.OpenFileManager.loadConfigurationFile(OpenFileManager.java:287) ~[filemanager.jar:?]
	at com.st.microxplorer.plugins.filemanager.engine.MainFileManager.userLoadConfig(MainFileManager.java:341) ~[filemanager.jar:?]
	at com.st.microxplorer.plugins.filemanager.engine.MainFileManager.userLoadConfig(MainFileManager.java:319) ~[filemanager.jar:?]
	at com.st.microxplorer.plugins.filemanager.FileManagerView.getSpecificTask(FileManagerView.java:246) ~[filemanager.jar:?]
	at com.st.stm32cube.common.mx.editor.CubeMxEditor.getMxTabbedPaneInstance(CubeMxEditor.java:1198) ~[com.st.stm32cube.common.mx_6.14.0.202502271554/:?]
	at com.st.stm32cube.common.mx.editor.CubeMxEditor$12$1.createSwingComponent(CubeMxEditor.java:1068) ~[com.st.stm32cube.common.mx_6.14.0.202502271554/:?]
	at com.st.stm32cube.common.mx.oss.core.awtswtbridge.EmbeddedSwingComposite.doComponentCreation(EmbeddedSwingComposite.java:492) ~[com.st.stm32cube.common.mx.oss_6.14.0.202502271554/:?]
	at com.st.stm32cube.common.mx.oss.core.awtswtbridge.EmbeddedSwingComposite$4.run(EmbeddedSwingComposite.java:291) ~[com.st.stm32cube.common.mx.oss_6.14.0.202502271554/:?]
	at com.st.stm32cube.common.mx.oss.core.awtswtbridge.AwtEnvironment$2.run(AwtEnvironment.java:166) ~[com.st.stm32cube.common.mx.oss_6.14.0.202502271554/:?]
	at java.awt.event.InvocationEvent.dispatch(InvocationEvent.java:318) ~[?:?]
	at java.awt.EventQueue.dispatchEventImpl(EventQueue.java:773) ~[?:?]
	at java.awt.EventQueue$4.run(EventQueue.java:720) ~[?:?]
	at java.awt.EventQueue$4.run(EventQueue.java:714) ~[?:?]
	at java.security.AccessController.doPrivileged(AccessController.java:400) ~[?:?]
	at java.security.ProtectionDomain$JavaSecurityAccessImpl.doIntersectionPrivilege(ProtectionDomain.java:87) ~[?:?]
	at java.awt.EventQueue.dispatchEvent(EventQueue.java:742) ~[?:?]
	at java.awt.EventDispatchThread.pumpOneEventForFilters(EventDispatchThread.java:203) ~[?:?]
	at java.awt.EventDispatchThread.pumpEventsForFilter(EventDispatchThread.java:124) ~[?:?]
	at java.awt.EventDispatchThread.pumpEventsForHierarchy(EventDispatchThread.java:113) ~[?:?]
	at java.awt.EventDispatchThread.pumpEvents(EventDispatchThread.java:109) ~[?:?]
	at java.awt.EventDispatchThread.pumpEvents(EventDispatchThread.java:101) ~[?:?]
	at java.awt.EventDispatchThread.run(EventDispatchThread.java:90) ~[?:?]
2025-06-04 18:17:34,373 [WARN] ThirdParty:871 - waiting for thirdparty lock release [close project]
2025-06-04 18:17:34,373 [INFO] ThirdParty:873 - entering critical section [close project]
2025-06-04 18:17:34,373 [INFO] ThirdParty:883 - exiting critical section [close project]
2025-06-04 18:17:34,377 [INFO] PinOutPanel:1589 - setPackage(No Configuration,No Configuration)
2025-06-04 18:17:34,393 [INFO] UtilMem:75 - Begin LoadConfig() Used Memory: 835191256 Bytes (1073741824)
2025-06-04 18:17:34,405 [INFO] MicroXplorer:468 - Change Database Path : C:/Users/pwlub/.stm32cubemx/databases/DB.6.0.111/db/
2025-06-04 18:17:34,405 [INFO] MicroXplorer:498 - Change Database Version : DB.6.0.111
2025-06-04 18:17:37,370 [INFO] MicroXplorer:468 - Change Database Path : 
2025-06-04 18:17:37,370 [INFO] MicroXplorer:498 - Change Database Version : DB.6.0.140
2025-06-04 18:17:37,371 [INFO] OpenFileManager:354 - Change cursor
2025-06-04 18:17:37,428 [INFO] RulesReader:64 - Compatibility file has been processed (301 Rules)
2025-06-04 18:17:37,445 [INFO] Mcu:2011 - Initializing MCU STM32G473R(B-C-E)Tx STM32G473RCTx STM32G473RCT6
2025-06-04 18:17:45,911 [INFO] Context:756 - Trying to add GPIOservice into a context  which must be forbidden
2025-06-04 18:17:48,072 [INFO] Rule:224 - rule Adapt Old IOC before rework replace old CORTEX_M33/CORTEX_M55 attributes by the new one. is applicable
2025-06-04 18:17:48,072 [INFO] Rule:224 - rule Rename parametre of RCC RCC_APBDBG_DIV2 to RCC_TIMPRES_DIV2 is applicable
2025-06-04 18:17:48,073 [INFO] Rule:224 - rule Rename DIE493 pin PA10 [PA12] -> PA10 is applicable
2025-06-04 18:17:48,073 [INFO] Rule:224 - rule Rename DIE493 pin PA9 [PA11] -> PA9 is applicable
2025-06-04 18:17:48,075 [INFO] DbConfProperties:307 - Apply Compatibility (0/4 Rules)
2025-06-04 18:17:48,123 [INFO] ImportTextPane:218 - (OptionalMessage_ERROR) Pin53 (VP_RIF_VS_RIF1) cannot be retrieved for this MCU
2025-06-04 18:17:48,531 [INFO] RtosManager:558 - Registered RTOS mode: class=CMSIS, group=RTOS, mode=CMSIS_V1, owner=FREERTOS
2025-06-04 18:17:48,531 [INFO] RtosManager:558 - Registered RTOS mode: class=CMSIS, group=RTOS2, mode=CMSIS_V2, owner=FREERTOS
2025-06-04 18:17:48,531 [INFO] RtosManager:558 - Registered RTOS mode: class=RTOS, group=Core, mode=CMSIS_V1, owner=FREERTOS
2025-06-04 18:17:48,531 [INFO] RtosManager:558 - Registered RTOS mode: class=RTOS, group=Core, mode=CMSIS_V2, owner=FREERTOS
2025-06-04 18:17:48,531 [WARN] ModelIntegratedComponent:184 - Missing modes for component STMicroelectronics:FreeRTOS:0.0.1:STMicroelectronics:RTOS:FreeRTOS:Core:::10.2.0:
2025-06-04 18:17:48,548 [WARN] ModelIntegratedComponent:63 - No mode defined for component null
2025-06-04 18:17:48,548 [WARN] ModelIntegratedComponent:63 - No mode defined for component null
2025-06-04 18:17:48,548 [WARN] ModelIntegratedComponent:63 - No mode defined for component null
2025-06-04 18:17:48,548 [WARN] ModelIntegratedComponent:63 - No mode defined for component null
2025-06-04 18:17:48,548 [WARN] ModelIntegratedComponent:63 - No mode defined for component null
2025-06-04 18:17:48,548 [WARN] ModelIntegratedComponent:63 - No mode defined for component null
2025-06-04 18:17:48,548 [WARN] ModelIntegratedComponent:63 - No mode defined for component null
2025-06-04 18:17:48,548 [WARN] ModelIntegratedComponent:63 - No mode defined for component null
2025-06-04 18:17:48,548 [WARN] ModelIntegratedComponent:63 - No mode defined for component null
2025-06-04 18:17:48,548 [WARN] ModelIntegratedComponent:63 - No mode defined for component null
2025-06-04 18:17:48,549 [WARN] ModelIntegratedComponent:63 - No mode defined for component null
2025-06-04 18:17:48,549 [WARN] ModelIntegratedComponent:63 - No mode defined for component null
2025-06-04 18:17:48,549 [WARN] ModelIntegratedComponent:63 - No mode defined for component null
2025-06-04 18:17:48,549 [WARN] ModelIntegratedComponent:63 - No mode defined for component null
2025-06-04 18:17:48,549 [WARN] ModelIntegratedComponent:63 - No mode defined for component null
2025-06-04 18:17:48,549 [WARN] ModelIntegratedComponent:63 - No mode defined for component null
2025-06-04 18:17:48,549 [WARN] ModelIntegratedComponent:63 - No mode defined for component null
2025-06-04 18:17:48,549 [WARN] ModelIntegratedComponent:63 - No mode defined for component null
2025-06-04 18:17:48,549 [WARN] ModelIntegratedComponent:63 - No mode defined for component null
2025-06-04 18:17:48,549 [WARN] ModelIntegratedComponent:63 - No mode defined for component null
2025-06-04 18:17:48,549 [WARN] ModelIntegratedComponent:63 - No mode defined for component null
2025-06-04 18:17:48,549 [WARN] ModelIntegratedComponent:63 - No mode defined for component null
2025-06-04 18:17:48,549 [WARN] ModelIntegratedComponent:63 - No mode defined for component null
2025-06-04 18:17:48,549 [WARN] ModelIntegratedComponent:63 - No mode defined for component null
2025-06-04 18:17:48,549 [WARN] ModelIntegratedComponent:63 - No mode defined for component null
2025-06-04 18:17:48,549 [WARN] ModelIntegratedComponent:63 - No mode defined for component null
2025-06-04 18:17:48,549 [WARN] ModelIntegratedComponent:63 - No mode defined for component null
2025-06-04 18:17:48,549 [WARN] ModelIntegratedComponent:63 - No mode defined for component null
2025-06-04 18:17:48,549 [WARN] ModelIntegratedComponent:63 - No mode defined for component null
2025-06-04 18:17:48,549 [WARN] ModelIntegratedComponent:63 - No mode defined for component null
2025-06-04 18:17:48,549 [WARN] ModelIntegratedComponent:63 - No mode defined for component null
2025-06-04 18:17:48,549 [WARN] ModelIntegratedComponent:63 - No mode defined for component null
2025-06-04 18:17:48,550 [WARN] ModelIntegratedComponent:63 - No mode defined for component null
2025-06-04 18:17:48,550 [WARN] ModelIntegratedComponent:63 - No mode defined for component null
2025-06-04 18:17:48,550 [WARN] ModelIntegratedComponent:63 - No mode defined for component null
2025-06-04 18:17:48,550 [WARN] ModelPack:524 - Component already loaded: STMicroelectronics:HAL Drivers:0.0.0:STMicroelectronics:Device:STMicro_Driver:XSPI:HAL::0.0.1:HAL_XSPI
2025-06-04 18:17:48,705 [INFO] ThirdPartyModel:298 - Start build external matchings
2025-06-04 18:17:49,672 [INFO] ThirdPartyModel:316 - End build external matchings
2025-06-04 18:17:49,702 [INFO] RtosManager:967 - Current active RTOS is FREERTOS [Cortex-M4NS]
2025-06-04 18:17:49,714 [INFO] ImportTextPane:218 - (OptionalMessage_ERROR) IP (ADC1) : Parameter (CommonPathInternal) has invalid value (null|null|null|null)
2025-06-04 18:17:49,716 [INFO] ImportTextPane:218 - (OptionalMessage_ERROR) IP (ADC2) : Parameter (CommonPathInternal) has invalid value (null|null|null|null)
2025-06-04 18:17:49,718 [INFO] ImportTextPane:218 - (OptionalMessage_ERROR) IP (DMA) : Parameter (Instance) has Id (ADC1) currently not set
2025-06-04 18:17:49,718 [INFO] ImportTextPane:218 - (OptionalMessage_ERROR) IP (DMA) : Parameter (Request) has Id (ADC1) currently not set
2025-06-04 18:17:49,718 [INFO] ImportTextPane:218 - (OptionalMessage_ERROR) IP (DMA) : Parameter (Direction) has Id (ADC1) currently not set
2025-06-04 18:17:49,718 [INFO] ImportTextPane:218 - (OptionalMessage_ERROR) IP (DMA) : Parameter (PeriphInc) has Id (ADC1) currently not set
2025-06-04 18:17:49,719 [INFO] ImportTextPane:218 - (OptionalMessage_ERROR) IP (DMA) : Parameter (MemInc) has Id (ADC1) currently not set
2025-06-04 18:17:49,723 [INFO] ImportTextPane:218 - (OptionalMessage_ERROR) IP (DMA) : Parameter (PeriphDataAlignment) has Id (ADC1) currently not set
2025-06-04 18:17:49,725 [INFO] ImportTextPane:218 - (OptionalMessage_ERROR) IP (DMA) : Parameter (MemDataAlignment) has Id (ADC1) currently not set
2025-06-04 18:17:49,725 [INFO] ImportTextPane:218 - (OptionalMessage_ERROR) IP (DMA) : Parameter (Mode) has Id (ADC1) currently not set
2025-06-04 18:17:49,725 [INFO] ImportTextPane:218 - (OptionalMessage_ERROR) IP (DMA) : Parameter (Priority) has Id (ADC1) currently not set
2025-06-04 18:17:49,725 [INFO] ImportTextPane:218 - (OptionalMessage_ERROR) IP (DMA) : Parameter (SignalID) has Id (ADC1) currently not set
2025-06-04 18:17:49,725 [INFO] ImportTextPane:218 - (OptionalMessage_ERROR) IP (DMA) : Parameter (Polarity) has Id (ADC1) currently not set
2025-06-04 18:17:49,725 [INFO] ImportTextPane:218 - (OptionalMessage_ERROR) IP (DMA) : Parameter (RequestNumber) has Id (ADC1) currently not set
2025-06-04 18:17:49,726 [INFO] ImportTextPane:218 - (OptionalMessage_ERROR) IP (DMA) : Parameter (SyncSignalID) has Id (ADC1) currently not set
2025-06-04 18:17:49,726 [INFO] ImportTextPane:218 - (OptionalMessage_ERROR) IP (DMA) : Parameter (SyncPolarity) has Id (ADC1) currently not set
2025-06-04 18:17:49,726 [INFO] ImportTextPane:218 - (OptionalMessage_ERROR) IP (DMA) : Parameter (SyncEnable) has Id (ADC1) currently not set
2025-06-04 18:17:49,726 [INFO] ImportTextPane:218 - (OptionalMessage_ERROR) IP (DMA) : Parameter (EventEnable) has Id (ADC1) currently not set
2025-06-04 18:17:49,726 [INFO] ImportTextPane:218 - (OptionalMessage_ERROR) IP (DMA) : Parameter (SyncRequestNumber) has Id (ADC1) currently not set
2025-06-04 18:17:49,726 [INFO] ImportTextPane:218 - (OptionalMessage_ERROR) IP (DMA) : Parameter (Instance) has Id (ADC2) currently not set
2025-06-04 18:17:49,726 [INFO] ImportTextPane:218 - (OptionalMessage_ERROR) IP (DMA) : Parameter (Request) has Id (ADC2) currently not set
2025-06-04 18:17:49,727 [INFO] ImportTextPane:218 - (OptionalMessage_ERROR) IP (DMA) : Parameter (Direction) has Id (ADC2) currently not set
2025-06-04 18:17:49,727 [INFO] ImportTextPane:218 - (OptionalMessage_ERROR) IP (DMA) : Parameter (PeriphInc) has Id (ADC2) currently not set
2025-06-04 18:17:49,727 [INFO] ImportTextPane:218 - (OptionalMessage_ERROR) IP (DMA) : Parameter (MemInc) has Id (ADC2) currently not set
2025-06-04 18:17:49,727 [INFO] ImportTextPane:218 - (OptionalMessage_ERROR) IP (DMA) : Parameter (PeriphDataAlignment) has Id (ADC2) currently not set
2025-06-04 18:17:49,727 [INFO] ImportTextPane:218 - (OptionalMessage_ERROR) IP (DMA) : Parameter (MemDataAlignment) has Id (ADC2) currently not set
2025-06-04 18:17:49,728 [INFO] ImportTextPane:218 - (OptionalMessage_ERROR) IP (DMA) : Parameter (Mode) has Id (ADC2) currently not set
2025-06-04 18:17:49,728 [INFO] ImportTextPane:218 - (OptionalMessage_ERROR) IP (DMA) : Parameter (Priority) has Id (ADC2) currently not set
2025-06-04 18:17:49,728 [INFO] ImportTextPane:218 - (OptionalMessage_ERROR) IP (DMA) : Parameter (SignalID) has Id (ADC2) currently not set
2025-06-04 18:17:49,728 [INFO] ImportTextPane:218 - (OptionalMessage_ERROR) IP (DMA) : Parameter (Polarity) has Id (ADC2) currently not set
2025-06-04 18:17:49,728 [INFO] ImportTextPane:218 - (OptionalMessage_ERROR) IP (DMA) : Parameter (RequestNumber) has Id (ADC2) currently not set
2025-06-04 18:17:49,728 [INFO] ImportTextPane:218 - (OptionalMessage_ERROR) IP (DMA) : Parameter (SyncSignalID) has Id (ADC2) currently not set
2025-06-04 18:17:49,728 [INFO] ImportTextPane:218 - (OptionalMessage_ERROR) IP (DMA) : Parameter (SyncPolarity) has Id (ADC2) currently not set
2025-06-04 18:17:49,728 [INFO] ImportTextPane:218 - (OptionalMessage_ERROR) IP (DMA) : Parameter (SyncEnable) has Id (ADC2) currently not set
2025-06-04 18:17:49,728 [INFO] ImportTextPane:218 - (OptionalMessage_ERROR) IP (DMA) : Parameter (EventEnable) has Id (ADC2) currently not set
2025-06-04 18:17:49,728 [INFO] ImportTextPane:218 - (OptionalMessage_ERROR) IP (DMA) : Parameter (SyncRequestNumber) has Id (ADC2) currently not set
2025-06-04 18:17:49,731 [WARN] IP:2250 - MessageRAMOffset not found: check if there is a RefParameter without a condition.
2025-06-04 18:17:49,731 [WARN] IP:2250 - RxFifo0ElmtsNbr not found: check if there is a RefParameter without a condition.
2025-06-04 18:17:49,732 [WARN] IP:2250 - RxFifo0ElmtSize not found: check if there is a RefParameter without a condition.
2025-06-04 18:17:49,732 [WARN] IP:2250 - RxFifo1ElmtsNbr not found: check if there is a RefParameter without a condition.
2025-06-04 18:17:49,732 [WARN] IP:2250 - RxFifo1ElmtSize not found: check if there is a RefParameter without a condition.
2025-06-04 18:17:49,732 [WARN] IP:2250 - RxBuffersNbr not found: check if there is a RefParameter without a condition.
2025-06-04 18:17:49,732 [WARN] IP:2250 - RxBufferSize not found: check if there is a RefParameter without a condition.
2025-06-04 18:17:49,732 [WARN] IP:2250 - TxEventsNbr not found: check if there is a RefParameter without a condition.
2025-06-04 18:17:49,732 [WARN] IP:2250 - TxBuffersNbr not found: check if there is a RefParameter without a condition.
2025-06-04 18:17:49,732 [WARN] IP:2250 - TxFifoQueueElmtsNbr not found: check if there is a RefParameter without a condition.
2025-06-04 18:17:49,732 [WARN] IP:2250 - TxElmtSize not found: check if there is a RefParameter without a condition.
2025-06-04 18:17:49,733 [WARN] IP:2250 - ClockCalibrationCCU not found: check if there is a RefParameter without a condition.
2025-06-04 18:17:49,733 [WARN] IP:2250 - ClockDividerCCU not found: check if there is a RefParameter without a condition.
2025-06-04 18:17:49,733 [WARN] IP:2250 - MinOscClkPeriodsCCU not found: check if there is a RefParameter without a condition.
2025-06-04 18:17:49,733 [WARN] IP:2250 - TimeQuantaPerBitTimeCCU not found: check if there is a RefParameter without a condition.
2025-06-04 18:17:49,733 [WARN] IP:2250 - WatchdogStartValueCCU not found: check if there is a RefParameter without a condition.
2025-06-04 18:17:49,754 [INFO] ImportTextPane:218 - (OptionalMessage_ERROR) IP (RCC) : Invalid parameter (FamilyName)
2025-06-04 18:17:50,627 [INFO] UtilMem:75 - End LoadConfig() Used Memory: 814880008 Bytes (1073741824)
2025-06-04 18:17:50,731 [WARN] ThirdParty:833 - waiting for thirdparty lock release [change project]
2025-06-04 18:17:50,732 [INFO] ThirdParty:835 - entering critical section [change project]
2025-06-04 18:17:50,732 [INFO] ThirdParty:1030 - CMSIS Pack Vendor :STMicroelectronics USBPD 4.1
2025-06-04 18:17:50,732 [INFO] ThirdParty:1030 - CMSIS Pack Vendor :STMicroelectronics X-CUBE-AZRTOS-H7 3.3.0
2025-06-04 18:17:50,732 [INFO] ThirdParty:1030 - CMSIS Pack Vendor :STMicroelectronics X-CUBE-NFC9 1.0.0
2025-06-04 18:17:50,732 [INFO] ThirdParty:1030 - CMSIS Pack Vendor :STMicroelectronics USB_HOST 2.0.0
2025-06-04 18:17:50,732 [INFO] ThirdParty:1030 - CMSIS Pack Vendor :STMicroelectronics FP-SNS-MOTENVWB1 1.4.0
2025-06-04 18:17:50,732 [INFO] ThirdParty:1030 - CMSIS Pack Vendor :STMicroelectronics X-CUBE-AZRTOS-F4 1.1.0
2025-06-04 18:17:50,732 [INFO] ThirdParty:1030 - CMSIS Pack Vendor :STMicroelectronics LIBJPEG 8.0.0
2025-06-04 18:17:50,732 [INFO] ThirdParty:1030 - CMSIS Pack Vendor :STMicroelectronics FP-ATR-ASTRA1 2.0.2
2025-06-04 18:17:50,732 [INFO] ThirdParty:1030 - CMSIS Pack Vendor :STMicroelectronics X-CUBE-BLE1 7.1.0
2025-06-04 18:17:50,732 [INFO] ThirdParty:1030 - CMSIS Pack Vendor :Avnet-IotConnect X-CUBE-IoTC-DA16k-PMOD 1.0.0
2025-06-04 18:17:50,732 [INFO] ThirdParty:1030 - CMSIS Pack Vendor :STMicroelectronics X-CUBE-SMBUS 2.1.0
2025-06-04 18:17:50,732 [INFO] ThirdParty:1030 - CMSIS Pack Vendor :STMicroelectronics X-CUBE-WB05N 1.1.0
2025-06-04 18:17:50,732 [INFO] ThirdParty:1030 - CMSIS Pack Vendor :STMicroelectronics USB_DEVICE 3.0.0
2025-06-04 18:17:50,732 [INFO] ThirdParty:1030 - CMSIS Pack Vendor :STMicroelectronics X-CUBE-ISPU 2.1.0
2025-06-04 18:17:50,733 [INFO] ThirdParty:1030 - CMSIS Pack Vendor :STMicroelectronics X-CUBE-AZRTOS-WB 2.0.0
2025-06-04 18:17:50,733 [INFO] ThirdParty:1030 - CMSIS Pack Vendor :STMicroelectronics X-CUBE-ST60 1.0.0
2025-06-04 18:17:50,733 [INFO] ThirdParty:1030 - CMSIS Pack Vendor :STMicroelectronics X-CUBE-GNSS1 7.0.1
2025-06-04 18:17:50,733 [INFO] ThirdParty:1030 - CMSIS Pack Vendor :STMicroelectronics X-CUBE-AZRTOS-F7 1.1.0
2025-06-04 18:17:50,733 [INFO] ThirdParty:1030 - CMSIS Pack Vendor :STMicroelectronics X-CUBE-AZRTOS-L5 2.0.0
2025-06-04 18:17:50,733 [INFO] ThirdParty:1030 - CMSIS Pack Vendor :STMicroelectronics X-CUBE-TOUCHGFX 4.25.0
2025-06-04 18:17:50,733 [INFO] ThirdParty:1030 - CMSIS Pack Vendor :STMicroelectronics USB_DEVICE 2.0.0
2025-06-04 18:17:50,733 [INFO] ThirdParty:1030 - CMSIS Pack Vendor :STMicroelectronics X-CUBE-NFC6 3.1.0
2025-06-04 18:17:50,733 [INFO] ThirdParty:1030 - CMSIS Pack Vendor :STMicroelectronics X-CUBE-AI 10.1.0
2025-06-04 18:17:50,733 [INFO] ThirdParty:1030 - CMSIS Pack Vendor :STMicroelectronics FP-SNS-STBOX1 2.0.0
2025-06-04 18:17:50,733 [INFO] ThirdParty:1030 - CMSIS Pack Vendor :STMicroelectronics X-CUBE-MEMS1 11.2.0
2025-06-04 18:17:50,733 [INFO] ThirdParty:1030 - CMSIS Pack Vendor :STMicroelectronics FreeRTOS 0.0.1
2025-06-04 18:17:50,733 [INFO] ThirdParty:1030 - CMSIS Pack Vendor :STMicroelectronics X-CUBE-AZRTOS-G0 1.1.0
2025-06-04 18:17:50,733 [INFO] ThirdParty:1030 - CMSIS Pack Vendor :STMicroelectronics X-CUBE-SAFEA1 1.2.2
2025-06-04 18:17:50,733 [INFO] ThirdParty:1030 - CMSIS Pack Vendor :STMicroelectronics X-CUBE-NFC4 3.0.0
2025-06-04 18:17:50,733 [INFO] ThirdParty:1030 - CMSIS Pack Vendor :STMicroelectronics X-CUBE-DPower 1.2.0
2025-06-04 18:17:50,733 [INFO] ThirdParty:1030 - CMSIS Pack Vendor :STMicroelectronics X-CUBE-SUBG2 5.0.0
2025-06-04 18:17:50,733 [INFO] ThirdParty:1030 - CMSIS Pack Vendor :STMicroelectronics STM32_WPAN 1.0.0
2025-06-04 18:17:50,733 [INFO] ThirdParty:1030 - CMSIS Pack Vendor :EmbeddedOffice I-CUBE-FS-RTOS 1.0.1
2025-06-04 18:17:50,733 [INFO] ThirdParty:1030 - CMSIS Pack Vendor :STMicroelectronics lwIP 2.0.3
2025-06-04 18:17:50,733 [INFO] ThirdParty:1030 - CMSIS Pack Vendor :Cesanta I-CUBE-Mongoose 7.13.0
2025-06-04 18:17:50,733 [INFO] ThirdParty:1030 - CMSIS Pack Vendor :STMicroelectronics USB_HOST 1.0.0
2025-06-04 18:17:50,733 [INFO] ThirdParty:1030 - CMSIS Pack Vendor :Infineon AIROC-Wi-Fi-Bluetooth-STM32 1.7.0
2025-06-04 18:17:50,734 [INFO] ThirdParty:1030 - CMSIS Pack Vendor :STMicroelectronics X-CUBE-AZRTOS-G4 2.0.0
2025-06-04 18:17:50,734 [INFO] ThirdParty:1030 - CMSIS Pack Vendor :STMicroelectronics X-CUBE-WB05N 2.0.0
2025-06-04 18:17:50,734 [INFO] ThirdParty:1030 - CMSIS Pack Vendor :STMicroelectronics PDM2PCM 3.1.0
2025-06-04 18:17:50,734 [INFO] ThirdParty:1030 - CMSIS Pack Vendor :STMicroelectronics PDM2PCM 3.3.0
2025-06-04 18:17:50,734 [INFO] ThirdParty:1030 - CMSIS Pack Vendor :wolfSSL I-CUBE-wolfTPM 3.8.0
2025-06-04 18:17:50,734 [INFO] ThirdParty:1030 - CMSIS Pack Vendor :STMicroelectronics X-CUBE-DISPLAY 3.0.0
2025-06-04 18:17:50,734 [INFO] ThirdParty:1030 - CMSIS Pack Vendor :wolfSSL I-CUBE-wolfSSH 1.4.20
2025-06-04 18:17:50,734 [INFO] ThirdParty:1030 - CMSIS Pack Vendor :STMicroelectronics X-CUBE-NFC7 2.0.0
2025-06-04 18:17:50,734 [INFO] ThirdParty:1030 - CMSIS Pack Vendor :STMicroelectronics X-CUBE-TCPP 4.2.0
2025-06-04 18:17:50,734 [INFO] ThirdParty:1030 - CMSIS Pack Vendor :RealThread X-CUBE-RT-Thread_Nano 4.1.1
2025-06-04 18:17:50,734 [INFO] ThirdParty:1030 - CMSIS Pack Vendor :STMicroelectronics FP-ATR-SIGFOX1 3.2.0
2025-06-04 18:17:50,734 [INFO] ThirdParty:1030 - CMSIS Pack Vendor :STMicroelectronics X-CUBE-NFC10 1.0.0
2025-06-04 18:17:50,734 [INFO] ThirdParty:1030 - CMSIS Pack Vendor :STMicroelectronics X-CUBE-BLEMGR 4.0.0
2025-06-04 18:17:50,734 [INFO] ThirdParty:1030 - CMSIS Pack Vendor :STMicroelectronics X-CUBE-EEPRMA1 5.1.0
2025-06-04 18:17:50,734 [INFO] ThirdParty:1030 - CMSIS Pack Vendor :STMicroelectronics X-CUBE-FREERTOS 1.3.1
2025-06-04 18:17:50,734 [INFO] ThirdParty:1030 - CMSIS Pack Vendor :STMicroelectronics HAL Drivers 0.0.0
2025-06-04 18:17:50,734 [INFO] ThirdParty:1030 - CMSIS Pack Vendor :STMicroelectronics MBEDTLS 2.16.2
2025-06-04 18:17:50,734 [INFO] ThirdParty:1030 - CMSIS Pack Vendor :STMicroelectronics X-CUBE-IPS 3.1.0
2025-06-04 18:17:50,734 [INFO] ThirdParty:1030 - CMSIS Pack Vendor :STMicroelectronics X-CUBE-ALS 1.0.2
2025-06-04 18:17:50,734 [INFO] ThirdParty:1030 - CMSIS Pack Vendor :emotas I-CUBE-CANOPEN 1.3.0
2025-06-04 18:17:50,734 [INFO] ThirdParty:1030 - CMSIS Pack Vendor :STMicroelectronics X-CUBE-FREERTOS 1.3.0
2025-06-04 18:17:50,734 [INFO] ThirdParty:1030 - CMSIS Pack Vendor :STMicroelectronics X-CUBE-NFC7 1.0.1
2025-06-04 18:17:50,735 [INFO] ThirdParty:1030 - CMSIS Pack Vendor :STMicroelectronics MBEDTLS 2.14.1
2025-06-04 18:17:50,735 [INFO] ThirdParty:1030 - CMSIS Pack Vendor :ITTIA_DB I-CUBE-ITTIADB 8.9.0
2025-06-04 18:17:50,735 [INFO] ThirdParty:1030 - CMSIS Pack Vendor :portGmbH I-Cube-SoM-uGOAL 1.1.0
2025-06-04 18:17:50,735 [INFO] ThirdParty:1030 - CMSIS Pack Vendor :quantropi X-CUBE-qispace-sdk-base 2.0.0
2025-06-04 18:17:50,735 [INFO] ThirdParty:1030 - CMSIS Pack Vendor :STMicroelectronics X-CUBE-AI 10.0.0
2025-06-04 18:17:50,735 [INFO] ThirdParty:1030 - CMSIS Pack Vendor :STMicroelectronics X-CUBE-ST67W61 1.0.0
2025-06-04 18:17:50,735 [INFO] ThirdParty:1030 - CMSIS Pack Vendor :STMicroelectronics ThreadX 1.0.0
2025-06-04 18:17:50,735 [INFO] ThirdParty:1030 - CMSIS Pack Vendor :STMicroelectronics FP-SNS-SMARTAG2 1.2.0
2025-06-04 18:17:50,735 [INFO] ThirdParty:1030 - CMSIS Pack Vendor :STMicroelectronics FP-SNS-FLIGHT1 5.1.0
2025-06-04 18:17:50,735 [INFO] ThirdParty:1030 - CMSIS Pack Vendor :STMicroelectronics X-CUBE-MEMS1 11.1.0
2025-06-04 18:17:50,735 [INFO] ThirdParty:1030 - CMSIS Pack Vendor :STMicroelectronics X-CUBE-AZRTOS-WL 2.0.0
2025-06-04 18:17:50,735 [INFO] ThirdParty:1030 - CMSIS Pack Vendor :SEGGER I-CUBE-embOS 1.3.1
2025-06-04 18:17:50,735 [INFO] ThirdParty:1030 - CMSIS Pack Vendor :STMicroelectronics X-CUBE-ALGOBUILD 1.4.0
2025-06-04 18:17:50,735 [INFO] ThirdParty:1030 - CMSIS Pack Vendor :STMicroelectronics FP-SNS-MOTENV1 5.0.0
2025-06-04 18:17:50,735 [INFO] ThirdParty:1030 - CMSIS Pack Vendor :STMicroelectronics USB_DEVICE 1.0.0
2025-06-04 18:17:50,735 [INFO] ThirdParty:1030 - CMSIS Pack Vendor :STMicroelectronics X-CUBE-AZRTOS-H7RS 1.0.0
2025-06-04 18:17:50,735 [INFO] ThirdParty:1030 - CMSIS Pack Vendor :STMicroelectronics X-CUBE-AZRTOS-L4 2.0.0
2025-06-04 18:17:50,735 [INFO] ThirdParty:1030 - CMSIS Pack Vendor :STMicroelectronics ThreadX 0.0.2
2025-06-04 18:17:50,735 [INFO] ThirdParty:1030 - CMSIS Pack Vendor :WES I-CUBE-Cesium 1.3.0
2025-06-04 18:17:50,735 [INFO] ThirdParty:1030 - CMSIS Pack Vendor :STMicroelectronics lwIP 2.1.2
2025-06-04 18:17:50,735 [INFO] ThirdParty:1030 - CMSIS Pack Vendor :STMicroelectronics X-CUBE-SFXS2LP1 4.0.0
2025-06-04 18:17:50,735 [INFO] ThirdParty:1030 - CMSIS Pack Vendor :STMicroelectronics X-CUBE-BLE2 3.3.0
2025-06-04 18:17:50,735 [INFO] ThirdParty:1030 - CMSIS Pack Vendor :STMicroelectronics X-CUBE-TOF1 3.4.2
2025-06-04 18:17:50,736 [INFO] ThirdParty:1030 - CMSIS Pack Vendor :STMicroelectronics X-CUBE-TOF1 3.4.3
2025-06-04 18:17:50,736 [INFO] ThirdParty:1030 - CMSIS Pack Vendor :STMicroelectronics PDM2PCM 3.2.0
2025-06-04 18:17:50,736 [INFO] ThirdParty:841 - exiting critical section [change project]
2025-06-04 18:17:52,211 [INFO] PinOutPanel:1589 - setPackage(No Configuration,No Configuration)
2025-06-04 18:17:52,213 [INFO] PinOutPanel:1589 - setPackage(STM32G473RCTx,LQFP64)
2025-06-04 18:17:53,525 [INFO] UtilMem:75 - Before build in PCC Used Memory: 871366656 Bytes (1073741824)
2025-06-04 18:17:54,733 [INFO] UtilMem:75 - After build in PCC Used Memory: 975702016 Bytes (1073741824)
2025-06-04 18:17:54,758 [INFO] ApiDbMcu:508 - Load IP Config File for FREERTOS
2025-06-04 18:17:54,817 [INFO] IPUIPlugin:80 - create IPUIPlugin
2025-06-04 18:17:54,817 [INFO] IPUIPlugin:80 - create IPUIPlugin
2025-06-04 18:17:54,817 [INFO] IPUIPlugin:80 - create IPUIPlugin
2025-06-04 18:17:54,817 [INFO] IPUIPlugin:80 - create IPUIPlugin
2025-06-04 18:17:54,817 [INFO] IPUIPlugin:80 - create IPUIPlugin
2025-06-04 18:17:54,817 [INFO] IPUIPlugin:80 - create IPUIPlugin
2025-06-04 18:17:54,817 [INFO] IPUIPlugin:80 - create IPUIPlugin
2025-06-04 18:17:54,818 [INFO] IPUIPlugin:80 - create IPUIPlugin
2025-06-04 18:17:54,818 [INFO] IPUIPlugin:80 - create IPUIPlugin
2025-06-04 18:17:54,818 [INFO] IPUIPlugin:80 - create IPUIPlugin
2025-06-04 18:17:54,818 [INFO] IPUIPlugin:80 - create IPUIPlugin
2025-06-04 18:17:54,818 [INFO] IPUIPlugin:80 - create IPUIPlugin
2025-06-04 18:17:54,818 [INFO] IPUIPlugin:80 - create IPUIPlugin
2025-06-04 18:17:54,819 [INFO] IPUIPlugin:80 - create IPUIPlugin
2025-06-04 18:17:54,819 [INFO] IPUIPlugin:80 - create IPUIPlugin
2025-06-04 18:17:54,819 [INFO] IPUIPlugin:80 - create IPUIPlugin
2025-06-04 18:17:54,820 [INFO] IPUIPlugin:80 - create IPUIPlugin
2025-06-04 18:17:54,820 [INFO] IPUIPlugin:80 - create IPUIPlugin
2025-06-04 18:17:54,820 [INFO] IPUIPlugin:80 - create IPUIPlugin
2025-06-04 18:17:54,821 [INFO] IPUIPlugin:80 - create IPUIPlugin
2025-06-04 18:17:54,821 [INFO] IPUIPlugin:80 - create IPUIPlugin
2025-06-04 18:17:54,821 [INFO] IPUIPlugin:80 - create IPUIPlugin
2025-06-04 18:17:54,821 [INFO] IPUIPlugin:80 - create IPUIPlugin
2025-06-04 18:17:54,822 [INFO] IPUIPlugin:80 - create IPUIPlugin
2025-06-04 18:17:54,822 [INFO] IPUIPlugin:80 - create IPUIPlugin
2025-06-04 18:17:54,822 [INFO] IPUIPlugin:80 - create IPUIPlugin
2025-06-04 18:17:54,822 [INFO] IPUIPlugin:80 - create IPUIPlugin
2025-06-04 18:17:54,823 [INFO] IPUIPlugin:80 - create IPUIPlugin
2025-06-04 18:17:54,823 [INFO] IPUIPlugin:80 - create IPUIPlugin
2025-06-04 18:17:54,823 [INFO] IPUIPlugin:80 - create IPUIPlugin
2025-06-04 18:17:54,823 [INFO] IPUIPlugin:80 - create IPUIPlugin
2025-06-04 18:17:54,824 [INFO] IPUIPlugin:80 - create IPUIPlugin
2025-06-04 18:17:54,824 [INFO] IPUIPlugin:80 - create IPUIPlugin
2025-06-04 18:17:54,824 [INFO] IPUIPlugin:80 - create IPUIPlugin
2025-06-04 18:17:54,825 [INFO] IPUIPlugin:80 - create IPUIPlugin
2025-06-04 18:17:54,825 [INFO] IPUIPlugin:80 - create IPUIPlugin
2025-06-04 18:17:54,826 [INFO] IPUIPlugin:80 - create IPUIPlugin
2025-06-04 18:17:54,828 [INFO] IPUIPlugin:80 - create IPUIPlugin
2025-06-04 18:17:54,829 [INFO] IPUIPlugin:80 - create IPUIPlugin
2025-06-04 18:17:54,829 [INFO] IPUIPlugin:80 - create IPUIPlugin
2025-06-04 18:17:54,830 [INFO] IPUIPlugin:80 - create IPUIPlugin
2025-06-04 18:17:54,831 [INFO] IPUIPlugin:80 - create IPUIPlugin
2025-06-04 18:17:54,831 [INFO] IPUIPlugin:80 - create IPUIPlugin
2025-06-04 18:17:54,832 [INFO] IPUIPlugin:80 - create IPUIPlugin
2025-06-04 18:17:54,832 [INFO] IPUIPlugin:80 - create IPUIPlugin
2025-06-04 18:17:54,833 [INFO] IPUIPlugin:80 - create IPUIPlugin
2025-06-04 18:17:54,833 [INFO] IPUIPlugin:80 - create IPUIPlugin
2025-06-04 18:17:54,834 [INFO] IPUIPlugin:80 - create IPUIPlugin
2025-06-04 18:17:54,835 [INFO] IPUIPlugin:80 - create IPUIPlugin
2025-06-04 18:17:54,835 [INFO] IPUIPlugin:80 - create IPUIPlugin
2025-06-04 18:17:54,836 [INFO] IPUIPlugin:80 - create IPUIPlugin
2025-06-04 18:17:54,836 [INFO] IPUIPlugin:80 - create IPUIPlugin
2025-06-04 18:17:54,837 [INFO] IPUIPlugin:80 - create IPUIPlugin
2025-06-04 18:17:54,838 [INFO] IPUIPlugin:80 - create IPUIPlugin
2025-06-04 18:17:54,838 [INFO] IPUIPlugin:80 - create IPUIPlugin
2025-06-04 18:17:54,839 [INFO] IPUIPlugin:80 - create IPUIPlugin
2025-06-04 18:17:54,839 [INFO] IPUIPlugin:80 - create IPUIPlugin
2025-06-04 18:17:54,840 [INFO] IPUIPlugin:80 - create IPUIPlugin
2025-06-04 18:17:54,841 [INFO] IPUIPlugin:80 - create IPUIPlugin
2025-06-04 18:17:54,841 [INFO] IPUIPlugin:80 - create IPUIPlugin
2025-06-04 18:17:54,842 [INFO] IPUIPlugin:80 - create IPUIPlugin
2025-06-04 18:17:54,843 [INFO] IPUIPlugin:80 - create IPUIPlugin
2025-06-04 18:17:54,844 [INFO] IPUIPlugin:80 - create IPUIPlugin
2025-06-04 18:17:54,845 [INFO] IPUIPlugin:80 - create IPUIPlugin
2025-06-04 18:17:54,846 [INFO] IPUIPlugin:80 - create IPUIPlugin
2025-06-04 18:17:54,848 [INFO] IPUIPlugin:80 - create IPUIPlugin
2025-06-04 18:17:54,849 [INFO] IPUIPlugin:80 - create IPUIPlugin
2025-06-04 18:17:54,849 [INFO] IPUIPlugin:80 - create IPUIPlugin
2025-06-04 18:17:54,849 [INFO] IPUIPlugin:80 - create IPUIPlugin
2025-06-04 18:17:54,850 [INFO] IPUIPlugin:80 - create IPUIPlugin
2025-06-04 18:17:54,850 [INFO] IPUIPlugin:80 - create IPUIPlugin
2025-06-04 18:17:54,851 [INFO] IPUIPlugin:80 - create IPUIPlugin
2025-06-04 18:17:54,851 [INFO] IPUIPlugin:80 - create IPUIPlugin
2025-06-04 18:17:54,851 [INFO] IPUIPlugin:80 - create IPUIPlugin
2025-06-04 18:17:54,852 [INFO] IPUIPlugin:80 - create IPUIPlugin
2025-06-04 18:17:54,852 [INFO] IPUIPlugin:80 - create IPUIPlugin
2025-06-04 18:17:54,854 [WARN] IP:2250 - MessageRAMOffset not found: check if there is a RefParameter without a condition.
2025-06-04 18:17:54,854 [WARN] IP:2250 - RxFifo0ElmtsNbr not found: check if there is a RefParameter without a condition.
2025-06-04 18:17:54,854 [WARN] IP:2250 - RxFifo0ElmtSize not found: check if there is a RefParameter without a condition.
2025-06-04 18:17:54,854 [WARN] IP:2250 - RxFifo1ElmtsNbr not found: check if there is a RefParameter without a condition.
2025-06-04 18:17:54,854 [WARN] IP:2250 - RxFifo1ElmtSize not found: check if there is a RefParameter without a condition.
2025-06-04 18:17:54,854 [WARN] IP:2250 - RxBuffersNbr not found: check if there is a RefParameter without a condition.
2025-06-04 18:17:54,854 [WARN] IP:2250 - RxBufferSize not found: check if there is a RefParameter without a condition.
2025-06-04 18:17:54,854 [WARN] IP:2250 - TxEventsNbr not found: check if there is a RefParameter without a condition.
2025-06-04 18:17:54,854 [WARN] IP:2250 - TxBuffersNbr not found: check if there is a RefParameter without a condition.
2025-06-04 18:17:54,854 [WARN] IP:2250 - TxFifoQueueElmtsNbr not found: check if there is a RefParameter without a condition.
2025-06-04 18:17:54,854 [WARN] IP:2250 - TxElmtSize not found: check if there is a RefParameter without a condition.
2025-06-04 18:17:54,854 [WARN] IP:2250 - ClockCalibrationCCU not found: check if there is a RefParameter without a condition.
2025-06-04 18:17:54,854 [WARN] IP:2250 - ClockDividerCCU not found: check if there is a RefParameter without a condition.
2025-06-04 18:17:54,854 [WARN] IP:2250 - MinOscClkPeriodsCCU not found: check if there is a RefParameter without a condition.
2025-06-04 18:17:54,854 [WARN] IP:2250 - TimeQuantaPerBitTimeCCU not found: check if there is a RefParameter without a condition.
2025-06-04 18:17:54,855 [WARN] IP:2250 - WatchdogStartValueCCU not found: check if there is a RefParameter without a condition.
2025-06-04 18:17:54,857 [INFO] LogOutputStream:77 - [STDOUT_REDIRECT] Nominal 
2025-06-04 18:17:54,857 [INFO] Can:71 - Can Add PropertyChangeListener com.st.microxplorer.plugins.ip.can.Can@6b2cf41b
2025-06-04 18:17:54,961 [WARN] FreeRTOS:1023 - Null or empty value: should not occur! (nothing added to the table)
2025-06-04 18:17:55,107 [INFO] CADModel:165 - CPN selected for project levelSTM32G473RCT6
2025-06-04 18:17:55,107 [INFO] CADModel:114 - Register for checkConnection events
2025-06-04 18:17:55,113 [INFO] RtosManager:725 - Active RTOS found at IOC load: FREERTOS [Cortex-M4NS]
2025-06-04 18:17:55,224 [INFO] OpenFileManager:385 - Restore cursor
2025-06-04 18:17:55,770 [WARN] IP:2250 - MessageRAMOffset not found: check if there is a RefParameter without a condition.
2025-06-04 18:17:55,771 [WARN] IP:2250 - RxFifo0ElmtsNbr not found: check if there is a RefParameter without a condition.
2025-06-04 18:17:55,771 [WARN] IP:2250 - RxFifo0ElmtSize not found: check if there is a RefParameter without a condition.
2025-06-04 18:17:55,771 [WARN] IP:2250 - RxFifo1ElmtsNbr not found: check if there is a RefParameter without a condition.
2025-06-04 18:17:55,771 [WARN] IP:2250 - RxFifo1ElmtSize not found: check if there is a RefParameter without a condition.
2025-06-04 18:17:55,771 [WARN] IP:2250 - RxBuffersNbr not found: check if there is a RefParameter without a condition.
2025-06-04 18:17:55,771 [WARN] IP:2250 - RxBufferSize not found: check if there is a RefParameter without a condition.
2025-06-04 18:17:55,771 [WARN] IP:2250 - TxEventsNbr not found: check if there is a RefParameter without a condition.
2025-06-04 18:17:55,771 [WARN] IP:2250 - TxBuffersNbr not found: check if there is a RefParameter without a condition.
2025-06-04 18:17:55,771 [WARN] IP:2250 - TxFifoQueueElmtsNbr not found: check if there is a RefParameter without a condition.
2025-06-04 18:17:55,771 [WARN] IP:2250 - TxElmtSize not found: check if there is a RefParameter without a condition.
2025-06-04 18:17:55,772 [WARN] IP:2250 - ClockCalibrationCCU not found: check if there is a RefParameter without a condition.
2025-06-04 18:17:55,772 [WARN] IP:2250 - ClockDividerCCU not found: check if there is a RefParameter without a condition.
2025-06-04 18:17:55,772 [WARN] IP:2250 - MinOscClkPeriodsCCU not found: check if there is a RefParameter without a condition.
2025-06-04 18:17:55,772 [WARN] IP:2250 - TimeQuantaPerBitTimeCCU not found: check if there is a RefParameter without a condition.
2025-06-04 18:17:55,772 [WARN] IP:2250 - WatchdogStartValueCCU not found: check if there is a RefParameter without a condition.
2025-06-04 18:19:03,677 [INFO] UtilMem:75 - End SaveConfig() Used Memory: 904923136 Bytes (1073741824)
2025-06-04 18:19:05,650 [INFO] UtilMem:75 - End SaveConfig() Used Memory: 936380416 Bytes (1073741824)
2025-06-04 18:19:08,869 [INFO] UtilMem:75 - End SaveConfig() Used Memory: 983040000 Bytes (1073741824)
2025-06-04 18:19:09,565 [INFO] BlockDiagram:2775 - set Specific Code input for plugin: SPI
2025-06-04 18:19:09,566 [INFO] BlockDiagram:2775 - set Specific Code input for plugin: FREERTOS
2025-06-04 18:19:09,566 [INFO] BlockDiagram:2775 - set Specific Code input for plugin: IWDG
2025-06-04 18:19:09,566 [INFO] BlockDiagram:2775 - set Specific Code input for plugin: DAC
2025-06-04 18:19:09,566 [INFO] BlockDiagram:2775 - set Specific Code input for plugin: ADC
2025-06-04 18:19:09,566 [INFO] BlockDiagram:2775 - set Specific Code input for plugin: SYS
2025-06-04 18:19:09,566 [INFO] BlockDiagram:2775 - set Specific Code input for plugin: ADC
2025-06-04 18:19:09,566 [INFO] BlockDiagram:2775 - set Specific Code input for plugin: RCC
2025-06-04 18:19:09,566 [INFO] BlockDiagram:2775 - set Specific Code input for plugin: I2C
2025-06-04 18:19:09,566 [INFO] BlockDiagram:2775 - set Specific Code input for plugin: I2C
2025-06-04 18:19:09,566 [INFO] BlockDiagram:2775 - set Specific Code input for plugin: I2C
2025-06-04 18:19:09,566 [INFO] BlockDiagram:2775 - set Specific Code input for plugin: NVIC
2025-06-04 18:19:09,567 [INFO] BlockDiagram:2775 - set Specific Code input for plugin: USART
2025-06-04 18:19:09,567 [INFO] BlockDiagram:2775 - set Specific Code input for plugin: DMA
2025-06-04 18:19:09,567 [INFO] BlockDiagram:2775 - set Specific Code input for plugin: GPIO
2025-06-04 18:19:09,568 [INFO] BlockDiagram:2775 - set Specific Code input for plugin: FDCAN
2025-06-04 18:19:09,570 [INFO] CodeGenerator:882 - code generatio: config db path: C:\ST\STM32CubeIDE_1.18.0\STM32CubeIDE\plugins\com.st.stm32cube.common.mx_6.14.0.202502271554\\db\
2025-06-04 18:19:09,602 [INFO] Argument:325 - Argument : hdmavalue: null
2025-06-04 18:19:09,602 [INFO] Argument:327 - 	 sub Args: 
2025-06-04 18:19:09,602 [INFO] Argument:325 - Argument : Instancevalue: DMA1_Channel1
2025-06-04 18:19:09,602 [INFO] Argument:335 - Argument : Instancevalue: DMA1_Channel1
2025-06-04 18:19:09,602 [INFO] Argument:325 - Argument : Initvalue: null
2025-06-04 18:19:09,602 [INFO] Argument:327 - 	 sub Args: 
2025-06-04 18:19:09,602 [INFO] Argument:325 - Argument : Requestvalue: DMA_REQUEST_ADC1
2025-06-04 18:19:09,602 [INFO] Argument:335 - Argument : Requestvalue: DMA_REQUEST_ADC1
2025-06-04 18:19:09,602 [INFO] Argument:325 - Argument : Directionvalue: DMA_PERIPH_TO_MEMORY
2025-06-04 18:19:09,602 [INFO] Argument:335 - Argument : Directionvalue: DMA_PERIPH_TO_MEMORY
2025-06-04 18:19:09,602 [INFO] Argument:325 - Argument : PeriphIncvalue: DMA_PINC_DISABLE
2025-06-04 18:19:09,602 [INFO] Argument:335 - Argument : PeriphIncvalue: DMA_PINC_DISABLE
2025-06-04 18:19:09,602 [INFO] Argument:325 - Argument : MemIncvalue: DMA_MINC_ENABLE
2025-06-04 18:19:09,602 [INFO] Argument:335 - Argument : MemIncvalue: DMA_MINC_ENABLE
2025-06-04 18:19:09,602 [INFO] Argument:325 - Argument : PeriphDataAlignmentvalue: DMA_PDATAALIGN_HALFWORD
2025-06-04 18:19:09,602 [INFO] Argument:335 - Argument : PeriphDataAlignmentvalue: DMA_PDATAALIGN_HALFWORD
2025-06-04 18:19:09,602 [INFO] Argument:325 - Argument : MemDataAlignmentvalue: DMA_MDATAALIGN_HALFWORD
2025-06-04 18:19:09,603 [INFO] Argument:335 - Argument : MemDataAlignmentvalue: DMA_MDATAALIGN_HALFWORD
2025-06-04 18:19:09,603 [INFO] Argument:325 - Argument : Modevalue: DMA_CIRCULAR
2025-06-04 18:19:09,603 [INFO] Argument:335 - Argument : Modevalue: DMA_CIRCULAR
2025-06-04 18:19:09,603 [INFO] Argument:325 - Argument : Priorityvalue: DMA_PRIORITY_LOW
2025-06-04 18:19:09,603 [INFO] Argument:335 - Argument : Priorityvalue: DMA_PRIORITY_LOW
2025-06-04 18:19:09,603 [INFO] Argument:325 - Argument : Lockvalue: null
2025-06-04 18:19:09,603 [INFO] Argument:335 - Argument : Lockvalue: null
2025-06-04 18:19:09,603 [INFO] Argument:325 - Argument : Statevalue: null
2025-06-04 18:19:09,603 [INFO] Argument:335 - Argument : Statevalue: null
2025-06-04 18:19:09,603 [INFO] Argument:325 - Argument : Parentvalue: null
2025-06-04 18:19:09,603 [INFO] Argument:335 - Argument : Parentvalue: null
2025-06-04 18:19:09,603 [INFO] Argument:325 - Argument : XferCpltCallbackvalue: null
2025-06-04 18:19:09,603 [INFO] Argument:335 - Argument : XferCpltCallbackvalue: null
2025-06-04 18:19:09,603 [INFO] Argument:325 - Argument : XferHalfCpltCallbackvalue: null
2025-06-04 18:19:09,603 [INFO] Argument:335 - Argument : XferHalfCpltCallbackvalue: null
2025-06-04 18:19:09,603 [INFO] Argument:325 - Argument : XferErrorCallbackvalue: null
2025-06-04 18:19:09,603 [INFO] Argument:335 - Argument : XferErrorCallbackvalue: null
2025-06-04 18:19:09,603 [INFO] Argument:325 - Argument : XferAbortCallbackvalue: null
2025-06-04 18:19:09,603 [INFO] Argument:335 - Argument : XferAbortCallbackvalue: null
2025-06-04 18:19:09,603 [INFO] Argument:325 - Argument : ErrorCodevalue: null
2025-06-04 18:19:09,603 [INFO] Argument:335 - Argument : ErrorCodevalue: null
2025-06-04 18:19:09,603 [INFO] Argument:325 - Argument : ChannelIndexvalue: null
2025-06-04 18:19:09,604 [INFO] Argument:335 - Argument : ChannelIndexvalue: null
2025-06-04 18:19:09,604 [INFO] Argument:325 - Argument : DMAmuxChannelvalue: null
2025-06-04 18:19:09,604 [INFO] Argument:335 - Argument : DMAmuxChannelvalue: null
2025-06-04 18:19:09,604 [INFO] Argument:325 - Argument : DMAmuxChannelStatusvalue: null
2025-06-04 18:19:09,604 [INFO] Argument:335 - Argument : DMAmuxChannelStatusvalue: null
2025-06-04 18:19:09,604 [INFO] Argument:325 - Argument : DMAmuxChannelStatusMaskvalue: null
2025-06-04 18:19:09,604 [INFO] Argument:335 - Argument : DMAmuxChannelStatusMaskvalue: null
2025-06-04 18:19:09,604 [INFO] Argument:325 - Argument : DMAmuxRequestGenvalue: null
2025-06-04 18:19:09,604 [INFO] Argument:335 - Argument : DMAmuxRequestGenvalue: null
2025-06-04 18:19:09,604 [INFO] Argument:325 - Argument : DMAmuxRequestGenStatusvalue: null
2025-06-04 18:19:09,604 [INFO] Argument:335 - Argument : DMAmuxRequestGenStatusvalue: null
2025-06-04 18:19:09,604 [INFO] Argument:325 - Argument : DMAmuxRequestGenStatusMaskvalue: null
2025-06-04 18:19:09,604 [INFO] Argument:335 - Argument : DMAmuxRequestGenStatusMaskvalue: null
2025-06-04 18:19:09,625 [INFO] Argument:325 - Argument : hdmavalue: null
2025-06-04 18:19:09,625 [INFO] Argument:327 - 	 sub Args: 
2025-06-04 18:19:09,625 [INFO] Argument:325 - Argument : Instancevalue: DMA2_Channel2
2025-06-04 18:19:09,625 [INFO] Argument:335 - Argument : Instancevalue: DMA2_Channel2
2025-06-04 18:19:09,625 [INFO] Argument:325 - Argument : Initvalue: null
2025-06-04 18:19:09,625 [INFO] Argument:327 - 	 sub Args: 
2025-06-04 18:19:09,625 [INFO] Argument:325 - Argument : Requestvalue: DMA_REQUEST_ADC2
2025-06-04 18:19:09,625 [INFO] Argument:335 - Argument : Requestvalue: DMA_REQUEST_ADC2
2025-06-04 18:19:09,625 [INFO] Argument:325 - Argument : Directionvalue: DMA_PERIPH_TO_MEMORY
2025-06-04 18:19:09,625 [INFO] Argument:335 - Argument : Directionvalue: DMA_PERIPH_TO_MEMORY
2025-06-04 18:19:09,625 [INFO] Argument:325 - Argument : PeriphIncvalue: DMA_PINC_DISABLE
2025-06-04 18:19:09,625 [INFO] Argument:335 - Argument : PeriphIncvalue: DMA_PINC_DISABLE
2025-06-04 18:19:09,626 [INFO] Argument:325 - Argument : MemIncvalue: DMA_MINC_ENABLE
2025-06-04 18:19:09,626 [INFO] Argument:335 - Argument : MemIncvalue: DMA_MINC_ENABLE
2025-06-04 18:19:09,626 [INFO] Argument:325 - Argument : PeriphDataAlignmentvalue: DMA_PDATAALIGN_HALFWORD
2025-06-04 18:19:09,626 [INFO] Argument:335 - Argument : PeriphDataAlignmentvalue: DMA_PDATAALIGN_HALFWORD
2025-06-04 18:19:09,626 [INFO] Argument:325 - Argument : MemDataAlignmentvalue: DMA_MDATAALIGN_HALFWORD
2025-06-04 18:19:09,626 [INFO] Argument:335 - Argument : MemDataAlignmentvalue: DMA_MDATAALIGN_HALFWORD
2025-06-04 18:19:09,626 [INFO] Argument:325 - Argument : Modevalue: DMA_CIRCULAR
2025-06-04 18:19:09,626 [INFO] Argument:335 - Argument : Modevalue: DMA_CIRCULAR
2025-06-04 18:19:09,626 [INFO] Argument:325 - Argument : Priorityvalue: DMA_PRIORITY_LOW
2025-06-04 18:19:09,626 [INFO] Argument:335 - Argument : Priorityvalue: DMA_PRIORITY_LOW
2025-06-04 18:19:09,626 [INFO] Argument:325 - Argument : Lockvalue: null
2025-06-04 18:19:09,626 [INFO] Argument:335 - Argument : Lockvalue: null
2025-06-04 18:19:09,626 [INFO] Argument:325 - Argument : Statevalue: null
2025-06-04 18:19:09,626 [INFO] Argument:335 - Argument : Statevalue: null
2025-06-04 18:19:09,626 [INFO] Argument:325 - Argument : Parentvalue: null
2025-06-04 18:19:09,626 [INFO] Argument:335 - Argument : Parentvalue: null
2025-06-04 18:19:09,626 [INFO] Argument:325 - Argument : XferCpltCallbackvalue: null
2025-06-04 18:19:09,627 [INFO] Argument:335 - Argument : XferCpltCallbackvalue: null
2025-06-04 18:19:09,627 [INFO] Argument:325 - Argument : XferHalfCpltCallbackvalue: null
2025-06-04 18:19:09,627 [INFO] Argument:335 - Argument : XferHalfCpltCallbackvalue: null
2025-06-04 18:19:09,627 [INFO] Argument:325 - Argument : XferErrorCallbackvalue: null
2025-06-04 18:19:09,627 [INFO] Argument:335 - Argument : XferErrorCallbackvalue: null
2025-06-04 18:19:09,627 [INFO] Argument:325 - Argument : XferAbortCallbackvalue: null
2025-06-04 18:19:09,627 [INFO] Argument:335 - Argument : XferAbortCallbackvalue: null
2025-06-04 18:19:09,627 [INFO] Argument:325 - Argument : ErrorCodevalue: null
2025-06-04 18:19:09,627 [INFO] Argument:335 - Argument : ErrorCodevalue: null
2025-06-04 18:19:09,627 [INFO] Argument:325 - Argument : ChannelIndexvalue: null
2025-06-04 18:19:09,627 [INFO] Argument:335 - Argument : ChannelIndexvalue: null
2025-06-04 18:19:09,627 [INFO] Argument:325 - Argument : DMAmuxChannelvalue: null
2025-06-04 18:19:09,627 [INFO] Argument:335 - Argument : DMAmuxChannelvalue: null
2025-06-04 18:19:09,627 [INFO] Argument:325 - Argument : DMAmuxChannelStatusvalue: null
2025-06-04 18:19:09,627 [INFO] Argument:335 - Argument : DMAmuxChannelStatusvalue: null
2025-06-04 18:19:09,627 [INFO] Argument:325 - Argument : DMAmuxChannelStatusMaskvalue: null
2025-06-04 18:19:09,627 [INFO] Argument:335 - Argument : DMAmuxChannelStatusMaskvalue: null
2025-06-04 18:19:09,627 [INFO] Argument:325 - Argument : DMAmuxRequestGenvalue: null
2025-06-04 18:19:09,628 [INFO] Argument:335 - Argument : DMAmuxRequestGenvalue: null
2025-06-04 18:19:09,628 [INFO] Argument:325 - Argument : DMAmuxRequestGenStatusvalue: null
2025-06-04 18:19:09,628 [INFO] Argument:335 - Argument : DMAmuxRequestGenStatusvalue: null
2025-06-04 18:19:09,628 [INFO] Argument:325 - Argument : DMAmuxRequestGenStatusMaskvalue: null
2025-06-04 18:19:09,628 [INFO] Argument:335 - Argument : DMAmuxRequestGenStatusMaskvalue: null
2025-06-04 18:19:09,637 [WARN] IP:2250 - MessageRAMOffset not found: check if there is a RefParameter without a condition.
2025-06-04 18:19:09,637 [WARN] IP:2250 - RxFifo0ElmtsNbr not found: check if there is a RefParameter without a condition.
2025-06-04 18:19:09,637 [WARN] IP:2250 - RxFifo0ElmtSize not found: check if there is a RefParameter without a condition.
2025-06-04 18:19:09,637 [WARN] IP:2250 - RxFifo1ElmtsNbr not found: check if there is a RefParameter without a condition.
2025-06-04 18:19:09,637 [WARN] IP:2250 - RxFifo1ElmtSize not found: check if there is a RefParameter without a condition.
2025-06-04 18:19:09,638 [WARN] IP:2250 - RxBuffersNbr not found: check if there is a RefParameter without a condition.
2025-06-04 18:19:09,638 [WARN] IP:2250 - RxBufferSize not found: check if there is a RefParameter without a condition.
2025-06-04 18:19:09,638 [WARN] IP:2250 - TxEventsNbr not found: check if there is a RefParameter without a condition.
2025-06-04 18:19:09,638 [WARN] IP:2250 - TxBuffersNbr not found: check if there is a RefParameter without a condition.
2025-06-04 18:19:09,638 [WARN] IP:2250 - TxFifoQueueElmtsNbr not found: check if there is a RefParameter without a condition.
2025-06-04 18:19:09,638 [WARN] IP:2250 - TxElmtSize not found: check if there is a RefParameter without a condition.
2025-06-04 18:19:09,638 [WARN] IP:2250 - ClockCalibrationCCU not found: check if there is a RefParameter without a condition.
2025-06-04 18:19:09,638 [WARN] IP:2250 - ClockDividerCCU not found: check if there is a RefParameter without a condition.
2025-06-04 18:19:09,638 [WARN] IP:2250 - MinOscClkPeriodsCCU not found: check if there is a RefParameter without a condition.
2025-06-04 18:19:09,638 [WARN] IP:2250 - TimeQuantaPerBitTimeCCU not found: check if there is a RefParameter without a condition.
2025-06-04 18:19:09,638 [WARN] IP:2250 - WatchdogStartValueCCU not found: check if there is a RefParameter without a condition.
2025-06-04 18:19:09,988 [INFO] CodeEngine:263 - oldGeneratedFile, C:\Users\pwlub\Desktop\PUTM_EV_REARBOX_2024\firmware\MXTmpFiles\license.tmp_save
2025-06-04 18:19:11,306 [INFO] CodeEngine:287 - Generated code: C:\Users\pwlub\Desktop\PUTM_EV_REARBOX_2024\firmware\MXTmpFiles\license.tmp
2025-06-04 18:19:11,933 [INFO] CodeEngine:263 - oldGeneratedFile, C:\Users\pwlub\Desktop\PUTM_EV_REARBOX_2024\firmware\Core\Src\gpio.c_save
2025-06-04 18:19:12,771 [INFO] CodeEngine:287 - Generated code: C:\Users\pwlub\Desktop\PUTM_EV_REARBOX_2024\firmware\Core\Src\gpio.c
2025-06-04 18:19:12,823 [INFO] CodeEngine:263 - oldGeneratedFile, C:\Users\pwlub\Desktop\PUTM_EV_REARBOX_2024\firmware\Core\Inc\gpio.h_save
2025-06-04 18:19:13,133 [INFO] CodeEngine:287 - Generated code: C:\Users\pwlub\Desktop\PUTM_EV_REARBOX_2024\firmware\Core\Inc\gpio.h
2025-06-04 18:19:18,288 [INFO] Middleware:1452 - No code input for Bsp Dependency
2025-06-04 18:19:18,308 [INFO] CodeEngine:263 - oldGeneratedFile, C:\Users\pwlub\Desktop\PUTM_EV_REARBOX_2024\firmware\MXTmpFiles\rtos_inc.tmp_save
2025-06-04 18:19:18,513 [INFO] CodeEngine:287 - Generated code: C:\Users\pwlub\Desktop\PUTM_EV_REARBOX_2024\firmware\MXTmpFiles\rtos_inc.tmp
2025-06-04 18:19:18,538 [INFO] CodeEngine:263 - oldGeneratedFile, C:\Users\pwlub\Desktop\PUTM_EV_REARBOX_2024\firmware\MXTmpFiles\rtos_kernelInit.tmp_save
2025-06-04 18:19:18,784 [INFO] CodeEngine:287 - Generated code: C:\Users\pwlub\Desktop\PUTM_EV_REARBOX_2024\firmware\MXTmpFiles\rtos_kernelInit.tmp
2025-06-04 18:19:18,794 [INFO] CodeEngine:263 - oldGeneratedFile, C:\Users\pwlub\Desktop\PUTM_EV_REARBOX_2024\firmware\MXTmpFiles\rtos_kernelStart.tmp_save
2025-06-04 18:19:18,928 [INFO] CodeEngine:287 - Generated code: C:\Users\pwlub\Desktop\PUTM_EV_REARBOX_2024\firmware\MXTmpFiles\rtos_kernelStart.tmp
2025-06-04 18:19:18,940 [INFO] CodeEngine:263 - oldGeneratedFile, C:\Users\pwlub\Desktop\PUTM_EV_REARBOX_2024\firmware\MXTmpFiles\rtos_typedefs.tmp_save
2025-06-04 18:19:19,056 [INFO] CodeEngine:287 - Generated code: C:\Users\pwlub\Desktop\PUTM_EV_REARBOX_2024\firmware\MXTmpFiles\rtos_typedefs.tmp
2025-06-04 18:19:19,067 [INFO] CodeEngine:263 - oldGeneratedFile, C:\Users\pwlub\Desktop\PUTM_EV_REARBOX_2024\firmware\MXTmpFiles\rtos_vars.tmp_save
2025-06-04 18:19:19,208 [INFO] CodeEngine:287 - Generated code: C:\Users\pwlub\Desktop\PUTM_EV_REARBOX_2024\firmware\MXTmpFiles\rtos_vars.tmp
2025-06-04 18:19:19,220 [INFO] CodeEngine:263 - oldGeneratedFile, C:\Users\pwlub\Desktop\PUTM_EV_REARBOX_2024\firmware\MXTmpFiles\rtos_pfp.tmp_save
2025-06-04 18:19:19,388 [INFO] CodeEngine:287 - Generated code: C:\Users\pwlub\Desktop\PUTM_EV_REARBOX_2024\firmware\MXTmpFiles\rtos_pfp.tmp
2025-06-04 18:19:19,426 [INFO] CodeEngine:263 - oldGeneratedFile, C:\Users\pwlub\Desktop\PUTM_EV_REARBOX_2024\firmware\MXTmpFiles\rtos_obj_creat.tmp_save
2025-06-04 18:19:19,619 [INFO] CodeEngine:287 - Generated code: C:\Users\pwlub\Desktop\PUTM_EV_REARBOX_2024\firmware\MXTmpFiles\rtos_obj_creat.tmp
2025-06-04 18:19:19,636 [INFO] CodeEngine:263 - oldGeneratedFile, C:\Users\pwlub\Desktop\PUTM_EV_REARBOX_2024\firmware\MXTmpFiles\rtos_default_thread.tmp_save
2025-06-04 18:19:19,780 [INFO] CodeEngine:287 - Generated code: C:\Users\pwlub\Desktop\PUTM_EV_REARBOX_2024\firmware\MXTmpFiles\rtos_default_thread.tmp
2025-06-04 18:19:19,792 [INFO] CodeEngine:263 - oldGeneratedFile, C:\Users\pwlub\Desktop\PUTM_EV_REARBOX_2024\firmware\MXTmpFiles\rtos_threads.tmp_save
2025-06-04 18:19:19,938 [INFO] CodeEngine:287 - Generated code: C:\Users\pwlub\Desktop\PUTM_EV_REARBOX_2024\firmware\MXTmpFiles\rtos_threads.tmp
2025-06-04 18:19:20,010 [INFO] Middleware:1452 - No code input for Bsp Dependency
2025-06-04 18:19:20,035 [INFO] CodeEngine:263 - oldGeneratedFile, C:\Users\pwlub\Desktop\PUTM_EV_REARBOX_2024\firmware\MXTmpFiles\rtos_inc.tmp_save
2025-06-04 18:19:20,234 [INFO] CodeEngine:287 - Generated code: C:\Users\pwlub\Desktop\PUTM_EV_REARBOX_2024\firmware\MXTmpFiles\rtos_inc.tmp
2025-06-04 18:19:20,244 [INFO] CodeEngine:263 - oldGeneratedFile, C:\Users\pwlub\Desktop\PUTM_EV_REARBOX_2024\firmware\MXTmpFiles\rtos_kernelInit.tmp_save
2025-06-04 18:19:20,411 [INFO] CodeEngine:287 - Generated code: C:\Users\pwlub\Desktop\PUTM_EV_REARBOX_2024\firmware\MXTmpFiles\rtos_kernelInit.tmp
2025-06-04 18:19:20,422 [INFO] CodeEngine:263 - oldGeneratedFile, C:\Users\pwlub\Desktop\PUTM_EV_REARBOX_2024\firmware\MXTmpFiles\rtos_kernelStart.tmp_save
2025-06-04 18:19:20,578 [INFO] CodeEngine:287 - Generated code: C:\Users\pwlub\Desktop\PUTM_EV_REARBOX_2024\firmware\MXTmpFiles\rtos_kernelStart.tmp
2025-06-04 18:19:20,590 [INFO] CodeEngine:263 - oldGeneratedFile, C:\Users\pwlub\Desktop\PUTM_EV_REARBOX_2024\firmware\MXTmpFiles\rtos_typedefs.tmp_save
2025-06-04 18:19:20,723 [INFO] CodeEngine:287 - Generated code: C:\Users\pwlub\Desktop\PUTM_EV_REARBOX_2024\firmware\MXTmpFiles\rtos_typedefs.tmp
2025-06-04 18:19:20,750 [INFO] CodeEngine:263 - oldGeneratedFile, C:\Users\pwlub\Desktop\PUTM_EV_REARBOX_2024\firmware\MXTmpFiles\rtos_vars.tmp_save
2025-06-04 18:19:20,924 [INFO] CodeEngine:287 - Generated code: C:\Users\pwlub\Desktop\PUTM_EV_REARBOX_2024\firmware\MXTmpFiles\rtos_vars.tmp
2025-06-04 18:19:20,937 [INFO] CodeEngine:263 - oldGeneratedFile, C:\Users\pwlub\Desktop\PUTM_EV_REARBOX_2024\firmware\MXTmpFiles\rtos_pfp.tmp_save
2025-06-04 18:19:21,062 [INFO] CodeEngine:287 - Generated code: C:\Users\pwlub\Desktop\PUTM_EV_REARBOX_2024\firmware\MXTmpFiles\rtos_pfp.tmp
2025-06-04 18:19:21,091 [INFO] CodeEngine:263 - oldGeneratedFile, C:\Users\pwlub\Desktop\PUTM_EV_REARBOX_2024\firmware\MXTmpFiles\rtos_obj_creat.tmp_save
2025-06-04 18:19:21,218 [INFO] CodeEngine:287 - Generated code: C:\Users\pwlub\Desktop\PUTM_EV_REARBOX_2024\firmware\MXTmpFiles\rtos_obj_creat.tmp
2025-06-04 18:19:21,225 [INFO] CodeEngine:263 - oldGeneratedFile, C:\Users\pwlub\Desktop\PUTM_EV_REARBOX_2024\firmware\MXTmpFiles\rtos_default_thread.tmp_save
2025-06-04 18:19:21,318 [INFO] CodeEngine:287 - Generated code: C:\Users\pwlub\Desktop\PUTM_EV_REARBOX_2024\firmware\MXTmpFiles\rtos_default_thread.tmp
2025-06-04 18:19:21,324 [INFO] CodeEngine:263 - oldGeneratedFile, C:\Users\pwlub\Desktop\PUTM_EV_REARBOX_2024\firmware\MXTmpFiles\rtos_threads.tmp_save
2025-06-04 18:19:21,420 [INFO] CodeEngine:287 - Generated code: C:\Users\pwlub\Desktop\PUTM_EV_REARBOX_2024\firmware\MXTmpFiles\rtos_threads.tmp
2025-06-04 18:19:21,453 [INFO] CodeEngine:263 - oldGeneratedFile, C:\Users\pwlub\Desktop\PUTM_EV_REARBOX_2024\firmware\Core\Inc\FreeRTOSConfig.h_save
2025-06-04 18:19:21,640 [INFO] CodeEngine:287 - Generated code: C:\Users\pwlub\Desktop\PUTM_EV_REARBOX_2024\firmware\Core\Inc\FreeRTOSConfig.h
2025-06-04 18:19:21,677 [INFO] CodeEngine:263 - oldGeneratedFile, C:\Users\pwlub\Desktop\PUTM_EV_REARBOX_2024\firmware\Core\Src\app_freertos.c_save
2025-06-04 18:19:21,843 [INFO] CodeEngine:287 - Generated code: C:\Users\pwlub\Desktop\PUTM_EV_REARBOX_2024\firmware\Core\Src\app_freertos.c
2025-06-04 18:19:21,899 [INFO] CodeEngine:263 - oldGeneratedFile, C:\Users\pwlub\Desktop\PUTM_EV_REARBOX_2024\firmware\Core\Src\adc.c_save
2025-06-04 18:19:22,243 [INFO] CodeEngine:287 - Generated code: C:\Users\pwlub\Desktop\PUTM_EV_REARBOX_2024\firmware\Core\Src\adc.c
2025-06-04 18:19:22,294 [INFO] CodeEngine:263 - oldGeneratedFile, C:\Users\pwlub\Desktop\PUTM_EV_REARBOX_2024\firmware\Core\Inc\adc.h_save
2025-06-04 18:19:22,417 [INFO] CodeEngine:287 - Generated code: C:\Users\pwlub\Desktop\PUTM_EV_REARBOX_2024\firmware\Core\Inc\adc.h
2025-06-04 18:19:22,447 [INFO] CodeEngine:263 - oldGeneratedFile, C:\Users\pwlub\Desktop\PUTM_EV_REARBOX_2024\firmware\Core\Src\dac.c_save
2025-06-04 18:19:22,609 [INFO] CodeEngine:287 - Generated code: C:\Users\pwlub\Desktop\PUTM_EV_REARBOX_2024\firmware\Core\Src\dac.c
2025-06-04 18:19:22,618 [INFO] CodeEngine:263 - oldGeneratedFile, C:\Users\pwlub\Desktop\PUTM_EV_REARBOX_2024\firmware\Core\Inc\dac.h_save
2025-06-04 18:19:22,721 [INFO] CodeEngine:287 - Generated code: C:\Users\pwlub\Desktop\PUTM_EV_REARBOX_2024\firmware\Core\Inc\dac.h
2025-06-04 18:19:22,883 [INFO] CodeEngine:263 - oldGeneratedFile, C:\Users\pwlub\Desktop\PUTM_EV_REARBOX_2024\firmware\Core\Src\dma.c_save
2025-06-04 18:19:22,994 [INFO] CodeEngine:287 - Generated code: C:\Users\pwlub\Desktop\PUTM_EV_REARBOX_2024\firmware\Core\Src\dma.c
2025-06-04 18:19:23,006 [INFO] CodeEngine:263 - oldGeneratedFile, C:\Users\pwlub\Desktop\PUTM_EV_REARBOX_2024\firmware\Core\Inc\dma.h_save
2025-06-04 18:19:23,118 [INFO] CodeEngine:287 - Generated code: C:\Users\pwlub\Desktop\PUTM_EV_REARBOX_2024\firmware\Core\Inc\dma.h
2025-06-04 18:19:23,159 [INFO] CodeEngine:263 - oldGeneratedFile, C:\Users\pwlub\Desktop\PUTM_EV_REARBOX_2024\firmware\Core\Src\fdcan.c_save
2025-06-04 18:19:23,317 [INFO] CodeEngine:287 - Generated code: C:\Users\pwlub\Desktop\PUTM_EV_REARBOX_2024\firmware\Core\Src\fdcan.c
2025-06-04 18:19:23,326 [INFO] CodeEngine:263 - oldGeneratedFile, C:\Users\pwlub\Desktop\PUTM_EV_REARBOX_2024\firmware\Core\Inc\fdcan.h_save
2025-06-04 18:19:23,450 [INFO] CodeEngine:287 - Generated code: C:\Users\pwlub\Desktop\PUTM_EV_REARBOX_2024\firmware\Core\Inc\fdcan.h
2025-06-04 18:19:23,494 [INFO] CodeEngine:263 - oldGeneratedFile, C:\Users\pwlub\Desktop\PUTM_EV_REARBOX_2024\firmware\Core\Src\i2c.c_save
2025-06-04 18:19:23,741 [INFO] CodeEngine:287 - Generated code: C:\Users\pwlub\Desktop\PUTM_EV_REARBOX_2024\firmware\Core\Src\i2c.c
2025-06-04 18:19:23,765 [INFO] CodeEngine:263 - oldGeneratedFile, C:\Users\pwlub\Desktop\PUTM_EV_REARBOX_2024\firmware\Core\Inc\i2c.h_save
2025-06-04 18:19:23,879 [INFO] CodeEngine:287 - Generated code: C:\Users\pwlub\Desktop\PUTM_EV_REARBOX_2024\firmware\Core\Inc\i2c.h
2025-06-04 18:19:23,920 [INFO] CodeEngine:263 - oldGeneratedFile, C:\Users\pwlub\Desktop\PUTM_EV_REARBOX_2024\firmware\Core\Src\iwdg.c_save
2025-06-04 18:19:24,073 [INFO] CodeEngine:287 - Generated code: C:\Users\pwlub\Desktop\PUTM_EV_REARBOX_2024\firmware\Core\Src\iwdg.c
2025-06-04 18:19:24,080 [INFO] CodeEngine:263 - oldGeneratedFile, C:\Users\pwlub\Desktop\PUTM_EV_REARBOX_2024\firmware\Core\Inc\iwdg.h_save
2025-06-04 18:19:24,177 [INFO] CodeEngine:287 - Generated code: C:\Users\pwlub\Desktop\PUTM_EV_REARBOX_2024\firmware\Core\Inc\iwdg.h
2025-06-04 18:19:24,217 [INFO] CodeEngine:263 - oldGeneratedFile, C:\Users\pwlub\Desktop\PUTM_EV_REARBOX_2024\firmware\Core\Src\spi.c_save
2025-06-04 18:19:24,379 [INFO] CodeEngine:287 - Generated code: C:\Users\pwlub\Desktop\PUTM_EV_REARBOX_2024\firmware\Core\Src\spi.c
2025-06-04 18:19:24,410 [INFO] CodeEngine:263 - oldGeneratedFile, C:\Users\pwlub\Desktop\PUTM_EV_REARBOX_2024\firmware\Core\Inc\spi.h_save
2025-06-04 18:19:24,534 [INFO] CodeEngine:287 - Generated code: C:\Users\pwlub\Desktop\PUTM_EV_REARBOX_2024\firmware\Core\Inc\spi.h
2025-06-04 18:19:24,574 [INFO] CodeEngine:263 - oldGeneratedFile, C:\Users\pwlub\Desktop\PUTM_EV_REARBOX_2024\firmware\Core\Src\usart.c_save
2025-06-04 18:19:24,775 [INFO] CodeEngine:287 - Generated code: C:\Users\pwlub\Desktop\PUTM_EV_REARBOX_2024\firmware\Core\Src\usart.c
2025-06-04 18:19:24,784 [INFO] CodeEngine:263 - oldGeneratedFile, C:\Users\pwlub\Desktop\PUTM_EV_REARBOX_2024\firmware\Core\Inc\usart.h_save
2025-06-04 18:19:24,900 [INFO] CodeEngine:287 - Generated code: C:\Users\pwlub\Desktop\PUTM_EV_REARBOX_2024\firmware\Core\Inc\usart.h
2025-06-04 18:19:24,958 [INFO] CodeEngine:263 - oldGeneratedFile, C:\Users\pwlub\Desktop\PUTM_EV_REARBOX_2024\firmware\Core\Src\stm32g4xx_it.c_save
2025-06-04 18:19:25,547 [INFO] CodeEngine:287 - Generated code: C:\Users\pwlub\Desktop\PUTM_EV_REARBOX_2024\firmware\Core\Src\stm32g4xx_it.c
2025-06-04 18:19:25,579 [INFO] CodeEngine:263 - oldGeneratedFile, C:\Users\pwlub\Desktop\PUTM_EV_REARBOX_2024\firmware\Core\Inc\stm32g4xx_it.h_save
2025-06-04 18:19:25,790 [INFO] CodeEngine:287 - Generated code: C:\Users\pwlub\Desktop\PUTM_EV_REARBOX_2024\firmware\Core\Inc\stm32g4xx_it.h
2025-06-04 18:19:25,886 [INFO] CodeEngine:263 - oldGeneratedFile, C:\Users\pwlub\Desktop\PUTM_EV_REARBOX_2024\firmware\Core\Src\stm32g4xx_hal_msp.c_save
2025-06-04 18:19:26,073 [INFO] CodeEngine:287 - Generated code: C:\Users\pwlub\Desktop\PUTM_EV_REARBOX_2024\firmware\Core\Src\stm32g4xx_hal_msp.c
2025-06-04 18:19:26,080 [INFO] CodeEngine:263 - oldGeneratedFile, C:\Users\pwlub\Desktop\PUTM_EV_REARBOX_2024\firmware\MXTmpFiles\system.tmp_save
2025-06-04 18:19:26,161 [INFO] CodeEngine:287 - Generated code: C:\Users\pwlub\Desktop\PUTM_EV_REARBOX_2024\firmware\MXTmpFiles\system.tmp
2025-06-04 18:19:26,185 [INFO] CodeEngine:263 - oldGeneratedFile, C:\Users\pwlub\Desktop\PUTM_EV_REARBOX_2024\firmware\Core\Src\stm32g4xx_hal_timebase_tim.c_save
2025-06-04 18:19:26,318 [INFO] CodeEngine:287 - Generated code: C:\Users\pwlub\Desktop\PUTM_EV_REARBOX_2024\firmware\Core\Src\stm32g4xx_hal_timebase_tim.c
2025-06-04 18:19:26,370 [INFO] CodeEngine:319 - oldGeneratedFile, C:\Users\pwlub\Desktop\PUTM_EV_REARBOX_2024\firmware\Core\Inc\stm32g4xx_hal_conf.h_save
2025-06-04 18:19:26,538 [INFO] CodeEngine:343 - Generated code: C:\Users\pwlub\Desktop\PUTM_EV_REARBOX_2024\firmware\Core\Inc\stm32g4xx_hal_conf.h
2025-06-04 18:19:26,604 [WARN] IPConfigManager:3174 - Warning: the RefConfig RCC_CommonPeriphClockConfig is not available in your config.xml file
2025-06-04 18:19:26,617 [INFO] ApiDbMcu:508 - Load IP Config File for ADC1
2025-06-04 18:19:26,623 [INFO] ApiDbMcu:508 - Load IP Config File for ADC2
2025-06-04 18:19:26,625 [INFO] ApiDbMcu:508 - Load IP Config File for DAC1
2025-06-04 18:19:26,635 [INFO] ApiDbMcu:508 - Load IP Config File for FDCAN1
2025-06-04 18:19:26,639 [INFO] ApiDbMcu:508 - Load IP Config File for I2C1
2025-06-04 18:19:26,642 [INFO] ApiDbMcu:508 - Load IP Config File for I2C2
2025-06-04 18:19:26,645 [INFO] ApiDbMcu:508 - Load IP Config File for I2C3
2025-06-04 18:19:26,648 [INFO] ApiDbMcu:508 - Load IP Config File for IWDG
2025-06-04 18:19:26,651 [INFO] ApiDbMcu:508 - Load IP Config File for SPI3
2025-06-04 18:19:26,666 [INFO] ApiDbMcu:508 - Load IP Config File for USART3
2025-06-04 18:19:26,669 [INFO] ApiDbMcu:508 - Load IP Config File for RCC
2025-06-04 18:19:26,711 [INFO] CodeEngine:263 - oldGeneratedFile, C:\Users\pwlub\Desktop\PUTM_EV_REARBOX_2024\firmware\Core\Inc\main.h_save
2025-06-04 18:19:26,853 [INFO] CodeEngine:287 - Generated code: C:\Users\pwlub\Desktop\PUTM_EV_REARBOX_2024\firmware\Core\Inc\main.h
2025-06-04 18:19:26,877 [INFO] CodeEngine:263 - oldGeneratedFile, C:\Users\pwlub\Desktop\PUTM_EV_REARBOX_2024\firmware\Core\Src\main.c_save
2025-06-04 18:19:27,055 [INFO] CodeEngine:287 - Generated code: C:\Users\pwlub\Desktop\PUTM_EV_REARBOX_2024\firmware\Core\Src\main.c
2025-06-04 18:19:28,209 [INFO] ProjectBuilder:3324 - Time for Copy HAL[1] : 705mS.
2025-06-04 18:19:28,228 [INFO] ProjectBuilder:4912 - Project Generator version: 4.6.0-B36
2025-06-04 18:19:28,440 [INFO] ConfigFileManager:1590 - The Die is : DIE469
2025-06-04 18:19:28,450 [INFO] ApiDbMcu:508 - Load IP Config File for FATFS
2025-06-04 18:19:28,461 [INFO] ApiDbMcu:508 - Load IP Config File for USBPD
2025-06-04 18:19:28,474 [INFO] ApiDbMcu:508 - Load IP Config File for USB_DEVICE
2025-06-04 18:19:35,108 [INFO] ProjectBuilder:5191 - Time for Generating toolchain IDE Files: 6879mS.
2025-06-04 18:19:35,109 [INFO] ProjectBuilder:3181 - Time for Copy CMSIS : 1mS.
2025-06-04 18:19:35,122 [INFO] ProjectBuilder:3181 - Time for Copy CMSIS : 1mS.
2025-06-04 18:19:48,391 [INFO] ADCParametersView:116 -                Rank 1 : false
2025-06-04 18:19:48,392 [INFO] ADCParametersView:116 -                Rank 1 : false
2025-06-04 18:19:48,392 [INFO] ADCParametersView:116 -                Rank 2 : false
2025-06-04 18:19:48,393 [INFO] ADCParametersView:116 -                Rank 1 : false
2025-06-04 18:19:48,393 [INFO] ADCParametersView:116 -                Rank 2 : false
2025-06-04 18:19:48,393 [INFO] ADCParametersView:116 -                Rank 3 : false
2025-06-04 18:19:48,394 [INFO] ADCParametersView:116 -                Rank 1 : false
2025-06-04 18:19:48,394 [INFO] ADCParametersView:116 -                Rank 2 : false
2025-06-04 18:19:48,394 [INFO] ADCParametersView:116 -                Rank 3 : false
2025-06-04 18:19:48,394 [INFO] ADCParametersView:116 -                Rank 4 : false
2025-06-04 18:19:48,395 [INFO] ADCParametersView:116 -                Rank 1 : false
2025-06-04 18:19:48,395 [INFO] ADCParametersView:116 -                Rank 2 : false
2025-06-04 18:19:48,395 [INFO] ADCParametersView:116 -                Rank 3 : false
2025-06-04 18:19:48,395 [INFO] ADCParametersView:116 -                Rank 4 : false
2025-06-04 18:19:48,395 [INFO] ADCParametersView:116 -                Rank 5 : false
2025-06-04 18:19:48,397 [INFO] ADCParametersView:116 -                Rank 1 : false
2025-06-04 18:19:48,397 [INFO] ADCParametersView:116 -                Rank 2 : false
2025-06-04 18:19:48,397 [INFO] ADCParametersView:116 -                Rank 3 : false
2025-06-04 18:19:48,397 [INFO] ADCParametersView:116 -                Rank 4 : false
2025-06-04 18:19:48,397 [INFO] ADCParametersView:116 -                Rank 5 : false
2025-06-04 18:19:48,397 [INFO] ADCParametersView:116 -                Rank 6 : false
2025-06-04 18:19:48,752 [INFO] ADCParametersView:116 -                Rank 1 : false
2025-06-04 18:19:48,752 [INFO] ADCParametersView:116 -                Rank 2 : false
2025-06-04 18:19:48,752 [INFO] ADCParametersView:116 -                Rank 3 : false
2025-06-04 18:19:48,820 [INFO] ADCParametersView:116 -                Rank 4 : false
2025-06-04 18:19:48,820 [INFO] ADCParametersView:116 -                Rank 5 : false
2025-06-04 18:19:48,820 [INFO] ADCParametersView:116 -                Rank 6 : false
2025-06-04 18:19:48,820 [INFO] ADCParametersView:116 -                Rank 1 : false
2025-06-04 18:19:48,820 [INFO] ADCParametersView:116 -                Rank 2 : false
2025-06-04 18:19:48,820 [INFO] ADCParametersView:116 -                Rank 3 : false
2025-06-04 18:19:48,820 [INFO] ADCParametersView:116 -                Rank 4 : false
2025-06-04 18:19:48,821 [INFO] ADCParametersView:116 -                Rank 5 : false
2025-06-04 18:19:48,821 [INFO] ADCParametersView:116 -                Rank 6 : false
2025-06-04 18:19:48,821 [INFO] ADCParametersView:116 -                Rank 1 : false
2025-06-04 18:19:48,821 [INFO] ADCParametersView:116 -                Rank 2 : false
2025-06-04 18:19:48,821 [INFO] ADCParametersView:116 -                Rank 3 : false
2025-06-04 18:19:48,821 [INFO] ADCParametersView:116 -                Rank 4 : false
2025-06-04 18:19:48,821 [INFO] ADCParametersView:116 -                Rank 5 : false
2025-06-04 18:19:48,821 [INFO] ADCParametersView:116 -                Rank 6 : false
2025-06-04 18:19:48,821 [INFO] ADCParametersView:116 -                Rank 1 : false
2025-06-04 18:19:48,821 [INFO] ADCParametersView:116 -                Rank 2 : false
2025-06-04 18:19:48,821 [INFO] ADCParametersView:116 -                Rank 3 : false
2025-06-04 18:19:48,821 [INFO] ADCParametersView:116 -                Rank 4 : false
2025-06-04 18:19:48,822 [INFO] ADCParametersView:116 -                Rank 5 : false
2025-06-04 18:19:48,822 [INFO] ADCParametersView:116 -                Rank 6 : false
2025-06-04 18:19:48,822 [INFO] ADCParametersView:116 -                Rank 1 : false
2025-06-04 18:19:48,822 [INFO] ADCParametersView:116 -                Rank 2 : false
2025-06-04 18:19:48,822 [INFO] ADCParametersView:116 -                Rank 3 : false
2025-06-04 18:19:48,822 [INFO] ADCParametersView:116 -                Rank 4 : false
2025-06-04 18:19:48,822 [INFO] ADCParametersView:116 -                Rank 5 : false
2025-06-04 18:19:48,822 [INFO] ADCParametersView:116 -                Rank 6 : false
2025-06-04 18:19:48,822 [INFO] ADCParametersView:116 -                Rank 1 : false
2025-06-04 18:19:48,822 [INFO] ADCParametersView:116 -                Rank 2 : false
2025-06-04 18:19:48,822 [INFO] ADCParametersView:116 -                Rank 3 : false
2025-06-04 18:19:48,822 [INFO] ADCParametersView:116 -                Rank 4 : false
2025-06-04 18:19:48,823 [INFO] ADCParametersView:116 -                Rank 5 : false
2025-06-04 18:19:48,823 [INFO] ADCParametersView:116 -                Rank 6 : false
2025-06-04 18:19:48,823 [INFO] ADCParametersView:116 -                Rank 1 : false
2025-06-04 18:19:48,823 [INFO] ADCParametersView:116 -                Rank 2 : false
2025-06-04 18:19:48,823 [INFO] ADCParametersView:116 -                Rank 3 : false
2025-06-04 18:19:48,823 [INFO] ADCParametersView:116 -                Rank 4 : false
2025-06-04 18:19:48,823 [INFO] ADCParametersView:116 -                Rank 5 : false
2025-06-04 18:19:48,823 [INFO] ADCParametersView:116 -                Rank 6 : false
2025-06-04 18:19:48,823 [INFO] ADCParametersView:116 -                Rank 1 : false
2025-06-04 18:19:48,824 [INFO] ADCParametersView:116 -                Rank 2 : false
2025-06-04 18:19:48,824 [INFO] ADCParametersView:116 -                Rank 3 : false
2025-06-04 18:19:48,824 [INFO] ADCParametersView:116 -                Rank 4 : false
2025-06-04 18:19:48,824 [INFO] ADCParametersView:116 -                Rank 5 : false
2025-06-04 18:19:48,824 [INFO] ADCParametersView:116 -                Rank 6 : false
2025-06-04 18:19:48,824 [INFO] ADCParametersView:116 -                Rank 1 : false
2025-06-04 18:19:48,824 [INFO] ADCParametersView:116 -                Rank 2 : false
2025-06-04 18:19:48,824 [INFO] ADCParametersView:116 -                Rank 3 : false
2025-06-04 18:19:48,824 [INFO] ADCParametersView:116 -                Rank 4 : false
2025-06-04 18:19:48,824 [INFO] ADCParametersView:116 -                Rank 5 : false
2025-06-04 18:19:48,825 [INFO] ADCParametersView:116 -                Rank 6 : false
2025-06-04 18:19:48,825 [INFO] ADCParametersView:116 -                Rank 1 : false
2025-06-04 18:19:48,825 [INFO] ADCParametersView:116 -                Rank 2 : false
2025-06-04 18:19:48,825 [INFO] ADCParametersView:116 -                Rank 3 : false
2025-06-04 18:19:48,825 [INFO] ADCParametersView:116 -                Rank 4 : false
2025-06-04 18:19:48,825 [INFO] ADCParametersView:116 -                Rank 5 : false
2025-06-04 18:19:48,825 [INFO] ADCParametersView:116 -                Rank 6 : false
2025-06-04 18:19:48,825 [INFO] ADCParametersView:116 -                Rank 1 : false
2025-06-04 18:19:48,829 [INFO] ADCParametersView:116 -                Rank 2 : false
2025-06-04 18:19:48,830 [INFO] ADCParametersView:116 -                Rank 3 : false
2025-06-04 18:19:48,830 [INFO] ADCParametersView:116 -                Rank 4 : false
2025-06-04 18:19:48,831 [INFO] ADCParametersView:116 -                Rank 5 : false
2025-06-04 18:19:48,832 [INFO] ADCParametersView:116 -                Rank 6 : false
2025-06-04 18:19:48,851 [INFO] ADCParametersView:116 -                Rank 1 : false
2025-06-04 18:19:48,851 [INFO] ADCParametersView:116 -                Rank 2 : false
2025-06-04 18:19:48,851 [INFO] ADCParametersView:116 -                Rank 3 : false
2025-06-04 18:19:48,851 [INFO] ADCParametersView:116 -                Rank 4 : false
2025-06-04 18:19:48,851 [INFO] ADCParametersView:116 -                Rank 5 : false
2025-06-04 18:19:48,851 [INFO] ADCParametersView:116 -                Rank 6 : false
2025-06-04 18:19:48,852 [INFO] ADCParametersView:116 -                Rank 1 : false
2025-06-04 18:19:48,852 [INFO] ADCParametersView:116 -                Rank 2 : false
2025-06-04 18:19:48,852 [INFO] ADCParametersView:116 -                Rank 3 : false
2025-06-04 18:19:48,852 [INFO] ADCParametersView:116 -                Rank 4 : false
2025-06-04 18:19:48,852 [INFO] ADCParametersView:116 -                Rank 5 : false
2025-06-04 18:19:48,852 [INFO] ADCParametersView:116 -                Rank 6 : false
2025-06-04 18:19:48,852 [INFO] ADCParametersView:116 -                Rank 1 : false
2025-06-04 18:19:48,852 [INFO] ADCParametersView:116 -                Rank 2 : false
2025-06-04 18:19:48,852 [INFO] ADCParametersView:116 -                Rank 3 : false
2025-06-04 18:19:48,852 [INFO] ADCParametersView:116 -                Rank 4 : false
2025-06-04 18:19:48,852 [INFO] ADCParametersView:116 -                Rank 5 : false
2025-06-04 18:19:48,852 [INFO] ADCParametersView:116 -                Rank 6 : false
2025-06-04 18:19:48,853 [INFO] ADCParametersView:116 -                Rank 1 : false
2025-06-04 18:19:48,853 [INFO] ADCParametersView:116 -                Rank 2 : false
2025-06-04 18:19:48,853 [INFO] ADCParametersView:116 -                Rank 3 : false
2025-06-04 18:19:48,854 [INFO] ADCParametersView:116 -                Rank 4 : false
2025-06-04 18:19:48,854 [INFO] ADCParametersView:116 -                Rank 5 : false
2025-06-04 18:19:48,854 [INFO] ADCParametersView:116 -                Rank 6 : false
2025-06-04 18:19:48,854 [INFO] ADCParametersView:116 -                Rank 1 : false
2025-06-04 18:19:48,854 [INFO] ADCParametersView:116 -                Rank 2 : false
2025-06-04 18:19:48,854 [INFO] ADCParametersView:116 -                Rank 3 : false
2025-06-04 18:19:48,854 [INFO] ADCParametersView:116 -                Rank 4 : false
2025-06-04 18:19:48,854 [INFO] ADCParametersView:116 -                Rank 5 : false
2025-06-04 18:19:48,854 [INFO] ADCParametersView:116 -                Rank 6 : false
2025-06-04 18:19:48,854 [INFO] ADCParametersView:116 -                Rank 1 : false
2025-06-04 18:19:48,854 [INFO] ADCParametersView:116 -                Rank 2 : false
2025-06-04 18:19:48,854 [INFO] ADCParametersView:116 -                Rank 3 : false
2025-06-04 18:19:48,854 [INFO] ADCParametersView:116 -                Rank 4 : false
2025-06-04 18:19:48,854 [INFO] ADCParametersView:116 -                Rank 5 : false
2025-06-04 18:19:48,854 [INFO] ADCParametersView:116 -                Rank 6 : false
2025-06-04 18:19:48,855 [INFO] ADCParametersView:116 -                Rank 1 : false
2025-06-04 18:19:48,855 [INFO] ADCParametersView:116 -                Rank 2 : false
2025-06-04 18:19:48,855 [INFO] ADCParametersView:116 -                Rank 3 : false
2025-06-04 18:19:48,855 [INFO] ADCParametersView:116 -                Rank 4 : false
2025-06-04 18:19:48,855 [INFO] ADCParametersView:116 -                Rank 5 : false
2025-06-04 18:19:48,855 [INFO] ADCParametersView:116 -                Rank 6 : false
2025-06-04 18:19:48,855 [INFO] ADCParametersView:116 -                Rank 1 : false
2025-06-04 18:19:48,855 [INFO] ADCParametersView:116 -                Rank 2 : false
2025-06-04 18:19:48,855 [INFO] ADCParametersView:116 -                Rank 3 : false
2025-06-04 18:19:48,855 [INFO] ADCParametersView:116 -                Rank 4 : false
2025-06-04 18:19:48,855 [INFO] ADCParametersView:116 -                Rank 5 : false
2025-06-04 18:19:48,855 [INFO] ADCParametersView:116 -                Rank 6 : false
2025-06-04 18:19:48,855 [INFO] ADCParametersView:116 -                Rank 1 : false
2025-06-04 18:19:48,855 [INFO] ADCParametersView:116 -                Rank 2 : false
2025-06-04 18:19:48,856 [INFO] ADCParametersView:116 -                Rank 3 : false
2025-06-04 18:19:48,856 [INFO] ADCParametersView:116 -                Rank 4 : false
2025-06-04 18:19:48,856 [INFO] ADCParametersView:116 -                Rank 5 : false
2025-06-04 18:19:48,856 [INFO] ADCParametersView:116 -                Rank 6 : false
2025-06-04 18:19:48,856 [INFO] ADCParametersView:116 -                Rank 1 : false
2025-06-04 18:19:48,856 [INFO] ADCParametersView:116 -                Rank 2 : false
2025-06-04 18:19:48,856 [INFO] ADCParametersView:116 -                Rank 3 : false
2025-06-04 18:19:48,856 [INFO] ADCParametersView:116 -                Rank 4 : false
2025-06-04 18:19:48,856 [INFO] ADCParametersView:116 -                Rank 5 : false
2025-06-04 18:19:48,856 [INFO] ADCParametersView:116 -                Rank 6 : false
2025-06-04 18:19:48,856 [INFO] ADCParametersView:116 -                Rank 2 : false
2025-06-04 18:19:48,856 [INFO] ADCParametersView:116 -                Rank 3 : false
2025-06-04 18:19:48,856 [INFO] ADCParametersView:116 -                Rank 4 : false
2025-06-04 18:19:48,856 [INFO] ADCParametersView:116 -                Rank 5 : false
2025-06-04 18:19:48,856 [INFO] ADCParametersView:116 -                Rank 6 : false
2025-06-04 18:19:48,856 [INFO] ADCParametersView:116 -                Rank 3 : false
2025-06-04 18:19:48,857 [INFO] ADCParametersView:116 -                Rank 4 : false
2025-06-04 18:19:48,857 [INFO] ADCParametersView:116 -                Rank 5 : false
2025-06-04 18:19:48,857 [INFO] ADCParametersView:116 -                Rank 6 : false
2025-06-04 18:19:48,857 [INFO] ADCParametersView:116 -                Rank 4 : false
2025-06-04 18:19:48,857 [INFO] ADCParametersView:116 -                Rank 5 : false
2025-06-04 18:19:48,857 [INFO] ADCParametersView:116 -                Rank 6 : false
2025-06-04 18:19:48,857 [INFO] ADCParametersView:116 -                Rank 5 : false
2025-06-04 18:19:48,857 [INFO] ADCParametersView:116 -                Rank 6 : false
2025-06-04 18:19:48,857 [INFO] ADCParametersView:116 -                Rank 6 : false
2025-06-04 18:19:48,973 [INFO] ADCParametersView:116 -                Rank 1 : false
2025-06-04 18:19:48,974 [INFO] ADCParametersView:116 -                Rank 1 : false
2025-06-04 18:19:48,974 [INFO] ADCParametersView:116 -                Rank 2 : false
2025-06-04 18:19:48,975 [INFO] ADCParametersView:116 -                Rank 1 : false
2025-06-04 18:19:48,975 [INFO] ADCParametersView:116 -                Rank 2 : false
2025-06-04 18:19:48,975 [INFO] ADCParametersView:116 -                Rank 3 : false
2025-06-04 18:19:49,011 [INFO] ADCParametersView:116 -                Rank 1 : false
2025-06-04 18:19:49,011 [INFO] ADCParametersView:116 -                Rank 2 : false
2025-06-04 18:19:49,011 [INFO] ADCParametersView:116 -                Rank 3 : false
2025-06-04 18:19:49,011 [INFO] ADCParametersView:116 -                Rank 4 : false
2025-06-04 18:19:49,013 [INFO] ADCParametersView:116 -                Rank 1 : false
2025-06-04 18:19:49,014 [INFO] ADCParametersView:116 -                Rank 2 : false
2025-06-04 18:19:49,014 [INFO] ADCParametersView:116 -                Rank 3 : false
2025-06-04 18:19:49,014 [INFO] ADCParametersView:116 -                Rank 4 : false
2025-06-04 18:19:49,014 [INFO] ADCParametersView:116 -                Rank 5 : false
2025-06-04 18:19:49,038 [INFO] ADCParametersView:116 -                Rank 1 : false
2025-06-04 18:19:49,038 [INFO] ADCParametersView:116 -                Rank 2 : false
2025-06-04 18:19:49,039 [INFO] ADCParametersView:116 -                Rank 3 : false
2025-06-04 18:19:49,039 [INFO] ADCParametersView:116 -                Rank 4 : false
2025-06-04 18:19:49,039 [INFO] ADCParametersView:116 -                Rank 5 : false
2025-06-04 18:19:49,039 [INFO] ADCParametersView:116 -                Rank 6 : false
2025-06-04 18:20:00,020 [INFO] ADCParametersView:116 -                Rank 1 : true
2025-06-04 18:20:00,020 [INFO] ADCParametersView:116 -                Rank 2 : false
2025-06-04 18:20:00,020 [INFO] ADCParametersView:116 -                Rank 3 : false
2025-06-04 18:20:00,020 [INFO] ADCParametersView:116 -                Rank 4 : false
2025-06-04 18:20:00,020 [INFO] ADCParametersView:116 -                Rank 5 : false
2025-06-04 18:20:00,020 [INFO] ADCParametersView:116 -                Rank 6 : false
2025-06-04 18:20:03,584 [INFO] NvicIntPanel:101 - NVIC parent = com.st.microxplorer.plugins.ip.nvic.MultiNvicIntPanel[,0,0,0x0,invalid,layout=javax.swing.BoxLayout,alignmentX=0.0,alignmentY=0.0,border=,flags=9,maximumSize=,minimumSize=,preferredSize=]
2025-06-04 18:20:03,730 [INFO] ADCParametersView:116 -                Rank 1 : true
2025-06-04 18:20:03,730 [INFO] ADCParametersView:116 -                Rank 2 : false
2025-06-04 18:20:03,732 [INFO] ADCParametersView:116 -                Rank 3 : false
2025-06-04 18:20:03,732 [INFO] ADCParametersView:116 -                Rank 4 : false
2025-06-04 18:20:03,732 [INFO] ADCParametersView:116 -                Rank 5 : false
2025-06-04 18:20:03,732 [INFO] ADCParametersView:116 -                Rank 6 : false
2025-06-04 18:20:03,736 [INFO] ADCParametersView:116 -                Rank 1 : true
2025-06-04 18:20:03,736 [INFO] ADCParametersView:116 -                Rank 2 : false
2025-06-04 18:20:03,736 [INFO] ADCParametersView:116 -                Rank 3 : false
2025-06-04 18:20:03,736 [INFO] ADCParametersView:116 -                Rank 4 : false
2025-06-04 18:20:03,736 [INFO] ADCParametersView:116 -                Rank 5 : false
2025-06-04 18:20:03,736 [INFO] ADCParametersView:116 -                Rank 6 : false
2025-06-04 18:20:03,737 [INFO] ADCParametersView:116 -                Rank 1 : true
2025-06-04 18:20:03,737 [INFO] ADCParametersView:116 -                Rank 2 : false
2025-06-04 18:20:03,737 [INFO] ADCParametersView:116 -                Rank 3 : false
2025-06-04 18:20:03,737 [INFO] ADCParametersView:116 -                Rank 4 : false
2025-06-04 18:20:03,737 [INFO] ADCParametersView:116 -                Rank 5 : false
2025-06-04 18:20:03,737 [INFO] ADCParametersView:116 -                Rank 6 : false
2025-06-04 18:20:03,737 [INFO] ADCParametersView:116 -                Rank 1 : true
2025-06-04 18:20:03,737 [INFO] ADCParametersView:116 -                Rank 2 : false
2025-06-04 18:20:03,737 [INFO] ADCParametersView:116 -                Rank 3 : false
2025-06-04 18:20:03,737 [INFO] ADCParametersView:116 -                Rank 4 : false
2025-06-04 18:20:03,737 [INFO] ADCParametersView:116 -                Rank 5 : false
2025-06-04 18:20:03,738 [INFO] ADCParametersView:116 -                Rank 6 : false
2025-06-04 18:20:03,738 [INFO] ADCParametersView:116 -                Rank 1 : true
2025-06-04 18:20:03,738 [INFO] ADCParametersView:116 -                Rank 2 : false
2025-06-04 18:20:03,738 [INFO] ADCParametersView:116 -                Rank 3 : false
2025-06-04 18:20:03,738 [INFO] ADCParametersView:116 -                Rank 4 : false
2025-06-04 18:20:03,738 [INFO] ADCParametersView:116 -                Rank 5 : false
2025-06-04 18:20:03,738 [INFO] ADCParametersView:116 -                Rank 6 : false
2025-06-04 18:20:03,738 [INFO] ADCParametersView:116 -                Rank 1 : true
2025-06-04 18:20:03,738 [INFO] ADCParametersView:116 -                Rank 2 : false
2025-06-04 18:20:03,739 [INFO] ADCParametersView:116 -                Rank 3 : false
2025-06-04 18:20:03,739 [INFO] ADCParametersView:116 -                Rank 4 : false
2025-06-04 18:20:03,739 [INFO] ADCParametersView:116 -                Rank 5 : false
2025-06-04 18:20:03,739 [INFO] ADCParametersView:116 -                Rank 6 : false
2025-06-04 18:20:03,739 [INFO] ADCParametersView:116 -                Rank 1 : true
2025-06-04 18:20:03,739 [INFO] ADCParametersView:116 -                Rank 2 : false
2025-06-04 18:20:03,739 [INFO] ADCParametersView:116 -                Rank 3 : false
2025-06-04 18:20:03,739 [INFO] ADCParametersView:116 -                Rank 4 : false
2025-06-04 18:20:03,739 [INFO] ADCParametersView:116 -                Rank 5 : false
2025-06-04 18:20:03,739 [INFO] ADCParametersView:116 -                Rank 6 : false
2025-06-04 18:20:03,740 [INFO] ADCParametersView:116 -                Rank 1 : true
2025-06-04 18:20:03,740 [INFO] ADCParametersView:116 -                Rank 2 : false
2025-06-04 18:20:03,740 [INFO] ADCParametersView:116 -                Rank 3 : false
2025-06-04 18:20:03,740 [INFO] ADCParametersView:116 -                Rank 4 : false
2025-06-04 18:20:03,740 [INFO] ADCParametersView:116 -                Rank 5 : false
2025-06-04 18:20:03,740 [INFO] ADCParametersView:116 -                Rank 6 : false
2025-06-04 18:20:03,740 [INFO] ADCParametersView:116 -                Rank 1 : true
2025-06-04 18:20:03,740 [INFO] ADCParametersView:116 -                Rank 2 : false
2025-06-04 18:20:03,740 [INFO] ADCParametersView:116 -                Rank 3 : false
2025-06-04 18:20:03,740 [INFO] ADCParametersView:116 -                Rank 4 : false
2025-06-04 18:20:03,740 [INFO] ADCParametersView:116 -                Rank 5 : false
2025-06-04 18:20:03,740 [INFO] ADCParametersView:116 -                Rank 6 : false
2025-06-04 18:20:03,740 [INFO] ADCParametersView:116 -                Rank 1 : true
2025-06-04 18:20:03,740 [INFO] ADCParametersView:116 -                Rank 2 : false
2025-06-04 18:20:03,741 [INFO] ADCParametersView:116 -                Rank 3 : false
2025-06-04 18:20:03,741 [INFO] ADCParametersView:116 -                Rank 4 : false
2025-06-04 18:20:03,741 [INFO] ADCParametersView:116 -                Rank 5 : false
2025-06-04 18:20:03,741 [INFO] ADCParametersView:116 -                Rank 6 : false
2025-06-04 18:20:03,741 [INFO] ADCParametersView:116 -                Rank 1 : true
2025-06-04 18:20:03,741 [INFO] ADCParametersView:116 -                Rank 2 : false
2025-06-04 18:20:03,741 [INFO] ADCParametersView:116 -                Rank 3 : false
2025-06-04 18:20:03,741 [INFO] ADCParametersView:116 -                Rank 4 : false
2025-06-04 18:20:03,741 [INFO] ADCParametersView:116 -                Rank 5 : false
2025-06-04 18:20:03,741 [INFO] ADCParametersView:116 -                Rank 6 : false
2025-06-04 18:20:03,741 [INFO] ADCParametersView:116 -                Rank 1 : true
2025-06-04 18:20:03,741 [INFO] ADCParametersView:116 -                Rank 2 : false
2025-06-04 18:20:03,741 [INFO] ADCParametersView:116 -                Rank 3 : false
2025-06-04 18:20:03,741 [INFO] ADCParametersView:116 -                Rank 4 : false
2025-06-04 18:20:03,741 [INFO] ADCParametersView:116 -                Rank 5 : false
2025-06-04 18:20:03,741 [INFO] ADCParametersView:116 -                Rank 6 : false
2025-06-04 18:20:03,742 [INFO] ADCParametersView:116 -                Rank 1 : true
2025-06-04 18:20:03,742 [INFO] ADCParametersView:116 -                Rank 2 : false
2025-06-04 18:20:03,742 [INFO] ADCParametersView:116 -                Rank 3 : false
2025-06-04 18:20:03,742 [INFO] ADCParametersView:116 -                Rank 4 : false
2025-06-04 18:20:03,742 [INFO] ADCParametersView:116 -                Rank 5 : false
2025-06-04 18:20:03,742 [INFO] ADCParametersView:116 -                Rank 6 : false
2025-06-04 18:20:03,742 [INFO] ADCParametersView:116 -                Rank 1 : true
2025-06-04 18:20:03,742 [INFO] ADCParametersView:116 -                Rank 2 : false
2025-06-04 18:20:03,742 [INFO] ADCParametersView:116 -                Rank 3 : false
2025-06-04 18:20:03,742 [INFO] ADCParametersView:116 -                Rank 4 : false
2025-06-04 18:20:03,742 [INFO] ADCParametersView:116 -                Rank 5 : false
2025-06-04 18:20:03,742 [INFO] ADCParametersView:116 -                Rank 6 : false
2025-06-04 18:20:03,742 [INFO] ADCParametersView:116 -                Rank 1 : true
2025-06-04 18:20:03,742 [INFO] ADCParametersView:116 -                Rank 2 : false
2025-06-04 18:20:03,743 [INFO] ADCParametersView:116 -                Rank 3 : false
2025-06-04 18:20:03,743 [INFO] ADCParametersView:116 -                Rank 4 : false
2025-06-04 18:20:03,743 [INFO] ADCParametersView:116 -                Rank 5 : false
2025-06-04 18:20:03,743 [INFO] ADCParametersView:116 -                Rank 6 : false
2025-06-04 18:20:03,743 [INFO] ADCParametersView:116 -                Rank 1 : true
2025-06-04 18:20:03,743 [INFO] ADCParametersView:116 -                Rank 2 : false
2025-06-04 18:20:03,743 [INFO] ADCParametersView:116 -                Rank 3 : false
2025-06-04 18:20:03,743 [INFO] ADCParametersView:116 -                Rank 4 : false
2025-06-04 18:20:03,743 [INFO] ADCParametersView:116 -                Rank 5 : false
2025-06-04 18:20:03,743 [INFO] ADCParametersView:116 -                Rank 6 : false
2025-06-04 18:20:03,743 [INFO] ADCParametersView:116 -                Rank 1 : true
2025-06-04 18:20:03,743 [INFO] ADCParametersView:116 -                Rank 2 : false
2025-06-04 18:20:03,743 [INFO] ADCParametersView:116 -                Rank 3 : false
2025-06-04 18:20:03,743 [INFO] ADCParametersView:116 -                Rank 4 : false
2025-06-04 18:20:03,744 [INFO] ADCParametersView:116 -                Rank 5 : false
2025-06-04 18:20:03,744 [INFO] ADCParametersView:116 -                Rank 6 : false
2025-06-04 18:20:03,744 [INFO] ADCParametersView:116 -                Rank 1 : true
2025-06-04 18:20:03,744 [INFO] ADCParametersView:116 -                Rank 2 : false
2025-06-04 18:20:03,744 [INFO] ADCParametersView:116 -                Rank 3 : false
2025-06-04 18:20:03,744 [INFO] ADCParametersView:116 -                Rank 4 : false
2025-06-04 18:20:03,744 [INFO] ADCParametersView:116 -                Rank 5 : false
2025-06-04 18:20:03,744 [INFO] ADCParametersView:116 -                Rank 6 : false
2025-06-04 18:20:03,744 [INFO] ADCParametersView:116 -                Rank 1 : true
2025-06-04 18:20:03,744 [INFO] ADCParametersView:116 -                Rank 2 : false
2025-06-04 18:20:03,744 [INFO] ADCParametersView:116 -                Rank 3 : false
2025-06-04 18:20:03,744 [INFO] ADCParametersView:116 -                Rank 4 : false
2025-06-04 18:20:03,744 [INFO] ADCParametersView:116 -                Rank 5 : false
2025-06-04 18:20:03,744 [INFO] ADCParametersView:116 -                Rank 6 : false
2025-06-04 18:20:03,744 [INFO] ADCParametersView:116 -                Rank 1 : true
2025-06-04 18:20:03,745 [INFO] ADCParametersView:116 -                Rank 2 : false
2025-06-04 18:20:03,745 [INFO] ADCParametersView:116 -                Rank 3 : false
2025-06-04 18:20:03,745 [INFO] ADCParametersView:116 -                Rank 4 : false
2025-06-04 18:20:03,745 [INFO] ADCParametersView:116 -                Rank 5 : false
2025-06-04 18:20:03,745 [INFO] ADCParametersView:116 -                Rank 6 : false
2025-06-04 18:20:03,745 [INFO] ADCParametersView:116 -                Rank 1 : true
2025-06-04 18:20:03,745 [INFO] ADCParametersView:116 -                Rank 2 : false
2025-06-04 18:20:03,745 [INFO] ADCParametersView:116 -                Rank 3 : false
2025-06-04 18:20:03,745 [INFO] ADCParametersView:116 -                Rank 4 : false
2025-06-04 18:20:03,745 [INFO] ADCParametersView:116 -                Rank 5 : false
2025-06-04 18:20:03,745 [INFO] ADCParametersView:116 -                Rank 6 : false
2025-06-04 18:20:03,745 [INFO] ADCParametersView:116 -                Rank 2 : false
2025-06-04 18:20:03,745 [INFO] ADCParametersView:116 -                Rank 3 : false
2025-06-04 18:20:03,745 [INFO] ADCParametersView:116 -                Rank 4 : false
2025-06-04 18:20:03,745 [INFO] ADCParametersView:116 -                Rank 5 : false
2025-06-04 18:20:03,745 [INFO] ADCParametersView:116 -                Rank 6 : false
2025-06-04 18:20:03,745 [INFO] ADCParametersView:116 -                Rank 3 : false
2025-06-04 18:20:03,745 [INFO] ADCParametersView:116 -                Rank 4 : false
2025-06-04 18:20:03,746 [INFO] ADCParametersView:116 -                Rank 5 : false
2025-06-04 18:20:03,746 [INFO] ADCParametersView:116 -                Rank 6 : false
2025-06-04 18:20:03,746 [INFO] ADCParametersView:116 -                Rank 4 : false
2025-06-04 18:20:03,746 [INFO] ADCParametersView:116 -                Rank 5 : false
2025-06-04 18:20:03,746 [INFO] ADCParametersView:116 -                Rank 6 : false
2025-06-04 18:20:03,746 [INFO] ADCParametersView:116 -                Rank 5 : false
2025-06-04 18:20:03,746 [INFO] ADCParametersView:116 -                Rank 6 : false
2025-06-04 18:20:03,746 [INFO] ADCParametersView:116 -                Rank 6 : false
2025-06-04 18:20:03,833 [INFO] ADCParametersView:116 -                Rank 1 : true
2025-06-04 18:20:03,834 [INFO] ADCParametersView:116 -                Rank 1 : true
2025-06-04 18:20:03,834 [INFO] ADCParametersView:116 -                Rank 2 : false
2025-06-04 18:20:03,835 [INFO] ADCParametersView:116 -                Rank 1 : true
2025-06-04 18:20:03,836 [INFO] ADCParametersView:116 -                Rank 2 : false
2025-06-04 18:20:03,836 [INFO] ADCParametersView:116 -                Rank 3 : false
2025-06-04 18:20:03,836 [INFO] ADCParametersView:116 -                Rank 1 : true
2025-06-04 18:20:03,836 [INFO] ADCParametersView:116 -                Rank 2 : false
2025-06-04 18:20:03,837 [INFO] ADCParametersView:116 -                Rank 3 : false
2025-06-04 18:20:03,837 [INFO] ADCParametersView:116 -                Rank 4 : false
2025-06-04 18:20:03,837 [INFO] ADCParametersView:116 -                Rank 1 : true
2025-06-04 18:20:03,837 [INFO] ADCParametersView:116 -                Rank 2 : false
2025-06-04 18:20:03,837 [INFO] ADCParametersView:116 -                Rank 3 : false
2025-06-04 18:20:03,837 [INFO] ADCParametersView:116 -                Rank 4 : false
2025-06-04 18:20:03,838 [INFO] ADCParametersView:116 -                Rank 5 : false
2025-06-04 18:20:03,838 [INFO] ADCParametersView:116 -                Rank 1 : true
2025-06-04 18:20:03,838 [INFO] ADCParametersView:116 -                Rank 2 : false
2025-06-04 18:20:03,838 [INFO] ADCParametersView:116 -                Rank 3 : false
2025-06-04 18:20:03,838 [INFO] ADCParametersView:116 -                Rank 4 : false
2025-06-04 18:20:03,838 [INFO] ADCParametersView:116 -                Rank 5 : false
2025-06-04 18:20:03,839 [INFO] ADCParametersView:116 -                Rank 6 : false
2025-06-04 18:20:09,566 [INFO] ADCParametersView:116 -                Rank 1 : true
2025-06-04 18:20:09,566 [INFO] ADCParametersView:116 -                Rank 2 : true
2025-06-04 18:20:09,566 [INFO] ADCParametersView:116 -                Rank 3 : false
2025-06-04 18:20:09,566 [INFO] ADCParametersView:116 -                Rank 4 : false
2025-06-04 18:20:09,566 [INFO] ADCParametersView:116 -                Rank 5 : false
2025-06-04 18:20:09,566 [INFO] ADCParametersView:116 -                Rank 6 : false
2025-06-04 18:20:12,386 [INFO] NvicIntPanel:101 - NVIC parent = com.st.microxplorer.plugins.ip.nvic.MultiNvicIntPanel[,0,0,0x0,invalid,layout=javax.swing.BoxLayout,alignmentX=0.0,alignmentY=0.0,border=,flags=9,maximumSize=,minimumSize=,preferredSize=]
2025-06-04 18:20:12,518 [INFO] ADCParametersView:116 -                Rank 1 : true
2025-06-04 18:20:12,518 [INFO] ADCParametersView:116 -                Rank 2 : true
2025-06-04 18:20:12,518 [INFO] ADCParametersView:116 -                Rank 3 : false
2025-06-04 18:20:12,518 [INFO] ADCParametersView:116 -                Rank 4 : false
2025-06-04 18:20:12,518 [INFO] ADCParametersView:116 -                Rank 5 : false
2025-06-04 18:20:12,519 [INFO] ADCParametersView:116 -                Rank 6 : false
2025-06-04 18:20:12,521 [INFO] ADCParametersView:116 -                Rank 1 : true
2025-06-04 18:20:12,522 [INFO] ADCParametersView:116 -                Rank 2 : true
2025-06-04 18:20:12,522 [INFO] ADCParametersView:116 -                Rank 3 : false
2025-06-04 18:20:12,522 [INFO] ADCParametersView:116 -                Rank 4 : false
2025-06-04 18:20:12,522 [INFO] ADCParametersView:116 -                Rank 5 : false
2025-06-04 18:20:12,522 [INFO] ADCParametersView:116 -                Rank 6 : false
2025-06-04 18:20:12,522 [INFO] ADCParametersView:116 -                Rank 1 : true
2025-06-04 18:20:12,522 [INFO] ADCParametersView:116 -                Rank 2 : true
2025-06-04 18:20:12,522 [INFO] ADCParametersView:116 -                Rank 3 : false
2025-06-04 18:20:12,522 [INFO] ADCParametersView:116 -                Rank 4 : false
2025-06-04 18:20:12,522 [INFO] ADCParametersView:116 -                Rank 5 : false
2025-06-04 18:20:12,522 [INFO] ADCParametersView:116 -                Rank 6 : false
2025-06-04 18:20:12,522 [INFO] ADCParametersView:116 -                Rank 1 : true
2025-06-04 18:20:12,522 [INFO] ADCParametersView:116 -                Rank 2 : true
2025-06-04 18:20:12,523 [INFO] ADCParametersView:116 -                Rank 3 : false
2025-06-04 18:20:12,523 [INFO] ADCParametersView:116 -                Rank 4 : false
2025-06-04 18:20:12,523 [INFO] ADCParametersView:116 -                Rank 5 : false
2025-06-04 18:20:12,523 [INFO] ADCParametersView:116 -                Rank 6 : false
2025-06-04 18:20:12,523 [INFO] ADCParametersView:116 -                Rank 1 : true
2025-06-04 18:20:12,523 [INFO] ADCParametersView:116 -                Rank 2 : true
2025-06-04 18:20:12,523 [INFO] ADCParametersView:116 -                Rank 3 : false
2025-06-04 18:20:12,523 [INFO] ADCParametersView:116 -                Rank 4 : false
2025-06-04 18:20:12,523 [INFO] ADCParametersView:116 -                Rank 5 : false
2025-06-04 18:20:12,523 [INFO] ADCParametersView:116 -                Rank 6 : false
2025-06-04 18:20:12,523 [INFO] ADCParametersView:116 -                Rank 1 : true
2025-06-04 18:20:12,523 [INFO] ADCParametersView:116 -                Rank 2 : true
2025-06-04 18:20:12,523 [INFO] ADCParametersView:116 -                Rank 3 : false
2025-06-04 18:20:12,523 [INFO] ADCParametersView:116 -                Rank 4 : false
2025-06-04 18:20:12,524 [INFO] ADCParametersView:116 -                Rank 5 : false
2025-06-04 18:20:12,524 [INFO] ADCParametersView:116 -                Rank 6 : false
2025-06-04 18:20:12,524 [INFO] ADCParametersView:116 -                Rank 1 : true
2025-06-04 18:20:12,524 [INFO] ADCParametersView:116 -                Rank 2 : true
2025-06-04 18:20:12,524 [INFO] ADCParametersView:116 -                Rank 3 : false
2025-06-04 18:20:12,524 [INFO] ADCParametersView:116 -                Rank 4 : false
2025-06-04 18:20:12,524 [INFO] ADCParametersView:116 -                Rank 5 : false
2025-06-04 18:20:12,524 [INFO] ADCParametersView:116 -                Rank 6 : false
2025-06-04 18:20:12,524 [INFO] ADCParametersView:116 -                Rank 1 : true
2025-06-04 18:20:12,524 [INFO] ADCParametersView:116 -                Rank 2 : true
2025-06-04 18:20:12,524 [INFO] ADCParametersView:116 -                Rank 3 : false
2025-06-04 18:20:12,524 [INFO] ADCParametersView:116 -                Rank 4 : false
2025-06-04 18:20:12,524 [INFO] ADCParametersView:116 -                Rank 5 : false
2025-06-04 18:20:12,525 [INFO] ADCParametersView:116 -                Rank 6 : false
2025-06-04 18:20:12,525 [INFO] ADCParametersView:116 -                Rank 1 : true
2025-06-04 18:20:12,525 [INFO] ADCParametersView:116 -                Rank 2 : true
2025-06-04 18:20:12,525 [INFO] ADCParametersView:116 -                Rank 3 : false
2025-06-04 18:20:12,525 [INFO] ADCParametersView:116 -                Rank 4 : false
2025-06-04 18:20:12,525 [INFO] ADCParametersView:116 -                Rank 5 : false
2025-06-04 18:20:12,525 [INFO] ADCParametersView:116 -                Rank 6 : false
2025-06-04 18:20:12,525 [INFO] ADCParametersView:116 -                Rank 1 : true
2025-06-04 18:20:12,525 [INFO] ADCParametersView:116 -                Rank 2 : true
2025-06-04 18:20:12,525 [INFO] ADCParametersView:116 -                Rank 3 : false
2025-06-04 18:20:12,525 [INFO] ADCParametersView:116 -                Rank 4 : false
2025-06-04 18:20:12,525 [INFO] ADCParametersView:116 -                Rank 5 : false
2025-06-04 18:20:12,525 [INFO] ADCParametersView:116 -                Rank 6 : false
2025-06-04 18:20:12,526 [INFO] ADCParametersView:116 -                Rank 1 : true
2025-06-04 18:20:12,526 [INFO] ADCParametersView:116 -                Rank 2 : true
2025-06-04 18:20:12,526 [INFO] ADCParametersView:116 -                Rank 3 : false
2025-06-04 18:20:12,526 [INFO] ADCParametersView:116 -                Rank 4 : false
2025-06-04 18:20:12,526 [INFO] ADCParametersView:116 -                Rank 5 : false
2025-06-04 18:20:12,526 [INFO] ADCParametersView:116 -                Rank 6 : false
2025-06-04 18:20:12,526 [INFO] ADCParametersView:116 -                Rank 1 : true
2025-06-04 18:20:12,526 [INFO] ADCParametersView:116 -                Rank 2 : true
2025-06-04 18:20:12,526 [INFO] ADCParametersView:116 -                Rank 3 : false
2025-06-04 18:20:12,526 [INFO] ADCParametersView:116 -                Rank 4 : false
2025-06-04 18:20:12,526 [INFO] ADCParametersView:116 -                Rank 5 : false
2025-06-04 18:20:12,526 [INFO] ADCParametersView:116 -                Rank 6 : false
2025-06-04 18:20:12,527 [INFO] ADCParametersView:116 -                Rank 1 : true
2025-06-04 18:20:12,527 [INFO] ADCParametersView:116 -                Rank 2 : true
2025-06-04 18:20:12,527 [INFO] ADCParametersView:116 -                Rank 3 : false
2025-06-04 18:20:12,527 [INFO] ADCParametersView:116 -                Rank 4 : false
2025-06-04 18:20:12,527 [INFO] ADCParametersView:116 -                Rank 5 : false
2025-06-04 18:20:12,527 [INFO] ADCParametersView:116 -                Rank 6 : false
2025-06-04 18:20:12,527 [INFO] ADCParametersView:116 -                Rank 1 : true
2025-06-04 18:20:12,527 [INFO] ADCParametersView:116 -                Rank 2 : true
2025-06-04 18:20:12,527 [INFO] ADCParametersView:116 -                Rank 3 : false
2025-06-04 18:20:12,527 [INFO] ADCParametersView:116 -                Rank 4 : false
2025-06-04 18:20:12,527 [INFO] ADCParametersView:116 -                Rank 5 : false
2025-06-04 18:20:12,527 [INFO] ADCParametersView:116 -                Rank 6 : false
2025-06-04 18:20:12,527 [INFO] ADCParametersView:116 -                Rank 1 : true
2025-06-04 18:20:12,527 [INFO] ADCParametersView:116 -                Rank 2 : true
2025-06-04 18:20:12,528 [INFO] ADCParametersView:116 -                Rank 3 : false
2025-06-04 18:20:12,528 [INFO] ADCParametersView:116 -                Rank 4 : false
2025-06-04 18:20:12,528 [INFO] ADCParametersView:116 -                Rank 5 : false
2025-06-04 18:20:12,528 [INFO] ADCParametersView:116 -                Rank 6 : false
2025-06-04 18:20:12,528 [INFO] ADCParametersView:116 -                Rank 1 : true
2025-06-04 18:20:12,528 [INFO] ADCParametersView:116 -                Rank 2 : true
2025-06-04 18:20:12,528 [INFO] ADCParametersView:116 -                Rank 3 : false
2025-06-04 18:20:12,528 [INFO] ADCParametersView:116 -                Rank 4 : false
2025-06-04 18:20:12,528 [INFO] ADCParametersView:116 -                Rank 5 : false
2025-06-04 18:20:12,528 [INFO] ADCParametersView:116 -                Rank 6 : false
2025-06-04 18:20:12,528 [INFO] ADCParametersView:116 -                Rank 1 : true
2025-06-04 18:20:12,528 [INFO] ADCParametersView:116 -                Rank 2 : true
2025-06-04 18:20:12,528 [INFO] ADCParametersView:116 -                Rank 3 : false
2025-06-04 18:20:12,528 [INFO] ADCParametersView:116 -                Rank 4 : false
2025-06-04 18:20:12,528 [INFO] ADCParametersView:116 -                Rank 5 : false
2025-06-04 18:20:12,529 [INFO] ADCParametersView:116 -                Rank 6 : false
2025-06-04 18:20:12,529 [INFO] ADCParametersView:116 -                Rank 1 : true
2025-06-04 18:20:12,529 [INFO] ADCParametersView:116 -                Rank 2 : true
2025-06-04 18:20:12,529 [INFO] ADCParametersView:116 -                Rank 3 : false
2025-06-04 18:20:12,529 [INFO] ADCParametersView:116 -                Rank 4 : false
2025-06-04 18:20:12,529 [INFO] ADCParametersView:116 -                Rank 5 : false
2025-06-04 18:20:12,529 [INFO] ADCParametersView:116 -                Rank 6 : false
2025-06-04 18:20:12,529 [INFO] ADCParametersView:116 -                Rank 1 : true
2025-06-04 18:20:12,529 [INFO] ADCParametersView:116 -                Rank 2 : true
2025-06-04 18:20:12,529 [INFO] ADCParametersView:116 -                Rank 3 : false
2025-06-04 18:20:12,529 [INFO] ADCParametersView:116 -                Rank 4 : false
2025-06-04 18:20:12,529 [INFO] ADCParametersView:116 -                Rank 5 : false
2025-06-04 18:20:12,529 [INFO] ADCParametersView:116 -                Rank 6 : false
2025-06-04 18:20:12,530 [INFO] ADCParametersView:116 -                Rank 1 : true
2025-06-04 18:20:12,530 [INFO] ADCParametersView:116 -                Rank 2 : true
2025-06-04 18:20:12,530 [INFO] ADCParametersView:116 -                Rank 3 : false
2025-06-04 18:20:12,530 [INFO] ADCParametersView:116 -                Rank 4 : false
2025-06-04 18:20:12,530 [INFO] ADCParametersView:116 -                Rank 5 : false
2025-06-04 18:20:12,530 [INFO] ADCParametersView:116 -                Rank 6 : false
2025-06-04 18:20:12,530 [INFO] ADCParametersView:116 -                Rank 1 : true
2025-06-04 18:20:12,530 [INFO] ADCParametersView:116 -                Rank 2 : true
2025-06-04 18:20:12,530 [INFO] ADCParametersView:116 -                Rank 3 : false
2025-06-04 18:20:12,530 [INFO] ADCParametersView:116 -                Rank 4 : false
2025-06-04 18:20:12,530 [INFO] ADCParametersView:116 -                Rank 5 : false
2025-06-04 18:20:12,530 [INFO] ADCParametersView:116 -                Rank 6 : false
2025-06-04 18:20:12,530 [INFO] ADCParametersView:116 -                Rank 2 : true
2025-06-04 18:20:12,530 [INFO] ADCParametersView:116 -                Rank 3 : false
2025-06-04 18:20:12,530 [INFO] ADCParametersView:116 -                Rank 4 : false
2025-06-04 18:20:12,531 [INFO] ADCParametersView:116 -                Rank 5 : false
2025-06-04 18:20:12,531 [INFO] ADCParametersView:116 -                Rank 6 : false
2025-06-04 18:20:12,531 [INFO] ADCParametersView:116 -                Rank 3 : false
2025-06-04 18:20:12,531 [INFO] ADCParametersView:116 -                Rank 4 : false
2025-06-04 18:20:12,531 [INFO] ADCParametersView:116 -                Rank 5 : false
2025-06-04 18:20:12,531 [INFO] ADCParametersView:116 -                Rank 6 : false
2025-06-04 18:20:12,531 [INFO] ADCParametersView:116 -                Rank 4 : false
2025-06-04 18:20:12,531 [INFO] ADCParametersView:116 -                Rank 5 : false
2025-06-04 18:20:12,531 [INFO] ADCParametersView:116 -                Rank 6 : false
2025-06-04 18:20:12,531 [INFO] ADCParametersView:116 -                Rank 5 : false
2025-06-04 18:20:12,531 [INFO] ADCParametersView:116 -                Rank 6 : false
2025-06-04 18:20:12,532 [INFO] ADCParametersView:116 -                Rank 6 : false
2025-06-04 18:20:12,627 [INFO] ADCParametersView:116 -                Rank 1 : true
2025-06-04 18:20:12,627 [INFO] ADCParametersView:116 -                Rank 1 : true
2025-06-04 18:20:12,627 [INFO] ADCParametersView:116 -                Rank 2 : true
2025-06-04 18:20:12,628 [INFO] ADCParametersView:116 -                Rank 1 : true
2025-06-04 18:20:12,628 [INFO] ADCParametersView:116 -                Rank 2 : true
2025-06-04 18:20:12,628 [INFO] ADCParametersView:116 -                Rank 3 : false
2025-06-04 18:20:12,628 [INFO] ADCParametersView:116 -                Rank 1 : true
2025-06-04 18:20:12,629 [INFO] ADCParametersView:116 -                Rank 2 : true
2025-06-04 18:20:12,629 [INFO] ADCParametersView:116 -                Rank 3 : false
2025-06-04 18:20:12,629 [INFO] ADCParametersView:116 -                Rank 4 : false
2025-06-04 18:20:12,629 [INFO] ADCParametersView:116 -                Rank 1 : true
2025-06-04 18:20:12,629 [INFO] ADCParametersView:116 -                Rank 2 : true
2025-06-04 18:20:12,629 [INFO] ADCParametersView:116 -                Rank 3 : false
2025-06-04 18:20:12,629 [INFO] ADCParametersView:116 -                Rank 4 : false
2025-06-04 18:20:12,629 [INFO] ADCParametersView:116 -                Rank 5 : false
2025-06-04 18:20:12,632 [INFO] ADCParametersView:116 -                Rank 1 : true
2025-06-04 18:20:12,632 [INFO] ADCParametersView:116 -                Rank 2 : true
2025-06-04 18:20:12,632 [INFO] ADCParametersView:116 -                Rank 3 : false
2025-06-04 18:20:12,632 [INFO] ADCParametersView:116 -                Rank 4 : false
2025-06-04 18:20:12,632 [INFO] ADCParametersView:116 -                Rank 5 : false
2025-06-04 18:20:12,632 [INFO] ADCParametersView:116 -                Rank 6 : false
2025-06-04 18:20:17,177 [INFO] ADCParametersView:116 -                Rank 1 : true
2025-06-04 18:20:17,177 [INFO] ADCParametersView:116 -                Rank 2 : true
2025-06-04 18:20:17,177 [INFO] ADCParametersView:116 -                Rank 3 : true
2025-06-04 18:20:17,177 [INFO] ADCParametersView:116 -                Rank 4 : false
2025-06-04 18:20:17,177 [INFO] ADCParametersView:116 -                Rank 5 : false
2025-06-04 18:20:17,177 [INFO] ADCParametersView:116 -                Rank 6 : false
2025-06-04 18:20:20,382 [INFO] NvicIntPanel:101 - NVIC parent = com.st.microxplorer.plugins.ip.nvic.MultiNvicIntPanel[,0,0,0x0,invalid,layout=javax.swing.BoxLayout,alignmentX=0.0,alignmentY=0.0,border=,flags=9,maximumSize=,minimumSize=,preferredSize=]
2025-06-04 18:20:20,528 [INFO] ADCParametersView:116 -                Rank 1 : true
2025-06-04 18:20:20,529 [INFO] ADCParametersView:116 -                Rank 2 : true
2025-06-04 18:20:20,529 [INFO] ADCParametersView:116 -                Rank 3 : true
2025-06-04 18:20:20,529 [INFO] ADCParametersView:116 -                Rank 4 : false
2025-06-04 18:20:20,529 [INFO] ADCParametersView:116 -                Rank 5 : false
2025-06-04 18:20:20,529 [INFO] ADCParametersView:116 -                Rank 6 : false
2025-06-04 18:20:20,532 [INFO] ADCParametersView:116 -                Rank 1 : true
2025-06-04 18:20:20,532 [INFO] ADCParametersView:116 -                Rank 2 : true
2025-06-04 18:20:20,532 [INFO] ADCParametersView:116 -                Rank 3 : true
2025-06-04 18:20:20,532 [INFO] ADCParametersView:116 -                Rank 4 : false
2025-06-04 18:20:20,532 [INFO] ADCParametersView:116 -                Rank 5 : false
2025-06-04 18:20:20,532 [INFO] ADCParametersView:116 -                Rank 6 : false
2025-06-04 18:20:20,533 [INFO] ADCParametersView:116 -                Rank 1 : true
2025-06-04 18:20:20,533 [INFO] ADCParametersView:116 -                Rank 2 : true
2025-06-04 18:20:20,533 [INFO] ADCParametersView:116 -                Rank 3 : true
2025-06-04 18:20:20,533 [INFO] ADCParametersView:116 -                Rank 4 : false
2025-06-04 18:20:20,533 [INFO] ADCParametersView:116 -                Rank 5 : false
2025-06-04 18:20:20,533 [INFO] ADCParametersView:116 -                Rank 6 : false
2025-06-04 18:20:20,533 [INFO] ADCParametersView:116 -                Rank 1 : true
2025-06-04 18:20:20,533 [INFO] ADCParametersView:116 -                Rank 2 : true
2025-06-04 18:20:20,533 [INFO] ADCParametersView:116 -                Rank 3 : true
2025-06-04 18:20:20,533 [INFO] ADCParametersView:116 -                Rank 4 : false
2025-06-04 18:20:20,533 [INFO] ADCParametersView:116 -                Rank 5 : false
2025-06-04 18:20:20,533 [INFO] ADCParametersView:116 -                Rank 6 : false
2025-06-04 18:20:20,533 [INFO] ADCParametersView:116 -                Rank 1 : true
2025-06-04 18:20:20,534 [INFO] ADCParametersView:116 -                Rank 2 : true
2025-06-04 18:20:20,534 [INFO] ADCParametersView:116 -                Rank 3 : true
2025-06-04 18:20:20,534 [INFO] ADCParametersView:116 -                Rank 4 : false
2025-06-04 18:20:20,534 [INFO] ADCParametersView:116 -                Rank 5 : false
2025-06-04 18:20:20,534 [INFO] ADCParametersView:116 -                Rank 6 : false
2025-06-04 18:20:20,534 [INFO] ADCParametersView:116 -                Rank 1 : true
2025-06-04 18:20:20,534 [INFO] ADCParametersView:116 -                Rank 2 : true
2025-06-04 18:20:20,534 [INFO] ADCParametersView:116 -                Rank 3 : true
2025-06-04 18:20:20,534 [INFO] ADCParametersView:116 -                Rank 4 : false
2025-06-04 18:20:20,534 [INFO] ADCParametersView:116 -                Rank 5 : false
2025-06-04 18:20:20,534 [INFO] ADCParametersView:116 -                Rank 6 : false
2025-06-04 18:20:20,534 [INFO] ADCParametersView:116 -                Rank 1 : true
2025-06-04 18:20:20,535 [INFO] ADCParametersView:116 -                Rank 2 : true
2025-06-04 18:20:20,535 [INFO] ADCParametersView:116 -                Rank 3 : true
2025-06-04 18:20:20,535 [INFO] ADCParametersView:116 -                Rank 4 : false
2025-06-04 18:20:20,535 [INFO] ADCParametersView:116 -                Rank 5 : false
2025-06-04 18:20:20,535 [INFO] ADCParametersView:116 -                Rank 6 : false
2025-06-04 18:20:20,535 [INFO] ADCParametersView:116 -                Rank 1 : true
2025-06-04 18:20:20,535 [INFO] ADCParametersView:116 -                Rank 2 : true
2025-06-04 18:20:20,535 [INFO] ADCParametersView:116 -                Rank 3 : true
2025-06-04 18:20:20,535 [INFO] ADCParametersView:116 -                Rank 4 : false
2025-06-04 18:20:20,535 [INFO] ADCParametersView:116 -                Rank 5 : false
2025-06-04 18:20:20,535 [INFO] ADCParametersView:116 -                Rank 6 : false
2025-06-04 18:20:20,535 [INFO] ADCParametersView:116 -                Rank 1 : true
2025-06-04 18:20:20,535 [INFO] ADCParametersView:116 -                Rank 2 : true
2025-06-04 18:20:20,535 [INFO] ADCParametersView:116 -                Rank 3 : true
2025-06-04 18:20:20,536 [INFO] ADCParametersView:116 -                Rank 4 : false
2025-06-04 18:20:20,536 [INFO] ADCParametersView:116 -                Rank 5 : false
2025-06-04 18:20:20,536 [INFO] ADCParametersView:116 -                Rank 6 : false
2025-06-04 18:20:20,536 [INFO] ADCParametersView:116 -                Rank 1 : true
2025-06-04 18:20:20,536 [INFO] ADCParametersView:116 -                Rank 2 : true
2025-06-04 18:20:20,536 [INFO] ADCParametersView:116 -                Rank 3 : true
2025-06-04 18:20:20,536 [INFO] ADCParametersView:116 -                Rank 4 : false
2025-06-04 18:20:20,536 [INFO] ADCParametersView:116 -                Rank 5 : false
2025-06-04 18:20:20,536 [INFO] ADCParametersView:116 -                Rank 6 : false
2025-06-04 18:20:20,536 [INFO] ADCParametersView:116 -                Rank 1 : true
2025-06-04 18:20:20,536 [INFO] ADCParametersView:116 -                Rank 2 : true
2025-06-04 18:20:20,536 [INFO] ADCParametersView:116 -                Rank 3 : true
2025-06-04 18:20:20,536 [INFO] ADCParametersView:116 -                Rank 4 : false
2025-06-04 18:20:20,536 [INFO] ADCParametersView:116 -                Rank 5 : false
2025-06-04 18:20:20,536 [INFO] ADCParametersView:116 -                Rank 6 : false
2025-06-04 18:20:20,536 [INFO] ADCParametersView:116 -                Rank 1 : true
2025-06-04 18:20:20,537 [INFO] ADCParametersView:116 -                Rank 2 : true
2025-06-04 18:20:20,537 [INFO] ADCParametersView:116 -                Rank 3 : true
2025-06-04 18:20:20,537 [INFO] ADCParametersView:116 -                Rank 4 : false
2025-06-04 18:20:20,537 [INFO] ADCParametersView:116 -                Rank 5 : false
2025-06-04 18:20:20,537 [INFO] ADCParametersView:116 -                Rank 6 : false
2025-06-04 18:20:20,537 [INFO] ADCParametersView:116 -                Rank 1 : true
2025-06-04 18:20:20,537 [INFO] ADCParametersView:116 -                Rank 2 : true
2025-06-04 18:20:20,537 [INFO] ADCParametersView:116 -                Rank 3 : true
2025-06-04 18:20:20,537 [INFO] ADCParametersView:116 -                Rank 4 : false
2025-06-04 18:20:20,537 [INFO] ADCParametersView:116 -                Rank 5 : false
2025-06-04 18:20:20,537 [INFO] ADCParametersView:116 -                Rank 6 : false
2025-06-04 18:20:20,537 [INFO] ADCParametersView:116 -                Rank 1 : true
2025-06-04 18:20:20,537 [INFO] ADCParametersView:116 -                Rank 2 : true
2025-06-04 18:20:20,538 [INFO] ADCParametersView:116 -                Rank 3 : true
2025-06-04 18:20:20,538 [INFO] ADCParametersView:116 -                Rank 4 : false
2025-06-04 18:20:20,538 [INFO] ADCParametersView:116 -                Rank 5 : false
2025-06-04 18:20:20,538 [INFO] ADCParametersView:116 -                Rank 6 : false
2025-06-04 18:20:20,538 [INFO] ADCParametersView:116 -                Rank 1 : true
2025-06-04 18:20:20,538 [INFO] ADCParametersView:116 -                Rank 2 : true
2025-06-04 18:20:20,538 [INFO] ADCParametersView:116 -                Rank 3 : true
2025-06-04 18:20:20,538 [INFO] ADCParametersView:116 -                Rank 4 : false
2025-06-04 18:20:20,538 [INFO] ADCParametersView:116 -                Rank 5 : false
2025-06-04 18:20:20,538 [INFO] ADCParametersView:116 -                Rank 6 : false
2025-06-04 18:20:20,538 [INFO] ADCParametersView:116 -                Rank 1 : true
2025-06-04 18:20:20,538 [INFO] ADCParametersView:116 -                Rank 2 : true
2025-06-04 18:20:20,538 [INFO] ADCParametersView:116 -                Rank 3 : true
2025-06-04 18:20:20,538 [INFO] ADCParametersView:116 -                Rank 4 : false
2025-06-04 18:20:20,538 [INFO] ADCParametersView:116 -                Rank 5 : false
2025-06-04 18:20:20,538 [INFO] ADCParametersView:116 -                Rank 6 : false
2025-06-04 18:20:20,539 [INFO] ADCParametersView:116 -                Rank 1 : true
2025-06-04 18:20:20,539 [INFO] ADCParametersView:116 -                Rank 2 : true
2025-06-04 18:20:20,539 [INFO] ADCParametersView:116 -                Rank 3 : true
2025-06-04 18:20:20,539 [INFO] ADCParametersView:116 -                Rank 4 : false
2025-06-04 18:20:20,539 [INFO] ADCParametersView:116 -                Rank 5 : false
2025-06-04 18:20:20,539 [INFO] ADCParametersView:116 -                Rank 6 : false
2025-06-04 18:20:20,539 [INFO] ADCParametersView:116 -                Rank 1 : true
2025-06-04 18:20:20,539 [INFO] ADCParametersView:116 -                Rank 2 : true
2025-06-04 18:20:20,539 [INFO] ADCParametersView:116 -                Rank 3 : true
2025-06-04 18:20:20,539 [INFO] ADCParametersView:116 -                Rank 4 : false
2025-06-04 18:20:20,539 [INFO] ADCParametersView:116 -                Rank 5 : false
2025-06-04 18:20:20,539 [INFO] ADCParametersView:116 -                Rank 6 : false
2025-06-04 18:20:20,539 [INFO] ADCParametersView:116 -                Rank 1 : true
2025-06-04 18:20:20,539 [INFO] ADCParametersView:116 -                Rank 2 : true
2025-06-04 18:20:20,539 [INFO] ADCParametersView:116 -                Rank 3 : true
2025-06-04 18:20:20,539 [INFO] ADCParametersView:116 -                Rank 4 : false
2025-06-04 18:20:20,539 [INFO] ADCParametersView:116 -                Rank 5 : false
2025-06-04 18:20:20,540 [INFO] ADCParametersView:116 -                Rank 6 : false
2025-06-04 18:20:20,540 [INFO] ADCParametersView:116 -                Rank 1 : true
2025-06-04 18:20:20,540 [INFO] ADCParametersView:116 -                Rank 2 : true
2025-06-04 18:20:20,540 [INFO] ADCParametersView:116 -                Rank 3 : true
2025-06-04 18:20:20,540 [INFO] ADCParametersView:116 -                Rank 4 : false
2025-06-04 18:20:20,540 [INFO] ADCParametersView:116 -                Rank 5 : false
2025-06-04 18:20:20,540 [INFO] ADCParametersView:116 -                Rank 6 : false
2025-06-04 18:20:20,540 [INFO] ADCParametersView:116 -                Rank 1 : true
2025-06-04 18:20:20,540 [INFO] ADCParametersView:116 -                Rank 2 : true
2025-06-04 18:20:20,540 [INFO] ADCParametersView:116 -                Rank 3 : true
2025-06-04 18:20:20,540 [INFO] ADCParametersView:116 -                Rank 4 : false
2025-06-04 18:20:20,540 [INFO] ADCParametersView:116 -                Rank 5 : false
2025-06-04 18:20:20,540 [INFO] ADCParametersView:116 -                Rank 6 : false
2025-06-04 18:20:20,540 [INFO] ADCParametersView:116 -                Rank 2 : true
2025-06-04 18:20:20,540 [INFO] ADCParametersView:116 -                Rank 3 : true
2025-06-04 18:20:20,540 [INFO] ADCParametersView:116 -                Rank 4 : false
2025-06-04 18:20:20,540 [INFO] ADCParametersView:116 -                Rank 5 : false
2025-06-04 18:20:20,540 [INFO] ADCParametersView:116 -                Rank 6 : false
2025-06-04 18:20:20,541 [INFO] ADCParametersView:116 -                Rank 3 : true
2025-06-04 18:20:20,541 [INFO] ADCParametersView:116 -                Rank 4 : false
2025-06-04 18:20:20,541 [INFO] ADCParametersView:116 -                Rank 5 : false
2025-06-04 18:20:20,541 [INFO] ADCParametersView:116 -                Rank 6 : false
2025-06-04 18:20:20,541 [INFO] ADCParametersView:116 -                Rank 4 : false
2025-06-04 18:20:20,541 [INFO] ADCParametersView:116 -                Rank 5 : false
2025-06-04 18:20:20,541 [INFO] ADCParametersView:116 -                Rank 6 : false
2025-06-04 18:20:20,541 [INFO] ADCParametersView:116 -                Rank 5 : false
2025-06-04 18:20:20,541 [INFO] ADCParametersView:116 -                Rank 6 : false
2025-06-04 18:20:20,541 [INFO] ADCParametersView:116 -                Rank 6 : false
2025-06-04 18:20:20,646 [INFO] ADCParametersView:116 -                Rank 1 : true
2025-06-04 18:20:20,647 [INFO] ADCParametersView:116 -                Rank 1 : true
2025-06-04 18:20:20,647 [INFO] ADCParametersView:116 -                Rank 2 : true
2025-06-04 18:20:20,648 [INFO] ADCParametersView:116 -                Rank 1 : true
2025-06-04 18:20:20,648 [INFO] ADCParametersView:116 -                Rank 2 : true
2025-06-04 18:20:20,648 [INFO] ADCParametersView:116 -                Rank 3 : true
2025-06-04 18:20:20,649 [INFO] ADCParametersView:116 -                Rank 1 : true
2025-06-04 18:20:20,649 [INFO] ADCParametersView:116 -                Rank 2 : true
2025-06-04 18:20:20,649 [INFO] ADCParametersView:116 -                Rank 3 : true
2025-06-04 18:20:20,649 [INFO] ADCParametersView:116 -                Rank 4 : false
2025-06-04 18:20:20,649 [INFO] ADCParametersView:116 -                Rank 1 : true
2025-06-04 18:20:20,649 [INFO] ADCParametersView:116 -                Rank 2 : true
2025-06-04 18:20:20,649 [INFO] ADCParametersView:116 -                Rank 3 : true
2025-06-04 18:20:20,649 [INFO] ADCParametersView:116 -                Rank 4 : false
2025-06-04 18:20:20,649 [INFO] ADCParametersView:116 -                Rank 5 : false
2025-06-04 18:20:20,650 [INFO] ADCParametersView:116 -                Rank 1 : true
2025-06-04 18:20:20,650 [INFO] ADCParametersView:116 -                Rank 2 : true
2025-06-04 18:20:20,650 [INFO] ADCParametersView:116 -                Rank 3 : true
2025-06-04 18:20:20,650 [INFO] ADCParametersView:116 -                Rank 4 : false
2025-06-04 18:20:20,650 [INFO] ADCParametersView:116 -                Rank 5 : false
2025-06-04 18:20:20,650 [INFO] ADCParametersView:116 -                Rank 6 : false
2025-06-04 18:20:24,865 [INFO] ADCParametersView:116 -                Rank 1 : true
2025-06-04 18:20:24,865 [INFO] ADCParametersView:116 -                Rank 2 : true
2025-06-04 18:20:24,865 [INFO] ADCParametersView:116 -                Rank 3 : true
2025-06-04 18:20:24,865 [INFO] ADCParametersView:116 -                Rank 4 : true
2025-06-04 18:20:24,865 [INFO] ADCParametersView:116 -                Rank 5 : false
2025-06-04 18:20:24,865 [INFO] ADCParametersView:116 -                Rank 6 : false
2025-06-04 18:20:24,931 [INFO] ADCParametersView:116 -                Rank 1 : true
2025-06-04 18:20:24,931 [INFO] ADCParametersView:116 -                Rank 2 : true
2025-06-04 18:20:24,931 [INFO] ADCParametersView:116 -                Rank 3 : true
2025-06-04 18:20:24,931 [INFO] ADCParametersView:116 -                Rank 4 : false
2025-06-04 18:20:24,931 [INFO] ADCParametersView:116 -                Rank 5 : false
2025-06-04 18:20:24,931 [INFO] ADCParametersView:116 -                Rank 6 : false
2025-06-04 18:20:26,266 [INFO] ADCParametersView:116 -                Rank 1 : true
2025-06-04 18:20:26,266 [INFO] ADCParametersView:116 -                Rank 2 : true
2025-06-04 18:20:26,266 [INFO] ADCParametersView:116 -                Rank 3 : true
2025-06-04 18:20:26,266 [INFO] ADCParametersView:116 -                Rank 4 : true
2025-06-04 18:20:26,266 [INFO] ADCParametersView:116 -                Rank 5 : false
2025-06-04 18:20:26,266 [INFO] ADCParametersView:116 -                Rank 6 : false
2025-06-04 18:20:42,989 [INFO] NvicIntPanel:101 - NVIC parent = com.st.microxplorer.plugins.ip.nvic.MultiNvicIntPanel[,0,0,0x0,invalid,layout=javax.swing.BoxLayout,alignmentX=0.0,alignmentY=0.0,border=,flags=9,maximumSize=,minimumSize=,preferredSize=]
2025-06-04 18:20:43,102 [INFO] ADCParametersView:116 -                Rank 1 : true
2025-06-04 18:20:43,102 [INFO] ADCParametersView:116 -                Rank 2 : true
2025-06-04 18:20:43,102 [INFO] ADCParametersView:116 -                Rank 3 : true
2025-06-04 18:20:43,102 [INFO] ADCParametersView:116 -                Rank 4 : true
2025-06-04 18:20:43,102 [INFO] ADCParametersView:116 -                Rank 5 : false
2025-06-04 18:20:43,102 [INFO] ADCParametersView:116 -                Rank 6 : false
2025-06-04 18:20:43,113 [INFO] ADCParametersView:116 -                Rank 1 : true
2025-06-04 18:20:43,113 [INFO] ADCParametersView:116 -                Rank 2 : true
2025-06-04 18:20:43,113 [INFO] ADCParametersView:116 -                Rank 3 : true
2025-06-04 18:20:43,113 [INFO] ADCParametersView:116 -                Rank 4 : true
2025-06-04 18:20:43,113 [INFO] ADCParametersView:116 -                Rank 5 : false
2025-06-04 18:20:43,113 [INFO] ADCParametersView:116 -                Rank 6 : false
2025-06-04 18:20:43,116 [INFO] ADCParametersView:116 -                Rank 1 : true
2025-06-04 18:20:43,116 [INFO] ADCParametersView:116 -                Rank 2 : true
2025-06-04 18:20:43,116 [INFO] ADCParametersView:116 -                Rank 3 : true
2025-06-04 18:20:43,116 [INFO] ADCParametersView:116 -                Rank 4 : true
2025-06-04 18:20:43,117 [INFO] ADCParametersView:116 -                Rank 5 : false
2025-06-04 18:20:43,117 [INFO] ADCParametersView:116 -                Rank 6 : false
2025-06-04 18:20:43,117 [INFO] ADCParametersView:116 -                Rank 1 : true
2025-06-04 18:20:43,117 [INFO] ADCParametersView:116 -                Rank 2 : true
2025-06-04 18:20:43,117 [INFO] ADCParametersView:116 -                Rank 3 : true
2025-06-04 18:20:43,117 [INFO] ADCParametersView:116 -                Rank 4 : true
2025-06-04 18:20:43,117 [INFO] ADCParametersView:116 -                Rank 5 : false
2025-06-04 18:20:43,117 [INFO] ADCParametersView:116 -                Rank 6 : false
2025-06-04 18:20:43,117 [INFO] ADCParametersView:116 -                Rank 1 : true
2025-06-04 18:20:43,117 [INFO] ADCParametersView:116 -                Rank 2 : true
2025-06-04 18:20:43,117 [INFO] ADCParametersView:116 -                Rank 3 : true
2025-06-04 18:20:43,118 [INFO] ADCParametersView:116 -                Rank 4 : true
2025-06-04 18:20:43,118 [INFO] ADCParametersView:116 -                Rank 5 : false
2025-06-04 18:20:43,118 [INFO] ADCParametersView:116 -                Rank 6 : false
2025-06-04 18:20:43,118 [INFO] ADCParametersView:116 -                Rank 1 : true
2025-06-04 18:20:43,118 [INFO] ADCParametersView:116 -                Rank 2 : true
2025-06-04 18:20:43,118 [INFO] ADCParametersView:116 -                Rank 3 : true
2025-06-04 18:20:43,118 [INFO] ADCParametersView:116 -                Rank 4 : true
2025-06-04 18:20:43,118 [INFO] ADCParametersView:116 -                Rank 5 : false
2025-06-04 18:20:43,118 [INFO] ADCParametersView:116 -                Rank 6 : false
2025-06-04 18:20:43,118 [INFO] ADCParametersView:116 -                Rank 1 : true
2025-06-04 18:20:43,118 [INFO] ADCParametersView:116 -                Rank 2 : true
2025-06-04 18:20:43,118 [INFO] ADCParametersView:116 -                Rank 3 : true
2025-06-04 18:20:43,119 [INFO] ADCParametersView:116 -                Rank 4 : true
2025-06-04 18:20:43,119 [INFO] ADCParametersView:116 -                Rank 5 : false
2025-06-04 18:20:43,119 [INFO] ADCParametersView:116 -                Rank 6 : false
2025-06-04 18:20:43,119 [INFO] ADCParametersView:116 -                Rank 1 : true
2025-06-04 18:20:43,119 [INFO] ADCParametersView:116 -                Rank 2 : true
2025-06-04 18:20:43,119 [INFO] ADCParametersView:116 -                Rank 3 : true
2025-06-04 18:20:43,119 [INFO] ADCParametersView:116 -                Rank 4 : true
2025-06-04 18:20:43,119 [INFO] ADCParametersView:116 -                Rank 5 : false
2025-06-04 18:20:43,119 [INFO] ADCParametersView:116 -                Rank 6 : false
2025-06-04 18:20:43,119 [INFO] ADCParametersView:116 -                Rank 1 : true
2025-06-04 18:20:43,119 [INFO] ADCParametersView:116 -                Rank 2 : true
2025-06-04 18:20:43,119 [INFO] ADCParametersView:116 -                Rank 3 : true
2025-06-04 18:20:43,119 [INFO] ADCParametersView:116 -                Rank 4 : true
2025-06-04 18:20:43,119 [INFO] ADCParametersView:116 -                Rank 5 : false
2025-06-04 18:20:43,119 [INFO] ADCParametersView:116 -                Rank 6 : false
2025-06-04 18:20:43,120 [INFO] ADCParametersView:116 -                Rank 1 : true
2025-06-04 18:20:43,120 [INFO] ADCParametersView:116 -                Rank 2 : true
2025-06-04 18:20:43,120 [INFO] ADCParametersView:116 -                Rank 3 : true
2025-06-04 18:20:43,120 [INFO] ADCParametersView:116 -                Rank 4 : true
2025-06-04 18:20:43,120 [INFO] ADCParametersView:116 -                Rank 5 : false
2025-06-04 18:20:43,120 [INFO] ADCParametersView:116 -                Rank 6 : false
2025-06-04 18:20:43,120 [INFO] ADCParametersView:116 -                Rank 1 : true
2025-06-04 18:20:43,120 [INFO] ADCParametersView:116 -                Rank 2 : true
2025-06-04 18:20:43,120 [INFO] ADCParametersView:116 -                Rank 3 : true
2025-06-04 18:20:43,120 [INFO] ADCParametersView:116 -                Rank 4 : true
2025-06-04 18:20:43,120 [INFO] ADCParametersView:116 -                Rank 5 : false
2025-06-04 18:20:43,120 [INFO] ADCParametersView:116 -                Rank 6 : false
2025-06-04 18:20:43,120 [INFO] ADCParametersView:116 -                Rank 1 : true
2025-06-04 18:20:43,120 [INFO] ADCParametersView:116 -                Rank 2 : true
2025-06-04 18:20:43,120 [INFO] ADCParametersView:116 -                Rank 3 : true
2025-06-04 18:20:43,120 [INFO] ADCParametersView:116 -                Rank 4 : true
2025-06-04 18:20:43,121 [INFO] ADCParametersView:116 -                Rank 5 : false
2025-06-04 18:20:43,121 [INFO] ADCParametersView:116 -                Rank 6 : false
2025-06-04 18:20:43,121 [INFO] ADCParametersView:116 -                Rank 1 : true
2025-06-04 18:20:43,121 [INFO] ADCParametersView:116 -                Rank 2 : true
2025-06-04 18:20:43,121 [INFO] ADCParametersView:116 -                Rank 3 : true
2025-06-04 18:20:43,121 [INFO] ADCParametersView:116 -                Rank 4 : true
2025-06-04 18:20:43,121 [INFO] ADCParametersView:116 -                Rank 5 : false
2025-06-04 18:20:43,121 [INFO] ADCParametersView:116 -                Rank 6 : false
2025-06-04 18:20:43,121 [INFO] ADCParametersView:116 -                Rank 1 : true
2025-06-04 18:20:43,121 [INFO] ADCParametersView:116 -                Rank 2 : true
2025-06-04 18:20:43,121 [INFO] ADCParametersView:116 -                Rank 3 : true
2025-06-04 18:20:43,121 [INFO] ADCParametersView:116 -                Rank 4 : true
2025-06-04 18:20:43,121 [INFO] ADCParametersView:116 -                Rank 5 : false
2025-06-04 18:20:43,121 [INFO] ADCParametersView:116 -                Rank 6 : false
2025-06-04 18:20:43,121 [INFO] ADCParametersView:116 -                Rank 1 : true
2025-06-04 18:20:43,121 [INFO] ADCParametersView:116 -                Rank 2 : true
2025-06-04 18:20:43,122 [INFO] ADCParametersView:116 -                Rank 3 : true
2025-06-04 18:20:43,122 [INFO] ADCParametersView:116 -                Rank 4 : true
2025-06-04 18:20:43,122 [INFO] ADCParametersView:116 -                Rank 5 : false
2025-06-04 18:20:43,122 [INFO] ADCParametersView:116 -                Rank 6 : false
2025-06-04 18:20:43,122 [INFO] ADCParametersView:116 -                Rank 1 : true
2025-06-04 18:20:43,122 [INFO] ADCParametersView:116 -                Rank 2 : true
2025-06-04 18:20:43,122 [INFO] ADCParametersView:116 -                Rank 3 : true
2025-06-04 18:20:43,122 [INFO] ADCParametersView:116 -                Rank 4 : true
2025-06-04 18:20:43,122 [INFO] ADCParametersView:116 -                Rank 5 : false
2025-06-04 18:20:43,122 [INFO] ADCParametersView:116 -                Rank 6 : false
2025-06-04 18:20:43,122 [INFO] ADCParametersView:116 -                Rank 1 : true
2025-06-04 18:20:43,122 [INFO] ADCParametersView:116 -                Rank 2 : true
2025-06-04 18:20:43,122 [INFO] ADCParametersView:116 -                Rank 3 : true
2025-06-04 18:20:43,122 [INFO] ADCParametersView:116 -                Rank 4 : true
2025-06-04 18:20:43,122 [INFO] ADCParametersView:116 -                Rank 5 : false
2025-06-04 18:20:43,122 [INFO] ADCParametersView:116 -                Rank 6 : false
2025-06-04 18:20:43,122 [INFO] ADCParametersView:116 -                Rank 1 : true
2025-06-04 18:20:43,123 [INFO] ADCParametersView:116 -                Rank 2 : true
2025-06-04 18:20:43,123 [INFO] ADCParametersView:116 -                Rank 3 : true
2025-06-04 18:20:43,123 [INFO] ADCParametersView:116 -                Rank 4 : true
2025-06-04 18:20:43,123 [INFO] ADCParametersView:116 -                Rank 5 : false
2025-06-04 18:20:43,123 [INFO] ADCParametersView:116 -                Rank 6 : false
2025-06-04 18:20:43,123 [INFO] ADCParametersView:116 -                Rank 1 : true
2025-06-04 18:20:43,123 [INFO] ADCParametersView:116 -                Rank 2 : true
2025-06-04 18:20:43,123 [INFO] ADCParametersView:116 -                Rank 3 : true
2025-06-04 18:20:43,123 [INFO] ADCParametersView:116 -                Rank 4 : true
2025-06-04 18:20:43,123 [INFO] ADCParametersView:116 -                Rank 5 : false
2025-06-04 18:20:43,123 [INFO] ADCParametersView:116 -                Rank 6 : false
2025-06-04 18:20:43,123 [INFO] ADCParametersView:116 -                Rank 1 : true
2025-06-04 18:20:43,123 [INFO] ADCParametersView:116 -                Rank 2 : true
2025-06-04 18:20:43,123 [INFO] ADCParametersView:116 -                Rank 3 : true
2025-06-04 18:20:43,123 [INFO] ADCParametersView:116 -                Rank 4 : true
2025-06-04 18:20:43,123 [INFO] ADCParametersView:116 -                Rank 5 : false
2025-06-04 18:20:43,123 [INFO] ADCParametersView:116 -                Rank 6 : false
2025-06-04 18:20:43,124 [INFO] ADCParametersView:116 -                Rank 1 : true
2025-06-04 18:20:43,124 [INFO] ADCParametersView:116 -                Rank 2 : true
2025-06-04 18:20:43,124 [INFO] ADCParametersView:116 -                Rank 3 : true
2025-06-04 18:20:43,124 [INFO] ADCParametersView:116 -                Rank 4 : true
2025-06-04 18:20:43,124 [INFO] ADCParametersView:116 -                Rank 5 : false
2025-06-04 18:20:43,124 [INFO] ADCParametersView:116 -                Rank 6 : false
2025-06-04 18:20:43,124 [INFO] ADCParametersView:116 -                Rank 2 : true
2025-06-04 18:20:43,124 [INFO] ADCParametersView:116 -                Rank 3 : true
2025-06-04 18:20:43,124 [INFO] ADCParametersView:116 -                Rank 4 : true
2025-06-04 18:20:43,124 [INFO] ADCParametersView:116 -                Rank 5 : false
2025-06-04 18:20:43,124 [INFO] ADCParametersView:116 -                Rank 6 : false
2025-06-04 18:20:43,124 [INFO] ADCParametersView:116 -                Rank 3 : true
2025-06-04 18:20:43,124 [INFO] ADCParametersView:116 -                Rank 4 : true
2025-06-04 18:20:43,124 [INFO] ADCParametersView:116 -                Rank 5 : false
2025-06-04 18:20:43,124 [INFO] ADCParametersView:116 -                Rank 6 : false
2025-06-04 18:20:43,124 [INFO] ADCParametersView:116 -                Rank 4 : true
2025-06-04 18:20:43,124 [INFO] ADCParametersView:116 -                Rank 5 : false
2025-06-04 18:20:43,124 [INFO] ADCParametersView:116 -                Rank 6 : false
2025-06-04 18:20:43,125 [INFO] ADCParametersView:116 -                Rank 5 : false
2025-06-04 18:20:43,125 [INFO] ADCParametersView:116 -                Rank 6 : false
2025-06-04 18:20:43,125 [INFO] ADCParametersView:116 -                Rank 6 : false
2025-06-04 18:20:43,231 [INFO] ADCParametersView:116 -                Rank 1 : true
2025-06-04 18:20:43,232 [INFO] ADCParametersView:116 -                Rank 1 : true
2025-06-04 18:20:43,232 [INFO] ADCParametersView:116 -                Rank 2 : true
2025-06-04 18:20:43,232 [INFO] ADCParametersView:116 -                Rank 1 : true
2025-06-04 18:20:43,233 [INFO] ADCParametersView:116 -                Rank 2 : true
2025-06-04 18:20:43,233 [INFO] ADCParametersView:116 -                Rank 3 : true
2025-06-04 18:20:43,233 [INFO] ADCParametersView:116 -                Rank 1 : true
2025-06-04 18:20:43,233 [INFO] ADCParametersView:116 -                Rank 2 : true
2025-06-04 18:20:43,233 [INFO] ADCParametersView:116 -                Rank 3 : true
2025-06-04 18:20:43,233 [INFO] ADCParametersView:116 -                Rank 4 : true
2025-06-04 18:20:43,234 [INFO] ADCParametersView:116 -                Rank 1 : true
2025-06-04 18:20:43,234 [INFO] ADCParametersView:116 -                Rank 2 : true
2025-06-04 18:20:43,234 [INFO] ADCParametersView:116 -                Rank 3 : true
2025-06-04 18:20:43,234 [INFO] ADCParametersView:116 -                Rank 4 : true
2025-06-04 18:20:43,234 [INFO] ADCParametersView:116 -                Rank 5 : false
2025-06-04 18:20:43,234 [INFO] ADCParametersView:116 -                Rank 1 : true
2025-06-04 18:20:43,235 [INFO] ADCParametersView:116 -                Rank 2 : true
2025-06-04 18:20:43,235 [INFO] ADCParametersView:116 -                Rank 3 : true
2025-06-04 18:20:43,235 [INFO] ADCParametersView:116 -                Rank 4 : true
2025-06-04 18:20:43,235 [INFO] ADCParametersView:116 -                Rank 5 : false
2025-06-04 18:20:43,235 [INFO] ADCParametersView:116 -                Rank 6 : false
2025-06-04 18:20:47,312 [INFO] ADCParametersView:116 -                Rank 1 : true
2025-06-04 18:20:47,313 [INFO] ADCParametersView:116 -                Rank 2 : true
2025-06-04 18:20:47,313 [INFO] ADCParametersView:116 -                Rank 3 : true
2025-06-04 18:20:47,313 [INFO] ADCParametersView:116 -                Rank 4 : true
2025-06-04 18:20:47,313 [INFO] ADCParametersView:116 -                Rank 5 : true
2025-06-04 18:20:47,313 [INFO] ADCParametersView:116 -                Rank 6 : false
2025-06-04 18:20:49,771 [INFO] NvicIntPanel:101 - NVIC parent = com.st.microxplorer.plugins.ip.nvic.MultiNvicIntPanel[,0,0,0x0,invalid,layout=javax.swing.BoxLayout,alignmentX=0.0,alignmentY=0.0,border=,flags=9,maximumSize=,minimumSize=,preferredSize=]
2025-06-04 18:20:49,882 [INFO] ADCParametersView:116 -                Rank 1 : true
2025-06-04 18:20:49,882 [INFO] ADCParametersView:116 -                Rank 2 : true
2025-06-04 18:20:49,882 [INFO] ADCParametersView:116 -                Rank 3 : true
2025-06-04 18:20:49,883 [INFO] ADCParametersView:116 -                Rank 4 : true
2025-06-04 18:20:49,883 [INFO] ADCParametersView:116 -                Rank 5 : true
2025-06-04 18:20:49,883 [INFO] ADCParametersView:116 -                Rank 6 : false
2025-06-04 18:20:49,885 [INFO] ADCParametersView:116 -                Rank 1 : true
2025-06-04 18:20:49,885 [INFO] ADCParametersView:116 -                Rank 2 : true
2025-06-04 18:20:49,885 [INFO] ADCParametersView:116 -                Rank 3 : true
2025-06-04 18:20:49,885 [INFO] ADCParametersView:116 -                Rank 4 : true
2025-06-04 18:20:49,885 [INFO] ADCParametersView:116 -                Rank 5 : true
2025-06-04 18:20:49,885 [INFO] ADCParametersView:116 -                Rank 6 : false
2025-06-04 18:20:49,885 [INFO] ADCParametersView:116 -                Rank 1 : true
2025-06-04 18:20:49,885 [INFO] ADCParametersView:116 -                Rank 2 : true
2025-06-04 18:20:49,885 [INFO] ADCParametersView:116 -                Rank 3 : true
2025-06-04 18:20:49,885 [INFO] ADCParametersView:116 -                Rank 4 : true
2025-06-04 18:20:49,885 [INFO] ADCParametersView:116 -                Rank 5 : true
2025-06-04 18:20:49,885 [INFO] ADCParametersView:116 -                Rank 6 : false
2025-06-04 18:20:49,885 [INFO] ADCParametersView:116 -                Rank 1 : true
2025-06-04 18:20:49,885 [INFO] ADCParametersView:116 -                Rank 2 : true
2025-06-04 18:20:49,885 [INFO] ADCParametersView:116 -                Rank 3 : true
2025-06-04 18:20:49,885 [INFO] ADCParametersView:116 -                Rank 4 : true
2025-06-04 18:20:49,885 [INFO] ADCParametersView:116 -                Rank 5 : true
2025-06-04 18:20:49,885 [INFO] ADCParametersView:116 -                Rank 6 : false
2025-06-04 18:20:49,886 [INFO] ADCParametersView:116 -                Rank 1 : true
2025-06-04 18:20:49,886 [INFO] ADCParametersView:116 -                Rank 2 : true
2025-06-04 18:20:49,886 [INFO] ADCParametersView:116 -                Rank 3 : true
2025-06-04 18:20:49,886 [INFO] ADCParametersView:116 -                Rank 4 : true
2025-06-04 18:20:49,886 [INFO] ADCParametersView:116 -                Rank 5 : true
2025-06-04 18:20:49,886 [INFO] ADCParametersView:116 -                Rank 6 : false
2025-06-04 18:20:49,886 [INFO] ADCParametersView:116 -                Rank 1 : true
2025-06-04 18:20:49,886 [INFO] ADCParametersView:116 -                Rank 2 : true
2025-06-04 18:20:49,886 [INFO] ADCParametersView:116 -                Rank 3 : true
2025-06-04 18:20:49,886 [INFO] ADCParametersView:116 -                Rank 4 : true
2025-06-04 18:20:49,886 [INFO] ADCParametersView:116 -                Rank 5 : true
2025-06-04 18:20:49,886 [INFO] ADCParametersView:116 -                Rank 6 : false
2025-06-04 18:20:49,886 [INFO] ADCParametersView:116 -                Rank 1 : true
2025-06-04 18:20:49,886 [INFO] ADCParametersView:116 -                Rank 2 : true
2025-06-04 18:20:49,886 [INFO] ADCParametersView:116 -                Rank 3 : true
2025-06-04 18:20:49,886 [INFO] ADCParametersView:116 -                Rank 4 : true
2025-06-04 18:20:49,886 [INFO] ADCParametersView:116 -                Rank 5 : true
2025-06-04 18:20:49,886 [INFO] ADCParametersView:116 -                Rank 6 : false
2025-06-04 18:20:49,886 [INFO] ADCParametersView:116 -                Rank 1 : true
2025-06-04 18:20:49,886 [INFO] ADCParametersView:116 -                Rank 2 : true
2025-06-04 18:20:49,886 [INFO] ADCParametersView:116 -                Rank 3 : true
2025-06-04 18:20:49,886 [INFO] ADCParametersView:116 -                Rank 4 : true
2025-06-04 18:20:49,886 [INFO] ADCParametersView:116 -                Rank 5 : true
2025-06-04 18:20:49,886 [INFO] ADCParametersView:116 -                Rank 6 : false
2025-06-04 18:20:49,886 [INFO] ADCParametersView:116 -                Rank 1 : true
2025-06-04 18:20:49,887 [INFO] ADCParametersView:116 -                Rank 2 : true
2025-06-04 18:20:49,887 [INFO] ADCParametersView:116 -                Rank 3 : true
2025-06-04 18:20:49,887 [INFO] ADCParametersView:116 -                Rank 4 : true
2025-06-04 18:20:49,887 [INFO] ADCParametersView:116 -                Rank 5 : true
2025-06-04 18:20:49,887 [INFO] ADCParametersView:116 -                Rank 6 : false
2025-06-04 18:20:49,887 [INFO] ADCParametersView:116 -                Rank 1 : true
2025-06-04 18:20:49,887 [INFO] ADCParametersView:116 -                Rank 2 : true
2025-06-04 18:20:49,887 [INFO] ADCParametersView:116 -                Rank 3 : true
2025-06-04 18:20:49,887 [INFO] ADCParametersView:116 -                Rank 4 : true
2025-06-04 18:20:49,887 [INFO] ADCParametersView:116 -                Rank 5 : true
2025-06-04 18:20:49,887 [INFO] ADCParametersView:116 -                Rank 6 : false
2025-06-04 18:20:49,887 [INFO] ADCParametersView:116 -                Rank 1 : true
2025-06-04 18:20:49,887 [INFO] ADCParametersView:116 -                Rank 2 : true
2025-06-04 18:20:49,887 [INFO] ADCParametersView:116 -                Rank 3 : true
2025-06-04 18:20:49,887 [INFO] ADCParametersView:116 -                Rank 4 : true
2025-06-04 18:20:49,887 [INFO] ADCParametersView:116 -                Rank 5 : true
2025-06-04 18:20:49,887 [INFO] ADCParametersView:116 -                Rank 6 : false
2025-06-04 18:20:49,887 [INFO] ADCParametersView:116 -                Rank 1 : true
2025-06-04 18:20:49,887 [INFO] ADCParametersView:116 -                Rank 2 : true
2025-06-04 18:20:49,887 [INFO] ADCParametersView:116 -                Rank 3 : true
2025-06-04 18:20:49,887 [INFO] ADCParametersView:116 -                Rank 4 : true
2025-06-04 18:20:49,887 [INFO] ADCParametersView:116 -                Rank 5 : true
2025-06-04 18:20:49,887 [INFO] ADCParametersView:116 -                Rank 6 : false
2025-06-04 18:20:49,887 [INFO] ADCParametersView:116 -                Rank 1 : true
2025-06-04 18:20:49,887 [INFO] ADCParametersView:116 -                Rank 2 : true
2025-06-04 18:20:49,887 [INFO] ADCParametersView:116 -                Rank 3 : true
2025-06-04 18:20:49,887 [INFO] ADCParametersView:116 -                Rank 4 : true
2025-06-04 18:20:49,888 [INFO] ADCParametersView:116 -                Rank 5 : true
2025-06-04 18:20:49,888 [INFO] ADCParametersView:116 -                Rank 6 : false
2025-06-04 18:20:49,888 [INFO] ADCParametersView:116 -                Rank 1 : true
2025-06-04 18:20:49,888 [INFO] ADCParametersView:116 -                Rank 2 : true
2025-06-04 18:20:49,888 [INFO] ADCParametersView:116 -                Rank 3 : true
2025-06-04 18:20:49,888 [INFO] ADCParametersView:116 -                Rank 4 : true
2025-06-04 18:20:49,888 [INFO] ADCParametersView:116 -                Rank 5 : true
2025-06-04 18:20:49,888 [INFO] ADCParametersView:116 -                Rank 6 : false
2025-06-04 18:20:49,888 [INFO] ADCParametersView:116 -                Rank 1 : true
2025-06-04 18:20:49,888 [INFO] ADCParametersView:116 -                Rank 2 : true
2025-06-04 18:20:49,888 [INFO] ADCParametersView:116 -                Rank 3 : true
2025-06-04 18:20:49,888 [INFO] ADCParametersView:116 -                Rank 4 : true
2025-06-04 18:20:49,888 [INFO] ADCParametersView:116 -                Rank 5 : true
2025-06-04 18:20:49,888 [INFO] ADCParametersView:116 -                Rank 6 : false
2025-06-04 18:20:49,888 [INFO] ADCParametersView:116 -                Rank 1 : true
2025-06-04 18:20:49,888 [INFO] ADCParametersView:116 -                Rank 2 : true
2025-06-04 18:20:49,888 [INFO] ADCParametersView:116 -                Rank 3 : true
2025-06-04 18:20:49,888 [INFO] ADCParametersView:116 -                Rank 4 : true
2025-06-04 18:20:49,888 [INFO] ADCParametersView:116 -                Rank 5 : true
2025-06-04 18:20:49,888 [INFO] ADCParametersView:116 -                Rank 6 : false
2025-06-04 18:20:49,888 [INFO] ADCParametersView:116 -                Rank 1 : true
2025-06-04 18:20:49,888 [INFO] ADCParametersView:116 -                Rank 2 : true
2025-06-04 18:20:49,888 [INFO] ADCParametersView:116 -                Rank 3 : true
2025-06-04 18:20:49,888 [INFO] ADCParametersView:116 -                Rank 4 : true
2025-06-04 18:20:49,888 [INFO] ADCParametersView:116 -                Rank 5 : true
2025-06-04 18:20:49,888 [INFO] ADCParametersView:116 -                Rank 6 : false
2025-06-04 18:20:49,888 [INFO] ADCParametersView:116 -                Rank 1 : true
2025-06-04 18:20:49,888 [INFO] ADCParametersView:116 -                Rank 2 : true
2025-06-04 18:20:49,889 [INFO] ADCParametersView:116 -                Rank 3 : true
2025-06-04 18:20:49,889 [INFO] ADCParametersView:116 -                Rank 4 : true
2025-06-04 18:20:49,889 [INFO] ADCParametersView:116 -                Rank 5 : true
2025-06-04 18:20:49,889 [INFO] ADCParametersView:116 -                Rank 6 : false
2025-06-04 18:20:49,889 [INFO] ADCParametersView:116 -                Rank 1 : true
2025-06-04 18:20:49,889 [INFO] ADCParametersView:116 -                Rank 2 : true
2025-06-04 18:20:49,889 [INFO] ADCParametersView:116 -                Rank 3 : true
2025-06-04 18:20:49,889 [INFO] ADCParametersView:116 -                Rank 4 : true
2025-06-04 18:20:49,889 [INFO] ADCParametersView:116 -                Rank 5 : true
2025-06-04 18:20:49,889 [INFO] ADCParametersView:116 -                Rank 6 : false
2025-06-04 18:20:49,889 [INFO] ADCParametersView:116 -                Rank 1 : true
2025-06-04 18:20:49,889 [INFO] ADCParametersView:116 -                Rank 2 : true
2025-06-04 18:20:49,889 [INFO] ADCParametersView:116 -                Rank 3 : true
2025-06-04 18:20:49,889 [INFO] ADCParametersView:116 -                Rank 4 : true
2025-06-04 18:20:49,889 [INFO] ADCParametersView:116 -                Rank 5 : true
2025-06-04 18:20:49,889 [INFO] ADCParametersView:116 -                Rank 6 : false
2025-06-04 18:20:49,889 [INFO] ADCParametersView:116 -                Rank 1 : true
2025-06-04 18:20:49,889 [INFO] ADCParametersView:116 -                Rank 2 : true
2025-06-04 18:20:49,889 [INFO] ADCParametersView:116 -                Rank 3 : true
2025-06-04 18:20:49,889 [INFO] ADCParametersView:116 -                Rank 4 : true
2025-06-04 18:20:49,889 [INFO] ADCParametersView:116 -                Rank 5 : true
2025-06-04 18:20:49,889 [INFO] ADCParametersView:116 -                Rank 6 : false
2025-06-04 18:20:49,889 [INFO] ADCParametersView:116 -                Rank 2 : true
2025-06-04 18:20:49,889 [INFO] ADCParametersView:116 -                Rank 3 : true
2025-06-04 18:20:49,889 [INFO] ADCParametersView:116 -                Rank 4 : true
2025-06-04 18:20:49,889 [INFO] ADCParametersView:116 -                Rank 5 : true
2025-06-04 18:20:49,889 [INFO] ADCParametersView:116 -                Rank 6 : false
2025-06-04 18:20:49,889 [INFO] ADCParametersView:116 -                Rank 3 : true
2025-06-04 18:20:49,889 [INFO] ADCParametersView:116 -                Rank 4 : true
2025-06-04 18:20:49,889 [INFO] ADCParametersView:116 -                Rank 5 : true
2025-06-04 18:20:49,890 [INFO] ADCParametersView:116 -                Rank 6 : false
2025-06-04 18:20:49,890 [INFO] ADCParametersView:116 -                Rank 4 : true
2025-06-04 18:20:49,890 [INFO] ADCParametersView:116 -                Rank 5 : true
2025-06-04 18:20:49,890 [INFO] ADCParametersView:116 -                Rank 6 : false
2025-06-04 18:20:49,890 [INFO] ADCParametersView:116 -                Rank 5 : true
2025-06-04 18:20:49,890 [INFO] ADCParametersView:116 -                Rank 6 : false
2025-06-04 18:20:49,890 [INFO] ADCParametersView:116 -                Rank 6 : false
2025-06-04 18:20:49,933 [INFO] ADCParametersView:116 -                Rank 1 : true
2025-06-04 18:20:49,934 [INFO] ADCParametersView:116 -                Rank 1 : true
2025-06-04 18:20:49,934 [INFO] ADCParametersView:116 -                Rank 2 : true
2025-06-04 18:20:49,934 [INFO] ADCParametersView:116 -                Rank 1 : true
2025-06-04 18:20:49,934 [INFO] ADCParametersView:116 -                Rank 2 : true
2025-06-04 18:20:49,934 [INFO] ADCParametersView:116 -                Rank 3 : true
2025-06-04 18:20:49,934 [INFO] ADCParametersView:116 -                Rank 1 : true
2025-06-04 18:20:49,934 [INFO] ADCParametersView:116 -                Rank 2 : true
2025-06-04 18:20:49,934 [INFO] ADCParametersView:116 -                Rank 3 : true
2025-06-04 18:20:49,934 [INFO] ADCParametersView:116 -                Rank 4 : true
2025-06-04 18:20:49,935 [INFO] ADCParametersView:116 -                Rank 1 : true
2025-06-04 18:20:49,935 [INFO] ADCParametersView:116 -                Rank 2 : true
2025-06-04 18:20:49,935 [INFO] ADCParametersView:116 -                Rank 3 : true
2025-06-04 18:20:49,935 [INFO] ADCParametersView:116 -                Rank 4 : true
2025-06-04 18:20:49,935 [INFO] ADCParametersView:116 -                Rank 5 : true
2025-06-04 18:20:49,935 [INFO] ADCParametersView:116 -                Rank 1 : true
2025-06-04 18:20:49,935 [INFO] ADCParametersView:116 -                Rank 2 : true
2025-06-04 18:20:49,935 [INFO] ADCParametersView:116 -                Rank 3 : true
2025-06-04 18:20:49,935 [INFO] ADCParametersView:116 -                Rank 4 : true
2025-06-04 18:20:49,935 [INFO] ADCParametersView:116 -                Rank 5 : true
2025-06-04 18:20:49,935 [INFO] ADCParametersView:116 -                Rank 6 : false
2025-06-04 18:20:53,516 [INFO] ADCParametersView:116 -                Rank 1 : true
2025-06-04 18:20:53,517 [INFO] ADCParametersView:116 -                Rank 2 : true
2025-06-04 18:20:53,517 [INFO] ADCParametersView:116 -                Rank 3 : true
2025-06-04 18:20:53,517 [INFO] ADCParametersView:116 -                Rank 4 : true
2025-06-04 18:20:53,517 [INFO] ADCParametersView:116 -                Rank 5 : true
2025-06-04 18:20:53,517 [INFO] ADCParametersView:116 -                Rank 6 : true
2025-06-04 18:20:55,753 [INFO] NvicIntPanel:101 - NVIC parent = com.st.microxplorer.plugins.ip.nvic.MultiNvicIntPanel[,0,0,0x0,invalid,layout=javax.swing.BoxLayout,alignmentX=0.0,alignmentY=0.0,border=,flags=9,maximumSize=,minimumSize=,preferredSize=]
2025-06-04 18:20:55,808 [INFO] ADCParametersView:116 -                Rank 1 : true
2025-06-04 18:20:55,808 [INFO] ADCParametersView:116 -                Rank 2 : true
2025-06-04 18:20:55,808 [INFO] ADCParametersView:116 -                Rank 3 : true
2025-06-04 18:20:55,808 [INFO] ADCParametersView:116 -                Rank 4 : true
2025-06-04 18:20:55,808 [INFO] ADCParametersView:116 -                Rank 5 : true
2025-06-04 18:20:55,808 [INFO] ADCParametersView:116 -                Rank 6 : true
2025-06-04 18:20:55,810 [INFO] ADCParametersView:116 -                Rank 1 : true
2025-06-04 18:20:55,810 [INFO] ADCParametersView:116 -                Rank 2 : true
2025-06-04 18:20:55,810 [INFO] ADCParametersView:116 -                Rank 3 : true
2025-06-04 18:20:55,810 [INFO] ADCParametersView:116 -                Rank 4 : true
2025-06-04 18:20:55,810 [INFO] ADCParametersView:116 -                Rank 5 : true
2025-06-04 18:20:55,810 [INFO] ADCParametersView:116 -                Rank 6 : true
2025-06-04 18:20:55,810 [INFO] ADCParametersView:116 -                Rank 1 : true
2025-06-04 18:20:55,810 [INFO] ADCParametersView:116 -                Rank 2 : true
2025-06-04 18:20:55,810 [INFO] ADCParametersView:116 -                Rank 3 : true
2025-06-04 18:20:55,810 [INFO] ADCParametersView:116 -                Rank 4 : true
2025-06-04 18:20:55,810 [INFO] ADCParametersView:116 -                Rank 5 : true
2025-06-04 18:20:55,810 [INFO] ADCParametersView:116 -                Rank 6 : true
2025-06-04 18:20:55,811 [INFO] ADCParametersView:116 -                Rank 1 : true
2025-06-04 18:20:55,811 [INFO] ADCParametersView:116 -                Rank 2 : true
2025-06-04 18:20:55,811 [INFO] ADCParametersView:116 -                Rank 3 : true
2025-06-04 18:20:55,811 [INFO] ADCParametersView:116 -                Rank 4 : true
2025-06-04 18:20:55,811 [INFO] ADCParametersView:116 -                Rank 5 : true
2025-06-04 18:20:55,811 [INFO] ADCParametersView:116 -                Rank 6 : true
2025-06-04 18:20:55,811 [INFO] ADCParametersView:116 -                Rank 1 : true
2025-06-04 18:20:55,811 [INFO] ADCParametersView:116 -                Rank 2 : true
2025-06-04 18:20:55,811 [INFO] ADCParametersView:116 -                Rank 3 : true
2025-06-04 18:20:55,811 [INFO] ADCParametersView:116 -                Rank 4 : true
2025-06-04 18:20:55,811 [INFO] ADCParametersView:116 -                Rank 5 : true
2025-06-04 18:20:55,811 [INFO] ADCParametersView:116 -                Rank 6 : true
2025-06-04 18:20:55,811 [INFO] ADCParametersView:116 -                Rank 1 : true
2025-06-04 18:20:55,811 [INFO] ADCParametersView:116 -                Rank 2 : true
2025-06-04 18:20:55,811 [INFO] ADCParametersView:116 -                Rank 3 : true
2025-06-04 18:20:55,811 [INFO] ADCParametersView:116 -                Rank 4 : true
2025-06-04 18:20:55,811 [INFO] ADCParametersView:116 -                Rank 5 : true
2025-06-04 18:20:55,811 [INFO] ADCParametersView:116 -                Rank 6 : true
2025-06-04 18:20:55,811 [INFO] ADCParametersView:116 -                Rank 1 : true
2025-06-04 18:20:55,811 [INFO] ADCParametersView:116 -                Rank 2 : true
2025-06-04 18:20:55,811 [INFO] ADCParametersView:116 -                Rank 3 : true
2025-06-04 18:20:55,812 [INFO] ADCParametersView:116 -                Rank 4 : true
2025-06-04 18:20:55,812 [INFO] ADCParametersView:116 -                Rank 5 : true
2025-06-04 18:20:55,812 [INFO] ADCParametersView:116 -                Rank 6 : true
2025-06-04 18:20:55,812 [INFO] ADCParametersView:116 -                Rank 1 : true
2025-06-04 18:20:55,812 [INFO] ADCParametersView:116 -                Rank 2 : true
2025-06-04 18:20:55,812 [INFO] ADCParametersView:116 -                Rank 3 : true
2025-06-04 18:20:55,812 [INFO] ADCParametersView:116 -                Rank 4 : true
2025-06-04 18:20:55,812 [INFO] ADCParametersView:116 -                Rank 5 : true
2025-06-04 18:20:55,812 [INFO] ADCParametersView:116 -                Rank 6 : true
2025-06-04 18:20:55,812 [INFO] ADCParametersView:116 -                Rank 1 : true
2025-06-04 18:20:55,812 [INFO] ADCParametersView:116 -                Rank 2 : true
2025-06-04 18:20:55,812 [INFO] ADCParametersView:116 -                Rank 3 : true
2025-06-04 18:20:55,812 [INFO] ADCParametersView:116 -                Rank 4 : true
2025-06-04 18:20:55,812 [INFO] ADCParametersView:116 -                Rank 5 : true
2025-06-04 18:20:55,812 [INFO] ADCParametersView:116 -                Rank 6 : true
2025-06-04 18:20:55,812 [INFO] ADCParametersView:116 -                Rank 1 : true
2025-06-04 18:20:55,812 [INFO] ADCParametersView:116 -                Rank 2 : true
2025-06-04 18:20:55,812 [INFO] ADCParametersView:116 -                Rank 3 : true
2025-06-04 18:20:55,812 [INFO] ADCParametersView:116 -                Rank 4 : true
2025-06-04 18:20:55,812 [INFO] ADCParametersView:116 -                Rank 5 : true
2025-06-04 18:20:55,812 [INFO] ADCParametersView:116 -                Rank 6 : true
2025-06-04 18:20:55,812 [INFO] ADCParametersView:116 -                Rank 1 : true
2025-06-04 18:20:55,812 [INFO] ADCParametersView:116 -                Rank 2 : true
2025-06-04 18:20:55,812 [INFO] ADCParametersView:116 -                Rank 3 : true
2025-06-04 18:20:55,813 [INFO] ADCParametersView:116 -                Rank 4 : true
2025-06-04 18:20:55,813 [INFO] ADCParametersView:116 -                Rank 5 : true
2025-06-04 18:20:55,813 [INFO] ADCParametersView:116 -                Rank 6 : true
2025-06-04 18:20:55,813 [INFO] ADCParametersView:116 -                Rank 1 : true
2025-06-04 18:20:55,813 [INFO] ADCParametersView:116 -                Rank 2 : true
2025-06-04 18:20:55,813 [INFO] ADCParametersView:116 -                Rank 3 : true
2025-06-04 18:20:55,813 [INFO] ADCParametersView:116 -                Rank 4 : true
2025-06-04 18:20:55,813 [INFO] ADCParametersView:116 -                Rank 5 : true
2025-06-04 18:20:55,813 [INFO] ADCParametersView:116 -                Rank 6 : true
2025-06-04 18:20:55,813 [INFO] ADCParametersView:116 -                Rank 1 : true
2025-06-04 18:20:55,813 [INFO] ADCParametersView:116 -                Rank 2 : true
2025-06-04 18:20:55,813 [INFO] ADCParametersView:116 -                Rank 3 : true
2025-06-04 18:20:55,813 [INFO] ADCParametersView:116 -                Rank 4 : true
2025-06-04 18:20:55,813 [INFO] ADCParametersView:116 -                Rank 5 : true
2025-06-04 18:20:55,813 [INFO] ADCParametersView:116 -                Rank 6 : true
2025-06-04 18:20:55,813 [INFO] ADCParametersView:116 -                Rank 1 : true
2025-06-04 18:20:55,813 [INFO] ADCParametersView:116 -                Rank 2 : true
2025-06-04 18:20:55,813 [INFO] ADCParametersView:116 -                Rank 3 : true
2025-06-04 18:20:55,813 [INFO] ADCParametersView:116 -                Rank 4 : true
2025-06-04 18:20:55,813 [INFO] ADCParametersView:116 -                Rank 5 : true
2025-06-04 18:20:55,813 [INFO] ADCParametersView:116 -                Rank 6 : true
2025-06-04 18:20:55,813 [INFO] ADCParametersView:116 -                Rank 1 : true
2025-06-04 18:20:55,813 [INFO] ADCParametersView:116 -                Rank 2 : true
2025-06-04 18:20:55,813 [INFO] ADCParametersView:116 -                Rank 3 : true
2025-06-04 18:20:55,813 [INFO] ADCParametersView:116 -                Rank 4 : true
2025-06-04 18:20:55,813 [INFO] ADCParametersView:116 -                Rank 5 : true
2025-06-04 18:20:55,813 [INFO] ADCParametersView:116 -                Rank 6 : true
2025-06-04 18:20:55,814 [INFO] ADCParametersView:116 -                Rank 1 : true
2025-06-04 18:20:55,814 [INFO] ADCParametersView:116 -                Rank 2 : true
2025-06-04 18:20:55,814 [INFO] ADCParametersView:116 -                Rank 3 : true
2025-06-04 18:20:55,814 [INFO] ADCParametersView:116 -                Rank 4 : true
2025-06-04 18:20:55,814 [INFO] ADCParametersView:116 -                Rank 5 : true
2025-06-04 18:20:55,814 [INFO] ADCParametersView:116 -                Rank 6 : true
2025-06-04 18:20:55,814 [INFO] ADCParametersView:116 -                Rank 1 : true
2025-06-04 18:20:55,814 [INFO] ADCParametersView:116 -                Rank 2 : true
2025-06-04 18:20:55,814 [INFO] ADCParametersView:116 -                Rank 3 : true
2025-06-04 18:20:55,814 [INFO] ADCParametersView:116 -                Rank 4 : true
2025-06-04 18:20:55,814 [INFO] ADCParametersView:116 -                Rank 5 : true
2025-06-04 18:20:55,814 [INFO] ADCParametersView:116 -                Rank 6 : true
2025-06-04 18:20:55,814 [INFO] ADCParametersView:116 -                Rank 1 : true
2025-06-04 18:20:55,814 [INFO] ADCParametersView:116 -                Rank 2 : true
2025-06-04 18:20:55,814 [INFO] ADCParametersView:116 -                Rank 3 : true
2025-06-04 18:20:55,814 [INFO] ADCParametersView:116 -                Rank 4 : true
2025-06-04 18:20:55,814 [INFO] ADCParametersView:116 -                Rank 5 : true
2025-06-04 18:20:55,814 [INFO] ADCParametersView:116 -                Rank 6 : true
2025-06-04 18:20:55,814 [INFO] ADCParametersView:116 -                Rank 1 : true
2025-06-04 18:20:55,814 [INFO] ADCParametersView:116 -                Rank 2 : true
2025-06-04 18:20:55,814 [INFO] ADCParametersView:116 -                Rank 3 : true
2025-06-04 18:20:55,815 [INFO] ADCParametersView:116 -                Rank 4 : true
2025-06-04 18:20:55,815 [INFO] ADCParametersView:116 -                Rank 5 : true
2025-06-04 18:20:55,815 [INFO] ADCParametersView:116 -                Rank 6 : true
2025-06-04 18:20:55,815 [INFO] ADCParametersView:116 -                Rank 1 : true
2025-06-04 18:20:55,815 [INFO] ADCParametersView:116 -                Rank 2 : true
2025-06-04 18:20:55,815 [INFO] ADCParametersView:116 -                Rank 3 : true
2025-06-04 18:20:55,815 [INFO] ADCParametersView:116 -                Rank 4 : true
2025-06-04 18:20:55,815 [INFO] ADCParametersView:116 -                Rank 5 : true
2025-06-04 18:20:55,815 [INFO] ADCParametersView:116 -                Rank 6 : true
2025-06-04 18:20:55,815 [INFO] ADCParametersView:116 -                Rank 1 : true
2025-06-04 18:20:55,815 [INFO] ADCParametersView:116 -                Rank 2 : true
2025-06-04 18:20:55,815 [INFO] ADCParametersView:116 -                Rank 3 : true
2025-06-04 18:20:55,816 [INFO] ADCParametersView:116 -                Rank 4 : true
2025-06-04 18:20:55,816 [INFO] ADCParametersView:116 -                Rank 5 : true
2025-06-04 18:20:55,816 [INFO] ADCParametersView:116 -                Rank 6 : true
2025-06-04 18:20:55,816 [INFO] ADCParametersView:116 -                Rank 2 : true
2025-06-04 18:20:55,816 [INFO] ADCParametersView:116 -                Rank 3 : true
2025-06-04 18:20:55,816 [INFO] ADCParametersView:116 -                Rank 4 : true
2025-06-04 18:20:55,816 [INFO] ADCParametersView:116 -                Rank 5 : true
2025-06-04 18:20:55,816 [INFO] ADCParametersView:116 -                Rank 6 : true
2025-06-04 18:20:55,816 [INFO] ADCParametersView:116 -                Rank 3 : true
2025-06-04 18:20:55,816 [INFO] ADCParametersView:116 -                Rank 4 : true
2025-06-04 18:20:55,816 [INFO] ADCParametersView:116 -                Rank 5 : true
2025-06-04 18:20:55,816 [INFO] ADCParametersView:116 -                Rank 6 : true
2025-06-04 18:20:55,816 [INFO] ADCParametersView:116 -                Rank 4 : true
2025-06-04 18:20:55,817 [INFO] ADCParametersView:116 -                Rank 5 : true
2025-06-04 18:20:55,817 [INFO] ADCParametersView:116 -                Rank 6 : true
2025-06-04 18:20:55,817 [INFO] ADCParametersView:116 -                Rank 5 : true
2025-06-04 18:20:55,817 [INFO] ADCParametersView:116 -                Rank 6 : true
2025-06-04 18:20:55,817 [INFO] ADCParametersView:116 -                Rank 6 : true
2025-06-04 18:20:55,862 [INFO] ADCParametersView:116 -                Rank 1 : true
2025-06-04 18:20:55,863 [INFO] ADCParametersView:116 -                Rank 1 : true
2025-06-04 18:20:55,863 [INFO] ADCParametersView:116 -                Rank 2 : true
2025-06-04 18:20:55,863 [INFO] ADCParametersView:116 -                Rank 1 : true
2025-06-04 18:20:55,863 [INFO] ADCParametersView:116 -                Rank 2 : true
2025-06-04 18:20:55,863 [INFO] ADCParametersView:116 -                Rank 3 : true
2025-06-04 18:20:55,863 [INFO] ADCParametersView:116 -                Rank 1 : true
2025-06-04 18:20:55,863 [INFO] ADCParametersView:116 -                Rank 2 : true
2025-06-04 18:20:55,864 [INFO] ADCParametersView:116 -                Rank 3 : true
2025-06-04 18:20:55,864 [INFO] ADCParametersView:116 -                Rank 4 : true
2025-06-04 18:20:55,864 [INFO] ADCParametersView:116 -                Rank 1 : true
2025-06-04 18:20:55,864 [INFO] ADCParametersView:116 -                Rank 2 : true
2025-06-04 18:20:55,864 [INFO] ADCParametersView:116 -                Rank 3 : true
2025-06-04 18:20:55,864 [INFO] ADCParametersView:116 -                Rank 4 : true
2025-06-04 18:20:55,864 [INFO] ADCParametersView:116 -                Rank 5 : true
2025-06-04 18:20:55,864 [INFO] ADCParametersView:116 -                Rank 1 : true
2025-06-04 18:20:55,864 [INFO] ADCParametersView:116 -                Rank 2 : true
2025-06-04 18:20:55,864 [INFO] ADCParametersView:116 -                Rank 3 : true
2025-06-04 18:20:55,864 [INFO] ADCParametersView:116 -                Rank 4 : true
2025-06-04 18:20:55,864 [INFO] ADCParametersView:116 -                Rank 5 : true
2025-06-04 18:20:55,864 [INFO] ADCParametersView:116 -                Rank 6 : true
2025-06-04 18:20:57,660 [INFO] UtilMem:75 - End SaveConfig() Used Memory: 809238544 Bytes (1073741824)
2025-06-04 18:21:00,319 [INFO] UtilMem:75 - End SaveConfig() Used Memory: 844890128 Bytes (1073741824)
2025-06-04 18:21:03,168 [INFO] UtilMem:75 - End SaveConfig() Used Memory: 788531200 Bytes (1073741824)
2025-06-04 18:21:03,592 [INFO] BlockDiagram:2775 - set Specific Code input for plugin: SPI
2025-06-04 18:21:03,592 [INFO] BlockDiagram:2775 - set Specific Code input for plugin: FREERTOS
2025-06-04 18:21:03,592 [INFO] BlockDiagram:2775 - set Specific Code input for plugin: IWDG
2025-06-04 18:21:03,593 [INFO] BlockDiagram:2775 - set Specific Code input for plugin: DAC
2025-06-04 18:21:03,593 [INFO] BlockDiagram:2775 - set Specific Code input for plugin: ADC
2025-06-04 18:21:03,593 [INFO] BlockDiagram:2775 - set Specific Code input for plugin: SYS
2025-06-04 18:21:03,593 [INFO] BlockDiagram:2775 - set Specific Code input for plugin: ADC
2025-06-04 18:21:03,593 [INFO] BlockDiagram:2775 - set Specific Code input for plugin: RCC
2025-06-04 18:21:03,593 [INFO] BlockDiagram:2775 - set Specific Code input for plugin: I2C
2025-06-04 18:21:03,593 [INFO] BlockDiagram:2775 - set Specific Code input for plugin: I2C
2025-06-04 18:21:03,593 [INFO] BlockDiagram:2775 - set Specific Code input for plugin: I2C
2025-06-04 18:21:03,593 [INFO] BlockDiagram:2775 - set Specific Code input for plugin: NVIC
2025-06-04 18:21:03,593 [INFO] BlockDiagram:2775 - set Specific Code input for plugin: USART
2025-06-04 18:21:03,593 [INFO] BlockDiagram:2775 - set Specific Code input for plugin: DMA
2025-06-04 18:21:03,594 [INFO] BlockDiagram:2775 - set Specific Code input for plugin: GPIO
2025-06-04 18:21:03,594 [INFO] BlockDiagram:2775 - set Specific Code input for plugin: FDCAN
2025-06-04 18:21:03,595 [INFO] CodeGenerator:882 - code generatio: config db path: C:\ST\STM32CubeIDE_1.18.0\STM32CubeIDE\plugins\com.st.stm32cube.common.mx_6.14.0.202502271554\\db\
2025-06-04 18:21:03,656 [INFO] Argument:325 - Argument : hdmavalue: null
2025-06-04 18:21:03,656 [INFO] Argument:327 - 	 sub Args: 
2025-06-04 18:21:03,656 [INFO] Argument:325 - Argument : Instancevalue: DMA1_Channel1
2025-06-04 18:21:03,656 [INFO] Argument:335 - Argument : Instancevalue: DMA1_Channel1
2025-06-04 18:21:03,656 [INFO] Argument:325 - Argument : Initvalue: null
2025-06-04 18:21:03,656 [INFO] Argument:327 - 	 sub Args: 
2025-06-04 18:21:03,656 [INFO] Argument:325 - Argument : Requestvalue: DMA_REQUEST_ADC1
2025-06-04 18:21:03,656 [INFO] Argument:335 - Argument : Requestvalue: DMA_REQUEST_ADC1
2025-06-04 18:21:03,656 [INFO] Argument:325 - Argument : Directionvalue: DMA_PERIPH_TO_MEMORY
2025-06-04 18:21:03,656 [INFO] Argument:335 - Argument : Directionvalue: DMA_PERIPH_TO_MEMORY
2025-06-04 18:21:03,656 [INFO] Argument:325 - Argument : PeriphIncvalue: DMA_PINC_DISABLE
2025-06-04 18:21:03,656 [INFO] Argument:335 - Argument : PeriphIncvalue: DMA_PINC_DISABLE
2025-06-04 18:21:03,656 [INFO] Argument:325 - Argument : MemIncvalue: DMA_MINC_ENABLE
2025-06-04 18:21:03,656 [INFO] Argument:335 - Argument : MemIncvalue: DMA_MINC_ENABLE
2025-06-04 18:21:03,656 [INFO] Argument:325 - Argument : PeriphDataAlignmentvalue: DMA_PDATAALIGN_HALFWORD
2025-06-04 18:21:03,657 [INFO] Argument:335 - Argument : PeriphDataAlignmentvalue: DMA_PDATAALIGN_HALFWORD
2025-06-04 18:21:03,657 [INFO] Argument:325 - Argument : MemDataAlignmentvalue: DMA_MDATAALIGN_HALFWORD
2025-06-04 18:21:03,657 [INFO] Argument:335 - Argument : MemDataAlignmentvalue: DMA_MDATAALIGN_HALFWORD
2025-06-04 18:21:03,657 [INFO] Argument:325 - Argument : Modevalue: DMA_CIRCULAR
2025-06-04 18:21:03,657 [INFO] Argument:335 - Argument : Modevalue: DMA_CIRCULAR
2025-06-04 18:21:03,657 [INFO] Argument:325 - Argument : Priorityvalue: DMA_PRIORITY_LOW
2025-06-04 18:21:03,657 [INFO] Argument:335 - Argument : Priorityvalue: DMA_PRIORITY_LOW
2025-06-04 18:21:03,657 [INFO] Argument:325 - Argument : Lockvalue: null
2025-06-04 18:21:03,657 [INFO] Argument:335 - Argument : Lockvalue: null
2025-06-04 18:21:03,657 [INFO] Argument:325 - Argument : Statevalue: null
2025-06-04 18:21:03,657 [INFO] Argument:335 - Argument : Statevalue: null
2025-06-04 18:21:03,657 [INFO] Argument:325 - Argument : Parentvalue: null
2025-06-04 18:21:03,657 [INFO] Argument:335 - Argument : Parentvalue: null
2025-06-04 18:21:03,657 [INFO] Argument:325 - Argument : XferCpltCallbackvalue: null
2025-06-04 18:21:03,657 [INFO] Argument:335 - Argument : XferCpltCallbackvalue: null
2025-06-04 18:21:03,657 [INFO] Argument:325 - Argument : XferHalfCpltCallbackvalue: null
2025-06-04 18:21:03,657 [INFO] Argument:335 - Argument : XferHalfCpltCallbackvalue: null
2025-06-04 18:21:03,658 [INFO] Argument:325 - Argument : XferErrorCallbackvalue: null
2025-06-04 18:21:03,658 [INFO] Argument:335 - Argument : XferErrorCallbackvalue: null
2025-06-04 18:21:03,658 [INFO] Argument:325 - Argument : XferAbortCallbackvalue: null
2025-06-04 18:21:03,658 [INFO] Argument:335 - Argument : XferAbortCallbackvalue: null
2025-06-04 18:21:03,658 [INFO] Argument:325 - Argument : ErrorCodevalue: null
2025-06-04 18:21:03,658 [INFO] Argument:335 - Argument : ErrorCodevalue: null
2025-06-04 18:21:03,658 [INFO] Argument:325 - Argument : ChannelIndexvalue: null
2025-06-04 18:21:03,658 [INFO] Argument:335 - Argument : ChannelIndexvalue: null
2025-06-04 18:21:03,658 [INFO] Argument:325 - Argument : DMAmuxChannelvalue: null
2025-06-04 18:21:03,658 [INFO] Argument:335 - Argument : DMAmuxChannelvalue: null
2025-06-04 18:21:03,658 [INFO] Argument:325 - Argument : DMAmuxChannelStatusvalue: null
2025-06-04 18:21:03,658 [INFO] Argument:335 - Argument : DMAmuxChannelStatusvalue: null
2025-06-04 18:21:03,658 [INFO] Argument:325 - Argument : DMAmuxChannelStatusMaskvalue: null
2025-06-04 18:21:03,659 [INFO] Argument:335 - Argument : DMAmuxChannelStatusMaskvalue: null
2025-06-04 18:21:03,659 [INFO] Argument:325 - Argument : DMAmuxRequestGenvalue: null
2025-06-04 18:21:03,659 [INFO] Argument:335 - Argument : DMAmuxRequestGenvalue: null
2025-06-04 18:21:03,659 [INFO] Argument:325 - Argument : DMAmuxRequestGenStatusvalue: null
2025-06-04 18:21:03,661 [INFO] Argument:335 - Argument : DMAmuxRequestGenStatusvalue: null
2025-06-04 18:21:03,661 [INFO] Argument:325 - Argument : DMAmuxRequestGenStatusMaskvalue: null
2025-06-04 18:21:03,662 [INFO] Argument:335 - Argument : DMAmuxRequestGenStatusMaskvalue: null
2025-06-04 18:21:03,688 [INFO] Argument:325 - Argument : hdmavalue: null
2025-06-04 18:21:03,688 [INFO] Argument:327 - 	 sub Args: 
2025-06-04 18:21:03,689 [INFO] Argument:325 - Argument : Instancevalue: DMA2_Channel2
2025-06-04 18:21:03,689 [INFO] Argument:335 - Argument : Instancevalue: DMA2_Channel2
2025-06-04 18:21:03,689 [INFO] Argument:325 - Argument : Initvalue: null
2025-06-04 18:21:03,689 [INFO] Argument:327 - 	 sub Args: 
2025-06-04 18:21:03,689 [INFO] Argument:325 - Argument : Requestvalue: DMA_REQUEST_ADC2
2025-06-04 18:21:03,689 [INFO] Argument:335 - Argument : Requestvalue: DMA_REQUEST_ADC2
2025-06-04 18:21:03,689 [INFO] Argument:325 - Argument : Directionvalue: DMA_PERIPH_TO_MEMORY
2025-06-04 18:21:03,689 [INFO] Argument:335 - Argument : Directionvalue: DMA_PERIPH_TO_MEMORY
2025-06-04 18:21:03,689 [INFO] Argument:325 - Argument : PeriphIncvalue: DMA_PINC_DISABLE
2025-06-04 18:21:03,689 [INFO] Argument:335 - Argument : PeriphIncvalue: DMA_PINC_DISABLE
2025-06-04 18:21:03,689 [INFO] Argument:325 - Argument : MemIncvalue: DMA_MINC_ENABLE
2025-06-04 18:21:03,689 [INFO] Argument:335 - Argument : MemIncvalue: DMA_MINC_ENABLE
2025-06-04 18:21:03,689 [INFO] Argument:325 - Argument : PeriphDataAlignmentvalue: DMA_PDATAALIGN_HALFWORD
2025-06-04 18:21:03,689 [INFO] Argument:335 - Argument : PeriphDataAlignmentvalue: DMA_PDATAALIGN_HALFWORD
2025-06-04 18:21:03,689 [INFO] Argument:325 - Argument : MemDataAlignmentvalue: DMA_MDATAALIGN_HALFWORD
2025-06-04 18:21:03,689 [INFO] Argument:335 - Argument : MemDataAlignmentvalue: DMA_MDATAALIGN_HALFWORD
2025-06-04 18:21:03,689 [INFO] Argument:325 - Argument : Modevalue: DMA_CIRCULAR
2025-06-04 18:21:03,689 [INFO] Argument:335 - Argument : Modevalue: DMA_CIRCULAR
2025-06-04 18:21:03,689 [INFO] Argument:325 - Argument : Priorityvalue: DMA_PRIORITY_LOW
2025-06-04 18:21:03,690 [INFO] Argument:335 - Argument : Priorityvalue: DMA_PRIORITY_LOW
2025-06-04 18:21:03,690 [INFO] Argument:325 - Argument : Lockvalue: null
2025-06-04 18:21:03,690 [INFO] Argument:335 - Argument : Lockvalue: null
2025-06-04 18:21:03,690 [INFO] Argument:325 - Argument : Statevalue: null
2025-06-04 18:21:03,690 [INFO] Argument:335 - Argument : Statevalue: null
2025-06-04 18:21:03,690 [INFO] Argument:325 - Argument : Parentvalue: null
2025-06-04 18:21:03,690 [INFO] Argument:335 - Argument : Parentvalue: null
2025-06-04 18:21:03,690 [INFO] Argument:325 - Argument : XferCpltCallbackvalue: null
2025-06-04 18:21:03,690 [INFO] Argument:335 - Argument : XferCpltCallbackvalue: null
2025-06-04 18:21:03,690 [INFO] Argument:325 - Argument : XferHalfCpltCallbackvalue: null
2025-06-04 18:21:03,690 [INFO] Argument:335 - Argument : XferHalfCpltCallbackvalue: null
2025-06-04 18:21:03,690 [INFO] Argument:325 - Argument : XferErrorCallbackvalue: null
2025-06-04 18:21:03,690 [INFO] Argument:335 - Argument : XferErrorCallbackvalue: null
2025-06-04 18:21:03,690 [INFO] Argument:325 - Argument : XferAbortCallbackvalue: null
2025-06-04 18:21:03,690 [INFO] Argument:335 - Argument : XferAbortCallbackvalue: null
2025-06-04 18:21:03,690 [INFO] Argument:325 - Argument : ErrorCodevalue: null
2025-06-04 18:21:03,690 [INFO] Argument:335 - Argument : ErrorCodevalue: null
2025-06-04 18:21:03,690 [INFO] Argument:325 - Argument : ChannelIndexvalue: null
2025-06-04 18:21:03,690 [INFO] Argument:335 - Argument : ChannelIndexvalue: null
2025-06-04 18:21:03,690 [INFO] Argument:325 - Argument : DMAmuxChannelvalue: null
2025-06-04 18:21:03,690 [INFO] Argument:335 - Argument : DMAmuxChannelvalue: null
2025-06-04 18:21:03,691 [INFO] Argument:325 - Argument : DMAmuxChannelStatusvalue: null
2025-06-04 18:21:03,691 [INFO] Argument:335 - Argument : DMAmuxChannelStatusvalue: null
2025-06-04 18:21:03,691 [INFO] Argument:325 - Argument : DMAmuxChannelStatusMaskvalue: null
2025-06-04 18:21:03,691 [INFO] Argument:335 - Argument : DMAmuxChannelStatusMaskvalue: null
2025-06-04 18:21:03,691 [INFO] Argument:325 - Argument : DMAmuxRequestGenvalue: null
2025-06-04 18:21:03,691 [INFO] Argument:335 - Argument : DMAmuxRequestGenvalue: null
2025-06-04 18:21:03,691 [INFO] Argument:325 - Argument : DMAmuxRequestGenStatusvalue: null
2025-06-04 18:21:03,691 [INFO] Argument:335 - Argument : DMAmuxRequestGenStatusvalue: null
2025-06-04 18:21:03,691 [INFO] Argument:325 - Argument : DMAmuxRequestGenStatusMaskvalue: null
2025-06-04 18:21:03,691 [INFO] Argument:335 - Argument : DMAmuxRequestGenStatusMaskvalue: null
2025-06-04 18:21:03,701 [WARN] IP:2250 - MessageRAMOffset not found: check if there is a RefParameter without a condition.
2025-06-04 18:21:03,701 [WARN] IP:2250 - RxFifo0ElmtsNbr not found: check if there is a RefParameter without a condition.
2025-06-04 18:21:03,701 [WARN] IP:2250 - RxFifo0ElmtSize not found: check if there is a RefParameter without a condition.
2025-06-04 18:21:03,701 [WARN] IP:2250 - RxFifo1ElmtsNbr not found: check if there is a RefParameter without a condition.
2025-06-04 18:21:03,701 [WARN] IP:2250 - RxFifo1ElmtSize not found: check if there is a RefParameter without a condition.
2025-06-04 18:21:03,701 [WARN] IP:2250 - RxBuffersNbr not found: check if there is a RefParameter without a condition.
2025-06-04 18:21:03,701 [WARN] IP:2250 - RxBufferSize not found: check if there is a RefParameter without a condition.
2025-06-04 18:21:03,702 [WARN] IP:2250 - TxEventsNbr not found: check if there is a RefParameter without a condition.
2025-06-04 18:21:03,702 [WARN] IP:2250 - TxBuffersNbr not found: check if there is a RefParameter without a condition.
2025-06-04 18:21:03,702 [WARN] IP:2250 - TxFifoQueueElmtsNbr not found: check if there is a RefParameter without a condition.
2025-06-04 18:21:03,702 [WARN] IP:2250 - TxElmtSize not found: check if there is a RefParameter without a condition.
2025-06-04 18:21:03,702 [WARN] IP:2250 - ClockCalibrationCCU not found: check if there is a RefParameter without a condition.
2025-06-04 18:21:03,702 [WARN] IP:2250 - ClockDividerCCU not found: check if there is a RefParameter without a condition.
2025-06-04 18:21:03,702 [WARN] IP:2250 - MinOscClkPeriodsCCU not found: check if there is a RefParameter without a condition.
2025-06-04 18:21:03,702 [WARN] IP:2250 - TimeQuantaPerBitTimeCCU not found: check if there is a RefParameter without a condition.
2025-06-04 18:21:03,702 [WARN] IP:2250 - WatchdogStartValueCCU not found: check if there is a RefParameter without a condition.
2025-06-04 18:21:04,046 [INFO] CodeEngine:263 - oldGeneratedFile, C:\Users\pwlub\Desktop\PUTM_EV_REARBOX_2024\firmware\MXTmpFiles\license.tmp_save
2025-06-04 18:21:04,266 [INFO] CodeEngine:287 - Generated code: C:\Users\pwlub\Desktop\PUTM_EV_REARBOX_2024\firmware\MXTmpFiles\license.tmp
2025-06-04 18:21:04,560 [INFO] CodeEngine:263 - oldGeneratedFile, C:\Users\pwlub\Desktop\PUTM_EV_REARBOX_2024\firmware\Core\Src\gpio.c_save
2025-06-04 18:21:04,808 [INFO] CodeEngine:287 - Generated code: C:\Users\pwlub\Desktop\PUTM_EV_REARBOX_2024\firmware\Core\Src\gpio.c
2025-06-04 18:21:04,819 [INFO] CodeEngine:263 - oldGeneratedFile, C:\Users\pwlub\Desktop\PUTM_EV_REARBOX_2024\firmware\Core\Inc\gpio.h_save
2025-06-04 18:21:05,051 [INFO] CodeEngine:287 - Generated code: C:\Users\pwlub\Desktop\PUTM_EV_REARBOX_2024\firmware\Core\Inc\gpio.h
2025-06-04 18:21:08,673 [INFO] Middleware:1452 - No code input for Bsp Dependency
2025-06-04 18:21:08,685 [INFO] CodeEngine:263 - oldGeneratedFile, C:\Users\pwlub\Desktop\PUTM_EV_REARBOX_2024\firmware\MXTmpFiles\rtos_inc.tmp_save
2025-06-04 18:21:08,818 [INFO] CodeEngine:287 - Generated code: C:\Users\pwlub\Desktop\PUTM_EV_REARBOX_2024\firmware\MXTmpFiles\rtos_inc.tmp
2025-06-04 18:21:08,824 [INFO] CodeEngine:263 - oldGeneratedFile, C:\Users\pwlub\Desktop\PUTM_EV_REARBOX_2024\firmware\MXTmpFiles\rtos_kernelInit.tmp_save
2025-06-04 18:21:08,928 [INFO] CodeEngine:287 - Generated code: C:\Users\pwlub\Desktop\PUTM_EV_REARBOX_2024\firmware\MXTmpFiles\rtos_kernelInit.tmp
2025-06-04 18:21:08,937 [INFO] CodeEngine:263 - oldGeneratedFile, C:\Users\pwlub\Desktop\PUTM_EV_REARBOX_2024\firmware\MXTmpFiles\rtos_kernelStart.tmp_save
2025-06-04 18:21:09,042 [INFO] CodeEngine:287 - Generated code: C:\Users\pwlub\Desktop\PUTM_EV_REARBOX_2024\firmware\MXTmpFiles\rtos_kernelStart.tmp
2025-06-04 18:21:09,047 [INFO] CodeEngine:263 - oldGeneratedFile, C:\Users\pwlub\Desktop\PUTM_EV_REARBOX_2024\firmware\MXTmpFiles\rtos_typedefs.tmp_save
2025-06-04 18:21:09,145 [INFO] CodeEngine:287 - Generated code: C:\Users\pwlub\Desktop\PUTM_EV_REARBOX_2024\firmware\MXTmpFiles\rtos_typedefs.tmp
2025-06-04 18:21:09,150 [INFO] CodeEngine:263 - oldGeneratedFile, C:\Users\pwlub\Desktop\PUTM_EV_REARBOX_2024\firmware\MXTmpFiles\rtos_vars.tmp_save
2025-06-04 18:21:09,272 [INFO] CodeEngine:287 - Generated code: C:\Users\pwlub\Desktop\PUTM_EV_REARBOX_2024\firmware\MXTmpFiles\rtos_vars.tmp
2025-06-04 18:21:09,278 [INFO] CodeEngine:263 - oldGeneratedFile, C:\Users\pwlub\Desktop\PUTM_EV_REARBOX_2024\firmware\MXTmpFiles\rtos_pfp.tmp_save
2025-06-04 18:21:09,377 [INFO] CodeEngine:287 - Generated code: C:\Users\pwlub\Desktop\PUTM_EV_REARBOX_2024\firmware\MXTmpFiles\rtos_pfp.tmp
2025-06-04 18:21:09,383 [INFO] CodeEngine:263 - oldGeneratedFile, C:\Users\pwlub\Desktop\PUTM_EV_REARBOX_2024\firmware\MXTmpFiles\rtos_obj_creat.tmp_save
2025-06-04 18:21:09,508 [INFO] CodeEngine:287 - Generated code: C:\Users\pwlub\Desktop\PUTM_EV_REARBOX_2024\firmware\MXTmpFiles\rtos_obj_creat.tmp
2025-06-04 18:21:09,513 [INFO] CodeEngine:263 - oldGeneratedFile, C:\Users\pwlub\Desktop\PUTM_EV_REARBOX_2024\firmware\MXTmpFiles\rtos_default_thread.tmp_save
2025-06-04 18:21:09,622 [INFO] CodeEngine:287 - Generated code: C:\Users\pwlub\Desktop\PUTM_EV_REARBOX_2024\firmware\MXTmpFiles\rtos_default_thread.tmp
2025-06-04 18:21:09,627 [INFO] CodeEngine:263 - oldGeneratedFile, C:\Users\pwlub\Desktop\PUTM_EV_REARBOX_2024\firmware\MXTmpFiles\rtos_threads.tmp_save
2025-06-04 18:21:09,726 [INFO] CodeEngine:287 - Generated code: C:\Users\pwlub\Desktop\PUTM_EV_REARBOX_2024\firmware\MXTmpFiles\rtos_threads.tmp
2025-06-04 18:21:09,775 [INFO] Middleware:1452 - No code input for Bsp Dependency
2025-06-04 18:21:09,790 [INFO] CodeEngine:263 - oldGeneratedFile, C:\Users\pwlub\Desktop\PUTM_EV_REARBOX_2024\firmware\MXTmpFiles\rtos_inc.tmp_save
2025-06-04 18:21:09,955 [INFO] CodeEngine:287 - Generated code: C:\Users\pwlub\Desktop\PUTM_EV_REARBOX_2024\firmware\MXTmpFiles\rtos_inc.tmp
2025-06-04 18:21:09,964 [INFO] CodeEngine:263 - oldGeneratedFile, C:\Users\pwlub\Desktop\PUTM_EV_REARBOX_2024\firmware\MXTmpFiles\rtos_kernelInit.tmp_save
2025-06-04 18:21:10,106 [INFO] CodeEngine:287 - Generated code: C:\Users\pwlub\Desktop\PUTM_EV_REARBOX_2024\firmware\MXTmpFiles\rtos_kernelInit.tmp
2025-06-04 18:21:10,116 [INFO] CodeEngine:263 - oldGeneratedFile, C:\Users\pwlub\Desktop\PUTM_EV_REARBOX_2024\firmware\MXTmpFiles\rtos_kernelStart.tmp_save
2025-06-04 18:21:10,259 [INFO] CodeEngine:287 - Generated code: C:\Users\pwlub\Desktop\PUTM_EV_REARBOX_2024\firmware\MXTmpFiles\rtos_kernelStart.tmp
2025-06-04 18:21:10,270 [INFO] CodeEngine:263 - oldGeneratedFile, C:\Users\pwlub\Desktop\PUTM_EV_REARBOX_2024\firmware\MXTmpFiles\rtos_typedefs.tmp_save
2025-06-04 18:21:10,370 [INFO] CodeEngine:287 - Generated code: C:\Users\pwlub\Desktop\PUTM_EV_REARBOX_2024\firmware\MXTmpFiles\rtos_typedefs.tmp
2025-06-04 18:21:10,394 [INFO] CodeEngine:263 - oldGeneratedFile, C:\Users\pwlub\Desktop\PUTM_EV_REARBOX_2024\firmware\MXTmpFiles\rtos_vars.tmp_save
2025-06-04 18:21:10,538 [INFO] CodeEngine:287 - Generated code: C:\Users\pwlub\Desktop\PUTM_EV_REARBOX_2024\firmware\MXTmpFiles\rtos_vars.tmp
2025-06-04 18:21:10,545 [INFO] CodeEngine:263 - oldGeneratedFile, C:\Users\pwlub\Desktop\PUTM_EV_REARBOX_2024\firmware\MXTmpFiles\rtos_pfp.tmp_save
2025-06-04 18:21:10,640 [INFO] CodeEngine:287 - Generated code: C:\Users\pwlub\Desktop\PUTM_EV_REARBOX_2024\firmware\MXTmpFiles\rtos_pfp.tmp
2025-06-04 18:21:10,662 [INFO] CodeEngine:263 - oldGeneratedFile, C:\Users\pwlub\Desktop\PUTM_EV_REARBOX_2024\firmware\MXTmpFiles\rtos_obj_creat.tmp_save
2025-06-04 18:21:10,761 [INFO] CodeEngine:287 - Generated code: C:\Users\pwlub\Desktop\PUTM_EV_REARBOX_2024\firmware\MXTmpFiles\rtos_obj_creat.tmp
2025-06-04 18:21:10,770 [INFO] CodeEngine:263 - oldGeneratedFile, C:\Users\pwlub\Desktop\PUTM_EV_REARBOX_2024\firmware\MXTmpFiles\rtos_default_thread.tmp_save
2025-06-04 18:21:10,871 [INFO] CodeEngine:287 - Generated code: C:\Users\pwlub\Desktop\PUTM_EV_REARBOX_2024\firmware\MXTmpFiles\rtos_default_thread.tmp
2025-06-04 18:21:10,878 [INFO] CodeEngine:263 - oldGeneratedFile, C:\Users\pwlub\Desktop\PUTM_EV_REARBOX_2024\firmware\MXTmpFiles\rtos_threads.tmp_save
2025-06-04 18:21:10,976 [INFO] CodeEngine:287 - Generated code: C:\Users\pwlub\Desktop\PUTM_EV_REARBOX_2024\firmware\MXTmpFiles\rtos_threads.tmp
2025-06-04 18:21:11,000 [INFO] CodeEngine:263 - oldGeneratedFile, C:\Users\pwlub\Desktop\PUTM_EV_REARBOX_2024\firmware\Core\Inc\FreeRTOSConfig.h_save
2025-06-04 18:21:11,156 [INFO] CodeEngine:287 - Generated code: C:\Users\pwlub\Desktop\PUTM_EV_REARBOX_2024\firmware\Core\Inc\FreeRTOSConfig.h
2025-06-04 18:21:11,179 [INFO] CodeEngine:263 - oldGeneratedFile, C:\Users\pwlub\Desktop\PUTM_EV_REARBOX_2024\firmware\Core\Src\app_freertos.c_save
2025-06-04 18:21:11,361 [INFO] CodeEngine:287 - Generated code: C:\Users\pwlub\Desktop\PUTM_EV_REARBOX_2024\firmware\Core\Src\app_freertos.c
2025-06-04 18:21:11,398 [INFO] CodeEngine:263 - oldGeneratedFile, C:\Users\pwlub\Desktop\PUTM_EV_REARBOX_2024\firmware\Core\Src\adc.c_save
2025-06-04 18:21:11,719 [INFO] CodeEngine:287 - Generated code: C:\Users\pwlub\Desktop\PUTM_EV_REARBOX_2024\firmware\Core\Src\adc.c
2025-06-04 18:21:11,744 [INFO] CodeEngine:263 - oldGeneratedFile, C:\Users\pwlub\Desktop\PUTM_EV_REARBOX_2024\firmware\Core\Inc\adc.h_save
2025-06-04 18:21:11,872 [INFO] CodeEngine:287 - Generated code: C:\Users\pwlub\Desktop\PUTM_EV_REARBOX_2024\firmware\Core\Inc\adc.h
2025-06-04 18:21:11,910 [INFO] CodeEngine:263 - oldGeneratedFile, C:\Users\pwlub\Desktop\PUTM_EV_REARBOX_2024\firmware\Core\Src\dac.c_save
2025-06-04 18:21:12,044 [INFO] CodeEngine:287 - Generated code: C:\Users\pwlub\Desktop\PUTM_EV_REARBOX_2024\firmware\Core\Src\dac.c
2025-06-04 18:21:12,053 [INFO] CodeEngine:263 - oldGeneratedFile, C:\Users\pwlub\Desktop\PUTM_EV_REARBOX_2024\firmware\Core\Inc\dac.h_save
2025-06-04 18:21:12,163 [INFO] CodeEngine:287 - Generated code: C:\Users\pwlub\Desktop\PUTM_EV_REARBOX_2024\firmware\Core\Inc\dac.h
2025-06-04 18:21:12,325 [INFO] CodeEngine:263 - oldGeneratedFile, C:\Users\pwlub\Desktop\PUTM_EV_REARBOX_2024\firmware\Core\Src\dma.c_save
2025-06-04 18:21:12,449 [INFO] CodeEngine:287 - Generated code: C:\Users\pwlub\Desktop\PUTM_EV_REARBOX_2024\firmware\Core\Src\dma.c
2025-06-04 18:21:12,457 [INFO] CodeEngine:263 - oldGeneratedFile, C:\Users\pwlub\Desktop\PUTM_EV_REARBOX_2024\firmware\Core\Inc\dma.h_save
2025-06-04 18:21:12,551 [INFO] CodeEngine:287 - Generated code: C:\Users\pwlub\Desktop\PUTM_EV_REARBOX_2024\firmware\Core\Inc\dma.h
2025-06-04 18:21:12,589 [INFO] CodeEngine:263 - oldGeneratedFile, C:\Users\pwlub\Desktop\PUTM_EV_REARBOX_2024\firmware\Core\Src\fdcan.c_save
2025-06-04 18:21:12,732 [INFO] CodeEngine:287 - Generated code: C:\Users\pwlub\Desktop\PUTM_EV_REARBOX_2024\firmware\Core\Src\fdcan.c
2025-06-04 18:21:12,741 [INFO] CodeEngine:263 - oldGeneratedFile, C:\Users\pwlub\Desktop\PUTM_EV_REARBOX_2024\firmware\Core\Inc\fdcan.h_save
2025-06-04 18:21:12,918 [INFO] CodeEngine:287 - Generated code: C:\Users\pwlub\Desktop\PUTM_EV_REARBOX_2024\firmware\Core\Inc\fdcan.h
2025-06-04 18:21:12,959 [INFO] CodeEngine:263 - oldGeneratedFile, C:\Users\pwlub\Desktop\PUTM_EV_REARBOX_2024\firmware\Core\Src\i2c.c_save
2025-06-04 18:21:13,190 [INFO] CodeEngine:287 - Generated code: C:\Users\pwlub\Desktop\PUTM_EV_REARBOX_2024\firmware\Core\Src\i2c.c
2025-06-04 18:21:13,207 [INFO] CodeEngine:263 - oldGeneratedFile, C:\Users\pwlub\Desktop\PUTM_EV_REARBOX_2024\firmware\Core\Inc\i2c.h_save
2025-06-04 18:21:13,300 [INFO] CodeEngine:287 - Generated code: C:\Users\pwlub\Desktop\PUTM_EV_REARBOX_2024\firmware\Core\Inc\i2c.h
2025-06-04 18:21:13,338 [INFO] CodeEngine:263 - oldGeneratedFile, C:\Users\pwlub\Desktop\PUTM_EV_REARBOX_2024\firmware\Core\Src\iwdg.c_save
2025-06-04 18:21:13,536 [INFO] CodeEngine:287 - Generated code: C:\Users\pwlub\Desktop\PUTM_EV_REARBOX_2024\firmware\Core\Src\iwdg.c
2025-06-04 18:21:13,546 [INFO] CodeEngine:263 - oldGeneratedFile, C:\Users\pwlub\Desktop\PUTM_EV_REARBOX_2024\firmware\Core\Inc\iwdg.h_save
2025-06-04 18:21:13,676 [INFO] CodeEngine:287 - Generated code: C:\Users\pwlub\Desktop\PUTM_EV_REARBOX_2024\firmware\Core\Inc\iwdg.h
2025-06-04 18:21:13,713 [INFO] CodeEngine:263 - oldGeneratedFile, C:\Users\pwlub\Desktop\PUTM_EV_REARBOX_2024\firmware\Core\Src\spi.c_save
2025-06-04 18:21:13,883 [INFO] CodeEngine:287 - Generated code: C:\Users\pwlub\Desktop\PUTM_EV_REARBOX_2024\firmware\Core\Src\spi.c
2025-06-04 18:21:13,891 [INFO] CodeEngine:263 - oldGeneratedFile, C:\Users\pwlub\Desktop\PUTM_EV_REARBOX_2024\firmware\Core\Inc\spi.h_save
2025-06-04 18:21:13,987 [INFO] CodeEngine:287 - Generated code: C:\Users\pwlub\Desktop\PUTM_EV_REARBOX_2024\firmware\Core\Inc\spi.h
2025-06-04 18:21:14,025 [INFO] CodeEngine:263 - oldGeneratedFile, C:\Users\pwlub\Desktop\PUTM_EV_REARBOX_2024\firmware\Core\Src\usart.c_save
2025-06-04 18:21:14,174 [INFO] CodeEngine:287 - Generated code: C:\Users\pwlub\Desktop\PUTM_EV_REARBOX_2024\firmware\Core\Src\usart.c
2025-06-04 18:21:14,180 [INFO] CodeEngine:263 - oldGeneratedFile, C:\Users\pwlub\Desktop\PUTM_EV_REARBOX_2024\firmware\Core\Inc\usart.h_save
2025-06-04 18:21:14,268 [INFO] CodeEngine:287 - Generated code: C:\Users\pwlub\Desktop\PUTM_EV_REARBOX_2024\firmware\Core\Inc\usart.h
2025-06-04 18:21:14,310 [INFO] CodeEngine:263 - oldGeneratedFile, C:\Users\pwlub\Desktop\PUTM_EV_REARBOX_2024\firmware\Core\Src\stm32g4xx_it.c_save
2025-06-04 18:21:14,472 [INFO] CodeEngine:287 - Generated code: C:\Users\pwlub\Desktop\PUTM_EV_REARBOX_2024\firmware\Core\Src\stm32g4xx_it.c
2025-06-04 18:21:14,479 [INFO] CodeEngine:263 - oldGeneratedFile, C:\Users\pwlub\Desktop\PUTM_EV_REARBOX_2024\firmware\Core\Inc\stm32g4xx_it.h_save
2025-06-04 18:21:14,586 [INFO] CodeEngine:287 - Generated code: C:\Users\pwlub\Desktop\PUTM_EV_REARBOX_2024\firmware\Core\Inc\stm32g4xx_it.h
2025-06-04 18:21:14,640 [INFO] CodeEngine:263 - oldGeneratedFile, C:\Users\pwlub\Desktop\PUTM_EV_REARBOX_2024\firmware\Core\Src\stm32g4xx_hal_msp.c_save
2025-06-04 18:21:14,790 [INFO] CodeEngine:287 - Generated code: C:\Users\pwlub\Desktop\PUTM_EV_REARBOX_2024\firmware\Core\Src\stm32g4xx_hal_msp.c
2025-06-04 18:21:14,795 [INFO] CodeEngine:263 - oldGeneratedFile, C:\Users\pwlub\Desktop\PUTM_EV_REARBOX_2024\firmware\MXTmpFiles\system.tmp_save
2025-06-04 18:21:14,877 [INFO] CodeEngine:287 - Generated code: C:\Users\pwlub\Desktop\PUTM_EV_REARBOX_2024\firmware\MXTmpFiles\system.tmp
2025-06-04 18:21:14,896 [INFO] CodeEngine:263 - oldGeneratedFile, C:\Users\pwlub\Desktop\PUTM_EV_REARBOX_2024\firmware\Core\Src\stm32g4xx_hal_timebase_tim.c_save
2025-06-04 18:21:14,993 [INFO] CodeEngine:287 - Generated code: C:\Users\pwlub\Desktop\PUTM_EV_REARBOX_2024\firmware\Core\Src\stm32g4xx_hal_timebase_tim.c
2025-06-04 18:21:15,028 [INFO] CodeEngine:319 - oldGeneratedFile, C:\Users\pwlub\Desktop\PUTM_EV_REARBOX_2024\firmware\Core\Inc\stm32g4xx_hal_conf.h_save
2025-06-04 18:21:15,180 [INFO] CodeEngine:343 - Generated code: C:\Users\pwlub\Desktop\PUTM_EV_REARBOX_2024\firmware\Core\Inc\stm32g4xx_hal_conf.h
2025-06-04 18:21:15,239 [WARN] IPConfigManager:3174 - Warning: the RefConfig RCC_CommonPeriphClockConfig is not available in your config.xml file
2025-06-04 18:21:15,291 [INFO] CodeEngine:263 - oldGeneratedFile, C:\Users\pwlub\Desktop\PUTM_EV_REARBOX_2024\firmware\Core\Inc\main.h_save
2025-06-04 18:21:15,416 [INFO] CodeEngine:287 - Generated code: C:\Users\pwlub\Desktop\PUTM_EV_REARBOX_2024\firmware\Core\Inc\main.h
2025-06-04 18:21:15,448 [INFO] CodeEngine:263 - oldGeneratedFile, C:\Users\pwlub\Desktop\PUTM_EV_REARBOX_2024\firmware\Core\Src\main.c_save
2025-06-04 18:21:15,576 [INFO] CodeEngine:287 - Generated code: C:\Users\pwlub\Desktop\PUTM_EV_REARBOX_2024\firmware\Core\Src\main.c
2025-06-04 18:21:16,250 [INFO] ProjectBuilder:3324 - Time for Copy HAL[1] : 402mS.
2025-06-04 18:21:16,258 [INFO] ProjectBuilder:4912 - Project Generator version: 4.6.0-B36
2025-06-04 18:21:16,427 [INFO] ConfigFileManager:1590 - The Die is : DIE469
2025-06-04 18:21:20,323 [INFO] ProjectBuilder:5191 - Time for Generating toolchain IDE Files: 4065mS.
2025-06-04 18:21:20,324 [INFO] ProjectBuilder:3181 - Time for Copy CMSIS : 0mS.
2025-06-04 18:21:20,338 [INFO] ProjectBuilder:3181 - Time for Copy CMSIS : 0mS.
2025-06-04 18:21:46,642 [INFO] UtilMem:75 - End SaveConfig() Used Memory: 847773696 Bytes (1073741824)
2025-06-04 18:21:46,907 [INFO] BlockDiagram:2775 - set Specific Code input for plugin: SPI
2025-06-04 18:21:46,907 [INFO] BlockDiagram:2775 - set Specific Code input for plugin: FREERTOS
2025-06-04 18:21:46,907 [INFO] BlockDiagram:2775 - set Specific Code input for plugin: IWDG
2025-06-04 18:21:46,907 [INFO] BlockDiagram:2775 - set Specific Code input for plugin: DAC
2025-06-04 18:21:46,907 [INFO] BlockDiagram:2775 - set Specific Code input for plugin: ADC
2025-06-04 18:21:46,907 [INFO] BlockDiagram:2775 - set Specific Code input for plugin: SYS
2025-06-04 18:21:46,907 [INFO] BlockDiagram:2775 - set Specific Code input for plugin: ADC
2025-06-04 18:21:46,907 [INFO] BlockDiagram:2775 - set Specific Code input for plugin: RCC
2025-06-04 18:21:46,907 [INFO] BlockDiagram:2775 - set Specific Code input for plugin: I2C
2025-06-04 18:21:46,907 [INFO] BlockDiagram:2775 - set Specific Code input for plugin: I2C
2025-06-04 18:21:46,907 [INFO] BlockDiagram:2775 - set Specific Code input for plugin: I2C
2025-06-04 18:21:46,907 [INFO] BlockDiagram:2775 - set Specific Code input for plugin: NVIC
2025-06-04 18:21:46,907 [INFO] BlockDiagram:2775 - set Specific Code input for plugin: USART
2025-06-04 18:21:46,907 [INFO] BlockDiagram:2775 - set Specific Code input for plugin: DMA
2025-06-04 18:21:46,907 [INFO] BlockDiagram:2775 - set Specific Code input for plugin: GPIO
2025-06-04 18:21:46,907 [INFO] BlockDiagram:2775 - set Specific Code input for plugin: FDCAN
2025-06-04 18:21:46,909 [INFO] CodeGenerator:882 - code generatio: config db path: C:\ST\STM32CubeIDE_1.18.0\STM32CubeIDE\plugins\com.st.stm32cube.common.mx_6.14.0.202502271554\\db\
2025-06-04 18:21:46,925 [INFO] Argument:325 - Argument : hdmavalue: null
2025-06-04 18:21:46,926 [INFO] Argument:327 - 	 sub Args: 
2025-06-04 18:21:46,926 [INFO] Argument:325 - Argument : Instancevalue: DMA1_Channel1
2025-06-04 18:21:46,926 [INFO] Argument:335 - Argument : Instancevalue: DMA1_Channel1
2025-06-04 18:21:46,926 [INFO] Argument:325 - Argument : Initvalue: null
2025-06-04 18:21:46,926 [INFO] Argument:327 - 	 sub Args: 
2025-06-04 18:21:46,926 [INFO] Argument:325 - Argument : Requestvalue: DMA_REQUEST_ADC1
2025-06-04 18:21:46,926 [INFO] Argument:335 - Argument : Requestvalue: DMA_REQUEST_ADC1
2025-06-04 18:21:46,926 [INFO] Argument:325 - Argument : Directionvalue: DMA_PERIPH_TO_MEMORY
2025-06-04 18:21:46,926 [INFO] Argument:335 - Argument : Directionvalue: DMA_PERIPH_TO_MEMORY
2025-06-04 18:21:46,926 [INFO] Argument:325 - Argument : PeriphIncvalue: DMA_PINC_DISABLE
2025-06-04 18:21:46,926 [INFO] Argument:335 - Argument : PeriphIncvalue: DMA_PINC_DISABLE
2025-06-04 18:21:46,926 [INFO] Argument:325 - Argument : MemIncvalue: DMA_MINC_ENABLE
2025-06-04 18:21:46,926 [INFO] Argument:335 - Argument : MemIncvalue: DMA_MINC_ENABLE
2025-06-04 18:21:46,926 [INFO] Argument:325 - Argument : PeriphDataAlignmentvalue: DMA_PDATAALIGN_HALFWORD
2025-06-04 18:21:46,926 [INFO] Argument:335 - Argument : PeriphDataAlignmentvalue: DMA_PDATAALIGN_HALFWORD
2025-06-04 18:21:46,926 [INFO] Argument:325 - Argument : MemDataAlignmentvalue: DMA_MDATAALIGN_HALFWORD
2025-06-04 18:21:46,926 [INFO] Argument:335 - Argument : MemDataAlignmentvalue: DMA_MDATAALIGN_HALFWORD
2025-06-04 18:21:46,926 [INFO] Argument:325 - Argument : Modevalue: DMA_CIRCULAR
2025-06-04 18:21:46,926 [INFO] Argument:335 - Argument : Modevalue: DMA_CIRCULAR
2025-06-04 18:21:46,926 [INFO] Argument:325 - Argument : Priorityvalue: DMA_PRIORITY_LOW
2025-06-04 18:21:46,926 [INFO] Argument:335 - Argument : Priorityvalue: DMA_PRIORITY_LOW
2025-06-04 18:21:46,926 [INFO] Argument:325 - Argument : Lockvalue: null
2025-06-04 18:21:46,926 [INFO] Argument:335 - Argument : Lockvalue: null
2025-06-04 18:21:46,926 [INFO] Argument:325 - Argument : Statevalue: null
2025-06-04 18:21:46,926 [INFO] Argument:335 - Argument : Statevalue: null
2025-06-04 18:21:46,926 [INFO] Argument:325 - Argument : Parentvalue: null
2025-06-04 18:21:46,926 [INFO] Argument:335 - Argument : Parentvalue: null
2025-06-04 18:21:46,926 [INFO] Argument:325 - Argument : XferCpltCallbackvalue: null
2025-06-04 18:21:46,926 [INFO] Argument:335 - Argument : XferCpltCallbackvalue: null
2025-06-04 18:21:46,926 [INFO] Argument:325 - Argument : XferHalfCpltCallbackvalue: null
2025-06-04 18:21:46,926 [INFO] Argument:335 - Argument : XferHalfCpltCallbackvalue: null
2025-06-04 18:21:46,926 [INFO] Argument:325 - Argument : XferErrorCallbackvalue: null
2025-06-04 18:21:46,926 [INFO] Argument:335 - Argument : XferErrorCallbackvalue: null
2025-06-04 18:21:46,927 [INFO] Argument:325 - Argument : XferAbortCallbackvalue: null
2025-06-04 18:21:46,927 [INFO] Argument:335 - Argument : XferAbortCallbackvalue: null
2025-06-04 18:21:46,927 [INFO] Argument:325 - Argument : ErrorCodevalue: null
2025-06-04 18:21:46,927 [INFO] Argument:335 - Argument : ErrorCodevalue: null
2025-06-04 18:21:46,927 [INFO] Argument:325 - Argument : ChannelIndexvalue: null
2025-06-04 18:21:46,927 [INFO] Argument:335 - Argument : ChannelIndexvalue: null
2025-06-04 18:21:46,927 [INFO] Argument:325 - Argument : DMAmuxChannelvalue: null
2025-06-04 18:21:46,927 [INFO] Argument:335 - Argument : DMAmuxChannelvalue: null
2025-06-04 18:21:46,927 [INFO] Argument:325 - Argument : DMAmuxChannelStatusvalue: null
2025-06-04 18:21:46,927 [INFO] Argument:335 - Argument : DMAmuxChannelStatusvalue: null
2025-06-04 18:21:46,927 [INFO] Argument:325 - Argument : DMAmuxChannelStatusMaskvalue: null
2025-06-04 18:21:46,927 [INFO] Argument:335 - Argument : DMAmuxChannelStatusMaskvalue: null
2025-06-04 18:21:46,927 [INFO] Argument:325 - Argument : DMAmuxRequestGenvalue: null
2025-06-04 18:21:46,927 [INFO] Argument:335 - Argument : DMAmuxRequestGenvalue: null
2025-06-04 18:21:46,927 [INFO] Argument:325 - Argument : DMAmuxRequestGenStatusvalue: null
2025-06-04 18:21:46,927 [INFO] Argument:335 - Argument : DMAmuxRequestGenStatusvalue: null
2025-06-04 18:21:46,927 [INFO] Argument:325 - Argument : DMAmuxRequestGenStatusMaskvalue: null
2025-06-04 18:21:46,927 [INFO] Argument:335 - Argument : DMAmuxRequestGenStatusMaskvalue: null
2025-06-04 18:21:46,944 [INFO] Argument:325 - Argument : hdmavalue: null
2025-06-04 18:21:46,944 [INFO] Argument:327 - 	 sub Args: 
2025-06-04 18:21:46,944 [INFO] Argument:325 - Argument : Instancevalue: DMA2_Channel2
2025-06-04 18:21:46,944 [INFO] Argument:335 - Argument : Instancevalue: DMA2_Channel2
2025-06-04 18:21:46,944 [INFO] Argument:325 - Argument : Initvalue: null
2025-06-04 18:21:46,944 [INFO] Argument:327 - 	 sub Args: 
2025-06-04 18:21:46,944 [INFO] Argument:325 - Argument : Requestvalue: DMA_REQUEST_ADC2
2025-06-04 18:21:46,944 [INFO] Argument:335 - Argument : Requestvalue: DMA_REQUEST_ADC2
2025-06-04 18:21:46,944 [INFO] Argument:325 - Argument : Directionvalue: DMA_PERIPH_TO_MEMORY
2025-06-04 18:21:46,944 [INFO] Argument:335 - Argument : Directionvalue: DMA_PERIPH_TO_MEMORY
2025-06-04 18:21:46,944 [INFO] Argument:325 - Argument : PeriphIncvalue: DMA_PINC_DISABLE
2025-06-04 18:21:46,944 [INFO] Argument:335 - Argument : PeriphIncvalue: DMA_PINC_DISABLE
2025-06-04 18:21:46,944 [INFO] Argument:325 - Argument : MemIncvalue: DMA_MINC_ENABLE
2025-06-04 18:21:46,945 [INFO] Argument:335 - Argument : MemIncvalue: DMA_MINC_ENABLE
2025-06-04 18:21:46,945 [INFO] Argument:325 - Argument : PeriphDataAlignmentvalue: DMA_PDATAALIGN_HALFWORD
2025-06-04 18:21:46,945 [INFO] Argument:335 - Argument : PeriphDataAlignmentvalue: DMA_PDATAALIGN_HALFWORD
2025-06-04 18:21:46,945 [INFO] Argument:325 - Argument : MemDataAlignmentvalue: DMA_MDATAALIGN_HALFWORD
2025-06-04 18:21:46,945 [INFO] Argument:335 - Argument : MemDataAlignmentvalue: DMA_MDATAALIGN_HALFWORD
2025-06-04 18:21:46,945 [INFO] Argument:325 - Argument : Modevalue: DMA_CIRCULAR
2025-06-04 18:21:46,945 [INFO] Argument:335 - Argument : Modevalue: DMA_CIRCULAR
2025-06-04 18:21:46,945 [INFO] Argument:325 - Argument : Priorityvalue: DMA_PRIORITY_LOW
2025-06-04 18:21:46,945 [INFO] Argument:335 - Argument : Priorityvalue: DMA_PRIORITY_LOW
2025-06-04 18:21:46,945 [INFO] Argument:325 - Argument : Lockvalue: null
2025-06-04 18:21:46,945 [INFO] Argument:335 - Argument : Lockvalue: null
2025-06-04 18:21:46,945 [INFO] Argument:325 - Argument : Statevalue: null
2025-06-04 18:21:46,945 [INFO] Argument:335 - Argument : Statevalue: null
2025-06-04 18:21:46,945 [INFO] Argument:325 - Argument : Parentvalue: null
2025-06-04 18:21:46,945 [INFO] Argument:335 - Argument : Parentvalue: null
2025-06-04 18:21:46,945 [INFO] Argument:325 - Argument : XferCpltCallbackvalue: null
2025-06-04 18:21:46,945 [INFO] Argument:335 - Argument : XferCpltCallbackvalue: null
2025-06-04 18:21:46,945 [INFO] Argument:325 - Argument : XferHalfCpltCallbackvalue: null
2025-06-04 18:21:46,945 [INFO] Argument:335 - Argument : XferHalfCpltCallbackvalue: null
2025-06-04 18:21:46,945 [INFO] Argument:325 - Argument : XferErrorCallbackvalue: null
2025-06-04 18:21:46,946 [INFO] Argument:335 - Argument : XferErrorCallbackvalue: null
2025-06-04 18:21:46,946 [INFO] Argument:325 - Argument : XferAbortCallbackvalue: null
2025-06-04 18:21:46,946 [INFO] Argument:335 - Argument : XferAbortCallbackvalue: null
2025-06-04 18:21:46,946 [INFO] Argument:325 - Argument : ErrorCodevalue: null
2025-06-04 18:21:46,946 [INFO] Argument:335 - Argument : ErrorCodevalue: null
2025-06-04 18:21:46,946 [INFO] Argument:325 - Argument : ChannelIndexvalue: null
2025-06-04 18:21:46,946 [INFO] Argument:335 - Argument : ChannelIndexvalue: null
2025-06-04 18:21:46,946 [INFO] Argument:325 - Argument : DMAmuxChannelvalue: null
2025-06-04 18:21:46,946 [INFO] Argument:335 - Argument : DMAmuxChannelvalue: null
2025-06-04 18:21:46,946 [INFO] Argument:325 - Argument : DMAmuxChannelStatusvalue: null
2025-06-04 18:21:46,946 [INFO] Argument:335 - Argument : DMAmuxChannelStatusvalue: null
2025-06-04 18:21:46,946 [INFO] Argument:325 - Argument : DMAmuxChannelStatusMaskvalue: null
2025-06-04 18:21:46,946 [INFO] Argument:335 - Argument : DMAmuxChannelStatusMaskvalue: null
2025-06-04 18:21:46,946 [INFO] Argument:325 - Argument : DMAmuxRequestGenvalue: null
2025-06-04 18:21:46,946 [INFO] Argument:335 - Argument : DMAmuxRequestGenvalue: null
2025-06-04 18:21:46,946 [INFO] Argument:325 - Argument : DMAmuxRequestGenStatusvalue: null
2025-06-04 18:21:46,946 [INFO] Argument:335 - Argument : DMAmuxRequestGenStatusvalue: null
2025-06-04 18:21:46,946 [INFO] Argument:325 - Argument : DMAmuxRequestGenStatusMaskvalue: null
2025-06-04 18:21:46,946 [INFO] Argument:335 - Argument : DMAmuxRequestGenStatusMaskvalue: null
2025-06-04 18:21:46,957 [WARN] IP:2250 - MessageRAMOffset not found: check if there is a RefParameter without a condition.
2025-06-04 18:21:46,957 [WARN] IP:2250 - RxFifo0ElmtsNbr not found: check if there is a RefParameter without a condition.
2025-06-04 18:21:46,957 [WARN] IP:2250 - RxFifo0ElmtSize not found: check if there is a RefParameter without a condition.
2025-06-04 18:21:46,957 [WARN] IP:2250 - RxFifo1ElmtsNbr not found: check if there is a RefParameter without a condition.
2025-06-04 18:21:46,957 [WARN] IP:2250 - RxFifo1ElmtSize not found: check if there is a RefParameter without a condition.
2025-06-04 18:21:46,957 [WARN] IP:2250 - RxBuffersNbr not found: check if there is a RefParameter without a condition.
2025-06-04 18:21:46,957 [WARN] IP:2250 - RxBufferSize not found: check if there is a RefParameter without a condition.
2025-06-04 18:21:46,957 [WARN] IP:2250 - TxEventsNbr not found: check if there is a RefParameter without a condition.
2025-06-04 18:21:46,957 [WARN] IP:2250 - TxBuffersNbr not found: check if there is a RefParameter without a condition.
2025-06-04 18:21:46,957 [WARN] IP:2250 - TxFifoQueueElmtsNbr not found: check if there is a RefParameter without a condition.
2025-06-04 18:21:46,958 [WARN] IP:2250 - TxElmtSize not found: check if there is a RefParameter without a condition.
2025-06-04 18:21:46,958 [WARN] IP:2250 - ClockCalibrationCCU not found: check if there is a RefParameter without a condition.
2025-06-04 18:21:46,958 [WARN] IP:2250 - ClockDividerCCU not found: check if there is a RefParameter without a condition.
2025-06-04 18:21:46,958 [WARN] IP:2250 - MinOscClkPeriodsCCU not found: check if there is a RefParameter without a condition.
2025-06-04 18:21:46,958 [WARN] IP:2250 - TimeQuantaPerBitTimeCCU not found: check if there is a RefParameter without a condition.
2025-06-04 18:21:46,958 [WARN] IP:2250 - WatchdogStartValueCCU not found: check if there is a RefParameter without a condition.
2025-06-04 18:21:47,143 [INFO] CodeEngine:263 - oldGeneratedFile, C:\Users\pwlub\Desktop\PUTM_EV_REARBOX_2024\firmware\MXTmpFiles\license.tmp_save
2025-06-04 18:21:47,272 [INFO] CodeEngine:287 - Generated code: C:\Users\pwlub\Desktop\PUTM_EV_REARBOX_2024\firmware\MXTmpFiles\license.tmp
2025-06-04 18:21:47,493 [INFO] CodeEngine:263 - oldGeneratedFile, C:\Users\pwlub\Desktop\PUTM_EV_REARBOX_2024\firmware\Core\Src\gpio.c_save
2025-06-04 18:21:47,623 [INFO] CodeEngine:287 - Generated code: C:\Users\pwlub\Desktop\PUTM_EV_REARBOX_2024\firmware\Core\Src\gpio.c
2025-06-04 18:21:47,630 [INFO] CodeEngine:263 - oldGeneratedFile, C:\Users\pwlub\Desktop\PUTM_EV_REARBOX_2024\firmware\Core\Inc\gpio.h_save
2025-06-04 18:21:47,754 [INFO] CodeEngine:287 - Generated code: C:\Users\pwlub\Desktop\PUTM_EV_REARBOX_2024\firmware\Core\Inc\gpio.h
2025-06-04 18:21:51,825 [INFO] Middleware:1452 - No code input for Bsp Dependency
2025-06-04 18:21:51,834 [INFO] CodeEngine:263 - oldGeneratedFile, C:\Users\pwlub\Desktop\PUTM_EV_REARBOX_2024\firmware\MXTmpFiles\rtos_inc.tmp_save
2025-06-04 18:21:51,961 [INFO] CodeEngine:287 - Generated code: C:\Users\pwlub\Desktop\PUTM_EV_REARBOX_2024\firmware\MXTmpFiles\rtos_inc.tmp
2025-06-04 18:21:51,967 [INFO] CodeEngine:263 - oldGeneratedFile, C:\Users\pwlub\Desktop\PUTM_EV_REARBOX_2024\firmware\MXTmpFiles\rtos_kernelInit.tmp_save
2025-06-04 18:21:52,046 [INFO] CodeEngine:287 - Generated code: C:\Users\pwlub\Desktop\PUTM_EV_REARBOX_2024\firmware\MXTmpFiles\rtos_kernelInit.tmp
2025-06-04 18:21:52,052 [INFO] CodeEngine:263 - oldGeneratedFile, C:\Users\pwlub\Desktop\PUTM_EV_REARBOX_2024\firmware\MXTmpFiles\rtos_kernelStart.tmp_save
2025-06-04 18:21:52,146 [INFO] CodeEngine:287 - Generated code: C:\Users\pwlub\Desktop\PUTM_EV_REARBOX_2024\firmware\MXTmpFiles\rtos_kernelStart.tmp
2025-06-04 18:21:52,151 [INFO] CodeEngine:263 - oldGeneratedFile, C:\Users\pwlub\Desktop\PUTM_EV_REARBOX_2024\firmware\MXTmpFiles\rtos_typedefs.tmp_save
2025-06-04 18:21:52,238 [INFO] CodeEngine:287 - Generated code: C:\Users\pwlub\Desktop\PUTM_EV_REARBOX_2024\firmware\MXTmpFiles\rtos_typedefs.tmp
2025-06-04 18:21:52,242 [INFO] CodeEngine:263 - oldGeneratedFile, C:\Users\pwlub\Desktop\PUTM_EV_REARBOX_2024\firmware\MXTmpFiles\rtos_vars.tmp_save
2025-06-04 18:21:52,336 [INFO] CodeEngine:287 - Generated code: C:\Users\pwlub\Desktop\PUTM_EV_REARBOX_2024\firmware\MXTmpFiles\rtos_vars.tmp
2025-06-04 18:21:52,341 [INFO] CodeEngine:263 - oldGeneratedFile, C:\Users\pwlub\Desktop\PUTM_EV_REARBOX_2024\firmware\MXTmpFiles\rtos_pfp.tmp_save
2025-06-04 18:21:52,426 [INFO] CodeEngine:287 - Generated code: C:\Users\pwlub\Desktop\PUTM_EV_REARBOX_2024\firmware\MXTmpFiles\rtos_pfp.tmp
2025-06-04 18:21:52,430 [INFO] CodeEngine:263 - oldGeneratedFile, C:\Users\pwlub\Desktop\PUTM_EV_REARBOX_2024\firmware\MXTmpFiles\rtos_obj_creat.tmp_save
2025-06-04 18:21:52,515 [INFO] CodeEngine:287 - Generated code: C:\Users\pwlub\Desktop\PUTM_EV_REARBOX_2024\firmware\MXTmpFiles\rtos_obj_creat.tmp
2025-06-04 18:21:52,521 [INFO] CodeEngine:263 - oldGeneratedFile, C:\Users\pwlub\Desktop\PUTM_EV_REARBOX_2024\firmware\MXTmpFiles\rtos_default_thread.tmp_save
2025-06-04 18:21:52,589 [INFO] CodeEngine:287 - Generated code: C:\Users\pwlub\Desktop\PUTM_EV_REARBOX_2024\firmware\MXTmpFiles\rtos_default_thread.tmp
2025-06-04 18:21:52,593 [INFO] CodeEngine:263 - oldGeneratedFile, C:\Users\pwlub\Desktop\PUTM_EV_REARBOX_2024\firmware\MXTmpFiles\rtos_threads.tmp_save
2025-06-04 18:21:52,679 [INFO] CodeEngine:287 - Generated code: C:\Users\pwlub\Desktop\PUTM_EV_REARBOX_2024\firmware\MXTmpFiles\rtos_threads.tmp
2025-06-04 18:21:52,720 [INFO] Middleware:1452 - No code input for Bsp Dependency
2025-06-04 18:21:52,734 [INFO] CodeEngine:263 - oldGeneratedFile, C:\Users\pwlub\Desktop\PUTM_EV_REARBOX_2024\firmware\MXTmpFiles\rtos_inc.tmp_save
2025-06-04 18:21:52,879 [INFO] CodeEngine:287 - Generated code: C:\Users\pwlub\Desktop\PUTM_EV_REARBOX_2024\firmware\MXTmpFiles\rtos_inc.tmp
2025-06-04 18:21:52,889 [INFO] CodeEngine:263 - oldGeneratedFile, C:\Users\pwlub\Desktop\PUTM_EV_REARBOX_2024\firmware\MXTmpFiles\rtos_kernelInit.tmp_save
2025-06-04 18:21:52,980 [INFO] CodeEngine:287 - Generated code: C:\Users\pwlub\Desktop\PUTM_EV_REARBOX_2024\firmware\MXTmpFiles\rtos_kernelInit.tmp
2025-06-04 18:21:52,992 [INFO] CodeEngine:263 - oldGeneratedFile, C:\Users\pwlub\Desktop\PUTM_EV_REARBOX_2024\firmware\MXTmpFiles\rtos_kernelStart.tmp_save
2025-06-04 18:21:53,110 [INFO] CodeEngine:287 - Generated code: C:\Users\pwlub\Desktop\PUTM_EV_REARBOX_2024\firmware\MXTmpFiles\rtos_kernelStart.tmp
2025-06-04 18:21:53,120 [INFO] CodeEngine:263 - oldGeneratedFile, C:\Users\pwlub\Desktop\PUTM_EV_REARBOX_2024\firmware\MXTmpFiles\rtos_typedefs.tmp_save
2025-06-04 18:21:53,222 [INFO] CodeEngine:287 - Generated code: C:\Users\pwlub\Desktop\PUTM_EV_REARBOX_2024\firmware\MXTmpFiles\rtos_typedefs.tmp
2025-06-04 18:21:53,247 [INFO] CodeEngine:263 - oldGeneratedFile, C:\Users\pwlub\Desktop\PUTM_EV_REARBOX_2024\firmware\MXTmpFiles\rtos_vars.tmp_save
2025-06-04 18:21:53,356 [INFO] CodeEngine:287 - Generated code: C:\Users\pwlub\Desktop\PUTM_EV_REARBOX_2024\firmware\MXTmpFiles\rtos_vars.tmp
2025-06-04 18:21:53,362 [INFO] CodeEngine:263 - oldGeneratedFile, C:\Users\pwlub\Desktop\PUTM_EV_REARBOX_2024\firmware\MXTmpFiles\rtos_pfp.tmp_save
2025-06-04 18:21:53,430 [INFO] CodeEngine:287 - Generated code: C:\Users\pwlub\Desktop\PUTM_EV_REARBOX_2024\firmware\MXTmpFiles\rtos_pfp.tmp
2025-06-04 18:21:53,453 [INFO] CodeEngine:263 - oldGeneratedFile, C:\Users\pwlub\Desktop\PUTM_EV_REARBOX_2024\firmware\MXTmpFiles\rtos_obj_creat.tmp_save
2025-06-04 18:21:53,555 [INFO] CodeEngine:287 - Generated code: C:\Users\pwlub\Desktop\PUTM_EV_REARBOX_2024\firmware\MXTmpFiles\rtos_obj_creat.tmp
2025-06-04 18:21:53,561 [INFO] CodeEngine:263 - oldGeneratedFile, C:\Users\pwlub\Desktop\PUTM_EV_REARBOX_2024\firmware\MXTmpFiles\rtos_default_thread.tmp_save
2025-06-04 18:21:53,638 [INFO] CodeEngine:287 - Generated code: C:\Users\pwlub\Desktop\PUTM_EV_REARBOX_2024\firmware\MXTmpFiles\rtos_default_thread.tmp
2025-06-04 18:21:53,644 [INFO] CodeEngine:263 - oldGeneratedFile, C:\Users\pwlub\Desktop\PUTM_EV_REARBOX_2024\firmware\MXTmpFiles\rtos_threads.tmp_save
2025-06-04 18:21:53,711 [INFO] CodeEngine:287 - Generated code: C:\Users\pwlub\Desktop\PUTM_EV_REARBOX_2024\firmware\MXTmpFiles\rtos_threads.tmp
2025-06-04 18:21:53,732 [INFO] CodeEngine:263 - oldGeneratedFile, C:\Users\pwlub\Desktop\PUTM_EV_REARBOX_2024\firmware\Core\Inc\FreeRTOSConfig.h_save
2025-06-04 18:21:53,845 [INFO] CodeEngine:287 - Generated code: C:\Users\pwlub\Desktop\PUTM_EV_REARBOX_2024\firmware\Core\Inc\FreeRTOSConfig.h
2025-06-04 18:21:53,869 [INFO] CodeEngine:263 - oldGeneratedFile, C:\Users\pwlub\Desktop\PUTM_EV_REARBOX_2024\firmware\Core\Src\app_freertos.c_save
2025-06-04 18:21:53,976 [INFO] CodeEngine:287 - Generated code: C:\Users\pwlub\Desktop\PUTM_EV_REARBOX_2024\firmware\Core\Src\app_freertos.c
2025-06-04 18:21:54,009 [INFO] CodeEngine:263 - oldGeneratedFile, C:\Users\pwlub\Desktop\PUTM_EV_REARBOX_2024\firmware\Core\Src\adc.c_save
2025-06-04 18:21:54,226 [INFO] CodeEngine:287 - Generated code: C:\Users\pwlub\Desktop\PUTM_EV_REARBOX_2024\firmware\Core\Src\adc.c
2025-06-04 18:21:54,244 [INFO] CodeEngine:263 - oldGeneratedFile, C:\Users\pwlub\Desktop\PUTM_EV_REARBOX_2024\firmware\Core\Inc\adc.h_save
2025-06-04 18:21:54,335 [INFO] CodeEngine:287 - Generated code: C:\Users\pwlub\Desktop\PUTM_EV_REARBOX_2024\firmware\Core\Inc\adc.h
2025-06-04 18:21:54,371 [INFO] CodeEngine:263 - oldGeneratedFile, C:\Users\pwlub\Desktop\PUTM_EV_REARBOX_2024\firmware\Core\Src\dac.c_save
2025-06-04 18:21:54,489 [INFO] CodeEngine:287 - Generated code: C:\Users\pwlub\Desktop\PUTM_EV_REARBOX_2024\firmware\Core\Src\dac.c
2025-06-04 18:21:54,495 [INFO] CodeEngine:263 - oldGeneratedFile, C:\Users\pwlub\Desktop\PUTM_EV_REARBOX_2024\firmware\Core\Inc\dac.h_save
2025-06-04 18:21:54,573 [INFO] CodeEngine:287 - Generated code: C:\Users\pwlub\Desktop\PUTM_EV_REARBOX_2024\firmware\Core\Inc\dac.h
2025-06-04 18:21:54,729 [INFO] CodeEngine:263 - oldGeneratedFile, C:\Users\pwlub\Desktop\PUTM_EV_REARBOX_2024\firmware\Core\Src\dma.c_save
2025-06-04 18:21:54,836 [INFO] CodeEngine:287 - Generated code: C:\Users\pwlub\Desktop\PUTM_EV_REARBOX_2024\firmware\Core\Src\dma.c
2025-06-04 18:21:54,842 [INFO] CodeEngine:263 - oldGeneratedFile, C:\Users\pwlub\Desktop\PUTM_EV_REARBOX_2024\firmware\Core\Inc\dma.h_save
2025-06-04 18:21:54,932 [INFO] CodeEngine:287 - Generated code: C:\Users\pwlub\Desktop\PUTM_EV_REARBOX_2024\firmware\Core\Inc\dma.h
2025-06-04 18:21:54,969 [INFO] CodeEngine:263 - oldGeneratedFile, C:\Users\pwlub\Desktop\PUTM_EV_REARBOX_2024\firmware\Core\Src\fdcan.c_save
2025-06-04 18:21:55,092 [INFO] CodeEngine:287 - Generated code: C:\Users\pwlub\Desktop\PUTM_EV_REARBOX_2024\firmware\Core\Src\fdcan.c
2025-06-04 18:21:55,098 [INFO] CodeEngine:263 - oldGeneratedFile, C:\Users\pwlub\Desktop\PUTM_EV_REARBOX_2024\firmware\Core\Inc\fdcan.h_save
2025-06-04 18:21:55,191 [INFO] CodeEngine:287 - Generated code: C:\Users\pwlub\Desktop\PUTM_EV_REARBOX_2024\firmware\Core\Inc\fdcan.h
2025-06-04 18:21:55,227 [INFO] CodeEngine:263 - oldGeneratedFile, C:\Users\pwlub\Desktop\PUTM_EV_REARBOX_2024\firmware\Core\Src\i2c.c_save
2025-06-04 18:21:55,428 [INFO] CodeEngine:287 - Generated code: C:\Users\pwlub\Desktop\PUTM_EV_REARBOX_2024\firmware\Core\Src\i2c.c
2025-06-04 18:21:55,449 [INFO] CodeEngine:263 - oldGeneratedFile, C:\Users\pwlub\Desktop\PUTM_EV_REARBOX_2024\firmware\Core\Inc\i2c.h_save
2025-06-04 18:21:55,572 [INFO] CodeEngine:287 - Generated code: C:\Users\pwlub\Desktop\PUTM_EV_REARBOX_2024\firmware\Core\Inc\i2c.h
2025-06-04 18:21:55,605 [INFO] CodeEngine:263 - oldGeneratedFile, C:\Users\pwlub\Desktop\PUTM_EV_REARBOX_2024\firmware\Core\Src\iwdg.c_save
2025-06-04 18:21:55,786 [INFO] CodeEngine:287 - Generated code: C:\Users\pwlub\Desktop\PUTM_EV_REARBOX_2024\firmware\Core\Src\iwdg.c
2025-06-04 18:21:55,794 [INFO] CodeEngine:263 - oldGeneratedFile, C:\Users\pwlub\Desktop\PUTM_EV_REARBOX_2024\firmware\Core\Inc\iwdg.h_save
2025-06-04 18:21:55,931 [INFO] CodeEngine:287 - Generated code: C:\Users\pwlub\Desktop\PUTM_EV_REARBOX_2024\firmware\Core\Inc\iwdg.h
2025-06-04 18:21:55,989 [INFO] CodeEngine:263 - oldGeneratedFile, C:\Users\pwlub\Desktop\PUTM_EV_REARBOX_2024\firmware\Core\Src\spi.c_save
2025-06-04 18:21:56,181 [INFO] CodeEngine:287 - Generated code: C:\Users\pwlub\Desktop\PUTM_EV_REARBOX_2024\firmware\Core\Src\spi.c
2025-06-04 18:21:56,191 [INFO] CodeEngine:263 - oldGeneratedFile, C:\Users\pwlub\Desktop\PUTM_EV_REARBOX_2024\firmware\Core\Inc\spi.h_save
2025-06-04 18:21:56,276 [INFO] CodeEngine:287 - Generated code: C:\Users\pwlub\Desktop\PUTM_EV_REARBOX_2024\firmware\Core\Inc\spi.h
2025-06-04 18:21:56,310 [INFO] CodeEngine:263 - oldGeneratedFile, C:\Users\pwlub\Desktop\PUTM_EV_REARBOX_2024\firmware\Core\Src\usart.c_save
2025-06-04 18:21:56,485 [INFO] CodeEngine:287 - Generated code: C:\Users\pwlub\Desktop\PUTM_EV_REARBOX_2024\firmware\Core\Src\usart.c
2025-06-04 18:21:56,493 [INFO] CodeEngine:263 - oldGeneratedFile, C:\Users\pwlub\Desktop\PUTM_EV_REARBOX_2024\firmware\Core\Inc\usart.h_save
2025-06-04 18:21:56,647 [INFO] CodeEngine:287 - Generated code: C:\Users\pwlub\Desktop\PUTM_EV_REARBOX_2024\firmware\Core\Inc\usart.h
2025-06-04 18:21:56,697 [INFO] CodeEngine:263 - oldGeneratedFile, C:\Users\pwlub\Desktop\PUTM_EV_REARBOX_2024\firmware\Core\Src\stm32g4xx_it.c_save
2025-06-04 18:21:56,868 [INFO] CodeEngine:287 - Generated code: C:\Users\pwlub\Desktop\PUTM_EV_REARBOX_2024\firmware\Core\Src\stm32g4xx_it.c
2025-06-04 18:21:56,875 [INFO] CodeEngine:263 - oldGeneratedFile, C:\Users\pwlub\Desktop\PUTM_EV_REARBOX_2024\firmware\Core\Inc\stm32g4xx_it.h_save
2025-06-04 18:21:56,952 [INFO] CodeEngine:287 - Generated code: C:\Users\pwlub\Desktop\PUTM_EV_REARBOX_2024\firmware\Core\Inc\stm32g4xx_it.h
2025-06-04 18:21:57,002 [INFO] CodeEngine:263 - oldGeneratedFile, C:\Users\pwlub\Desktop\PUTM_EV_REARBOX_2024\firmware\Core\Src\stm32g4xx_hal_msp.c_save
2025-06-04 18:21:57,232 [INFO] CodeEngine:287 - Generated code: C:\Users\pwlub\Desktop\PUTM_EV_REARBOX_2024\firmware\Core\Src\stm32g4xx_hal_msp.c
2025-06-04 18:21:57,241 [INFO] CodeEngine:263 - oldGeneratedFile, C:\Users\pwlub\Desktop\PUTM_EV_REARBOX_2024\firmware\MXTmpFiles\system.tmp_save
2025-06-04 18:21:57,380 [INFO] CodeEngine:287 - Generated code: C:\Users\pwlub\Desktop\PUTM_EV_REARBOX_2024\firmware\MXTmpFiles\system.tmp
2025-06-04 18:21:57,400 [INFO] CodeEngine:263 - oldGeneratedFile, C:\Users\pwlub\Desktop\PUTM_EV_REARBOX_2024\firmware\Core\Src\stm32g4xx_hal_timebase_tim.c_save
2025-06-04 18:21:57,493 [INFO] CodeEngine:287 - Generated code: C:\Users\pwlub\Desktop\PUTM_EV_REARBOX_2024\firmware\Core\Src\stm32g4xx_hal_timebase_tim.c
2025-06-04 18:21:57,529 [INFO] CodeEngine:319 - oldGeneratedFile, C:\Users\pwlub\Desktop\PUTM_EV_REARBOX_2024\firmware\Core\Inc\stm32g4xx_hal_conf.h_save
2025-06-04 18:21:57,674 [INFO] CodeEngine:343 - Generated code: C:\Users\pwlub\Desktop\PUTM_EV_REARBOX_2024\firmware\Core\Inc\stm32g4xx_hal_conf.h
2025-06-04 18:21:57,716 [WARN] IPConfigManager:3174 - Warning: the RefConfig RCC_CommonPeriphClockConfig is not available in your config.xml file
2025-06-04 18:21:57,759 [INFO] CodeEngine:263 - oldGeneratedFile, C:\Users\pwlub\Desktop\PUTM_EV_REARBOX_2024\firmware\Core\Inc\main.h_save
2025-06-04 18:21:57,869 [INFO] CodeEngine:287 - Generated code: C:\Users\pwlub\Desktop\PUTM_EV_REARBOX_2024\firmware\Core\Inc\main.h
2025-06-04 18:21:57,890 [INFO] CodeEngine:263 - oldGeneratedFile, C:\Users\pwlub\Desktop\PUTM_EV_REARBOX_2024\firmware\Core\Src\main.c_save
2025-06-04 18:21:58,014 [INFO] CodeEngine:287 - Generated code: C:\Users\pwlub\Desktop\PUTM_EV_REARBOX_2024\firmware\Core\Src\main.c
2025-06-04 18:21:58,807 [INFO] ProjectBuilder:3324 - Time for Copy HAL[1] : 431mS.
2025-06-04 18:21:58,816 [INFO] ProjectBuilder:4912 - Project Generator version: 4.6.0-B36
2025-06-04 18:21:58,963 [INFO] ConfigFileManager:1590 - The Die is : DIE469
2025-06-04 18:22:02,147 [INFO] ProjectBuilder:5191 - Time for Generating toolchain IDE Files: 3331mS.
2025-06-04 18:22:02,148 [INFO] ProjectBuilder:3181 - Time for Copy CMSIS : 1mS.
2025-06-04 18:22:02,166 [INFO] ProjectBuilder:3181 - Time for Copy CMSIS : 0mS.
2025-06-04 19:05:07,019 [INFO] WebApp:194 - Connection lost
2025-06-04 19:05:07,646 [INFO] WebApp:191 - Connection restablished
2025-06-04 19:05:55,493 [INFO] WebApp:194 - Connection lost
2025-06-04 19:05:55,776 [INFO] WebApp:191 - Connection restablished
