2025-08-22 10:27:32,285 [INFO] Activator:176 - 


2025-08-22 10:27:32,299 [INFO] Activator:177 - !SESSION log4j initialized
2025-08-22 10:27:56,217 [INFO] LogOutputStream:77 - [STDOUT_REDIRECT] 
2025-08-22 10:27:56,948 [INFO] LogOutputStream:77 - [STDOUT_REDIRECT] 
2025-08-22 10:28:11,082 [INFO] ApplicationProperties:184 - Using Application install path: C:\ST\STM32CubeIDE_1.18.0\STM32CubeIDE\plugins\com.st.stm32cube.common.mx_6.14.0.202502271554
2025-08-22 10:28:11,137 [INFO] DbMcusXml:78 - Set database path to: C:\ST\STM32CubeIDE_1.18.0\STM32CubeIDE\plugins\com.st.stm32cube.common.mx_6.14.0.202502271554\\db\/mcu/
2025-08-22 10:28:11,138 [INFO] ApiDb:274 - Set plugin database path to: C:\ST\STM32CubeIDE_1.18.0\STM32CubeIDE\plugins\com.st.stm32cube.common.mx_6.14.0.202502271554\\db\/plugins/boardmanager/
2025-08-22 10:28:11,138 [WARN] ApiDb:259 - Overriding images path with different value:  => C:\ST\STM32CubeIDE_1.18.0\STM32CubeIDE\plugins\com.st.stm32cube.common.mx_6.14.0.202502271554\\db\/plugins/mcufinder/images/
2025-08-22 10:28:11,182 [INFO] ApiDb:250 - Set database path to: C:\Users\pwlub\.stmcufinder\plugins\mcufinder//mcu/
2025-08-22 10:28:11,186 [INFO] DbMcusAds:125 - Set database path to: C:\Users\pwlub\.stmcufinder\plugins\mcufinder//mcu/
2025-08-22 10:28:11,274 [INFO] CrossReferenceDbSqlite:203 - Set database path to: C:\Users\pwlub\.stmcufinder\plugins\mcufinder//mcu/cs/
2025-08-22 10:28:11,698 [INFO] RulesReader:64 - Compatibility file has been processed (301 Rules)
2025-08-22 10:28:11,922 [INFO] DbMcusXml:78 - Set database path to: C:\ST\STM32CubeIDE_1.18.0\STM32CubeIDE\plugins\com.st.stm32cube.common.mx_6.14.0.202502271554\\db\/mcu/
2025-08-22 10:28:11,923 [INFO] ApiDb:274 - Set plugin database path to: C:\ST\STM32CubeIDE_1.18.0\STM32CubeIDE\plugins\com.st.stm32cube.common.mx_6.14.0.202502271554\\db\/plugins/boardmanager/
2025-08-22 10:28:11,923 [INFO] ApiDb:261 - Set plugin images path to: C:\ST\STM32CubeIDE_1.18.0\STM32CubeIDE\plugins\com.st.stm32cube.common.mx_6.14.0.202502271554\\db\/plugins/mcufinder/images/
2025-08-22 10:28:11,924 [WARN] DbFile:41 - Overriding database path with different value: C:\Users\pwlub\.stmcufinder\plugins\mcufinder/ => C:\Users\pwlub\.stmcufinder\plugins\mcufinder
2025-08-22 10:28:11,924 [INFO] ApiDb:250 - Set database path to: C:\Users\pwlub\.stmcufinder\plugins\mcufinder//mcu/
2025-08-22 10:28:11,924 [WARN] DbFile:41 - Overriding database path with different value: C:\Users\pwlub\.stmcufinder\plugins\mcufinder/ => C:\Users\pwlub\.stmcufinder\plugins\mcufinder
2025-08-22 10:28:11,924 [INFO] DbMcusAds:125 - Set database path to: C:\Users\pwlub\.stmcufinder\plugins\mcufinder//mcu/
2025-08-22 10:28:11,924 [WARN] DbFile:41 - Overriding database path with different value: C:\Users\pwlub\.stmcufinder\plugins\mcufinder/ => C:\Users\pwlub\.stmcufinder\plugins\mcufinder
2025-08-22 10:28:11,924 [WARN] DbFile:41 - Overriding database path with different value: C:\Users\pwlub\.stmcufinder\plugins\mcufinder/ => C:\Users\pwlub\.stmcufinder\plugins\mcufinder
2025-08-22 10:28:11,925 [INFO] CrossReferenceDbSqlite:203 - Set database path to: C:\Users\pwlub\.stmcufinder\plugins\mcufinder//mcu/cs/
2025-08-22 10:28:12,188 [INFO] MainPanel:272 - HeapMemory: 270532608
2025-08-22 10:28:12,682 [INFO] DbMcusXml:78 - Set database path to: C:\ST\STM32CubeIDE_1.18.0\STM32CubeIDE\plugins\com.st.stm32cube.common.mx_6.14.0.202502271554\\db\/mcu/
2025-08-22 10:28:12,682 [INFO] ApiDb:274 - Set plugin database path to: C:\ST\STM32CubeIDE_1.18.0\STM32CubeIDE\plugins\com.st.stm32cube.common.mx_6.14.0.202502271554\\db\/plugins/boardmanager/
2025-08-22 10:28:12,683 [INFO] ApiDb:261 - Set plugin images path to: C:\ST\STM32CubeIDE_1.18.0\STM32CubeIDE\plugins\com.st.stm32cube.common.mx_6.14.0.202502271554\\db\/plugins/mcufinder/images/
2025-08-22 10:28:12,684 [WARN] DbFile:41 - Overriding database path with different value: C:\Users\pwlub\.stmcufinder\plugins\mcufinder/ => C:\Users\pwlub\.stmcufinder\plugins\mcufinder
2025-08-22 10:28:12,684 [INFO] ApiDb:250 - Set database path to: C:\Users\pwlub\.stmcufinder\plugins\mcufinder//mcu/
2025-08-22 10:28:12,684 [WARN] DbFile:41 - Overriding database path with different value: C:\Users\pwlub\.stmcufinder\plugins\mcufinder/ => C:\Users\pwlub\.stmcufinder\plugins\mcufinder
2025-08-22 10:28:12,688 [INFO] DbMcusAds:125 - Set database path to: C:\Users\pwlub\.stmcufinder\plugins\mcufinder//mcu/
2025-08-22 10:28:12,690 [WARN] DbFile:41 - Overriding database path with different value: C:\Users\pwlub\.stmcufinder\plugins\mcufinder/ => C:\Users\pwlub\.stmcufinder\plugins\mcufinder
2025-08-22 10:28:12,690 [WARN] DbFile:41 - Overriding database path with different value: C:\Users\pwlub\.stmcufinder\plugins\mcufinder/ => C:\Users\pwlub\.stmcufinder\plugins\mcufinder
2025-08-22 10:28:12,691 [INFO] CrossReferenceDbSqlite:203 - Set database path to: C:\Users\pwlub\.stmcufinder\plugins\mcufinder//mcu/cs/
2025-08-22 10:28:12,749 [INFO] ApplicationProperties:184 - Using Application install path: C:\ST\STM32CubeIDE_1.18.0\STM32CubeIDE\plugins\com.st.stm32cube.common.mx_6.14.0.202502271554
2025-08-22 10:28:12,753 [INFO] PluginManage:196 - Search for loadable plugins [exclusion list=, ]
2025-08-22 10:28:12,757 [INFO] PluginManage:310 - Check plugin analytics
2025-08-22 10:28:18,111 [INFO] AnalyticsPlugin:253 - Accepted Software Licenses: STM32CubeMX.6.14.0
2025-08-22 10:28:18,112 [INFO] AnalyticsPlugin:255 - Accepted CMSIS Pack Licenses: 
2025-08-22 10:28:18,112 [INFO] AnalyticsPlugin:257 - Accepted Firmware Licenses: FW.G4.1.5.0,FW.G4.1.6.0
2025-08-22 10:28:18,120 [INFO] PluginManage:359 - Loaded plugin analytics (category:tool,tabindex:-1)
2025-08-22 10:28:18,121 [INFO] PluginManage:310 - Check plugin cadmodel
2025-08-22 10:28:18,138 [INFO] CADModel:105 - Init CAD model plugin
2025-08-22 10:28:18,138 [INFO] PluginManage:359 - Loaded plugin cadmodel (category:power,tabindex:5)
2025-08-22 10:28:18,139 [INFO] PluginManage:310 - Check plugin clock
2025-08-22 10:28:18,166 [INFO] PluginManage:359 - Loaded plugin clock (category:base,tabindex:2)
2025-08-22 10:28:18,166 [INFO] PluginManage:310 - Check plugin ddr
2025-08-22 10:28:18,174 [INFO] PluginManage:359 - Loaded plugin ddr (category:tool,tabindex:6)
2025-08-22 10:28:18,174 [INFO] PluginManage:310 - Check plugin filemanager
2025-08-22 10:28:18,773 [INFO] PluginManage:359 - Loaded plugin filemanager (category:base,tabindex:10)
2025-08-22 10:28:18,774 [INFO] PluginManage:310 - Check plugin ipmanager
2025-08-22 10:28:18,807 [INFO] PluginManage:359 - Loaded plugin ipmanager (category:base,tabindex:5)
2025-08-22 10:28:18,807 [INFO] PluginManage:310 - Check plugin lpbam
2025-08-22 10:28:18,839 [INFO] PluginManage:359 - Loaded plugin lpbam (category:base,tabindex:0)
2025-08-22 10:28:18,839 [INFO] PluginManage:310 - Check plugin memorymap
2025-08-22 10:28:18,887 [INFO] PluginManage:359 - Loaded plugin memorymap (category:base,tabindex:4)
2025-08-22 10:28:18,887 [INFO] PluginManage:310 - Check plugin pinoutandconfiguration
2025-08-22 10:28:18,936 [INFO] PluginManage:359 - Loaded plugin pinoutandconfiguration (category:base,tabindex:1)
2025-08-22 10:28:18,937 [INFO] PluginManage:310 - Check plugin pinoutconfig
2025-08-22 10:28:19,207 [WARN] SupportedApi:132 - Cannot load RTOS API schema: s4s-elt-must-match.1: The content of 'definitions' must match (annotation?, (simpleType | complexType)?, (unique | key | keyref)*)). A problem was found starting at: attribute.
2025-08-22 10:28:19,653 [INFO] PluginManage:359 - Loaded plugin pinoutconfig (category:base,tabindex:0)
2025-08-22 10:28:19,653 [INFO] PluginManage:310 - Check plugin power
2025-08-22 10:28:19,682 [INFO] PluginManage:359 - Loaded plugin power (category:power,tabindex:4)
2025-08-22 10:28:19,682 [INFO] PluginManage:310 - Check plugin projectmanager
2025-08-22 10:28:19,751 [INFO] PluginManage:359 - Loaded plugin projectmanager (category:projectmanager,tabindex:4)
2025-08-22 10:28:19,751 [INFO] PluginManage:310 - Check plugin rif
2025-08-22 10:28:19,778 [INFO] PluginManage:359 - Loaded plugin rif (category:base,tabindex:3)
2025-08-22 10:28:19,779 [INFO] PluginManage:310 - Check plugin thirdparty
2025-08-22 10:28:20,190 [INFO] PluginManage:359 - Loaded plugin thirdparty (category:base,tabindex:-1)
2025-08-22 10:28:20,190 [INFO] PluginManage:310 - Check plugin tools
2025-08-22 10:28:20,198 [INFO] PluginManage:359 - Loaded plugin tools (category:base,tabindex:7)
2025-08-22 10:28:20,199 [INFO] PluginManage:310 - Check plugin tutovideos
2025-08-22 10:28:20,224 [WARN] IntegrityCheckThread:84 - waiting for thirdparty lock release [integrity check]
2025-08-22 10:28:20,238 [INFO] IntegrityCheckThread:86 - entering critical section [integrity check]
2025-08-22 10:28:20,239 [INFO] ThirdPartyUpdaterWithRetryManager:70 - Updater plugin not ready yet. [1/15]
2025-08-22 10:28:20,696 [INFO] PluginManage:359 - Loaded plugin tutovideos (category:base,tabindex:-1)
2025-08-22 10:28:20,697 [INFO] PluginManage:310 - Check plugin updater
2025-08-22 10:28:20,775 [INFO] PluginManage:359 - Loaded plugin updater (category:base,tabindex:12)
2025-08-22 10:28:20,776 [INFO] PluginManage:310 - Check plugin userauth
2025-08-22 10:28:20,792 [INFO] UserAuth:118 - Init User Auth plugin
2025-08-22 10:28:20,796 [INFO] PluginManage:359 - Loaded plugin userauth (category:base,tabindex:14)
2025-08-22 10:28:20,798 [INFO] PluginManage:283 - PluginManage : Loaded plugins [18]
2025-08-22 10:28:21,430 [INFO] PinOutPanel:1589 - setPackage(No Configuration,No Configuration)
2025-08-22 10:28:21,671 [INFO] CADModel:165 - CPN selected for project level
2025-08-22 10:28:21,672 [INFO] CADModel:114 - Register for checkConnection events
2025-08-22 10:28:21,713 [INFO] IPUIPlugin:80 - create IPUIPlugin
2025-08-22 10:28:21,714 [INFO] PluginManager:220 - loadIPPluginJar : add adc
2025-08-22 10:28:21,721 [INFO] IPUIPlugin:80 - create IPUIPlugin
2025-08-22 10:28:21,722 [INFO] PluginManager:220 - loadIPPluginJar : add aes
2025-08-22 10:28:21,728 [INFO] IPUIPlugin:80 - create IPUIPlugin
2025-08-22 10:28:21,728 [INFO] PluginManager:220 - loadIPPluginJar : add can
2025-08-22 10:28:21,734 [INFO] IPUIPlugin:80 - create IPUIPlugin
2025-08-22 10:28:21,734 [INFO] PluginManager:220 - loadIPPluginJar : add comp
2025-08-22 10:28:21,739 [INFO] IPUIPlugin:80 - create IPUIPlugin
2025-08-22 10:28:21,740 [INFO] PluginManager:220 - loadIPPluginJar : add cryp
2025-08-22 10:28:21,752 [INFO] IPUIPlugin:80 - create IPUIPlugin
2025-08-22 10:28:21,752 [INFO] PluginManager:220 - loadIPPluginJar : add ddr_ctrl_phy
2025-08-22 10:28:21,758 [INFO] IPUIPlugin:80 - create IPUIPlugin
2025-08-22 10:28:21,758 [INFO] PluginManager:220 - loadIPPluginJar : add dfsdm
2025-08-22 10:28:21,774 [INFO] IPUIPlugin:80 - create IPUIPlugin
2025-08-22 10:28:21,776 [INFO] PluginManager:220 - loadIPPluginJar : add dma
2025-08-22 10:28:21,786 [INFO] IPUIPlugin:80 - create IPUIPlugin
2025-08-22 10:28:21,786 [INFO] PluginManager:220 - loadIPPluginJar : add dma3
2025-08-22 10:28:21,794 [INFO] IPUIPlugin:80 - create IPUIPlugin
2025-08-22 10:28:21,794 [INFO] PluginManager:220 - loadIPPluginJar : add extmemmanager
2025-08-22 10:28:21,799 [INFO] IPUIPlugin:80 - create IPUIPlugin
2025-08-22 10:28:21,800 [INFO] PluginManager:220 - loadIPPluginJar : add fatfs
2025-08-22 10:28:21,813 [INFO] IPUIPlugin:80 - create IPUIPlugin
2025-08-22 10:28:21,813 [INFO] PluginManager:220 - loadIPPluginJar : add fmc
2025-08-22 10:28:21,825 [INFO] IPUIPlugin:80 - create IPUIPlugin
2025-08-22 10:28:21,825 [INFO] PluginManager:220 - loadIPPluginJar : add freertos
2025-08-22 10:28:21,830 [INFO] IPUIPlugin:80 - create IPUIPlugin
2025-08-22 10:28:21,830 [INFO] PluginManager:220 - loadIPPluginJar : add genericplugin
2025-08-22 10:28:21,836 [INFO] IPUIPlugin:80 - create IPUIPlugin
2025-08-22 10:28:21,836 [INFO] PluginManager:220 - loadIPPluginJar : add gfxmmu
2025-08-22 10:28:21,848 [INFO] IPUIPlugin:80 - create IPUIPlugin
2025-08-22 10:28:21,848 [INFO] PluginManager:220 - loadIPPluginJar : add gic
2025-08-22 10:28:21,858 [INFO] IPUIPlugin:80 - create IPUIPlugin
2025-08-22 10:28:21,858 [INFO] PluginManager:220 - loadIPPluginJar : add gpio
2025-08-22 10:28:21,866 [INFO] IPUIPlugin:80 - create IPUIPlugin
2025-08-22 10:28:21,867 [INFO] PluginManager:220 - loadIPPluginJar : add gtzc
2025-08-22 10:28:21,874 [INFO] IPUIPlugin:80 - create IPUIPlugin
2025-08-22 10:28:21,874 [INFO] PluginManager:220 - loadIPPluginJar : add hash
2025-08-22 10:28:21,883 [INFO] IPUIPlugin:80 - create IPUIPlugin
2025-08-22 10:28:21,884 [INFO] PluginManager:220 - loadIPPluginJar : add i2c
2025-08-22 10:28:21,890 [INFO] IPUIPlugin:80 - create IPUIPlugin
2025-08-22 10:28:21,891 [INFO] PluginManager:220 - loadIPPluginJar : add i2s
2025-08-22 10:28:21,899 [INFO] IPUIPlugin:80 - create IPUIPlugin
2025-08-22 10:28:21,899 [INFO] PluginManager:220 - loadIPPluginJar : add i3c
2025-08-22 10:28:21,913 [INFO] IPUIPlugin:80 - create IPUIPlugin
2025-08-22 10:28:21,913 [INFO] PluginManager:220 - loadIPPluginJar : add ipddr
2025-08-22 10:28:21,930 [INFO] IPUIPlugin:80 - create IPUIPlugin
2025-08-22 10:28:21,931 [INFO] PluginManager:220 - loadIPPluginJar : add linkedlist
2025-08-22 10:28:21,940 [INFO] IPUIPlugin:80 - create IPUIPlugin
2025-08-22 10:28:21,941 [INFO] PluginManager:220 - loadIPPluginJar : add lorawan
2025-08-22 10:28:21,945 [INFO] IPUIPlugin:80 - create IPUIPlugin
2025-08-22 10:28:21,945 [INFO] PluginManager:220 - loadIPPluginJar : add ltdc
2025-08-22 10:28:21,957 [INFO] IPUIPlugin:80 - create IPUIPlugin
2025-08-22 10:28:21,957 [INFO] PluginManager:220 - loadIPPluginJar : add mdma
2025-08-22 10:28:21,966 [INFO] IPUIPlugin:80 - create IPUIPlugin
2025-08-22 10:28:21,967 [INFO] PluginManager:220 - loadIPPluginJar : add nvic
2025-08-22 10:28:21,974 [INFO] IPUIPlugin:80 - create IPUIPlugin
2025-08-22 10:28:21,974 [INFO] PluginManager:220 - loadIPPluginJar : add opamp
2025-08-22 10:28:21,982 [INFO] IPUIPlugin:80 - create IPUIPlugin
2025-08-22 10:28:21,983 [INFO] PluginManager:220 - loadIPPluginJar : add openamp
2025-08-22 10:28:21,988 [INFO] IPUIPlugin:80 - create IPUIPlugin
2025-08-22 10:28:21,989 [INFO] PluginManager:220 - loadIPPluginJar : add pdm2pcm
2025-08-22 10:28:22,008 [INFO] IPUIPlugin:80 - create IPUIPlugin
2025-08-22 10:28:22,018 [INFO] PluginManager:220 - loadIPPluginJar : add plateformsettings
2025-08-22 10:28:22,023 [INFO] IPUIPlugin:80 - create IPUIPlugin
2025-08-22 10:28:22,023 [INFO] PluginManager:220 - loadIPPluginJar : add quadspi
2025-08-22 10:28:22,028 [INFO] IPUIPlugin:80 - create IPUIPlugin
2025-08-22 10:28:22,030 [INFO] PluginManager:220 - loadIPPluginJar : add radio
2025-08-22 10:28:22,037 [INFO] IPUIPlugin:80 - create IPUIPlugin
2025-08-22 10:28:22,037 [INFO] PluginManager:220 - loadIPPluginJar : add resmgrutility
2025-08-22 10:28:22,043 [INFO] IPUIPlugin:80 - create IPUIPlugin
2025-08-22 10:28:22,043 [INFO] PluginManager:220 - loadIPPluginJar : add sai
2025-08-22 10:28:22,050 [INFO] IPUIPlugin:80 - create IPUIPlugin
2025-08-22 10:28:22,050 [INFO] PluginManager:220 - loadIPPluginJar : add spi
2025-08-22 10:28:22,066 [INFO] IPUIPlugin:80 - create IPUIPlugin
2025-08-22 10:28:22,066 [INFO] PluginManager:220 - loadIPPluginJar : add stm32_wpan
2025-08-22 10:28:22,071 [INFO] IPUIPlugin:80 - create IPUIPlugin
2025-08-22 10:28:22,071 [INFO] PluginManager:220 - loadIPPluginJar : add tim
2025-08-22 10:28:22,080 [INFO] IPUIPlugin:80 - create IPUIPlugin
2025-08-22 10:28:22,081 [INFO] PluginManager:220 - loadIPPluginJar : add touchsensing
2025-08-22 10:28:22,086 [INFO] IPUIPlugin:80 - create IPUIPlugin
2025-08-22 10:28:22,086 [INFO] PluginManager:220 - loadIPPluginJar : add tracer_emb
2025-08-22 10:28:22,091 [INFO] IPUIPlugin:80 - create IPUIPlugin
2025-08-22 10:28:22,091 [INFO] PluginManager:220 - loadIPPluginJar : add ts
2025-08-22 10:28:22,097 [INFO] IPUIPlugin:80 - create IPUIPlugin
2025-08-22 10:28:22,097 [INFO] PluginManager:220 - loadIPPluginJar : add tsc
2025-08-22 10:28:22,103 [INFO] IPUIPlugin:80 - create IPUIPlugin
2025-08-22 10:28:22,104 [INFO] PluginManager:220 - loadIPPluginJar : add ucpd
2025-08-22 10:28:22,113 [INFO] IPUIPlugin:80 - create IPUIPlugin
2025-08-22 10:28:22,114 [INFO] PluginManager:220 - loadIPPluginJar : add usart
2025-08-22 10:28:22,124 [INFO] IPUIPlugin:80 - create IPUIPlugin
2025-08-22 10:28:22,124 [INFO] PluginManager:220 - loadIPPluginJar : add usbx
2025-08-22 10:28:22,386 [FATAL] Updater:351 - Updater called before beeing initialized
2025-08-22 10:28:22,572 [INFO] RulesReader:64 - Compatibility file has been processed (301 Rules)
2025-08-22 10:28:22,613 [INFO] RulesReader:64 - Compatibility file has been processed (301 Rules)
2025-08-22 10:28:22,637 [INFO] CADModel:165 - CPN selected for project level
2025-08-22 10:28:22,637 [INFO] CADModel:114 - Register for checkConnection events
2025-08-22 10:28:22,637 [FATAL] Updater:351 - Updater called before beeing initialized
2025-08-22 10:28:22,638 [ERROR] CADModel:125 - Updater not yet initialized, retry later 
2025-08-22 10:28:23,085 [FATAL] Updater:351 - Updater called before beeing initialized
2025-08-22 10:28:23,091 [INFO] CADModel:165 - CPN selected for project level
2025-08-22 10:28:23,091 [INFO] CADModel:114 - Register for checkConnection events
2025-08-22 10:28:23,091 [FATAL] Updater:351 - Updater called before beeing initialized
2025-08-22 10:28:23,092 [ERROR] CADModel:125 - Updater not yet initialized, retry later 
2025-08-22 10:28:23,105 [FATAL] Updater:351 - Updater called before beeing initialized
2025-08-22 10:28:23,240 [INFO] ThirdPartyUpdaterWithRetryManager:70 - Updater plugin not ready yet. [2/15]
2025-08-22 10:28:23,574 [FATAL] Updater:351 - Updater called before beeing initialized
2025-08-22 10:28:23,609 [INFO] DbMcusAds:53 - JSON generation date=Thu Mar 06 15:54:21 CET 2025 (1741272861825)
2025-08-22 10:28:23,610 [FATAL] Updater:351 - Updater called before beeing initialized
2025-08-22 10:28:23,714 [WARN] DetailPanel:346 - Failed to get advertising image, set to default
2025-08-22 10:28:24,452 [FATAL] Updater:351 - Updater called before beeing initialized
2025-08-22 10:28:24,455 [FATAL] Updater:351 - Updater called before beeing initialized
2025-08-22 10:28:24,455 [FATAL] Updater:351 - Updater called before beeing initialized
2025-08-22 10:28:24,456 [WARN] DetailPanel:346 - Failed to get advertising image, set to default
2025-08-22 10:28:24,457 [FATAL] Updater:351 - Updater called before beeing initialized
2025-08-22 10:28:24,589 [ERROR] Updater:1198 - MainUpdater not yet initialized. External WinMGr cannot be set.
2025-08-22 10:28:24,594 [INFO] Updater:1134 - Updater Version found : 6.14.0
2025-08-22 10:28:24,648 [INFO] ApplicationProperties:184 - Using Application install path: C:\ST\STM32CubeIDE_1.18.0\STM32CubeIDE\plugins\com.st.stm32cube.common.mx_6.14.0.202502271554
2025-08-22 10:28:26,241 [FATAL] Updater:351 - Updater called before beeing initialized
2025-08-22 10:28:26,242 [ERROR] IntegrityCheckThread:130 - Cannot retrieve database content from updater: error 21
2025-08-22 10:28:26,242 [INFO] ThirdParty:978 - Integrity check success = false
2025-08-22 10:28:26,242 [INFO] IntegrityCheckThread:100 - exiting critical section [integrity check]
2025-08-22 10:28:26,243 [INFO] IntegrityCheckThread:103 - End integrity checks thread
2025-08-22 10:28:26,268 [ERROR] LogOutputStream:75 - [STDERR_REDIRECT] Aug 22, 2025 10:28:26 AM java.util.prefs.WindowsPreferences <init>
2025-08-22 10:28:26,279 [ERROR] LogOutputStream:75 - [STDERR_REDIRECT] WARNING: Could not open/create prefs root node Software\JavaSoft\Prefs at root 0xffffffff80000002. Windows RegCreateKeyEx(...) returned error code 5.
2025-08-22 10:28:26,280 [ERROR] LogOutputStream:75 - [STDERR_REDIRECT] 
2025-08-22 10:28:27,785 [INFO] MainUpdater:2872 - connection check result : 10
2025-08-22 10:28:27,789 [INFO] MainUpdater:289 - Updater Check For Update Now.
2025-08-22 10:28:27,790 [INFO] MicroXplorer:498 - Change Database Version : DB.6.0.140
2025-08-22 10:28:27,822 [INFO] McuFinderGlobals:63 - Set McuFinder mode to 2 (CubeIDE integrated)
2025-08-22 10:28:27,855 [INFO] UserAuth:486 - Internet connection configuration mode: 1
2025-08-22 10:28:27,956 [INFO] JxBrowserEngine:152 - Initiate JxBrowser Engine with user profile folder
2025-08-22 10:28:28,632 [INFO] CheckServerUpdateThread:120 - End of CheckServer Thread
2025-08-22 10:28:30,620 [INFO] WebApp:169 - Instantiating new browser for Auth
2025-08-22 10:28:33,121 [INFO] WebApp:463 - Apply proxy settings
2025-08-22 10:28:33,122 [INFO] WebApp:548 - Chromium requires no authentication
2025-08-22 10:28:33,149 [INFO] WebApp:491 - Direct internet connection detected
2025-08-22 10:28:33,217 [INFO] WebApp:894 - Register for checkConnection events
2025-08-22 10:28:33,217 [INFO] WebApp:463 - Apply proxy settings
2025-08-22 10:28:33,218 [INFO] WebApp:548 - Chromium requires no authentication
2025-08-22 10:28:33,219 [INFO] WebApp:491 - Direct internet connection detected
2025-08-22 10:28:33,714 [INFO] WebApp:225 - Starting web application
2025-08-22 10:28:33,715 [INFO] WebApp:593 - Web application path used C:\ST\STM32CubeIDE_1.18.0\STM32CubeIDE\plugins\com.st.stm32cube.common.mx_6.14.0.202502271554\db\plugins\mcufinder\reactClient1\index.html
2025-08-22 10:28:34,027 [INFO] UserAuth:486 - Internet connection configuration mode: 1
2025-08-22 10:28:35,553 [ERROR] LogOutputStream:75 - [STDERR_REDIRECT] Aug 22, 2025 10:28:35 AM org.glassfish.grizzly.http.server.NetworkListener start
2025-08-22 10:28:35,556 [ERROR] LogOutputStream:75 - [STDERR_REDIRECT] INFO: Started listener bound to [localhost:16722]
2025-08-22 10:28:35,557 [ERROR] LogOutputStream:75 - [STDERR_REDIRECT] 
2025-08-22 10:28:35,564 [ERROR] LogOutputStream:75 - [STDERR_REDIRECT] Aug 22, 2025 10:28:35 AM org.glassfish.grizzly.http.server.HttpServer start
2025-08-22 10:28:35,568 [ERROR] LogOutputStream:75 - [STDERR_REDIRECT] INFO: [HttpServer] Started.
2025-08-22 10:28:35,569 [ERROR] LogOutputStream:75 - [STDERR_REDIRECT] 
2025-08-22 10:28:36,232 [INFO] WebApp:191 - Connection restablished
2025-08-22 10:30:01,717 [INFO] McuFinderGlobals:63 - Set McuFinder mode to 2 (CubeIDE integrated)
2025-08-22 10:30:01,736 [INFO] MainUpdater:2872 - connection check result : 10
2025-08-22 10:30:01,739 [INFO] MainUpdater:2872 - connection check result : 10
2025-08-22 10:30:01,852 [INFO] MicroXplorer:468 - Change Database Path : 
2025-08-22 10:30:01,852 [INFO] MicroXplorer:498 - Change Database Version : DB.6.0.140
2025-08-22 10:30:01,875 [WARN] ThirdParty:871 - waiting for thirdparty lock release [close project]
2025-08-22 10:30:01,875 [INFO] ThirdParty:873 - entering critical section [close project]
2025-08-22 10:30:01,879 [INFO] ThirdParty:883 - exiting critical section [close project]
2025-08-22 10:30:01,884 [INFO] PinOutPanel:1589 - setPackage(No Configuration,No Configuration)
2025-08-22 10:30:01,907 [INFO] UtilMem:75 - Begin LoadConfig() Used Memory: 495097440 Bytes (744488960)
2025-08-22 10:30:01,917 [INFO] MicroXplorer:468 - Change Database Path : 
2025-08-22 10:30:01,918 [INFO] MicroXplorer:498 - Change Database Version : DB.6.0.140
2025-08-22 10:30:01,918 [INFO] OpenFileManager:354 - Change cursor
2025-08-22 10:30:01,964 [WARN] IntegrityCheckThread:84 - waiting for thirdparty lock release [integrity check]
2025-08-22 10:30:01,964 [INFO] IntegrityCheckThread:86 - entering critical section [integrity check]
2025-08-22 10:30:03,234 [WARN] PackLoader:240 - Cannot read IP mode file for STMicroelectronics.FP-SNS-MOTENVWB1.1.4.0
2025-08-22 10:30:03,287 [WARN] PackLoader:240 - Cannot read IP mode file for STMicroelectronics.FP-ATR-ASTRA1.2.0.2
2025-08-22 10:30:03,342 [WARN] PackLoader:240 - Cannot read IP mode file for STMicroelectronics.X-CUBE-SMBUS.2.1.0
2025-08-22 10:30:03,399 [WARN] PackLoader:240 - Cannot read IP mode file for STMicroelectronics.X-CUBE-WB05N.1.1.0
2025-08-22 10:30:03,448 [WARN] PackLoader:240 - Cannot read IP mode file for STMicroelectronics.X-CUBE-ST60.1.0.0
2025-08-22 10:30:03,941 [WARN] PackLoader:240 - Cannot read IP mode file for STMicroelectronics.X-CUBE-AZRTOS-F7.1.1.0
2025-08-22 10:30:04,115 [WARN] PackLoader:240 - Cannot read IP mode file for Infineon.AIROC-Wi-Fi-Bluetooth-STM32.1.7.0
2025-08-22 10:30:04,306 [WARN] PackLoader:240 - Cannot read IP mode file for STMicroelectronics.X-CUBE-AZRTOS-H7.3.4.0
2025-08-22 10:30:04,372 [WARN] PackLoader:240 - Cannot read IP mode file for STMicroelectronics.X-CUBE-DISPLAY.3.0.0
2025-08-22 10:30:04,433 [WARN] PackLoader:240 - Cannot read IP mode file for STMicroelectronics.X-CUBE-NFC10.1.0.0
2025-08-22 10:30:04,532 [WARN] PackLoader:240 - Cannot read IP mode file for STMicroelectronics.X-CUBE-BLEMGR.4.0.0
2025-08-22 10:30:04,604 [WARN] PackLoader:240 - Cannot read IP mode file for emotas.I-CUBE-CANOPEN.1.3.0
2025-08-22 10:30:04,657 [WARN] ConditionMgr:438 - getConditionDescription Invalid condition id : Cortex-A Device cause : null
2025-08-22 10:30:04,722 [WARN] ConditionMgr:1044 - genDependencies : Invalid condition id : Cortex-A Device cause : null
2025-08-22 10:30:04,723 [WARN] ConditionMgr:1044 - genDependencies : Invalid condition id : Cortex-A Device cause : null
2025-08-22 10:30:04,723 [WARN] ConditionMgr:1044 - genDependencies : Invalid condition id : Cortex-A Device cause : null
2025-08-22 10:30:04,771 [WARN] PackLoader:240 - Cannot read IP mode file for STMicroelectronics.X-CUBE-AI.10.0.0
2025-08-22 10:30:04,823 [ERROR] Engine:466 - C:\Users\pwlub\.stm32cubemx\thirdparties\pdsc\STMicroelectronics.FP-SNS-STBOX1.2.1.0.pdsc: PDSC version is not supported
2025-08-22 10:30:04,899 [WARN] PackLoader:240 - Cannot read IP mode file for STMicroelectronics.FP-SNS-SMARTAG2.1.2.0
2025-08-22 10:30:04,944 [WARN] PackLoader:240 - Cannot read IP mode file for STMicroelectronics.FP-SNS-FLIGHT1.5.1.0
2025-08-22 10:30:05,201 [WARN] PackLoader:240 - Cannot read IP mode file for STMicroelectronics.X-CUBE-MEMS1.11.1.0
2025-08-22 10:30:06,243 [INFO] LogOutputStream:77 - [STDOUT_REDIRECT] 1 : Invalid condition id : UX_CORESTACK_Condition cause : null
2025-08-22 10:30:06,244 [INFO] LogOutputStream:77 - [STDOUT_REDIRECT] 1 : Invalid condition id : UX_CORESTACK_Condition cause : null
2025-08-22 10:30:06,248 [INFO] LogOutputStream:77 - [STDOUT_REDIRECT] 1 : Invalid condition id : UX_CORESTACK_Condition cause : null
2025-08-22 10:30:06,252 [INFO] LogOutputStream:77 - [STDOUT_REDIRECT] 1 : Invalid condition id : UX_CORESTACK_Condition cause : null
2025-08-22 10:30:06,256 [INFO] LogOutputStream:77 - [STDOUT_REDIRECT] 1 : Invalid condition id : UX_CORESTACK_Condition cause : null
2025-08-22 10:30:06,264 [WARN] PackLoader:240 - Cannot read IP mode file for STMicroelectronics.X-CUBE-AZRTOS-WL.2.0.0
2025-08-22 10:30:06,313 [WARN] PackLoader:240 - Cannot read IP mode file for STMicroelectronics.FP-SNS-MOTENV1.5.0.0
2025-08-22 10:30:06,384 [WARN] PackLoader:240 - Cannot read IP mode file for WES.I-CUBE-Cesium.1.3.0
2025-08-22 10:30:06,442 [WARN] PackLoader:240 - Cannot read IP mode file for STMicroelectronics.X-CUBE-BLE2.3.3.0
2025-08-22 10:30:06,516 [WARN] PackLoader:240 - Cannot read IP mode file for STMicroelectronics.X-CUBE-NFC9.1.0.0
2025-08-22 10:30:06,572 [WARN] PackLoader:240 - Cannot read IP mode file for STMicroelectronics.X-CUBE-BLE1.7.1.0
2025-08-22 10:30:06,621 [WARN] PackLoader:240 - Cannot read IP mode file for STMicroelectronics.X-CUBE-EEPRMA1.5.2.0
2025-08-22 10:30:06,672 [WARN] PackLoader:240 - Cannot read IP mode file for STMicroelectronics.X-CUBE-AI.10.1.0
2025-08-22 10:30:06,925 [WARN] PackLoader:240 - Cannot read IP mode file for STMicroelectronics.X-CUBE-MEMS1.11.2.0
2025-08-22 10:30:07,530 [WARN] PackLoader:240 - Cannot read IP mode file for STMicroelectronics.X-CUBE-AZRTOS-G0.1.1.0
2025-08-22 10:30:07,584 [WARN] PackLoader:240 - Cannot read IP mode file for STMicroelectronics.X-CUBE-SAFEA1.1.2.2
2025-08-22 10:30:07,636 [WARN] PackLoader:240 - Cannot read IP mode file for STMicroelectronics.X-CUBE-NFC4.3.0.0
2025-08-22 10:30:07,691 [WARN] PackLoader:240 - Cannot read IP mode file for EmbeddedOffice.I-CUBE-FS-RTOS.1.0.1
2025-08-22 10:30:07,756 [WARN] PackLoader:240 - Cannot read IP mode file for STMicroelectronics.X-CUBE-WB05N.2.0.0
2025-08-22 10:30:07,808 [WARN] PackLoader:240 - Cannot read IP mode file for wolfSSL.I-CUBE-wolfTPM.3.8.0
2025-08-22 10:30:07,853 [WARN] PackLoader:240 - Cannot read IP mode file for STMicroelectronics.X-CUBE-TCPP.4.2.0
2025-08-22 10:30:07,927 [WARN] PackLoader:240 - Cannot read IP mode file for RealThread.X-CUBE-RT-Thread_Nano.4.1.1
2025-08-22 10:30:07,967 [WARN] PackLoader:240 - Cannot read IP mode file for STMicroelectronics.FP-ATR-SIGFOX1.3.2.0
2025-08-22 10:30:08,009 [WARN] PackLoader:240 - Cannot read IP mode file for STMicroelectronics.X-CUBE-EEPRMA1.5.1.0
2025-08-22 10:30:08,087 [WARN] PackLoader:240 - Cannot read IP mode file for ITTIA_DB.I-CUBE-ITTIADB.8.9.0
2025-08-22 10:30:08,138 [WARN] PackLoader:240 - Cannot read IP mode file for STMicroelectronics.X-CUBE-ST67W61.1.0.0
2025-08-22 10:30:08,228 [WARN] PackLoader:240 - Cannot read IP mode file for STMicroelectronics.X-CUBE-AI.10.2.0
2025-08-22 10:30:08,416 [WARN] PackLoader:240 - Cannot read IP mode file for SEGGER.I-CUBE-embOS.1.3.1
2025-08-22 10:30:08,729 [WARN] PackLoader:240 - Cannot read IP mode file for STMicroelectronics.X-CUBE-ALGOBUILD.1.4.0
2025-08-22 10:30:08,971 [WARN] PackLoader:240 - Cannot read IP mode file for STMicroelectronics.X-CUBE-MEMS1.11.3.0
2025-08-22 10:30:09,555 [WARN] PackLoader:240 - Cannot read IP mode file for STMicroelectronics.X-CUBE-PM33A1.1.0.0
2025-08-22 10:30:09,719 [WARN] PackLoader:240 - Cannot read IP mode file for STMicroelectronics.X-CUBE-AZRTOS-F4.1.1.0
2025-08-22 10:30:09,769 [WARN] PackLoader:240 - Cannot read IP mode file for Avnet-IotConnect.X-CUBE-IoTC-DA16k-PMOD.1.0.0
2025-08-22 10:30:09,834 [WARN] PackLoader:240 - Cannot read IP mode file for STMicroelectronics.X-CUBE-ISPU.2.1.0
2025-08-22 10:30:09,889 [WARN] PackLoader:240 - Cannot read IP mode file for STMicroelectronics.X-CUBE-NFC12.1.0.0
2025-08-22 10:30:10,035 [WARN] PackLoader:240 - Cannot read IP mode file for STMicroelectronics.X-CUBE-AZRTOS-L5.2.0.0
2025-08-22 10:30:10,108 [WARN] PackLoader:240 - Cannot read IP mode file for STMicroelectronics.X-CUBE-NFC6.3.1.0
2025-08-22 10:30:10,164 [WARN] PackLoader:240 - Cannot read IP mode file for STMicroelectronics.X-CUBE-DPower.1.2.0
2025-08-22 10:30:10,211 [WARN] PackLoader:240 - Cannot read IP mode file for STMicroelectronics.X-CUBE-FREERTOS.1.3.1
2025-08-22 10:30:10,306 [WARN] PackLoader:240 - Cannot read IP mode file for STMicroelectronics.X-CUBE-FREERTOS.1.3.0
2025-08-22 10:30:10,652 [WARN] PackLoader:240 - Cannot read IP mode file for STMicroelectronics.X-CUBE-NFC7.1.0.1
2025-08-22 10:30:10,968 [WARN] PackLoader:240 - Cannot read IP mode file for STMicroelectronics.FP-SNS-STAIOTCFT.1.0.0
2025-08-22 10:30:11,654 [WARN] ConditionMgr:438 - getConditionDescription Invalid condition id : LAN8742 Phy interface Condition cause : null
2025-08-22 10:30:11,657 [WARN] PackLoader:240 - Cannot read IP mode file for STMicroelectronics.X-CUBE-AZRTOS-L4.2.0.0
2025-08-22 10:30:11,660 [WARN] ConditionMgr:1044 - genDependencies : Invalid condition id : LAN8742 Phy interface Condition cause : null
2025-08-22 10:30:11,661 [WARN] ConditionMgr:1044 - genDependencies : Invalid condition id : LAN8742 Phy interface Condition cause : null
2025-08-22 10:30:11,662 [WARN] ConditionMgr:1044 - genDependencies : Invalid condition id : LAN8742 Phy interface Condition cause : null
2025-08-22 10:30:11,955 [WARN] PackLoader:240 - Cannot read IP mode file for STMicroelectronics.X-CUBE-SFXS2LP1.4.0.0
2025-08-22 10:30:12,151 [WARN] PackLoader:240 - Cannot read IP mode file for STMicroelectronics.X-CUBE-AZRTOS-H7.3.3.0
2025-08-22 10:30:12,611 [WARN] PackLoader:240 - Cannot read IP mode file for STMicroelectronics.X-CUBE-BLEMGR.4.1.0
2025-08-22 10:30:13,200 [WARN] ConditionMgr:438 - getConditionDescription Invalid condition id : UX DEVICE CLASS RTOS Condition cause : null
2025-08-22 10:30:13,246 [WARN] ConditionMgr:438 - getConditionDescription Invalid condition id : UX DEVICE CLASS RTOS Condition cause : null
2025-08-22 10:30:13,386 [WARN] PackLoader:240 - Cannot read IP mode file for STMicroelectronics.X-CUBE-AZRTOS-WB.2.0.0
2025-08-22 10:30:13,388 [WARN] ConditionMgr:1044 - genDependencies : Invalid condition id : UX DEVICE CLASS RTOS Condition cause : null
2025-08-22 10:30:13,388 [WARN] ConditionMgr:1044 - genDependencies : Invalid condition id : UX DEVICE CLASS RTOS Condition cause : null
2025-08-22 10:30:13,390 [WARN] ConditionMgr:1044 - genDependencies : Invalid condition id : UX DEVICE CLASS RTOS Condition cause : null
2025-08-22 10:30:13,393 [WARN] ConditionMgr:1044 - genDependencies : Invalid condition id : UX DEVICE CLASS RTOS Condition cause : null
2025-08-22 10:30:13,394 [WARN] ConditionMgr:1044 - genDependencies : Invalid condition id : UX DEVICE CLASS RTOS Condition cause : null
2025-08-22 10:30:13,504 [WARN] PackLoader:240 - Cannot read IP mode file for STMicroelectronics.X-CUBE-GNSS1.7.0.1
2025-08-22 10:30:13,609 [WARN] PackLoader:240 - Cannot read IP mode file for STMicroelectronics.X-CUBE-TOUCHGFX.4.25.0
2025-08-22 10:30:13,678 [WARN] PackLoader:240 - Cannot read IP mode file for STMicroelectronics.FP-SNS-STBOX1.2.0.0
2025-08-22 10:30:13,800 [WARN] PackLoader:240 - Cannot read IP mode file for STMicroelectronics.X-CUBE-SUBG2.5.0.0
2025-08-22 10:30:13,884 [WARN] PackLoader:240 - Cannot read IP mode file for Cesanta.I-CUBE-Mongoose.7.13.0
2025-08-22 10:30:14,078 [WARN] PackLoader:240 - Cannot read IP mode file for STMicroelectronics.X-CUBE-AZRTOS-G4.2.0.0
2025-08-22 10:30:14,151 [WARN] PackLoader:240 - Cannot read IP mode file for wolfSSL.I-CUBE-wolfSSH.1.4.20
2025-08-22 10:30:14,281 [WARN] PackLoader:240 - Cannot read IP mode file for STMicroelectronics.X-CUBE-NFC7.2.0.0
2025-08-22 10:30:14,411 [WARN] PackLoader:240 - Cannot read IP mode file for STMicroelectronics.X-CUBE-IPS.3.1.0
2025-08-22 10:30:14,490 [WARN] PackLoader:240 - Cannot read IP mode file for STMicroelectronics.X-CUBE-ALS.1.0.2
2025-08-22 10:30:14,585 [WARN] PackLoader:240 - Cannot read IP mode file for portGmbH.I-Cube-SoM-uGOAL.1.1.0
2025-08-22 10:30:14,713 [WARN] PackLoader:240 - Cannot read IP mode file for STMicroelectronics.X-CUBE-AZRTOS-H7RS.1.0.0
2025-08-22 10:30:14,843 [WARN] PackLoader:240 - Cannot read IP mode file for STMicroelectronics.X-CUBE-TOF1.3.4.2
2025-08-22 10:30:15,145 [WARN] PackLoader:240 - Cannot read IP mode file for STMicroelectronics.X-CUBE-TOF1.3.4.3
2025-08-22 10:30:15,177 [INFO] ThirdParty:978 - Integrity check success = true
2025-08-22 10:30:15,178 [INFO] IntegrityCheckThread:100 - exiting critical section [integrity check]
2025-08-22 10:30:15,178 [INFO] IntegrityCheckThread:103 - End integrity checks thread
2025-08-22 10:30:15,807 [INFO] Mcu:2011 - Initializing MCU STM32G473R(B-C-E)Tx STM32G473RCTx STM32G473RCT6
2025-08-22 10:30:46,707 [INFO] Context:756 - Trying to add GPIOservice into a context  which must be forbidden
2025-08-22 10:30:51,504 [INFO] ImportTextPane:218 - (OptionalMessage_ERROR) Pin53 (VP_RIF_VS_RIF1) cannot be retrieved for this MCU
2025-08-22 10:30:52,720 [INFO] RtosManager:558 - Registered RTOS mode: class=CMSIS, group=RTOS, mode=CMSIS_V1, owner=FREERTOS
2025-08-22 10:30:52,721 [INFO] RtosManager:558 - Registered RTOS mode: class=CMSIS, group=RTOS2, mode=CMSIS_V2, owner=FREERTOS
2025-08-22 10:30:52,721 [INFO] RtosManager:558 - Registered RTOS mode: class=RTOS, group=Core, mode=CMSIS_V1, owner=FREERTOS
2025-08-22 10:30:52,721 [INFO] RtosManager:558 - Registered RTOS mode: class=RTOS, group=Core, mode=CMSIS_V2, owner=FREERTOS
2025-08-22 10:30:52,722 [WARN] ModelIntegratedComponent:184 - Missing modes for component STMicroelectronics:FreeRTOS:0.0.1:STMicroelectronics:RTOS:FreeRTOS:Core:::10.2.0:
2025-08-22 10:30:52,856 [WARN] ModelIntegratedComponent:63 - No mode defined for component null
2025-08-22 10:30:52,856 [WARN] ModelIntegratedComponent:63 - No mode defined for component null
2025-08-22 10:30:52,856 [WARN] ModelIntegratedComponent:63 - No mode defined for component null
2025-08-22 10:30:52,856 [WARN] ModelIntegratedComponent:63 - No mode defined for component null
2025-08-22 10:30:52,856 [WARN] ModelIntegratedComponent:63 - No mode defined for component null
2025-08-22 10:30:52,857 [WARN] ModelIntegratedComponent:63 - No mode defined for component null
2025-08-22 10:30:52,857 [WARN] ModelIntegratedComponent:63 - No mode defined for component null
2025-08-22 10:30:52,857 [WARN] ModelIntegratedComponent:63 - No mode defined for component null
2025-08-22 10:30:52,857 [WARN] ModelIntegratedComponent:63 - No mode defined for component null
2025-08-22 10:30:52,857 [WARN] ModelIntegratedComponent:63 - No mode defined for component null
2025-08-22 10:30:52,858 [WARN] ModelIntegratedComponent:63 - No mode defined for component null
2025-08-22 10:30:52,858 [WARN] ModelIntegratedComponent:63 - No mode defined for component null
2025-08-22 10:30:52,858 [WARN] ModelIntegratedComponent:63 - No mode defined for component null
2025-08-22 10:30:52,858 [WARN] ModelIntegratedComponent:63 - No mode defined for component null
2025-08-22 10:30:52,858 [WARN] ModelIntegratedComponent:63 - No mode defined for component null
2025-08-22 10:30:52,858 [WARN] ModelIntegratedComponent:63 - No mode defined for component null
2025-08-22 10:30:52,859 [WARN] ModelIntegratedComponent:63 - No mode defined for component null
2025-08-22 10:30:52,859 [WARN] ModelIntegratedComponent:63 - No mode defined for component null
2025-08-22 10:30:52,859 [WARN] ModelIntegratedComponent:63 - No mode defined for component null
2025-08-22 10:30:52,859 [WARN] ModelIntegratedComponent:63 - No mode defined for component null
2025-08-22 10:30:52,859 [WARN] ModelIntegratedComponent:63 - No mode defined for component null
2025-08-22 10:30:52,859 [WARN] ModelIntegratedComponent:63 - No mode defined for component null
2025-08-22 10:30:52,859 [WARN] ModelIntegratedComponent:63 - No mode defined for component null
2025-08-22 10:30:52,860 [WARN] ModelIntegratedComponent:63 - No mode defined for component null
2025-08-22 10:30:52,860 [WARN] ModelIntegratedComponent:63 - No mode defined for component null
2025-08-22 10:30:52,860 [WARN] ModelIntegratedComponent:63 - No mode defined for component null
2025-08-22 10:30:52,860 [WARN] ModelIntegratedComponent:63 - No mode defined for component null
2025-08-22 10:30:52,860 [WARN] ModelIntegratedComponent:63 - No mode defined for component null
2025-08-22 10:30:52,860 [WARN] ModelIntegratedComponent:63 - No mode defined for component null
2025-08-22 10:30:52,860 [WARN] ModelIntegratedComponent:63 - No mode defined for component null
2025-08-22 10:30:52,861 [WARN] ModelIntegratedComponent:63 - No mode defined for component null
2025-08-22 10:30:52,861 [WARN] ModelIntegratedComponent:63 - No mode defined for component null
2025-08-22 10:30:52,861 [WARN] ModelIntegratedComponent:63 - No mode defined for component null
2025-08-22 10:30:52,861 [WARN] ModelIntegratedComponent:63 - No mode defined for component null
2025-08-22 10:30:52,861 [WARN] ModelIntegratedComponent:63 - No mode defined for component null
2025-08-22 10:30:52,862 [WARN] ModelPack:524 - Component already loaded: STMicroelectronics:HAL Drivers:0.0.0:STMicroelectronics:Device:STMicro_Driver:XSPI:HAL::0.0.1:HAL_XSPI
2025-08-22 10:30:53,736 [INFO] ThirdPartyModel:298 - Start build external matchings
2025-08-22 10:30:58,100 [INFO] ThirdPartyModel:316 - End build external matchings
2025-08-22 10:30:58,465 [INFO] RtosManager:967 - Current active RTOS is FREERTOS [Cortex-M4NS]
2025-08-22 10:30:58,504 [INFO] ImportTextPane:218 - (OptionalMessage_ERROR) IP (ADC1) : Parameter (CommonPathInternal) has invalid value (null|null|null|null)
2025-08-22 10:30:58,536 [INFO] ImportTextPane:218 - (OptionalMessage_ERROR) IP (ADC2) : Parameter (CommonPathInternal) has invalid value (null|null|null|null)
2025-08-22 10:30:58,540 [INFO] ImportTextPane:218 - (OptionalMessage_ERROR) IP (DMA) : Parameter (Instance) has Id (ADC1) currently not set
2025-08-22 10:30:58,540 [INFO] ImportTextPane:218 - (OptionalMessage_ERROR) IP (DMA) : Parameter (Request) has Id (ADC1) currently not set
2025-08-22 10:30:58,540 [INFO] ImportTextPane:218 - (OptionalMessage_ERROR) IP (DMA) : Parameter (Direction) has Id (ADC1) currently not set
2025-08-22 10:30:58,541 [INFO] ImportTextPane:218 - (OptionalMessage_ERROR) IP (DMA) : Parameter (PeriphInc) has Id (ADC1) currently not set
2025-08-22 10:30:58,541 [INFO] ImportTextPane:218 - (OptionalMessage_ERROR) IP (DMA) : Parameter (MemInc) has Id (ADC1) currently not set
2025-08-22 10:30:58,548 [INFO] ImportTextPane:218 - (OptionalMessage_ERROR) IP (DMA) : Parameter (PeriphDataAlignment) has Id (ADC1) currently not set
2025-08-22 10:30:58,550 [INFO] ImportTextPane:218 - (OptionalMessage_ERROR) IP (DMA) : Parameter (MemDataAlignment) has Id (ADC1) currently not set
2025-08-22 10:30:58,551 [INFO] ImportTextPane:218 - (OptionalMessage_ERROR) IP (DMA) : Parameter (Mode) has Id (ADC1) currently not set
2025-08-22 10:30:58,552 [INFO] ImportTextPane:218 - (OptionalMessage_ERROR) IP (DMA) : Parameter (Priority) has Id (ADC1) currently not set
2025-08-22 10:30:58,552 [INFO] ImportTextPane:218 - (OptionalMessage_ERROR) IP (DMA) : Parameter (SignalID) has Id (ADC1) currently not set
2025-08-22 10:30:58,553 [INFO] ImportTextPane:218 - (OptionalMessage_ERROR) IP (DMA) : Parameter (Polarity) has Id (ADC1) currently not set
2025-08-22 10:30:58,553 [INFO] ImportTextPane:218 - (OptionalMessage_ERROR) IP (DMA) : Parameter (RequestNumber) has Id (ADC1) currently not set
2025-08-22 10:30:58,553 [INFO] ImportTextPane:218 - (OptionalMessage_ERROR) IP (DMA) : Parameter (SyncSignalID) has Id (ADC1) currently not set
2025-08-22 10:30:58,554 [INFO] ImportTextPane:218 - (OptionalMessage_ERROR) IP (DMA) : Parameter (SyncPolarity) has Id (ADC1) currently not set
2025-08-22 10:30:58,554 [INFO] ImportTextPane:218 - (OptionalMessage_ERROR) IP (DMA) : Parameter (SyncEnable) has Id (ADC1) currently not set
2025-08-22 10:30:58,555 [INFO] ImportTextPane:218 - (OptionalMessage_ERROR) IP (DMA) : Parameter (EventEnable) has Id (ADC1) currently not set
2025-08-22 10:30:58,555 [INFO] ImportTextPane:218 - (OptionalMessage_ERROR) IP (DMA) : Parameter (SyncRequestNumber) has Id (ADC1) currently not set
2025-08-22 10:30:58,555 [INFO] ImportTextPane:218 - (OptionalMessage_ERROR) IP (DMA) : Parameter (Instance) has Id (ADC2) currently not set
2025-08-22 10:30:58,556 [INFO] ImportTextPane:218 - (OptionalMessage_ERROR) IP (DMA) : Parameter (Request) has Id (ADC2) currently not set
2025-08-22 10:30:58,556 [INFO] ImportTextPane:218 - (OptionalMessage_ERROR) IP (DMA) : Parameter (Direction) has Id (ADC2) currently not set
2025-08-22 10:30:58,556 [INFO] ImportTextPane:218 - (OptionalMessage_ERROR) IP (DMA) : Parameter (PeriphInc) has Id (ADC2) currently not set
2025-08-22 10:30:58,557 [INFO] ImportTextPane:218 - (OptionalMessage_ERROR) IP (DMA) : Parameter (MemInc) has Id (ADC2) currently not set
2025-08-22 10:30:58,557 [INFO] ImportTextPane:218 - (OptionalMessage_ERROR) IP (DMA) : Parameter (PeriphDataAlignment) has Id (ADC2) currently not set
2025-08-22 10:30:58,557 [INFO] ImportTextPane:218 - (OptionalMessage_ERROR) IP (DMA) : Parameter (MemDataAlignment) has Id (ADC2) currently not set
2025-08-22 10:30:58,557 [INFO] ImportTextPane:218 - (OptionalMessage_ERROR) IP (DMA) : Parameter (Mode) has Id (ADC2) currently not set
2025-08-22 10:30:58,557 [INFO] ImportTextPane:218 - (OptionalMessage_ERROR) IP (DMA) : Parameter (Priority) has Id (ADC2) currently not set
2025-08-22 10:30:58,558 [INFO] ImportTextPane:218 - (OptionalMessage_ERROR) IP (DMA) : Parameter (SignalID) has Id (ADC2) currently not set
2025-08-22 10:30:58,558 [INFO] ImportTextPane:218 - (OptionalMessage_ERROR) IP (DMA) : Parameter (Polarity) has Id (ADC2) currently not set
2025-08-22 10:30:58,558 [INFO] ImportTextPane:218 - (OptionalMessage_ERROR) IP (DMA) : Parameter (RequestNumber) has Id (ADC2) currently not set
2025-08-22 10:30:58,558 [INFO] ImportTextPane:218 - (OptionalMessage_ERROR) IP (DMA) : Parameter (SyncSignalID) has Id (ADC2) currently not set
2025-08-22 10:30:58,558 [INFO] ImportTextPane:218 - (OptionalMessage_ERROR) IP (DMA) : Parameter (SyncPolarity) has Id (ADC2) currently not set
2025-08-22 10:30:58,559 [INFO] ImportTextPane:218 - (OptionalMessage_ERROR) IP (DMA) : Parameter (SyncEnable) has Id (ADC2) currently not set
2025-08-22 10:30:58,559 [INFO] ImportTextPane:218 - (OptionalMessage_ERROR) IP (DMA) : Parameter (EventEnable) has Id (ADC2) currently not set
2025-08-22 10:30:58,559 [INFO] ImportTextPane:218 - (OptionalMessage_ERROR) IP (DMA) : Parameter (SyncRequestNumber) has Id (ADC2) currently not set
2025-08-22 10:30:58,561 [WARN] IP:2250 - MessageRAMOffset not found: check if there is a RefParameter without a condition.
2025-08-22 10:30:58,561 [WARN] IP:2250 - RxFifo0ElmtsNbr not found: check if there is a RefParameter without a condition.
2025-08-22 10:30:58,561 [WARN] IP:2250 - RxFifo0ElmtSize not found: check if there is a RefParameter without a condition.
2025-08-22 10:30:58,562 [WARN] IP:2250 - RxFifo1ElmtsNbr not found: check if there is a RefParameter without a condition.
2025-08-22 10:30:58,562 [WARN] IP:2250 - RxFifo1ElmtSize not found: check if there is a RefParameter without a condition.
2025-08-22 10:30:58,562 [WARN] IP:2250 - RxBuffersNbr not found: check if there is a RefParameter without a condition.
2025-08-22 10:30:58,563 [WARN] IP:2250 - RxBufferSize not found: check if there is a RefParameter without a condition.
2025-08-22 10:30:58,563 [WARN] IP:2250 - TxEventsNbr not found: check if there is a RefParameter without a condition.
2025-08-22 10:30:58,563 [WARN] IP:2250 - TxBuffersNbr not found: check if there is a RefParameter without a condition.
2025-08-22 10:30:58,563 [WARN] IP:2250 - TxFifoQueueElmtsNbr not found: check if there is a RefParameter without a condition.
2025-08-22 10:30:58,564 [WARN] IP:2250 - TxElmtSize not found: check if there is a RefParameter without a condition.
2025-08-22 10:30:58,564 [WARN] IP:2250 - ClockCalibrationCCU not found: check if there is a RefParameter without a condition.
2025-08-22 10:30:58,564 [WARN] IP:2250 - ClockDividerCCU not found: check if there is a RefParameter without a condition.
2025-08-22 10:30:58,565 [WARN] IP:2250 - MinOscClkPeriodsCCU not found: check if there is a RefParameter without a condition.
2025-08-22 10:30:58,565 [WARN] IP:2250 - TimeQuantaPerBitTimeCCU not found: check if there is a RefParameter without a condition.
2025-08-22 10:30:58,565 [WARN] IP:2250 - WatchdogStartValueCCU not found: check if there is a RefParameter without a condition.
2025-08-22 10:30:58,604 [INFO] ImportTextPane:218 - (OptionalMessage_ERROR) IP (RCC) : Invalid parameter (FamilyName)
2025-08-22 10:31:02,776 [INFO] ApiDb:581 - Connected to CubeFinder SQLite database (C:\Users\pwlub\.stmcufinder\plugins\mcufinder\mcu\cube-finder-db.db)
2025-08-22 10:31:03,119 [INFO] ApiDb:668 - CubeFinder database Data Model version=2.1
2025-08-22 10:31:03,120 [INFO] ApiDb:669 - CubeFinder database Configuration version=3.0.39
2025-08-22 10:31:03,121 [INFO] ApiDb:670 - CubeFinder database generation date=2025-03-24 (1742811287)
2025-08-22 10:31:03,122 [INFO] ApiDb:671 - CubeFinder database FW Pack versions=[FP-ATR-ASTRA1_V2.0.0, FP-SNS-FLIGHT1_V5.0.2, FP-SNS-MOTENV1_V5.0.0, FP-SNS-MOTENVWB1_V1.4.0, FP-SNS-SMARTAG2_V1.2.0, FP-SNS-STBOX1_V2.0.0, STM32Cube_FW_C0_V1.4.0, STM32Cube_FW_F4_V1.28.1, STM32Cube_FW_F7_V1.17.2, STM32Cube_FW_G0_V1.6.2, STM32Cube_FW_G4_V1.6.1, STM32Cube_FW_H5_V1.5.0, STM32Cube_FW_H7RS_V1.2.0, STM32Cube_FW_H7_V1.12.1, STM32Cube_FW_L0_V1.12.2, STM32Cube_FW_L4_V1.18.1, STM32Cube_FW_L5_V1.5.1, STM32Cube_FW_N6_V1.1.0, STM32Cube_FW_U0_V1.2.0, STM32Cube_FW_U3_V1.1.0, STM32Cube_FW_U5_V1.7.0, STM32Cube_FW_WB0_V1.2.0, STM32Cube_FW_WBA_V1.6.0, STM32Cube_FW_WB_V1.22.0, STM32Cube_FW_WL3_V1.1.0, STM32Cube_FW_WL_V1.3.1, X-CUBE-ALGOBUILD_V1.4.0, X-CUBE-ALS_V1.0.2, X-CUBE-AZRTOS-F4_V1.1.0, X-CUBE-AZRTOS-F7_V1.1.0, X-CUBE-AZRTOS-G0_V1.1.0, X-CUBE-AZRTOS-G4_V2.0.0, X-CUBE-AZRTOS-H7RS_V1.0.0, X-CUBE-AZRTOS-H7_V3.3.0, X-CUBE-AZRTOS-L4_V2.0.0, X-CUBE-AZRTOS-L5_V2.0.0, X-CUBE-AZRTOS-WB_V2.0.0, X-CUBE-AZRTOS-WL_V2.0.0, X-CUBE-BLE1_V7.1.0, X-CUBE-BLE2_V3.3.0, X-CUBE-BLEMGR_V4.0.0, X-CUBE-EEPRMA1_V5.1.0, X-CUBE-FREERTOS_V1.3.0, X-CUBE-GNSS1_V6.0.0, X-CUBE-MEMS1_V11.1.0, X-CUBE-NFC4_V3.0.0, X-CUBE-NFC7_V1.0.1, X-CUBE-SFXS2LP1_V4.0.0, X-CUBE-SUBG2_V5.0.0, X-CUBE-TOF1_V3.4.2]
2025-08-22 10:31:03,605 [INFO] DbBoardsSqlite:226 - include board P-NUCLEO-WB55-NUCLEO as a kit item of type 'Nucleo-64'
2025-08-22 10:31:03,606 [INFO] DbBoardsSqlite:226 - include board P-NUCLEO-WB55-USBDONGLE as a kit item of type 'Nucleo USB Dongle'
2025-08-22 10:31:03,608 [INFO] DbBoardsSqlite:226 - include board STEVAL-IDP005V1 as a kit item of type 'Evaluation Board'
2025-08-22 10:31:03,610 [INFO] DbBoardsSqlite:226 - include board STEVAL-IDP005V2 as a kit item of type 'Evaluation Board'
2025-08-22 10:31:05,257 [INFO] ApiDb:240 - Found 895 in-development CPN: [B-G473E-ZEST1S, B-WB1M-WPAN1, B-WBA5M-WPAN, B-WL5M-SUBG1, NUCLEO-C031C6, NUCLEO-C051C8, NUCLEO-C071RB, NUCLEO-C092RC, NUCLEO-H503RB, NUCLEO-H533RE, NUCLEO-H563ZI, NUCLEO-H7S3L8, NUCLEO-N657X0-Q, NUCLEO-U031R8, NUCLEO-U083RC, NUCLEO-U385RG-Q, NUCLEO-U545RE-Q, NUCLEO-U5A5ZJ-Q, NUCLEO-WB05KZ, NUCLEO-WB07CC, NUCLEO-WB09KE, NUCLEO-WBA52CG, NUCLEO-WBA55CG, NUCLEO-WBA65RI, NUCLEO-WL33CC1, NUCLEO-WL33CC2, STEVAL-PROTEUS1, STEVAL-SMARTAG2, STEVAL-STWINBX1, STM320518-EVAL, STM32C0116-DK, STM32C011D6Y3TR, STM32C011D6Y6TR, STM32C011F4P3, STM32C011F4P6, STM32C011F4U3, STM32C011F4U6TR, STM32C011F6P3, STM32C011F6P6, STM32C011F6U3, STM32C011F6U6TR, STM32C011J4M3, STM32C011J4M6, STM32C011J6M3, STM32C011J6M6, STM32C0316-DK, STM32C031C4T3, STM32C031C4T6, STM32C031C4U3, STM32C031C4U6, STM32C031C6T3, STM32C031C6T6, STM32C031C6U3, STM32C031C6U6, STM32C031F4P3, STM32C031F4P6, STM32C031F6P3, STM32C031F6P6, STM32C031G4U3, STM32C031G4U6, STM32C031G6U3, STM32C031G6U6, STM32C031K4T3, STM32C031K4T6, STM32C031K4U3, STM32C031K4U6, STM32C031K6T3, STM32C031K6T6, STM32C031K6U3, STM32C031K6U6, STM32C051C6T6, STM32C051C6U6, STM32C051C8T6, STM32C051C8U6, STM32C051D8Y6TR, STM32C051F6P6, STM32C051F8P6, STM32C051G6U6, STM32C051G8U6, STM32C051K6T6, STM32C051K6U6, STM32C051K8T6, STM32C071C8T6, STM32C071C8T6N, STM32C071C8U6, STM32C071C8U6N, STM32C071CBT6, STM32C071CBT6N, STM32C071CBU6, STM32C071CBU6N, STM32C071F8P6, STM32C071F8P6N, STM32C071FBP6, STM32C071FBP6N, STM32C071FBY6TR, STM32C071G8U6, STM32C071G8U6N, STM32C071GBU6, STM32C071GBU6N, STM32C071K8T6, STM32C071K8T6N, STM32C071K8U6, STM32C071K8U6N, STM32C071KBT6, STM32C071KBT6N, STM32C071KBU6, STM32C071KBU6N, STM32C071R8T6, STM32C071R8T6N, STM32C071RBI6N, STM32C071RBT6, STM32C071RBT6N, STM32C091CBT6, STM32C091CBU6, STM32C091CCT6, STM32C091CCU6, STM32C091ECY6TR, STM32C091FBP6, STM32C091FCP6, STM32C091GBU6, STM32C091GCU6, STM32C091KBT6, STM32C091KBU6, STM32C091KCT6, STM32C091KCU6, STM32C091RBT6, STM32C091RCI6, STM32C091RCT6, STM32C092CBT6, STM32C092CBU6, STM32C092CCT6, STM32C092CCU6, STM32C092ECY6TR, STM32C092FBP6, STM32C092FCP6, STM32C092GBU6, STM32C092GCU6, STM32C092KBT6, STM32C092KBU6, STM32C092KCT6, STM32C092KCU6, STM32C092RBT6, STM32C092RCI6, STM32C092RCT6, STM32G071K8TXN, STM32G071K8UXN, STM32G081GBU6N, STM32G081KBT6N, STM32G081KBUXN, STM32G0B1CCT6N, STM32G0B1KCT6, STM32G0B1NEY6TR, STM32G0B1RCT6N, STM32G0C1CCT6, STM32G0C1CCT6N, STM32G0C1CCU6N, STM32G0C1CET6N, STM32G0C1CEU6N, STM32G0C1KCT6, STM32G0C1NEY6TR, STM32G0C1RCI6N, STM32G0C1RCT6N, STM32G0C1REI6N, STM32G0C1RET6N, STM32G0C1VCI6, STM32G0C1VEI6, STM32G411C6T3, STM32G411C6T6, STM32G411C6U3, STM32G411C6U6, STM32G411C8T3, STM32G411C8T6, STM32G411C8U3, STM32G411C8U6, STM32G411CBT3, STM32G411CBT6, STM32G411CBU3, STM32G411CBU6, STM32G411CCT3, STM32G411CCT6, STM32G411CCU3, STM32G411CCU6, STM32G411K6T3, STM32G411K6T6, STM32G411K6U3, STM32G411K6U6, STM32G411K8T3, STM32G411K8T6, STM32G411K8U3, STM32G411K8U6, STM32G411KBT3, STM32G411KBT6, STM32G411KBU3, STM32G411KBU6, STM32G411M6T3, STM32G411M6T6, STM32G411M8T3, STM32G411M8T6, STM32G411MBT3, STM32G411MBT6, STM32G411MCT3, STM32G411MCT6, STM32G411R6T3, STM32G411R6T6, STM32G411R8T3, STM32G411R8T6, STM32G411RBT3, STM32G411RBT6, STM32G411RCT3, STM32G411RCT6, STM32G414CBT3, STM32G414CBT6, STM32G414CBU3, STM32G414CBU6, STM32G414CCT3, STM32G414CCT6, STM32G414CCU3, STM32G414CCU6, STM32G414MBT3, STM32G414MBT6, STM32G414MCT3, STM32G414MCT6, STM32G414RBT3, STM32G414RBT6, STM32G414RCT3, STM32G414RCT6, STM32G414VBT3, STM32G414VBT6, STM32G414VCT3, STM32G414VCT6, STM32G431CBT3Z, STM32G431RBT3Z, STM32G471CCT6, STM32G471CCU6, STM32G471CET3, STM32G471CET6, STM32G471CEU3, STM32G471CEU6, STM32G471MCT6, STM32G471MET3, STM32G471MET6, STM32G471MEY6TR, STM32G471QCT6, STM32G471QET3, STM32G471RCT6, STM32G471RET3, STM32G471RET6, STM32G471VCH6, STM32G471VCI6, STM32G471VCT6, STM32G471VEH3, STM32G471VEH6, STM32G471VEI3, STM32G471VEI6, STM32G471VET3, STM32G471VET6, STM32G473QET3Z, STM32G473RET3Z, STM32G474CCT6, STM32G491RET3Z, STM32H503CBT6, STM32H503CBU6, STM32H503EBY6TR, STM32H503KBU6, STM32H503RBT6, STM32H523CCT6, STM32H523CCU6, STM32H523CET6, STM32H523CEU6, STM32H523HEY6TR, STM32H523RCT6, STM32H523RET6, STM32H523VCI6, STM32H523VCT6, STM32H523VEI6, STM32H523VET6, STM32H523ZCJ6, STM32H523ZCT6, STM32H523ZEJ6, STM32H523ZET6, STM32H533CET6, STM32H533CEU6, STM32H533HEY6TR, STM32H533RET6, STM32H533VEI6, STM32H533VET6, STM32H533ZEJ6, STM32H533ZET6, STM32H562AGI6, STM32H562AII6, STM32H562IGK6, STM32H562IGT6, STM32H562IIK6, STM32H562IIT6, STM32H562RGT6, STM32H562RGV6, STM32H562RIT6, STM32H562RIV6, STM32H562VGT6, STM32H562VIT6, STM32H562ZGT6, STM32H562ZIT6, STM32H563AGI6, STM32H563AII3Q, STM32H563AII6, STM32H563IGK6, STM32H563IGT6, STM32H563IIK3Q, STM32H563IIK6, STM32H563IIT3Q, STM32H563IIT6, STM32H563MIY3QTR, STM32H563RGT6, STM32H563RGV6, STM32H563RIT6, STM32H563RIV6, STM32H563VGT6, STM32H563VIT3Q, STM32H563VIT6, STM32H563ZGT6, STM32H563ZIT3Q, STM32H563ZIT6, STM32H573AII3Q, STM32H573AII6, STM32H573I-DK, STM32H573IIK3Q, STM32H573IIK6, STM32H573IIT3Q, STM32H573IIT6, STM32H573MIY3QTR, STM32H573RIT6, STM32H573RIV6, STM32H573VIT3Q, STM32H573VIT6, STM32H573ZIT3Q, STM32H573ZIT6, STM32H7R3A8I6, STM32H7R3I8K6, STM32H7R3I8T6, STM32H7R3L8H6, STM32H7R3L8H6H, STM32H7R3R8V6, STM32H7R3V8H6, STM32H7R3V8T6, STM32H7R3V8Y6TR, STM32H7R3Z8J6, STM32H7R3Z8T6, STM32H7R7A8I6, STM32H7R7I8K6, STM32H7R7I8T6, STM32H7R7L8H6, STM32H7R7L8H6H, STM32H7R7Z8J6, STM32H7S3A8I6, STM32H7S3I8K6, STM32H7S3I8T6, STM32H7S3L8H6, STM32H7S3L8H6H, STM32H7S3R8V6, STM32H7S3V8H6, STM32H7S3V8T6, STM32H7S3V8Y6TR, STM32H7S3Z8J6, STM32H7S3Z8T6, STM32H7S78-DK, STM32H7S7A8I6, STM32H7S7I8K6, STM32H7S7I8T6, STM32H7S7L8H6, STM32H7S7L8H6H, STM32H7S7Z8J6, STM32L4R5QGI6STR, STM32MP131AAE3, STM32MP131AAF3, STM32MP131AAG3, STM32MP131CAE3, STM32MP131CAF3, STM32MP131CAG3, STM32MP131DAE7, STM32MP131DAF7, STM32MP131DAG7, STM32MP131FAE7, STM32MP131FAF7, STM32MP131FAG7, STM32MP133AAE3, STM32MP133AAF3, STM32MP133AAG3, STM32MP133CAE3, STM32MP133CAF3, STM32MP133CAG3, STM32MP133DAE7, STM32MP133DAF7, STM32MP133DAG7, STM32MP133FAE7, STM32MP133FAF7, STM32MP133FAG7, STM32MP135AAE3, STM32MP135AAF3, STM32MP135AAG3, STM32MP135CAE3, STM32MP135CAF3, STM32MP135CAG3, STM32MP135DAE7, STM32MP135DAF7, STM32MP135DAG7, STM32MP135F-DK, STM32MP135FAE7, STM32MP135FAF7, STM32MP135FAF7T, STM32MP135FAF7U, STM32MP135FAG7, STM32MP231AAJ3, STM32MP231AAK3, STM32MP231AAL3, STM32MP231CAJ3, STM32MP231CAK3, STM32MP231CAL3, STM32MP231DAJ3, STM32MP231DAK3, STM32MP231DAL3, STM32MP231FAJ3, STM32MP231FAK3, STM32MP231FAL3, STM32MP233AAJ3, STM32MP233AAK3, STM32MP233AAL3, STM32MP233CAJ3, STM32MP233CAK3, STM32MP233CAL3, STM32MP233DAJ3, STM32MP233DAK3, STM32MP233DAL3, STM32MP233FAJ3, STM32MP233FAK3, STM32MP233FAL3, STM32MP235AAJ3, STM32MP235AAK3, STM32MP235AAL3, STM32MP235CAJ3, STM32MP235CAK3, STM32MP235CAL3, STM32MP235DAJ3, STM32MP235DAK3, STM32MP235DAL3, STM32MP235FAJ3, STM32MP235FAK3, STM32MP235FAL3, STM32MP251AAI3, STM32MP251AAJ3, STM32MP251AAK3, STM32MP251AAL3, STM32MP251CAI3, STM32MP251CAJ3, STM32MP251CAK3, STM32MP251CAL3, STM32MP251DAI3, STM32MP251DAJ3, STM32MP251DAK3, STM32MP251DAL3, STM32MP251FAI3, STM32MP251FAJ3, STM32MP251FAK3, STM32MP251FAL3, STM32MP253AAI3, STM32MP253AAJ3, STM32MP253AAK3, STM32MP253AAL3, STM32MP253CAI3, STM32MP253CAJ3, STM32MP253CAK3, STM32MP253CAL3, STM32MP253DAI3, STM32MP253DAJ3, STM32MP253DAK3, STM32MP253DAL3, STM32MP253FAI3, STM32MP253FAJ3, STM32MP253FAK3, STM32MP253FAL3, STM32MP255AAI3, STM32MP255AAJ3, STM32MP255AAK3, STM32MP255AAL3, STM32MP255CAI3, STM32MP255CAJ3, STM32MP255CAK3, STM32MP255CAL3, STM32MP255DAI3, STM32MP255DAJ3, STM32MP255DAK3, STM32MP255DAL3, STM32MP255FAI3, STM32MP255FAJ3, STM32MP255FAK3, STM32MP255FAL3, STM32MP257AAI3, STM32MP257AAJ3, STM32MP257AAK3, STM32MP257AAL3, STM32MP257CAI3, STM32MP257CAJ3, STM32MP257CAK3, STM32MP257CAL3, STM32MP257DAI3, STM32MP257DAJ3, STM32MP257DAK3, STM32MP257DAL3, STM32MP257F-DK, STM32MP257F-EV1, STM32MP257FAI3, STM32MP257FAJ3, STM32MP257FAK3, STM32MP257FAL3, STM32N645A0H3Q, STM32N645B0H3Q, STM32N645I0H3Q, STM32N645L0H3Q, STM32N645X0H3Q, STM32N645Z0H3Q, STM32N647A0H3Q, STM32N647B0H3Q, STM32N647I0H3Q, STM32N647L0H3Q, STM32N647X0H3Q, STM32N647Z0H3Q, STM32N655A0H3Q, STM32N655B0H3Q, STM32N655I0H3Q, STM32N655L0H3Q, STM32N655X0H3Q, STM32N655Z0H3Q, STM32N6570-DK, STM32N657A0H3Q, STM32N657B0H3Q, STM32N657I0H3Q, STM32N657L0H3Q, STM32N657X0H3Q, STM32N657Z0H3Q, STM32U031C6T6, STM32U031C6U6, STM32U031C8T6, STM32U031C8U6, STM32U031F4P6, STM32U031F6P6, STM32U031F8P6, STM32U031G6Y6TR, STM32U031G8Y6TR, STM32U031K4U6, STM32U031K6U6, STM32U031K8U6, STM32U031R6I6, STM32U031R6T6, STM32U031R8I6, STM32U031R8T6, STM32U073C8T6, STM32U073C8U6, STM32U073CBT6, STM32U073CBU6, STM32U073CCT6, STM32U073CCU6, STM32U073H8Y6TR, STM32U073HBY6TR, STM32U073HCY6TR, STM32U073K8U6, STM32U073KBU6, STM32U073KCU6, STM32U073M8I6, STM32U073M8T6, STM32U073MBI6, STM32U073MBT6, STM32U073MCI6, STM32U073MCT6, STM32U073R8I6, STM32U073R8T6, STM32U073RBI6, STM32U073RBT6, STM32U073RCI6, STM32U073RCT6, STM32U083C-DK, STM32U083CCT6, STM32U083CCU6, STM32U083HCY6TR, STM32U083KCU6, STM32U083MCI6, STM32U083MCT6, STM32U083RCI6, STM32U083RCT6, STM32U375CET6, STM32U375CET6Q, STM32U375CEU6, STM32U375CEU6Q, STM32U375CEY6QTR, STM32U375CGT6, STM32U375CGT6Q, STM32U375CGU6, STM32U375CGU6Q, STM32U375CGY6QTR, STM32U375KEU6, STM32U375KGU6, STM32U375REI6, STM32U375REI6Q, STM32U375RET6, STM32U375RET6Q, STM32U375REY6GTR, STM32U375REY6QTR, STM32U375RGI6, STM32U375RGI6Q, STM32U375RGT6, STM32U375RGT6Q, STM32U375RGY6GTR, STM32U375RGY6QTR, STM32U375VEI6, STM32U375VEI6Q, STM32U375VET6, STM32U375VET6Q, STM32U375VGI6, STM32U375VGI6Q, STM32U375VGT6, STM32U375VGT6Q, STM32U385CGT6, STM32U385CGT6Q, STM32U385CGU6, STM32U385CGU6Q, STM32U385CGY6QTR, STM32U385KGU6, STM32U385RGI6, STM32U385RGI6Q, STM32U385RGT6, STM32U385RGT6Q, STM32U385RGY6GTR, STM32U385RGY6QTR, STM32U385VGI6, STM32U385VGI6Q, STM32U385VGT6, STM32U385VGT6Q, STM32U535CBT6, STM32U535CBT6Q, STM32U535CBU6, STM32U535CBU6Q, STM32U535CCT6, STM32U535CCT6Q, STM32U535CCU6, STM32U535CCU6Q, STM32U535CET6, STM32U535CET6Q, STM32U535CEU6, STM32U535CEU6Q, STM32U535JEY6QTR, STM32U535NCY6QTR, STM32U535NEY6QTR, STM32U535RBI6, STM32U535RBI6Q, STM32U535RBT6, STM32U535RBT6Q, STM32U535RCI6, STM32U535RCI6Q, STM32U535RCT6, STM32U535RCT6Q, STM32U535REI6, STM32U535REI6Q, STM32U535RET6, STM32U535RET6Q, STM32U535VCI6, STM32U535VCI6Q, STM32U535VCT6, STM32U535VCT6Q, STM32U535VEI6, STM32U535VEI6Q, STM32U535VET6, STM32U535VET6Q, STM32U545CET6, STM32U545CET6Q, STM32U545CEU6, STM32U545CEU6Q, STM32U545JEY6QTR, STM32U545NEY6QTR, STM32U545REI6, STM32U545REI6Q, STM32U545RET6, STM32U545RET6Q, STM32U545VEI6, STM32U545VEI6Q, STM32U545VET6, STM32U545VET6Q, STM32U595AIH6, STM32U595AIH6Q, STM32U595AJH6, STM32U595AJH6Q, STM32U595QII6, STM32U595QII6Q, STM32U595QJI6, STM32U595QJI6Q, STM32U595RIT6, STM32U595RIT6Q, STM32U595RJT6, STM32U595RJT6Q, STM32U595VIT6, STM32U595VIT6Q, STM32U595VJT6, STM32U595VJT6Q, STM32U595ZIT6, STM32U595ZIT6Q, STM32U595ZIY6QTR, STM32U595ZJT6, STM32U595ZJT6Q, STM32U595ZJY6QTR, STM32U599BJY6QTR, STM32U599NIH6Q, STM32U599NJH6Q, STM32U599VIT6Q, STM32U599VJT6, STM32U599VJT6Q, STM32U599ZIT6Q, STM32U599ZIY6QTR, STM32U599ZJT6Q, STM32U599ZJY6QTR, STM32U5A5AJH6, STM32U5A5AJH6Q, STM32U5A5QII3Q , STM32U5A5QJI6, STM32U5A5QJI6Q, STM32U5A5RJT6, STM32U5A5RJT6Q, STM32U5A5VJT6, STM32U5A5VJT6Q, STM32U5A5ZJT6, STM32U5A5ZJT6Q, STM32U5A5ZJY6QTR, STM32U5A9BJY6QTR, STM32U5A9J-DK, STM32U5A9NJH6Q, STM32U5A9VJT6Q, STM32U5A9ZJT6Q, STM32U5A9ZJY6QTR, STM32U5F7VIT6, STM32U5F7VIT6Q, STM32U5F7VJT6, STM32U5F7VJT6Q, STM32U5F9BJY6QTR, STM32U5F9NJH6Q, STM32U5F9VIT6Q, STM32U5F9VJT6Q, STM32U5F9ZIJ6QTR, STM32U5F9ZIT6Q, STM32U5F9ZJJ6QTR, STM32U5F9ZJT6Q, STM32U5G7VJT6, STM32U5G7VJT6Q, STM32U5G9BJY6QTR, STM32U5G9J-DK1, STM32U5G9J-DK2, STM32U5G9NJH6Q, STM32U5G9VJT6Q, STM32U5G9ZJJ6QTR, STM32U5G9ZJT6Q, STM32WB05KZV6TR, STM32WB05KZV7TR, STM32WB05TZF6TR, STM32WB05TZF7TR, STM32WB06CCF6TR, STM32WB06CCF7TR, STM32WB06CCV6TR, STM32WB06CCV7TR, STM32WB06KCV6TR, STM32WB06KCV7TR, STM32WB07CCF6TR, STM32WB07CCF7TR, STM32WB07CCV6TR, STM32WB07CCV7TR, STM32WB07KCV6TR, STM32WB07KCV7TR, STM32WB09KEV6TR, STM32WB09KEV7TR, STM32WB09TEF6TR, STM32WB09TEF7TR, STM32WB1MMCH6, STM32WBA50KGU6, STM32WBA50KGU6TR, STM32WBA52CEU6, STM32WBA52CEU6TR, STM32WBA52CEU7, STM32WBA52CEU7TR, STM32WBA52CGU6, STM32WBA52CGU6TR, STM32WBA52CGU6U, STM32WBA52CGU7, STM32WBA52CGU7TR, STM32WBA52KEU6, STM32WBA52KEU6TR, STM32WBA52KGU6, STM32WBA52KGU6TR, STM32WBA54CEU6, STM32WBA54CEU6TR, STM32WBA54CEU7, STM32WBA54CEU7TR, STM32WBA54CGU6, STM32WBA54CGU6TR, STM32WBA54CGU7, STM32WBA54CGU7TR, STM32WBA54KEU6, STM32WBA54KEU6TR, STM32WBA54KEU7, STM32WBA54KEU7TR, STM32WBA54KGU6, STM32WBA54KGU6TR, STM32WBA54KGU7, STM32WBA54KGU7TR, STM32WBA55CEU6, STM32WBA55CEU6TR, STM32WBA55CEU7, STM32WBA55CEU7TR, STM32WBA55CGU6, STM32WBA55CGU6TR, STM32WBA55CGU6U, STM32WBA55CGU7, STM32WBA55CGU7TR, STM32WBA55G-DK1, STM32WBA55HEF6, STM32WBA55HEF7, STM32WBA55HGF6, STM32WBA55HGF7, STM32WBA55UEI6, STM32WBA55UEI6TR, STM32WBA55UEI7, STM32WBA55UEI7TR, STM32WBA55UGI6, STM32WBA55UGI6TR, STM32WBA55UGI7, STM32WBA55UGI7TR, STM32WBA5MJGH6TR, STM32WBA62CGU6, STM32WBA62CIU6, STM32WBA62MGF6, STM32WBA62MIF6, STM32WBA62PGI6, STM32WBA62PII6, STM32WBA63CGU6, STM32WBA63CGU7, STM32WBA63CIU6, STM32WBA63CIU7, STM32WBA64CGU6, STM32WBA64CGU7, STM32WBA64CIU6, STM32WBA64CIU7, STM32WBA65CGU6, STM32WBA65CGU7, STM32WBA65CIU6, STM32WBA65CIU7, STM32WBA65I-DK1, STM32WBA65MGF6, STM32WBA65MGF7, STM32WBA65MIF6, STM32WBA65MIF7, STM32WBA65PGI6, STM32WBA65PGI7, STM32WBA65PII6, STM32WBA65PII7, STM32WBA65RGV6, STM32WBA65RGV7, STM32WBA65RIV6, STM32WBA65RIV7, STM32WL30K8V6, STM32WL30KBV6, STM32WL31C8V6, STM32WL31CBV6, STM32WL31K8V6, STM32WL31KBV6, STM32WL33C8V6, STM32WL33C8V6TR, STM32WL33C8V7, STM32WL33C8V7TR, STM32WL33CBV6, STM32WL33CBV6TR, STM32WL33CBV7, STM32WL33CBV7TR, STM32WL33CCV6, STM32WL33CCV6TR, STM32WL33CCV7, STM32WL33CCV7A, STM32WL33CCV7ATR, STM32WL33CCV7TR, STM32WL33K8V6, STM32WL33K8V6TR, STM32WL33K8V7, STM32WL33K8V7TR, STM32WL33KBV6, STM32WL33KBV6TR, STM32WL33KBV7, STM32WL33KBV7TR, STM32WL33KCV6, STM32WL33KCV6TR, STM32WL33KCV7, STM32WL33KCV7TR, STM32WL5MOCH6, STM32WL5MOCH6TR]
2025-08-22 10:31:06,602 [INFO] BoardInfo:889 - No configuration file found for board P-NUCLEO-WB55
2025-08-22 10:31:06,608 [INFO] DbBoards:161 - Kit is not supported: P-NUCLEO-WB55
2025-08-22 10:31:06,683 [INFO] BoardInfo:889 - No configuration file found for board STEVAL-BFA001V1B
2025-08-22 10:31:06,690 [INFO] DbBoards:161 - Kit is not supported: STEVAL-BFA001V1B
2025-08-22 10:31:06,695 [INFO] BoardInfo:889 - No configuration file found for board STEVAL-BFA001V2B
2025-08-22 10:31:06,703 [INFO] DbBoards:161 - Kit is not supported: STEVAL-BFA001V2B
2025-08-22 10:31:08,236 [INFO] DbBoards:168 - Found 211 boards, 208 are supported
2025-08-22 10:31:08,236 [INFO] DbBoards:169 - Found 211 boards, 43 of them is supported for  Bsp
2025-08-22 10:31:08,267 [INFO] ApiDb:668 - CubeFinder database Data Model version=2.1
2025-08-22 10:31:08,267 [INFO] ApiDb:669 - CubeFinder database Configuration version=3.0.39
2025-08-22 10:31:08,268 [INFO] ApiDb:670 - CubeFinder database generation date=2025-03-24 (1742811287)
2025-08-22 10:31:08,268 [INFO] ApiDb:671 - CubeFinder database FW Pack versions=[FP-ATR-ASTRA1_V2.0.0, FP-SNS-FLIGHT1_V5.0.2, FP-SNS-MOTENV1_V5.0.0, FP-SNS-MOTENVWB1_V1.4.0, FP-SNS-SMARTAG2_V1.2.0, FP-SNS-STBOX1_V2.0.0, STM32Cube_FW_C0_V1.4.0, STM32Cube_FW_F4_V1.28.1, STM32Cube_FW_F7_V1.17.2, STM32Cube_FW_G0_V1.6.2, STM32Cube_FW_G4_V1.6.1, STM32Cube_FW_H5_V1.5.0, STM32Cube_FW_H7RS_V1.2.0, STM32Cube_FW_H7_V1.12.1, STM32Cube_FW_L0_V1.12.2, STM32Cube_FW_L4_V1.18.1, STM32Cube_FW_L5_V1.5.1, STM32Cube_FW_N6_V1.1.0, STM32Cube_FW_U0_V1.2.0, STM32Cube_FW_U3_V1.1.0, STM32Cube_FW_U5_V1.7.0, STM32Cube_FW_WB0_V1.2.0, STM32Cube_FW_WBA_V1.6.0, STM32Cube_FW_WB_V1.22.0, STM32Cube_FW_WL3_V1.1.0, STM32Cube_FW_WL_V1.3.1, X-CUBE-ALGOBUILD_V1.4.0, X-CUBE-ALS_V1.0.2, X-CUBE-AZRTOS-F4_V1.1.0, X-CUBE-AZRTOS-F7_V1.1.0, X-CUBE-AZRTOS-G0_V1.1.0, X-CUBE-AZRTOS-G4_V2.0.0, X-CUBE-AZRTOS-H7RS_V1.0.0, X-CUBE-AZRTOS-H7_V3.3.0, X-CUBE-AZRTOS-L4_V2.0.0, X-CUBE-AZRTOS-L5_V2.0.0, X-CUBE-AZRTOS-WB_V2.0.0, X-CUBE-AZRTOS-WL_V2.0.0, X-CUBE-BLE1_V7.1.0, X-CUBE-BLE2_V3.3.0, X-CUBE-BLEMGR_V4.0.0, X-CUBE-EEPRMA1_V5.1.0, X-CUBE-FREERTOS_V1.3.0, X-CUBE-GNSS1_V6.0.0, X-CUBE-MEMS1_V11.1.0, X-CUBE-NFC4_V3.0.0, X-CUBE-NFC7_V1.0.1, X-CUBE-SFXS2LP1_V4.0.0, X-CUBE-SUBG2_V5.0.0, X-CUBE-TOF1_V3.4.2]
2025-08-22 10:31:15,947 [INFO] ApiDb:240 - Found 895 in-development CPN: [B-G473E-ZEST1S, B-WB1M-WPAN1, B-WBA5M-WPAN, B-WL5M-SUBG1, NUCLEO-C031C6, NUCLEO-C051C8, NUCLEO-C071RB, NUCLEO-C092RC, NUCLEO-H503RB, NUCLEO-H533RE, NUCLEO-H563ZI, NUCLEO-H7S3L8, NUCLEO-N657X0-Q, NUCLEO-U031R8, NUCLEO-U083RC, NUCLEO-U385RG-Q, NUCLEO-U545RE-Q, NUCLEO-U5A5ZJ-Q, NUCLEO-WB05KZ, NUCLEO-WB07CC, NUCLEO-WB09KE, NUCLEO-WBA52CG, NUCLEO-WBA55CG, NUCLEO-WBA65RI, NUCLEO-WL33CC1, NUCLEO-WL33CC2, STEVAL-PROTEUS1, STEVAL-SMARTAG2, STEVAL-STWINBX1, STM320518-EVAL, STM32C0116-DK, STM32C011D6Y3TR, STM32C011D6Y6TR, STM32C011F4P3, STM32C011F4P6, STM32C011F4U3, STM32C011F4U6TR, STM32C011F6P3, STM32C011F6P6, STM32C011F6U3, STM32C011F6U6TR, STM32C011J4M3, STM32C011J4M6, STM32C011J6M3, STM32C011J6M6, STM32C0316-DK, STM32C031C4T3, STM32C031C4T6, STM32C031C4U3, STM32C031C4U6, STM32C031C6T3, STM32C031C6T6, STM32C031C6U3, STM32C031C6U6, STM32C031F4P3, STM32C031F4P6, STM32C031F6P3, STM32C031F6P6, STM32C031G4U3, STM32C031G4U6, STM32C031G6U3, STM32C031G6U6, STM32C031K4T3, STM32C031K4T6, STM32C031K4U3, STM32C031K4U6, STM32C031K6T3, STM32C031K6T6, STM32C031K6U3, STM32C031K6U6, STM32C051C6T6, STM32C051C6U6, STM32C051C8T6, STM32C051C8U6, STM32C051D8Y6TR, STM32C051F6P6, STM32C051F8P6, STM32C051G6U6, STM32C051G8U6, STM32C051K6T6, STM32C051K6U6, STM32C051K8T6, STM32C071C8T6, STM32C071C8T6N, STM32C071C8U6, STM32C071C8U6N, STM32C071CBT6, STM32C071CBT6N, STM32C071CBU6, STM32C071CBU6N, STM32C071F8P6, STM32C071F8P6N, STM32C071FBP6, STM32C071FBP6N, STM32C071FBY6TR, STM32C071G8U6, STM32C071G8U6N, STM32C071GBU6, STM32C071GBU6N, STM32C071K8T6, STM32C071K8T6N, STM32C071K8U6, STM32C071K8U6N, STM32C071KBT6, STM32C071KBT6N, STM32C071KBU6, STM32C071KBU6N, STM32C071R8T6, STM32C071R8T6N, STM32C071RBI6N, STM32C071RBT6, STM32C071RBT6N, STM32C091CBT6, STM32C091CBU6, STM32C091CCT6, STM32C091CCU6, STM32C091ECY6TR, STM32C091FBP6, STM32C091FCP6, STM32C091GBU6, STM32C091GCU6, STM32C091KBT6, STM32C091KBU6, STM32C091KCT6, STM32C091KCU6, STM32C091RBT6, STM32C091RCI6, STM32C091RCT6, STM32C092CBT6, STM32C092CBU6, STM32C092CCT6, STM32C092CCU6, STM32C092ECY6TR, STM32C092FBP6, STM32C092FCP6, STM32C092GBU6, STM32C092GCU6, STM32C092KBT6, STM32C092KBU6, STM32C092KCT6, STM32C092KCU6, STM32C092RBT6, STM32C092RCI6, STM32C092RCT6, STM32G071K8TXN, STM32G071K8UXN, STM32G081GBU6N, STM32G081KBT6N, STM32G081KBUXN, STM32G0B1CCT6N, STM32G0B1KCT6, STM32G0B1NEY6TR, STM32G0B1RCT6N, STM32G0C1CCT6, STM32G0C1CCT6N, STM32G0C1CCU6N, STM32G0C1CET6N, STM32G0C1CEU6N, STM32G0C1KCT6, STM32G0C1NEY6TR, STM32G0C1RCI6N, STM32G0C1RCT6N, STM32G0C1REI6N, STM32G0C1RET6N, STM32G0C1VCI6, STM32G0C1VEI6, STM32G411C6T3, STM32G411C6T6, STM32G411C6U3, STM32G411C6U6, STM32G411C8T3, STM32G411C8T6, STM32G411C8U3, STM32G411C8U6, STM32G411CBT3, STM32G411CBT6, STM32G411CBU3, STM32G411CBU6, STM32G411CCT3, STM32G411CCT6, STM32G411CCU3, STM32G411CCU6, STM32G411K6T3, STM32G411K6T6, STM32G411K6U3, STM32G411K6U6, STM32G411K8T3, STM32G411K8T6, STM32G411K8U3, STM32G411K8U6, STM32G411KBT3, STM32G411KBT6, STM32G411KBU3, STM32G411KBU6, STM32G411M6T3, STM32G411M6T6, STM32G411M8T3, STM32G411M8T6, STM32G411MBT3, STM32G411MBT6, STM32G411MCT3, STM32G411MCT6, STM32G411R6T3, STM32G411R6T6, STM32G411R8T3, STM32G411R8T6, STM32G411RBT3, STM32G411RBT6, STM32G411RCT3, STM32G411RCT6, STM32G414CBT3, STM32G414CBT6, STM32G414CBU3, STM32G414CBU6, STM32G414CCT3, STM32G414CCT6, STM32G414CCU3, STM32G414CCU6, STM32G414MBT3, STM32G414MBT6, STM32G414MCT3, STM32G414MCT6, STM32G414RBT3, STM32G414RBT6, STM32G414RCT3, STM32G414RCT6, STM32G414VBT3, STM32G414VBT6, STM32G414VCT3, STM32G414VCT6, STM32G431CBT3Z, STM32G431RBT3Z, STM32G471CCT6, STM32G471CCU6, STM32G471CET3, STM32G471CET6, STM32G471CEU3, STM32G471CEU6, STM32G471MCT6, STM32G471MET3, STM32G471MET6, STM32G471MEY6TR, STM32G471QCT6, STM32G471QET3, STM32G471RCT6, STM32G471RET3, STM32G471RET6, STM32G471VCH6, STM32G471VCI6, STM32G471VCT6, STM32G471VEH3, STM32G471VEH6, STM32G471VEI3, STM32G471VEI6, STM32G471VET3, STM32G471VET6, STM32G473QET3Z, STM32G473RET3Z, STM32G474CCT6, STM32G491RET3Z, STM32H503CBT6, STM32H503CBU6, STM32H503EBY6TR, STM32H503KBU6, STM32H503RBT6, STM32H523CCT6, STM32H523CCU6, STM32H523CET6, STM32H523CEU6, STM32H523HEY6TR, STM32H523RCT6, STM32H523RET6, STM32H523VCI6, STM32H523VCT6, STM32H523VEI6, STM32H523VET6, STM32H523ZCJ6, STM32H523ZCT6, STM32H523ZEJ6, STM32H523ZET6, STM32H533CET6, STM32H533CEU6, STM32H533HEY6TR, STM32H533RET6, STM32H533VEI6, STM32H533VET6, STM32H533ZEJ6, STM32H533ZET6, STM32H562AGI6, STM32H562AII6, STM32H562IGK6, STM32H562IGT6, STM32H562IIK6, STM32H562IIT6, STM32H562RGT6, STM32H562RGV6, STM32H562RIT6, STM32H562RIV6, STM32H562VGT6, STM32H562VIT6, STM32H562ZGT6, STM32H562ZIT6, STM32H563AGI6, STM32H563AII3Q, STM32H563AII6, STM32H563IGK6, STM32H563IGT6, STM32H563IIK3Q, STM32H563IIK6, STM32H563IIT3Q, STM32H563IIT6, STM32H563MIY3QTR, STM32H563RGT6, STM32H563RGV6, STM32H563RIT6, STM32H563RIV6, STM32H563VGT6, STM32H563VIT3Q, STM32H563VIT6, STM32H563ZGT6, STM32H563ZIT3Q, STM32H563ZIT6, STM32H573AII3Q, STM32H573AII6, STM32H573I-DK, STM32H573IIK3Q, STM32H573IIK6, STM32H573IIT3Q, STM32H573IIT6, STM32H573MIY3QTR, STM32H573RIT6, STM32H573RIV6, STM32H573VIT3Q, STM32H573VIT6, STM32H573ZIT3Q, STM32H573ZIT6, STM32H7R3A8I6, STM32H7R3I8K6, STM32H7R3I8T6, STM32H7R3L8H6, STM32H7R3L8H6H, STM32H7R3R8V6, STM32H7R3V8H6, STM32H7R3V8T6, STM32H7R3V8Y6TR, STM32H7R3Z8J6, STM32H7R3Z8T6, STM32H7R7A8I6, STM32H7R7I8K6, STM32H7R7I8T6, STM32H7R7L8H6, STM32H7R7L8H6H, STM32H7R7Z8J6, STM32H7S3A8I6, STM32H7S3I8K6, STM32H7S3I8T6, STM32H7S3L8H6, STM32H7S3L8H6H, STM32H7S3R8V6, STM32H7S3V8H6, STM32H7S3V8T6, STM32H7S3V8Y6TR, STM32H7S3Z8J6, STM32H7S3Z8T6, STM32H7S78-DK, STM32H7S7A8I6, STM32H7S7I8K6, STM32H7S7I8T6, STM32H7S7L8H6, STM32H7S7L8H6H, STM32H7S7Z8J6, STM32L4R5QGI6STR, STM32MP131AAE3, STM32MP131AAF3, STM32MP131AAG3, STM32MP131CAE3, STM32MP131CAF3, STM32MP131CAG3, STM32MP131DAE7, STM32MP131DAF7, STM32MP131DAG7, STM32MP131FAE7, STM32MP131FAF7, STM32MP131FAG7, STM32MP133AAE3, STM32MP133AAF3, STM32MP133AAG3, STM32MP133CAE3, STM32MP133CAF3, STM32MP133CAG3, STM32MP133DAE7, STM32MP133DAF7, STM32MP133DAG7, STM32MP133FAE7, STM32MP133FAF7, STM32MP133FAG7, STM32MP135AAE3, STM32MP135AAF3, STM32MP135AAG3, STM32MP135CAE3, STM32MP135CAF3, STM32MP135CAG3, STM32MP135DAE7, STM32MP135DAF7, STM32MP135DAG7, STM32MP135F-DK, STM32MP135FAE7, STM32MP135FAF7, STM32MP135FAF7T, STM32MP135FAF7U, STM32MP135FAG7, STM32MP231AAJ3, STM32MP231AAK3, STM32MP231AAL3, STM32MP231CAJ3, STM32MP231CAK3, STM32MP231CAL3, STM32MP231DAJ3, STM32MP231DAK3, STM32MP231DAL3, STM32MP231FAJ3, STM32MP231FAK3, STM32MP231FAL3, STM32MP233AAJ3, STM32MP233AAK3, STM32MP233AAL3, STM32MP233CAJ3, STM32MP233CAK3, STM32MP233CAL3, STM32MP233DAJ3, STM32MP233DAK3, STM32MP233DAL3, STM32MP233FAJ3, STM32MP233FAK3, STM32MP233FAL3, STM32MP235AAJ3, STM32MP235AAK3, STM32MP235AAL3, STM32MP235CAJ3, STM32MP235CAK3, STM32MP235CAL3, STM32MP235DAJ3, STM32MP235DAK3, STM32MP235DAL3, STM32MP235FAJ3, STM32MP235FAK3, STM32MP235FAL3, STM32MP251AAI3, STM32MP251AAJ3, STM32MP251AAK3, STM32MP251AAL3, STM32MP251CAI3, STM32MP251CAJ3, STM32MP251CAK3, STM32MP251CAL3, STM32MP251DAI3, STM32MP251DAJ3, STM32MP251DAK3, STM32MP251DAL3, STM32MP251FAI3, STM32MP251FAJ3, STM32MP251FAK3, STM32MP251FAL3, STM32MP253AAI3, STM32MP253AAJ3, STM32MP253AAK3, STM32MP253AAL3, STM32MP253CAI3, STM32MP253CAJ3, STM32MP253CAK3, STM32MP253CAL3, STM32MP253DAI3, STM32MP253DAJ3, STM32MP253DAK3, STM32MP253DAL3, STM32MP253FAI3, STM32MP253FAJ3, STM32MP253FAK3, STM32MP253FAL3, STM32MP255AAI3, STM32MP255AAJ3, STM32MP255AAK3, STM32MP255AAL3, STM32MP255CAI3, STM32MP255CAJ3, STM32MP255CAK3, STM32MP255CAL3, STM32MP255DAI3, STM32MP255DAJ3, STM32MP255DAK3, STM32MP255DAL3, STM32MP255FAI3, STM32MP255FAJ3, STM32MP255FAK3, STM32MP255FAL3, STM32MP257AAI3, STM32MP257AAJ3, STM32MP257AAK3, STM32MP257AAL3, STM32MP257CAI3, STM32MP257CAJ3, STM32MP257CAK3, STM32MP257CAL3, STM32MP257DAI3, STM32MP257DAJ3, STM32MP257DAK3, STM32MP257DAL3, STM32MP257F-DK, STM32MP257F-EV1, STM32MP257FAI3, STM32MP257FAJ3, STM32MP257FAK3, STM32MP257FAL3, STM32N645A0H3Q, STM32N645B0H3Q, STM32N645I0H3Q, STM32N645L0H3Q, STM32N645X0H3Q, STM32N645Z0H3Q, STM32N647A0H3Q, STM32N647B0H3Q, STM32N647I0H3Q, STM32N647L0H3Q, STM32N647X0H3Q, STM32N647Z0H3Q, STM32N655A0H3Q, STM32N655B0H3Q, STM32N655I0H3Q, STM32N655L0H3Q, STM32N655X0H3Q, STM32N655Z0H3Q, STM32N6570-DK, STM32N657A0H3Q, STM32N657B0H3Q, STM32N657I0H3Q, STM32N657L0H3Q, STM32N657X0H3Q, STM32N657Z0H3Q, STM32U031C6T6, STM32U031C6U6, STM32U031C8T6, STM32U031C8U6, STM32U031F4P6, STM32U031F6P6, STM32U031F8P6, STM32U031G6Y6TR, STM32U031G8Y6TR, STM32U031K4U6, STM32U031K6U6, STM32U031K8U6, STM32U031R6I6, STM32U031R6T6, STM32U031R8I6, STM32U031R8T6, STM32U073C8T6, STM32U073C8U6, STM32U073CBT6, STM32U073CBU6, STM32U073CCT6, STM32U073CCU6, STM32U073H8Y6TR, STM32U073HBY6TR, STM32U073HCY6TR, STM32U073K8U6, STM32U073KBU6, STM32U073KCU6, STM32U073M8I6, STM32U073M8T6, STM32U073MBI6, STM32U073MBT6, STM32U073MCI6, STM32U073MCT6, STM32U073R8I6, STM32U073R8T6, STM32U073RBI6, STM32U073RBT6, STM32U073RCI6, STM32U073RCT6, STM32U083C-DK, STM32U083CCT6, STM32U083CCU6, STM32U083HCY6TR, STM32U083KCU6, STM32U083MCI6, STM32U083MCT6, STM32U083RCI6, STM32U083RCT6, STM32U375CET6, STM32U375CET6Q, STM32U375CEU6, STM32U375CEU6Q, STM32U375CEY6QTR, STM32U375CGT6, STM32U375CGT6Q, STM32U375CGU6, STM32U375CGU6Q, STM32U375CGY6QTR, STM32U375KEU6, STM32U375KGU6, STM32U375REI6, STM32U375REI6Q, STM32U375RET6, STM32U375RET6Q, STM32U375REY6GTR, STM32U375REY6QTR, STM32U375RGI6, STM32U375RGI6Q, STM32U375RGT6, STM32U375RGT6Q, STM32U375RGY6GTR, STM32U375RGY6QTR, STM32U375VEI6, STM32U375VEI6Q, STM32U375VET6, STM32U375VET6Q, STM32U375VGI6, STM32U375VGI6Q, STM32U375VGT6, STM32U375VGT6Q, STM32U385CGT6, STM32U385CGT6Q, STM32U385CGU6, STM32U385CGU6Q, STM32U385CGY6QTR, STM32U385KGU6, STM32U385RGI6, STM32U385RGI6Q, STM32U385RGT6, STM32U385RGT6Q, STM32U385RGY6GTR, STM32U385RGY6QTR, STM32U385VGI6, STM32U385VGI6Q, STM32U385VGT6, STM32U385VGT6Q, STM32U535CBT6, STM32U535CBT6Q, STM32U535CBU6, STM32U535CBU6Q, STM32U535CCT6, STM32U535CCT6Q, STM32U535CCU6, STM32U535CCU6Q, STM32U535CET6, STM32U535CET6Q, STM32U535CEU6, STM32U535CEU6Q, STM32U535JEY6QTR, STM32U535NCY6QTR, STM32U535NEY6QTR, STM32U535RBI6, STM32U535RBI6Q, STM32U535RBT6, STM32U535RBT6Q, STM32U535RCI6, STM32U535RCI6Q, STM32U535RCT6, STM32U535RCT6Q, STM32U535REI6, STM32U535REI6Q, STM32U535RET6, STM32U535RET6Q, STM32U535VCI6, STM32U535VCI6Q, STM32U535VCT6, STM32U535VCT6Q, STM32U535VEI6, STM32U535VEI6Q, STM32U535VET6, STM32U535VET6Q, STM32U545CET6, STM32U545CET6Q, STM32U545CEU6, STM32U545CEU6Q, STM32U545JEY6QTR, STM32U545NEY6QTR, STM32U545REI6, STM32U545REI6Q, STM32U545RET6, STM32U545RET6Q, STM32U545VEI6, STM32U545VEI6Q, STM32U545VET6, STM32U545VET6Q, STM32U595AIH6, STM32U595AIH6Q, STM32U595AJH6, STM32U595AJH6Q, STM32U595QII6, STM32U595QII6Q, STM32U595QJI6, STM32U595QJI6Q, STM32U595RIT6, STM32U595RIT6Q, STM32U595RJT6, STM32U595RJT6Q, STM32U595VIT6, STM32U595VIT6Q, STM32U595VJT6, STM32U595VJT6Q, STM32U595ZIT6, STM32U595ZIT6Q, STM32U595ZIY6QTR, STM32U595ZJT6, STM32U595ZJT6Q, STM32U595ZJY6QTR, STM32U599BJY6QTR, STM32U599NIH6Q, STM32U599NJH6Q, STM32U599VIT6Q, STM32U599VJT6, STM32U599VJT6Q, STM32U599ZIT6Q, STM32U599ZIY6QTR, STM32U599ZJT6Q, STM32U599ZJY6QTR, STM32U5A5AJH6, STM32U5A5AJH6Q, STM32U5A5QII3Q , STM32U5A5QJI6, STM32U5A5QJI6Q, STM32U5A5RJT6, STM32U5A5RJT6Q, STM32U5A5VJT6, STM32U5A5VJT6Q, STM32U5A5ZJT6, STM32U5A5ZJT6Q, STM32U5A5ZJY6QTR, STM32U5A9BJY6QTR, STM32U5A9J-DK, STM32U5A9NJH6Q, STM32U5A9VJT6Q, STM32U5A9ZJT6Q, STM32U5A9ZJY6QTR, STM32U5F7VIT6, STM32U5F7VIT6Q, STM32U5F7VJT6, STM32U5F7VJT6Q, STM32U5F9BJY6QTR, STM32U5F9NJH6Q, STM32U5F9VIT6Q, STM32U5F9VJT6Q, STM32U5F9ZIJ6QTR, STM32U5F9ZIT6Q, STM32U5F9ZJJ6QTR, STM32U5F9ZJT6Q, STM32U5G7VJT6, STM32U5G7VJT6Q, STM32U5G9BJY6QTR, STM32U5G9J-DK1, STM32U5G9J-DK2, STM32U5G9NJH6Q, STM32U5G9VJT6Q, STM32U5G9ZJJ6QTR, STM32U5G9ZJT6Q, STM32WB05KZV6TR, STM32WB05KZV7TR, STM32WB05TZF6TR, STM32WB05TZF7TR, STM32WB06CCF6TR, STM32WB06CCF7TR, STM32WB06CCV6TR, STM32WB06CCV7TR, STM32WB06KCV6TR, STM32WB06KCV7TR, STM32WB07CCF6TR, STM32WB07CCF7TR, STM32WB07CCV6TR, STM32WB07CCV7TR, STM32WB07KCV6TR, STM32WB07KCV7TR, STM32WB09KEV6TR, STM32WB09KEV7TR, STM32WB09TEF6TR, STM32WB09TEF7TR, STM32WB1MMCH6, STM32WBA50KGU6, STM32WBA50KGU6TR, STM32WBA52CEU6, STM32WBA52CEU6TR, STM32WBA52CEU7, STM32WBA52CEU7TR, STM32WBA52CGU6, STM32WBA52CGU6TR, STM32WBA52CGU6U, STM32WBA52CGU7, STM32WBA52CGU7TR, STM32WBA52KEU6, STM32WBA52KEU6TR, STM32WBA52KGU6, STM32WBA52KGU6TR, STM32WBA54CEU6, STM32WBA54CEU6TR, STM32WBA54CEU7, STM32WBA54CEU7TR, STM32WBA54CGU6, STM32WBA54CGU6TR, STM32WBA54CGU7, STM32WBA54CGU7TR, STM32WBA54KEU6, STM32WBA54KEU6TR, STM32WBA54KEU7, STM32WBA54KEU7TR, STM32WBA54KGU6, STM32WBA54KGU6TR, STM32WBA54KGU7, STM32WBA54KGU7TR, STM32WBA55CEU6, STM32WBA55CEU6TR, STM32WBA55CEU7, STM32WBA55CEU7TR, STM32WBA55CGU6, STM32WBA55CGU6TR, STM32WBA55CGU6U, STM32WBA55CGU7, STM32WBA55CGU7TR, STM32WBA55G-DK1, STM32WBA55HEF6, STM32WBA55HEF7, STM32WBA55HGF6, STM32WBA55HGF7, STM32WBA55UEI6, STM32WBA55UEI6TR, STM32WBA55UEI7, STM32WBA55UEI7TR, STM32WBA55UGI6, STM32WBA55UGI6TR, STM32WBA55UGI7, STM32WBA55UGI7TR, STM32WBA5MJGH6TR, STM32WBA62CGU6, STM32WBA62CIU6, STM32WBA62MGF6, STM32WBA62MIF6, STM32WBA62PGI6, STM32WBA62PII6, STM32WBA63CGU6, STM32WBA63CGU7, STM32WBA63CIU6, STM32WBA63CIU7, STM32WBA64CGU6, STM32WBA64CGU7, STM32WBA64CIU6, STM32WBA64CIU7, STM32WBA65CGU6, STM32WBA65CGU7, STM32WBA65CIU6, STM32WBA65CIU7, STM32WBA65I-DK1, STM32WBA65MGF6, STM32WBA65MGF7, STM32WBA65MIF6, STM32WBA65MIF7, STM32WBA65PGI6, STM32WBA65PGI7, STM32WBA65PII6, STM32WBA65PII7, STM32WBA65RGV6, STM32WBA65RGV7, STM32WBA65RIV6, STM32WBA65RIV7, STM32WL30K8V6, STM32WL30KBV6, STM32WL31C8V6, STM32WL31CBV6, STM32WL31K8V6, STM32WL31KBV6, STM32WL33C8V6, STM32WL33C8V6TR, STM32WL33C8V7, STM32WL33C8V7TR, STM32WL33CBV6, STM32WL33CBV6TR, STM32WL33CBV7, STM32WL33CBV7TR, STM32WL33CCV6, STM32WL33CCV6TR, STM32WL33CCV7, STM32WL33CCV7A, STM32WL33CCV7ATR, STM32WL33CCV7TR, STM32WL33K8V6, STM32WL33K8V6TR, STM32WL33K8V7, STM32WL33K8V7TR, STM32WL33KBV6, STM32WL33KBV6TR, STM32WL33KBV7, STM32WL33KBV7TR, STM32WL33KCV6, STM32WL33KCV6TR, STM32WL33KCV7, STM32WL33KCV7TR, STM32WL5MOCH6, STM32WL5MOCH6TR]
2025-08-22 10:31:15,959 [INFO] DbMcus:218 - Found 4686 MCUs, 4686 are supported
2025-08-22 10:31:15,961 [INFO] ApiDb:423 - Load user favorites file C:\Users\pwlub/.stm32cubeide/favorites.mcus.txt: 0 item(s)
2025-08-22 10:31:15,961 [INFO] ApiDb:427 - User favorites MCUs=[]
2025-08-22 10:31:15,961 [INFO] DbMcus:224 - Set 0 / 0 favorites MCUs
2025-08-22 10:31:18,853 [INFO] ApiDb:414 - User favorites file not found: C:\Users\pwlub/.stm32cubeide/favorites.boards.txt
2025-08-22 10:31:18,853 [INFO] DbBoards:198 - Set 0 / 0 favorites Boards
2025-08-22 10:31:19,085 [INFO] UtilMem:75 - End LoadConfig() Used Memory: 743526272 Bytes (1073741824)
2025-08-22 10:31:19,850 [WARN] ThirdParty:833 - waiting for thirdparty lock release [change project]
2025-08-22 10:31:19,851 [INFO] ThirdParty:835 - entering critical section [change project]
2025-08-22 10:31:19,851 [INFO] ThirdParty:1030 - CMSIS Pack Vendor :STMicroelectronics X-CUBE-PM33A1 1.0.0
2025-08-22 10:31:19,852 [INFO] ThirdParty:1030 - CMSIS Pack Vendor :STMicroelectronics USBPD 4.1
2025-08-22 10:31:19,852 [INFO] ThirdParty:1030 - CMSIS Pack Vendor :STMicroelectronics X-CUBE-AZRTOS-H7 3.3.0
2025-08-22 10:31:19,852 [INFO] ThirdParty:1030 - CMSIS Pack Vendor :STMicroelectronics X-CUBE-NFC9 1.0.0
2025-08-22 10:31:19,852 [INFO] ThirdParty:1030 - CMSIS Pack Vendor :STMicroelectronics USB_HOST 2.0.0
2025-08-22 10:31:19,852 [INFO] ThirdParty:1030 - CMSIS Pack Vendor :STMicroelectronics FP-SNS-MOTENVWB1 1.4.0
2025-08-22 10:31:19,852 [INFO] ThirdParty:1030 - CMSIS Pack Vendor :STMicroelectronics X-CUBE-AZRTOS-F4 1.1.0
2025-08-22 10:31:19,852 [INFO] ThirdParty:1030 - CMSIS Pack Vendor :STMicroelectronics LIBJPEG 8.0.0
2025-08-22 10:31:19,852 [INFO] ThirdParty:1030 - CMSIS Pack Vendor :STMicroelectronics FP-ATR-ASTRA1 2.0.2
2025-08-22 10:31:19,853 [INFO] ThirdParty:1030 - CMSIS Pack Vendor :STMicroelectronics X-CUBE-BLE1 7.1.0
2025-08-22 10:31:19,853 [INFO] ThirdParty:1030 - CMSIS Pack Vendor :Avnet-IotConnect X-CUBE-IoTC-DA16k-PMOD 1.0.0
2025-08-22 10:31:19,853 [INFO] ThirdParty:1030 - CMSIS Pack Vendor :STMicroelectronics X-CUBE-SMBUS 2.1.0
2025-08-22 10:31:19,853 [INFO] ThirdParty:1030 - CMSIS Pack Vendor :STMicroelectronics X-CUBE-WB05N 1.1.0
2025-08-22 10:31:19,853 [INFO] ThirdParty:1030 - CMSIS Pack Vendor :STMicroelectronics USB_DEVICE 3.0.0
2025-08-22 10:31:19,853 [INFO] ThirdParty:1030 - CMSIS Pack Vendor :STMicroelectronics X-CUBE-ISPU 2.1.0
2025-08-22 10:31:19,854 [INFO] ThirdParty:1030 - CMSIS Pack Vendor :STMicroelectronics X-CUBE-EEPRMA1 5.2.0
2025-08-22 10:31:19,854 [INFO] ThirdParty:1030 - CMSIS Pack Vendor :STMicroelectronics X-CUBE-BLEMGR 4.1.0
2025-08-22 10:31:19,854 [INFO] ThirdParty:1030 - CMSIS Pack Vendor :STMicroelectronics X-CUBE-AZRTOS-WB 2.0.0
2025-08-22 10:31:19,854 [INFO] ThirdParty:1030 - CMSIS Pack Vendor :STMicroelectronics X-CUBE-ST60 1.0.0
2025-08-22 10:31:19,854 [INFO] ThirdParty:1030 - CMSIS Pack Vendor :STMicroelectronics X-CUBE-GNSS1 7.0.1
2025-08-22 10:31:19,854 [INFO] ThirdParty:1030 - CMSIS Pack Vendor :STMicroelectronics X-CUBE-NFC12 1.0.0
2025-08-22 10:31:19,854 [INFO] ThirdParty:1030 - CMSIS Pack Vendor :STMicroelectronics X-CUBE-AZRTOS-F7 1.1.0
2025-08-22 10:31:19,855 [INFO] ThirdParty:1030 - CMSIS Pack Vendor :STMicroelectronics X-CUBE-AZRTOS-L5 2.0.0
2025-08-22 10:31:19,855 [INFO] ThirdParty:1030 - CMSIS Pack Vendor :STMicroelectronics X-CUBE-TOUCHGFX 4.25.0
2025-08-22 10:31:19,855 [INFO] ThirdParty:1030 - CMSIS Pack Vendor :STMicroelectronics USB_DEVICE 2.0.0
2025-08-22 10:31:19,855 [INFO] ThirdParty:1030 - CMSIS Pack Vendor :STMicroelectronics X-CUBE-NFC6 3.1.0
2025-08-22 10:31:19,855 [INFO] ThirdParty:1030 - CMSIS Pack Vendor :STMicroelectronics X-CUBE-AI 10.1.0
2025-08-22 10:31:19,855 [INFO] ThirdParty:1030 - CMSIS Pack Vendor :STMicroelectronics FP-SNS-STBOX1 2.0.0
2025-08-22 10:31:19,856 [INFO] ThirdParty:1030 - CMSIS Pack Vendor :STMicroelectronics X-CUBE-MEMS1 11.2.0
2025-08-22 10:31:19,856 [INFO] ThirdParty:1030 - CMSIS Pack Vendor :STMicroelectronics FreeRTOS 0.0.1
2025-08-22 10:31:19,856 [INFO] ThirdParty:1030 - CMSIS Pack Vendor :STMicroelectronics X-CUBE-AZRTOS-G0 1.1.0
2025-08-22 10:31:19,856 [INFO] ThirdParty:1030 - CMSIS Pack Vendor :STMicroelectronics X-CUBE-SAFEA1 1.2.2
2025-08-22 10:31:19,856 [INFO] ThirdParty:1030 - CMSIS Pack Vendor :STMicroelectronics X-CUBE-NFC4 3.0.0
2025-08-22 10:31:19,856 [INFO] ThirdParty:1030 - CMSIS Pack Vendor :STMicroelectronics X-CUBE-DPower 1.2.0
2025-08-22 10:31:19,856 [INFO] ThirdParty:1030 - CMSIS Pack Vendor :STMicroelectronics X-CUBE-SUBG2 5.0.0
2025-08-22 10:31:19,856 [INFO] ThirdParty:1030 - CMSIS Pack Vendor :STMicroelectronics STM32_WPAN 1.0.0
2025-08-22 10:31:19,857 [INFO] ThirdParty:1030 - CMSIS Pack Vendor :EmbeddedOffice I-CUBE-FS-RTOS 1.0.1
2025-08-22 10:31:19,857 [INFO] ThirdParty:1030 - CMSIS Pack Vendor :STMicroelectronics lwIP 2.0.3
2025-08-22 10:31:19,857 [INFO] ThirdParty:1030 - CMSIS Pack Vendor :Cesanta I-CUBE-Mongoose 7.13.0
2025-08-22 10:31:19,857 [INFO] ThirdParty:1030 - CMSIS Pack Vendor :STMicroelectronics USB_HOST 1.0.0
2025-08-22 10:31:19,857 [INFO] ThirdParty:1030 - CMSIS Pack Vendor :Infineon AIROC-Wi-Fi-Bluetooth-STM32 1.7.0
2025-08-22 10:31:19,857 [INFO] ThirdParty:1030 - CMSIS Pack Vendor :STMicroelectronics X-CUBE-AZRTOS-G4 2.0.0
2025-08-22 10:31:19,857 [INFO] ThirdParty:1030 - CMSIS Pack Vendor :STMicroelectronics X-CUBE-WB05N 2.0.0
2025-08-22 10:31:19,858 [INFO] ThirdParty:1030 - CMSIS Pack Vendor :STMicroelectronics PDM2PCM 3.1.0
2025-08-22 10:31:19,858 [INFO] ThirdParty:1030 - CMSIS Pack Vendor :STMicroelectronics PDM2PCM 3.3.0
2025-08-22 10:31:19,858 [INFO] ThirdParty:1030 - CMSIS Pack Vendor :wolfSSL I-CUBE-wolfTPM 3.8.0
2025-08-22 10:31:19,858 [INFO] ThirdParty:1030 - CMSIS Pack Vendor :STMicroelectronics X-CUBE-AZRTOS-H7 3.4.0
2025-08-22 10:31:19,858 [INFO] ThirdParty:1030 - CMSIS Pack Vendor :STMicroelectronics X-CUBE-DISPLAY 3.0.0
2025-08-22 10:31:19,858 [INFO] ThirdParty:1030 - CMSIS Pack Vendor :wolfSSL I-CUBE-wolfSSH 1.4.20
2025-08-22 10:31:19,858 [INFO] ThirdParty:1030 - CMSIS Pack Vendor :STMicroelectronics X-CUBE-NFC7 2.0.0
2025-08-22 10:31:19,858 [INFO] ThirdParty:1030 - CMSIS Pack Vendor :STMicroelectronics X-CUBE-TCPP 4.2.0
2025-08-22 10:31:19,859 [INFO] ThirdParty:1030 - CMSIS Pack Vendor :RealThread X-CUBE-RT-Thread_Nano 4.1.1
2025-08-22 10:31:19,859 [INFO] ThirdParty:1030 - CMSIS Pack Vendor :STMicroelectronics FP-ATR-SIGFOX1 3.2.0
2025-08-22 10:31:19,860 [INFO] ThirdParty:1030 - CMSIS Pack Vendor :STMicroelectronics X-CUBE-NFC10 1.0.0
2025-08-22 10:31:19,860 [INFO] ThirdParty:1030 - CMSIS Pack Vendor :STMicroelectronics X-CUBE-BLEMGR 4.0.0
2025-08-22 10:31:19,860 [INFO] ThirdParty:1030 - CMSIS Pack Vendor :STMicroelectronics X-CUBE-EEPRMA1 5.1.0
2025-08-22 10:31:19,860 [INFO] ThirdParty:1030 - CMSIS Pack Vendor :STMicroelectronics X-CUBE-FREERTOS 1.3.1
2025-08-22 10:31:19,860 [INFO] ThirdParty:1030 - CMSIS Pack Vendor :STMicroelectronics HAL Drivers 0.0.0
2025-08-22 10:31:19,860 [INFO] ThirdParty:1030 - CMSIS Pack Vendor :STMicroelectronics MBEDTLS 2.16.2
2025-08-22 10:31:19,860 [INFO] ThirdParty:1030 - CMSIS Pack Vendor :STMicroelectronics X-CUBE-IPS 3.1.0
2025-08-22 10:31:19,860 [INFO] ThirdParty:1030 - CMSIS Pack Vendor :STMicroelectronics X-CUBE-ALS 1.0.2
2025-08-22 10:31:19,861 [INFO] ThirdParty:1030 - CMSIS Pack Vendor :emotas I-CUBE-CANOPEN 1.3.0
2025-08-22 10:31:19,861 [INFO] ThirdParty:1030 - CMSIS Pack Vendor :STMicroelectronics X-CUBE-FREERTOS 1.3.0
2025-08-22 10:31:19,861 [INFO] ThirdParty:1030 - CMSIS Pack Vendor :STMicroelectronics X-CUBE-NFC7 1.0.1
2025-08-22 10:31:19,861 [INFO] ThirdParty:1030 - CMSIS Pack Vendor :STMicroelectronics MBEDTLS 2.14.1
2025-08-22 10:31:19,861 [INFO] ThirdParty:1030 - CMSIS Pack Vendor :ITTIA_DB I-CUBE-ITTIADB 8.9.0
2025-08-22 10:31:19,861 [INFO] ThirdParty:1030 - CMSIS Pack Vendor :portGmbH I-Cube-SoM-uGOAL 1.1.0
2025-08-22 10:31:19,861 [INFO] ThirdParty:1030 - CMSIS Pack Vendor :quantropi X-CUBE-qispace-sdk-base 2.0.0
2025-08-22 10:31:19,862 [INFO] ThirdParty:1030 - CMSIS Pack Vendor :STMicroelectronics X-CUBE-AI 10.0.0
2025-08-22 10:31:19,862 [INFO] ThirdParty:1030 - CMSIS Pack Vendor :STMicroelectronics X-CUBE-ST67W61 1.0.0
2025-08-22 10:31:19,862 [INFO] ThirdParty:1030 - CMSIS Pack Vendor :STMicroelectronics X-CUBE-AI 10.2.0
2025-08-22 10:31:19,862 [INFO] ThirdParty:1030 - CMSIS Pack Vendor :STMicroelectronics FP-SNS-STAIOTCFT 1.0.0
2025-08-22 10:31:19,862 [INFO] ThirdParty:1030 - CMSIS Pack Vendor :STMicroelectronics ThreadX 1.0.0
2025-08-22 10:31:19,862 [INFO] ThirdParty:1030 - CMSIS Pack Vendor :STMicroelectronics FP-SNS-SMARTAG2 1.2.0
2025-08-22 10:31:19,862 [INFO] ThirdParty:1030 - CMSIS Pack Vendor :STMicroelectronics FP-SNS-FLIGHT1 5.1.0
2025-08-22 10:31:19,863 [INFO] ThirdParty:1030 - CMSIS Pack Vendor :STMicroelectronics X-CUBE-MEMS1 11.1.0
2025-08-22 10:31:19,863 [INFO] ThirdParty:1030 - CMSIS Pack Vendor :STMicroelectronics X-CUBE-AZRTOS-WL 2.0.0
2025-08-22 10:31:19,863 [INFO] ThirdParty:1030 - CMSIS Pack Vendor :SEGGER I-CUBE-embOS 1.3.1
2025-08-22 10:31:19,863 [INFO] ThirdParty:1030 - CMSIS Pack Vendor :STMicroelectronics X-CUBE-ALGOBUILD 1.4.0
2025-08-22 10:31:19,863 [INFO] ThirdParty:1030 - CMSIS Pack Vendor :STMicroelectronics X-CUBE-MEMS1 11.3.0
2025-08-22 10:31:19,863 [INFO] ThirdParty:1030 - CMSIS Pack Vendor :STMicroelectronics FP-SNS-MOTENV1 5.0.0
2025-08-22 10:31:19,863 [INFO] ThirdParty:1030 - CMSIS Pack Vendor :STMicroelectronics USB_DEVICE 1.0.0
2025-08-22 10:31:19,863 [INFO] ThirdParty:1030 - CMSIS Pack Vendor :STMicroelectronics X-CUBE-AZRTOS-H7RS 1.0.0
2025-08-22 10:31:19,864 [INFO] ThirdParty:1030 - CMSIS Pack Vendor :STMicroelectronics X-CUBE-AZRTOS-L4 2.0.0
2025-08-22 10:31:19,864 [INFO] ThirdParty:1030 - CMSIS Pack Vendor :STMicroelectronics ThreadX 0.0.2
2025-08-22 10:31:19,864 [INFO] ThirdParty:1030 - CMSIS Pack Vendor :WES I-CUBE-Cesium 1.3.0
2025-08-22 10:31:19,864 [INFO] ThirdParty:1030 - CMSIS Pack Vendor :STMicroelectronics lwIP 2.1.2
2025-08-22 10:31:19,864 [INFO] ThirdParty:1030 - CMSIS Pack Vendor :STMicroelectronics X-CUBE-SFXS2LP1 4.0.0
2025-08-22 10:31:19,864 [INFO] ThirdParty:1030 - CMSIS Pack Vendor :STMicroelectronics X-CUBE-BLE2 3.3.0
2025-08-22 10:31:19,864 [INFO] ThirdParty:1030 - CMSIS Pack Vendor :STMicroelectronics X-CUBE-TOF1 3.4.2
2025-08-22 10:31:19,864 [INFO] ThirdParty:1030 - CMSIS Pack Vendor :STMicroelectronics X-CUBE-TOF1 3.4.3
2025-08-22 10:31:19,865 [INFO] ThirdParty:1030 - CMSIS Pack Vendor :STMicroelectronics PDM2PCM 3.2.0
2025-08-22 10:31:19,865 [INFO] ThirdParty:841 - exiting critical section [change project]
2025-08-22 10:31:24,182 [INFO] PinOutPanel:1589 - setPackage(No Configuration,No Configuration)
2025-08-22 10:31:24,187 [INFO] PinOutPanel:1589 - setPackage(STM32G473RCTx,LQFP64)
2025-08-22 10:31:29,618 [INFO] UtilMem:75 - Before build in PCC Used Memory: 939526144 Bytes (1073741824)
2025-08-22 10:31:37,280 [INFO] UtilMem:75 - After build in PCC Used Memory: 814221312 Bytes (1073741824)
2025-08-22 10:31:37,507 [INFO] ApiDbMcu:508 - Load IP Config File for FREERTOS
2025-08-22 10:31:37,660 [INFO] IPUIPlugin:80 - create IPUIPlugin
2025-08-22 10:31:37,660 [INFO] IPUIPlugin:80 - create IPUIPlugin
2025-08-22 10:31:37,660 [INFO] IPUIPlugin:80 - create IPUIPlugin
2025-08-22 10:31:37,661 [INFO] IPUIPlugin:80 - create IPUIPlugin
2025-08-22 10:31:37,661 [INFO] IPUIPlugin:80 - create IPUIPlugin
2025-08-22 10:31:37,661 [INFO] IPUIPlugin:80 - create IPUIPlugin
2025-08-22 10:31:37,662 [INFO] IPUIPlugin:80 - create IPUIPlugin
2025-08-22 10:31:37,662 [INFO] IPUIPlugin:80 - create IPUIPlugin
2025-08-22 10:31:37,662 [INFO] IPUIPlugin:80 - create IPUIPlugin
2025-08-22 10:31:37,663 [INFO] IPUIPlugin:80 - create IPUIPlugin
2025-08-22 10:31:37,663 [INFO] IPUIPlugin:80 - create IPUIPlugin
2025-08-22 10:31:37,664 [INFO] IPUIPlugin:80 - create IPUIPlugin
2025-08-22 10:31:37,664 [INFO] IPUIPlugin:80 - create IPUIPlugin
2025-08-22 10:31:37,666 [INFO] IPUIPlugin:80 - create IPUIPlugin
2025-08-22 10:31:37,666 [INFO] IPUIPlugin:80 - create IPUIPlugin
2025-08-22 10:31:37,667 [INFO] IPUIPlugin:80 - create IPUIPlugin
2025-08-22 10:31:37,668 [INFO] IPUIPlugin:80 - create IPUIPlugin
2025-08-22 10:31:37,669 [INFO] IPUIPlugin:80 - create IPUIPlugin
2025-08-22 10:31:37,669 [INFO] IPUIPlugin:80 - create IPUIPlugin
2025-08-22 10:31:37,669 [INFO] IPUIPlugin:80 - create IPUIPlugin
2025-08-22 10:31:37,670 [INFO] IPUIPlugin:80 - create IPUIPlugin
2025-08-22 10:31:37,670 [INFO] IPUIPlugin:80 - create IPUIPlugin
2025-08-22 10:31:37,670 [INFO] IPUIPlugin:80 - create IPUIPlugin
2025-08-22 10:31:37,671 [INFO] IPUIPlugin:80 - create IPUIPlugin
2025-08-22 10:31:37,672 [INFO] IPUIPlugin:80 - create IPUIPlugin
2025-08-22 10:31:37,672 [INFO] IPUIPlugin:80 - create IPUIPlugin
2025-08-22 10:31:37,673 [INFO] IPUIPlugin:80 - create IPUIPlugin
2025-08-22 10:31:37,674 [INFO] IPUIPlugin:80 - create IPUIPlugin
2025-08-22 10:31:37,675 [INFO] IPUIPlugin:80 - create IPUIPlugin
2025-08-22 10:31:37,675 [INFO] IPUIPlugin:80 - create IPUIPlugin
2025-08-22 10:31:37,676 [INFO] IPUIPlugin:80 - create IPUIPlugin
2025-08-22 10:31:37,676 [INFO] IPUIPlugin:80 - create IPUIPlugin
2025-08-22 10:31:37,677 [INFO] IPUIPlugin:80 - create IPUIPlugin
2025-08-22 10:31:37,677 [INFO] IPUIPlugin:80 - create IPUIPlugin
2025-08-22 10:31:37,678 [INFO] IPUIPlugin:80 - create IPUIPlugin
2025-08-22 10:31:37,679 [INFO] IPUIPlugin:80 - create IPUIPlugin
2025-08-22 10:31:37,680 [INFO] IPUIPlugin:80 - create IPUIPlugin
2025-08-22 10:31:37,681 [INFO] IPUIPlugin:80 - create IPUIPlugin
2025-08-22 10:31:37,682 [INFO] IPUIPlugin:80 - create IPUIPlugin
2025-08-22 10:31:37,682 [INFO] IPUIPlugin:80 - create IPUIPlugin
2025-08-22 10:31:37,683 [INFO] IPUIPlugin:80 - create IPUIPlugin
2025-08-22 10:31:37,684 [INFO] IPUIPlugin:80 - create IPUIPlugin
2025-08-22 10:31:37,684 [INFO] IPUIPlugin:80 - create IPUIPlugin
2025-08-22 10:31:37,685 [INFO] IPUIPlugin:80 - create IPUIPlugin
2025-08-22 10:31:37,686 [INFO] IPUIPlugin:80 - create IPUIPlugin
2025-08-22 10:31:37,687 [INFO] IPUIPlugin:80 - create IPUIPlugin
2025-08-22 10:31:37,689 [INFO] IPUIPlugin:80 - create IPUIPlugin
2025-08-22 10:31:37,690 [INFO] IPUIPlugin:80 - create IPUIPlugin
2025-08-22 10:31:37,691 [INFO] IPUIPlugin:80 - create IPUIPlugin
2025-08-22 10:31:37,692 [INFO] IPUIPlugin:80 - create IPUIPlugin
2025-08-22 10:31:37,693 [INFO] IPUIPlugin:80 - create IPUIPlugin
2025-08-22 10:31:37,694 [INFO] IPUIPlugin:80 - create IPUIPlugin
2025-08-22 10:31:37,695 [INFO] IPUIPlugin:80 - create IPUIPlugin
2025-08-22 10:31:37,696 [INFO] IPUIPlugin:80 - create IPUIPlugin
2025-08-22 10:31:37,697 [INFO] IPUIPlugin:80 - create IPUIPlugin
2025-08-22 10:31:37,698 [INFO] IPUIPlugin:80 - create IPUIPlugin
2025-08-22 10:31:37,699 [INFO] IPUIPlugin:80 - create IPUIPlugin
2025-08-22 10:31:37,701 [INFO] IPUIPlugin:80 - create IPUIPlugin
2025-08-22 10:31:37,702 [INFO] IPUIPlugin:80 - create IPUIPlugin
2025-08-22 10:31:37,703 [INFO] IPUIPlugin:80 - create IPUIPlugin
2025-08-22 10:31:37,704 [INFO] IPUIPlugin:80 - create IPUIPlugin
2025-08-22 10:31:37,705 [INFO] IPUIPlugin:80 - create IPUIPlugin
2025-08-22 10:31:37,706 [INFO] IPUIPlugin:80 - create IPUIPlugin
2025-08-22 10:31:37,708 [INFO] IPUIPlugin:80 - create IPUIPlugin
2025-08-22 10:31:37,709 [INFO] IPUIPlugin:80 - create IPUIPlugin
2025-08-22 10:31:37,711 [INFO] IPUIPlugin:80 - create IPUIPlugin
2025-08-22 10:31:37,712 [INFO] IPUIPlugin:80 - create IPUIPlugin
2025-08-22 10:31:37,713 [INFO] IPUIPlugin:80 - create IPUIPlugin
2025-08-22 10:31:37,714 [INFO] IPUIPlugin:80 - create IPUIPlugin
2025-08-22 10:31:37,716 [INFO] IPUIPlugin:80 - create IPUIPlugin
2025-08-22 10:31:37,728 [INFO] IPUIPlugin:80 - create IPUIPlugin
2025-08-22 10:31:37,729 [INFO] IPUIPlugin:80 - create IPUIPlugin
2025-08-22 10:31:37,730 [INFO] IPUIPlugin:80 - create IPUIPlugin
2025-08-22 10:31:37,731 [INFO] IPUIPlugin:80 - create IPUIPlugin
2025-08-22 10:31:37,738 [INFO] IPUIPlugin:80 - create IPUIPlugin
2025-08-22 10:31:37,738 [INFO] IPUIPlugin:80 - create IPUIPlugin
2025-08-22 10:31:37,764 [WARN] IP:2250 - MessageRAMOffset not found: check if there is a RefParameter without a condition.
2025-08-22 10:31:37,765 [WARN] IP:2250 - RxFifo0ElmtsNbr not found: check if there is a RefParameter without a condition.
2025-08-22 10:31:37,765 [WARN] IP:2250 - RxFifo0ElmtSize not found: check if there is a RefParameter without a condition.
2025-08-22 10:31:37,766 [WARN] IP:2250 - RxFifo1ElmtsNbr not found: check if there is a RefParameter without a condition.
2025-08-22 10:31:37,766 [WARN] IP:2250 - RxFifo1ElmtSize not found: check if there is a RefParameter without a condition.
2025-08-22 10:31:37,766 [WARN] IP:2250 - RxBuffersNbr not found: check if there is a RefParameter without a condition.
2025-08-22 10:31:37,767 [WARN] IP:2250 - RxBufferSize not found: check if there is a RefParameter without a condition.
2025-08-22 10:31:37,767 [WARN] IP:2250 - TxEventsNbr not found: check if there is a RefParameter without a condition.
2025-08-22 10:31:37,767 [WARN] IP:2250 - TxBuffersNbr not found: check if there is a RefParameter without a condition.
2025-08-22 10:31:37,767 [WARN] IP:2250 - TxFifoQueueElmtsNbr not found: check if there is a RefParameter without a condition.
2025-08-22 10:31:37,768 [WARN] IP:2250 - TxElmtSize not found: check if there is a RefParameter without a condition.
2025-08-22 10:31:37,768 [WARN] IP:2250 - ClockCalibrationCCU not found: check if there is a RefParameter without a condition.
2025-08-22 10:31:37,768 [WARN] IP:2250 - ClockDividerCCU not found: check if there is a RefParameter without a condition.
2025-08-22 10:31:37,768 [WARN] IP:2250 - MinOscClkPeriodsCCU not found: check if there is a RefParameter without a condition.
2025-08-22 10:31:37,769 [WARN] IP:2250 - TimeQuantaPerBitTimeCCU not found: check if there is a RefParameter without a condition.
2025-08-22 10:31:37,769 [WARN] IP:2250 - WatchdogStartValueCCU not found: check if there is a RefParameter without a condition.
2025-08-22 10:31:37,784 [INFO] LogOutputStream:77 - [STDOUT_REDIRECT] Nominal 
2025-08-22 10:31:37,786 [INFO] Can:71 - Can Add PropertyChangeListener com.st.microxplorer.plugins.ip.can.Can@46fbf017
2025-08-22 10:31:37,909 [WARN] FreeRTOS:1023 - Null or empty value: should not occur! (nothing added to the table)
2025-08-22 10:31:39,206 [INFO] CADModel:165 - CPN selected for project levelSTM32G473RCT6
2025-08-22 10:31:39,206 [INFO] CADModel:114 - Register for checkConnection events
2025-08-22 10:31:39,213 [INFO] RtosManager:725 - Active RTOS found at IOC load: FREERTOS [Cortex-M4NS]
2025-08-22 10:31:39,440 [INFO] OpenFileManager:385 - Restore cursor
2025-08-22 10:31:40,696 [WARN] IP:2250 - MessageRAMOffset not found: check if there is a RefParameter without a condition.
2025-08-22 10:31:40,697 [WARN] IP:2250 - RxFifo0ElmtsNbr not found: check if there is a RefParameter without a condition.
2025-08-22 10:31:40,697 [WARN] IP:2250 - RxFifo0ElmtSize not found: check if there is a RefParameter without a condition.
2025-08-22 10:31:40,697 [WARN] IP:2250 - RxFifo1ElmtsNbr not found: check if there is a RefParameter without a condition.
2025-08-22 10:31:40,697 [WARN] IP:2250 - RxFifo1ElmtSize not found: check if there is a RefParameter without a condition.
2025-08-22 10:31:40,698 [WARN] IP:2250 - RxBuffersNbr not found: check if there is a RefParameter without a condition.
2025-08-22 10:31:40,698 [WARN] IP:2250 - RxBufferSize not found: check if there is a RefParameter without a condition.
2025-08-22 10:31:40,698 [WARN] IP:2250 - TxEventsNbr not found: check if there is a RefParameter without a condition.
2025-08-22 10:31:40,698 [WARN] IP:2250 - TxBuffersNbr not found: check if there is a RefParameter without a condition.
2025-08-22 10:31:40,698 [WARN] IP:2250 - TxFifoQueueElmtsNbr not found: check if there is a RefParameter without a condition.
2025-08-22 10:31:40,699 [WARN] IP:2250 - TxElmtSize not found: check if there is a RefParameter without a condition.
2025-08-22 10:31:40,699 [WARN] IP:2250 - ClockCalibrationCCU not found: check if there is a RefParameter without a condition.
2025-08-22 10:31:40,699 [WARN] IP:2250 - ClockDividerCCU not found: check if there is a RefParameter without a condition.
2025-08-22 10:31:40,699 [WARN] IP:2250 - MinOscClkPeriodsCCU not found: check if there is a RefParameter without a condition.
2025-08-22 10:31:40,699 [WARN] IP:2250 - TimeQuantaPerBitTimeCCU not found: check if there is a RefParameter without a condition.
2025-08-22 10:31:40,700 [WARN] IP:2250 - WatchdogStartValueCCU not found: check if there is a RefParameter without a condition.
2025-08-22 10:32:25,264 [INFO] Gpio:277 - dependency for GPIO [ADC1, ADC2, DAC1, FDCAN1, I2C1, I2C2, I2C3, RCC, SPI3, SYS, USART3]
2025-08-22 13:09:36,876 [INFO] Activator:176 - 


2025-08-22 13:09:36,878 [INFO] Activator:177 - !SESSION log4j initialized
2025-08-22 13:09:49,223 [INFO] LogOutputStream:77 - [STDOUT_REDIRECT] 
2025-08-22 13:09:50,947 [ERROR] ConfigurationRetriever:142 - IOException on connection: sw-center.st.com
2025-08-22 13:09:51,198 [ERROR] ConfigurationRetriever:142 - IOException on connection: sw-center.st.com
2025-08-22 13:09:51,249 [ERROR] ConfigurationRetriever:142 - IOException on connection: sw-center.st.com
2025-08-22 13:09:52,203 [INFO] LogOutputStream:77 - [STDOUT_REDIRECT] 
2025-08-22 13:09:53,502 [INFO] ApplicationProperties:184 - Using Application install path: C:\ST\STM32CubeIDE_1.18.0\STM32CubeIDE\plugins\com.st.stm32cube.common.mx_6.14.0.202502271554
2025-08-22 13:09:53,529 [INFO] DbMcusXml:78 - Set database path to: C:\ST\STM32CubeIDE_1.18.0\STM32CubeIDE\plugins\com.st.stm32cube.common.mx_6.14.0.202502271554\\db\/mcu/
2025-08-22 13:09:53,529 [INFO] ApiDb:274 - Set plugin database path to: C:\ST\STM32CubeIDE_1.18.0\STM32CubeIDE\plugins\com.st.stm32cube.common.mx_6.14.0.202502271554\\db\/plugins/boardmanager/
2025-08-22 13:09:53,530 [WARN] ApiDb:259 - Overriding images path with different value:  => C:\ST\STM32CubeIDE_1.18.0\STM32CubeIDE\plugins\com.st.stm32cube.common.mx_6.14.0.202502271554\\db\/plugins/mcufinder/images/
2025-08-22 13:09:53,544 [INFO] ApiDb:250 - Set database path to: C:\Users\pwlub\.stmcufinder\plugins\mcufinder//mcu/
2025-08-22 13:09:53,545 [INFO] DbMcusAds:125 - Set database path to: C:\Users\pwlub\.stmcufinder\plugins\mcufinder//mcu/
2025-08-22 13:09:53,550 [INFO] CrossReferenceDbSqlite:203 - Set database path to: C:\Users\pwlub\.stmcufinder\plugins\mcufinder//mcu/cs/
2025-08-22 13:09:53,753 [INFO] RulesReader:64 - Compatibility file has been processed (301 Rules)
2025-08-22 13:09:53,885 [INFO] DbMcusXml:78 - Set database path to: C:\ST\STM32CubeIDE_1.18.0\STM32CubeIDE\plugins\com.st.stm32cube.common.mx_6.14.0.202502271554\\db\/mcu/
2025-08-22 13:09:53,885 [INFO] ApiDb:274 - Set plugin database path to: C:\ST\STM32CubeIDE_1.18.0\STM32CubeIDE\plugins\com.st.stm32cube.common.mx_6.14.0.202502271554\\db\/plugins/boardmanager/
2025-08-22 13:09:53,885 [INFO] ApiDb:261 - Set plugin images path to: C:\ST\STM32CubeIDE_1.18.0\STM32CubeIDE\plugins\com.st.stm32cube.common.mx_6.14.0.202502271554\\db\/plugins/mcufinder/images/
2025-08-22 13:09:53,886 [WARN] DbFile:41 - Overriding database path with different value: C:\Users\pwlub\.stmcufinder\plugins\mcufinder/ => C:\Users\pwlub\.stmcufinder\plugins\mcufinder
2025-08-22 13:09:53,886 [INFO] ApiDb:250 - Set database path to: C:\Users\pwlub\.stmcufinder\plugins\mcufinder//mcu/
2025-08-22 13:09:53,886 [WARN] DbFile:41 - Overriding database path with different value: C:\Users\pwlub\.stmcufinder\plugins\mcufinder/ => C:\Users\pwlub\.stmcufinder\plugins\mcufinder
2025-08-22 13:09:53,886 [INFO] DbMcusAds:125 - Set database path to: C:\Users\pwlub\.stmcufinder\plugins\mcufinder//mcu/
2025-08-22 13:09:53,886 [WARN] DbFile:41 - Overriding database path with different value: C:\Users\pwlub\.stmcufinder\plugins\mcufinder/ => C:\Users\pwlub\.stmcufinder\plugins\mcufinder
2025-08-22 13:09:53,886 [WARN] DbFile:41 - Overriding database path with different value: C:\Users\pwlub\.stmcufinder\plugins\mcufinder/ => C:\Users\pwlub\.stmcufinder\plugins\mcufinder
2025-08-22 13:09:53,886 [INFO] CrossReferenceDbSqlite:203 - Set database path to: C:\Users\pwlub\.stmcufinder\plugins\mcufinder//mcu/cs/
2025-08-22 13:09:54,042 [INFO] MainPanel:272 - HeapMemory: 279969792
2025-08-22 13:09:54,235 [INFO] DbMcusXml:78 - Set database path to: C:\ST\STM32CubeIDE_1.18.0\STM32CubeIDE\plugins\com.st.stm32cube.common.mx_6.14.0.202502271554\\db\/mcu/
2025-08-22 13:09:54,235 [INFO] ApiDb:274 - Set plugin database path to: C:\ST\STM32CubeIDE_1.18.0\STM32CubeIDE\plugins\com.st.stm32cube.common.mx_6.14.0.202502271554\\db\/plugins/boardmanager/
2025-08-22 13:09:54,235 [INFO] ApiDb:261 - Set plugin images path to: C:\ST\STM32CubeIDE_1.18.0\STM32CubeIDE\plugins\com.st.stm32cube.common.mx_6.14.0.202502271554\\db\/plugins/mcufinder/images/
2025-08-22 13:09:54,236 [WARN] DbFile:41 - Overriding database path with different value: C:\Users\pwlub\.stmcufinder\plugins\mcufinder/ => C:\Users\pwlub\.stmcufinder\plugins\mcufinder
2025-08-22 13:09:54,236 [INFO] ApiDb:250 - Set database path to: C:\Users\pwlub\.stmcufinder\plugins\mcufinder//mcu/
2025-08-22 13:09:54,237 [WARN] DbFile:41 - Overriding database path with different value: C:\Users\pwlub\.stmcufinder\plugins\mcufinder/ => C:\Users\pwlub\.stmcufinder\plugins\mcufinder
2025-08-22 13:09:54,238 [INFO] DbMcusAds:125 - Set database path to: C:\Users\pwlub\.stmcufinder\plugins\mcufinder//mcu/
2025-08-22 13:09:54,238 [WARN] DbFile:41 - Overriding database path with different value: C:\Users\pwlub\.stmcufinder\plugins\mcufinder/ => C:\Users\pwlub\.stmcufinder\plugins\mcufinder
2025-08-22 13:09:54,238 [WARN] DbFile:41 - Overriding database path with different value: C:\Users\pwlub\.stmcufinder\plugins\mcufinder/ => C:\Users\pwlub\.stmcufinder\plugins\mcufinder
2025-08-22 13:09:54,239 [INFO] CrossReferenceDbSqlite:203 - Set database path to: C:\Users\pwlub\.stmcufinder\plugins\mcufinder//mcu/cs/
2025-08-22 13:09:54,275 [INFO] ApplicationProperties:184 - Using Application install path: C:\ST\STM32CubeIDE_1.18.0\STM32CubeIDE\plugins\com.st.stm32cube.common.mx_6.14.0.202502271554
2025-08-22 13:09:54,277 [INFO] PluginManage:196 - Search for loadable plugins [exclusion list=, ]
2025-08-22 13:09:54,280 [INFO] PluginManage:310 - Check plugin analytics
2025-08-22 13:09:54,671 [INFO] AnalyticsPlugin:253 - Accepted Software Licenses: STM32CubeMX.6.14.0
2025-08-22 13:09:54,672 [INFO] AnalyticsPlugin:255 - Accepted CMSIS Pack Licenses: 
2025-08-22 13:09:54,672 [INFO] AnalyticsPlugin:257 - Accepted Firmware Licenses: FW.G4.1.5.0,FW.G4.1.6.0
2025-08-22 13:09:54,680 [INFO] PluginManage:359 - Loaded plugin analytics (category:tool,tabindex:-1)
2025-08-22 13:09:54,681 [INFO] PluginManage:310 - Check plugin cadmodel
2025-08-22 13:09:54,694 [ERROR] ConfigurationRetriever:142 - IOException on connection: sw-center.st.com
2025-08-22 13:09:54,695 [INFO] CADModel:105 - Init CAD model plugin
2025-08-22 13:09:54,695 [INFO] PluginManage:359 - Loaded plugin cadmodel (category:power,tabindex:5)
2025-08-22 13:09:54,696 [INFO] PluginManage:310 - Check plugin clock
2025-08-22 13:09:54,701 [ERROR] ConfigurationRetriever:142 - IOException on connection: sw-center.st.com
2025-08-22 13:09:54,712 [ERROR] ConfigurationRetriever:142 - IOException on connection: sw-center.st.com
2025-08-22 13:09:54,716 [INFO] PluginManage:359 - Loaded plugin clock (category:base,tabindex:2)
2025-08-22 13:09:54,716 [INFO] PluginManage:310 - Check plugin ddr
2025-08-22 13:09:54,720 [INFO] PluginManage:359 - Loaded plugin ddr (category:tool,tabindex:6)
2025-08-22 13:09:54,721 [INFO] PluginManage:310 - Check plugin filemanager
2025-08-22 13:09:54,989 [INFO] PluginManage:359 - Loaded plugin filemanager (category:base,tabindex:10)
2025-08-22 13:09:54,990 [INFO] PluginManage:310 - Check plugin ipmanager
2025-08-22 13:09:55,001 [INFO] PluginManage:359 - Loaded plugin ipmanager (category:base,tabindex:5)
2025-08-22 13:09:55,002 [INFO] PluginManage:310 - Check plugin lpbam
2025-08-22 13:09:55,016 [INFO] PluginManage:359 - Loaded plugin lpbam (category:base,tabindex:0)
2025-08-22 13:09:55,016 [INFO] PluginManage:310 - Check plugin memorymap
2025-08-22 13:09:55,048 [INFO] PluginManage:359 - Loaded plugin memorymap (category:base,tabindex:4)
2025-08-22 13:09:55,049 [INFO] PluginManage:310 - Check plugin pinoutandconfiguration
2025-08-22 13:09:55,069 [INFO] PluginManage:359 - Loaded plugin pinoutandconfiguration (category:base,tabindex:1)
2025-08-22 13:09:55,069 [INFO] PluginManage:310 - Check plugin pinoutconfig
2025-08-22 13:09:55,266 [WARN] SupportedApi:132 - Cannot load RTOS API schema: s4s-elt-must-match.1: The content of 'definitions' must match (annotation?, (simpleType | complexType)?, (unique | key | keyref)*)). A problem was found starting at: attribute.
2025-08-22 13:09:55,634 [INFO] PluginManage:359 - Loaded plugin pinoutconfig (category:base,tabindex:0)
2025-08-22 13:09:55,634 [INFO] PluginManage:310 - Check plugin power
2025-08-22 13:09:55,663 [INFO] PluginManage:359 - Loaded plugin power (category:power,tabindex:4)
2025-08-22 13:09:55,664 [INFO] PluginManage:310 - Check plugin projectmanager
2025-08-22 13:09:55,697 [INFO] PluginManage:359 - Loaded plugin projectmanager (category:projectmanager,tabindex:4)
2025-08-22 13:09:55,697 [INFO] PluginManage:310 - Check plugin rif
2025-08-22 13:09:55,712 [INFO] PluginManage:359 - Loaded plugin rif (category:base,tabindex:3)
2025-08-22 13:09:55,713 [INFO] PluginManage:310 - Check plugin thirdparty
2025-08-22 13:09:56,002 [INFO] PluginManage:359 - Loaded plugin thirdparty (category:base,tabindex:-1)
2025-08-22 13:09:56,002 [INFO] PluginManage:310 - Check plugin tools
2025-08-22 13:09:56,009 [INFO] PluginManage:359 - Loaded plugin tools (category:base,tabindex:7)
2025-08-22 13:09:56,009 [INFO] PluginManage:310 - Check plugin tutovideos
2025-08-22 13:09:56,014 [WARN] IntegrityCheckThread:84 - waiting for thirdparty lock release [integrity check]
2025-08-22 13:09:56,017 [INFO] IntegrityCheckThread:86 - entering critical section [integrity check]
2025-08-22 13:09:56,018 [INFO] ThirdPartyUpdaterWithRetryManager:70 - Updater plugin not ready yet. [1/15]
2025-08-22 13:09:56,476 [INFO] PluginManage:359 - Loaded plugin tutovideos (category:base,tabindex:-1)
2025-08-22 13:09:56,476 [INFO] PluginManage:310 - Check plugin updater
2025-08-22 13:09:56,606 [INFO] PluginManage:359 - Loaded plugin updater (category:base,tabindex:12)
2025-08-22 13:09:56,607 [INFO] PluginManage:310 - Check plugin userauth
2025-08-22 13:09:56,615 [INFO] UserAuth:118 - Init User Auth plugin
2025-08-22 13:09:56,617 [INFO] PluginManage:359 - Loaded plugin userauth (category:base,tabindex:14)
2025-08-22 13:09:56,618 [INFO] PluginManage:283 - PluginManage : Loaded plugins [18]
2025-08-22 13:09:57,134 [INFO] PinOutPanel:1589 - setPackage(No Configuration,No Configuration)
2025-08-22 13:09:57,321 [INFO] CADModel:165 - CPN selected for project level
2025-08-22 13:09:57,321 [INFO] CADModel:114 - Register for checkConnection events
2025-08-22 13:09:57,368 [INFO] IPUIPlugin:80 - create IPUIPlugin
2025-08-22 13:09:57,368 [INFO] PluginManager:220 - loadIPPluginJar : add adc
2025-08-22 13:09:57,375 [INFO] IPUIPlugin:80 - create IPUIPlugin
2025-08-22 13:09:57,375 [INFO] PluginManager:220 - loadIPPluginJar : add aes
2025-08-22 13:09:57,380 [INFO] IPUIPlugin:80 - create IPUIPlugin
2025-08-22 13:09:57,380 [INFO] PluginManager:220 - loadIPPluginJar : add can
2025-08-22 13:09:57,384 [INFO] IPUIPlugin:80 - create IPUIPlugin
2025-08-22 13:09:57,384 [INFO] PluginManager:220 - loadIPPluginJar : add comp
2025-08-22 13:09:57,389 [INFO] IPUIPlugin:80 - create IPUIPlugin
2025-08-22 13:09:57,390 [INFO] PluginManager:220 - loadIPPluginJar : add cryp
2025-08-22 13:09:57,397 [INFO] IPUIPlugin:80 - create IPUIPlugin
2025-08-22 13:09:57,398 [INFO] PluginManager:220 - loadIPPluginJar : add ddr_ctrl_phy
2025-08-22 13:09:57,402 [INFO] IPUIPlugin:80 - create IPUIPlugin
2025-08-22 13:09:57,402 [INFO] PluginManager:220 - loadIPPluginJar : add dfsdm
2025-08-22 13:09:57,412 [INFO] IPUIPlugin:80 - create IPUIPlugin
2025-08-22 13:09:57,413 [INFO] PluginManager:220 - loadIPPluginJar : add dma
2025-08-22 13:09:57,418 [INFO] IPUIPlugin:80 - create IPUIPlugin
2025-08-22 13:09:57,418 [INFO] PluginManager:220 - loadIPPluginJar : add dma3
2025-08-22 13:09:57,424 [INFO] IPUIPlugin:80 - create IPUIPlugin
2025-08-22 13:09:57,424 [INFO] PluginManager:220 - loadIPPluginJar : add extmemmanager
2025-08-22 13:09:57,427 [INFO] IPUIPlugin:80 - create IPUIPlugin
2025-08-22 13:09:57,427 [INFO] PluginManager:220 - loadIPPluginJar : add fatfs
2025-08-22 13:09:57,434 [INFO] IPUIPlugin:80 - create IPUIPlugin
2025-08-22 13:09:57,435 [INFO] PluginManager:220 - loadIPPluginJar : add fmc
2025-08-22 13:09:57,444 [INFO] IPUIPlugin:80 - create IPUIPlugin
2025-08-22 13:09:57,445 [INFO] PluginManager:220 - loadIPPluginJar : add freertos
2025-08-22 13:09:57,448 [INFO] IPUIPlugin:80 - create IPUIPlugin
2025-08-22 13:09:57,448 [INFO] PluginManager:220 - loadIPPluginJar : add genericplugin
2025-08-22 13:09:57,453 [INFO] IPUIPlugin:80 - create IPUIPlugin
2025-08-22 13:09:57,453 [INFO] PluginManager:220 - loadIPPluginJar : add gfxmmu
2025-08-22 13:09:57,461 [INFO] IPUIPlugin:80 - create IPUIPlugin
2025-08-22 13:09:57,461 [INFO] PluginManager:220 - loadIPPluginJar : add gic
2025-08-22 13:09:57,467 [INFO] IPUIPlugin:80 - create IPUIPlugin
2025-08-22 13:09:57,467 [INFO] PluginManager:220 - loadIPPluginJar : add gpio
2025-08-22 13:09:57,473 [INFO] IPUIPlugin:80 - create IPUIPlugin
2025-08-22 13:09:57,473 [INFO] PluginManager:220 - loadIPPluginJar : add gtzc
2025-08-22 13:09:57,478 [INFO] IPUIPlugin:80 - create IPUIPlugin
2025-08-22 13:09:57,478 [INFO] PluginManager:220 - loadIPPluginJar : add hash
2025-08-22 13:09:57,483 [INFO] IPUIPlugin:80 - create IPUIPlugin
2025-08-22 13:09:57,484 [INFO] PluginManager:220 - loadIPPluginJar : add i2c
2025-08-22 13:09:57,489 [INFO] IPUIPlugin:80 - create IPUIPlugin
2025-08-22 13:09:57,489 [INFO] PluginManager:220 - loadIPPluginJar : add i2s
2025-08-22 13:09:57,494 [INFO] IPUIPlugin:80 - create IPUIPlugin
2025-08-22 13:09:57,494 [INFO] PluginManager:220 - loadIPPluginJar : add i3c
2025-08-22 13:09:57,499 [INFO] IPUIPlugin:80 - create IPUIPlugin
2025-08-22 13:09:57,499 [INFO] PluginManager:220 - loadIPPluginJar : add ipddr
2025-08-22 13:09:57,510 [INFO] IPUIPlugin:80 - create IPUIPlugin
2025-08-22 13:09:57,510 [INFO] PluginManager:220 - loadIPPluginJar : add linkedlist
2025-08-22 13:09:57,514 [INFO] IPUIPlugin:80 - create IPUIPlugin
2025-08-22 13:09:57,514 [INFO] PluginManager:220 - loadIPPluginJar : add lorawan
2025-08-22 13:09:57,516 [INFO] IPUIPlugin:80 - create IPUIPlugin
2025-08-22 13:09:57,517 [INFO] PluginManager:220 - loadIPPluginJar : add ltdc
2025-08-22 13:09:57,525 [INFO] IPUIPlugin:80 - create IPUIPlugin
2025-08-22 13:09:57,525 [INFO] PluginManager:220 - loadIPPluginJar : add mdma
2025-08-22 13:09:57,529 [INFO] IPUIPlugin:80 - create IPUIPlugin
2025-08-22 13:09:57,530 [INFO] PluginManager:220 - loadIPPluginJar : add nvic
2025-08-22 13:09:57,534 [INFO] IPUIPlugin:80 - create IPUIPlugin
2025-08-22 13:09:57,534 [INFO] PluginManager:220 - loadIPPluginJar : add opamp
2025-08-22 13:09:57,540 [INFO] IPUIPlugin:80 - create IPUIPlugin
2025-08-22 13:09:57,541 [INFO] PluginManager:220 - loadIPPluginJar : add openamp
2025-08-22 13:09:57,550 [INFO] IPUIPlugin:80 - create IPUIPlugin
2025-08-22 13:09:57,550 [INFO] PluginManager:220 - loadIPPluginJar : add pdm2pcm
2025-08-22 13:09:57,563 [INFO] IPUIPlugin:80 - create IPUIPlugin
2025-08-22 13:09:57,566 [INFO] PluginManager:220 - loadIPPluginJar : add plateformsettings
2025-08-22 13:09:57,569 [INFO] IPUIPlugin:80 - create IPUIPlugin
2025-08-22 13:09:57,569 [INFO] PluginManager:220 - loadIPPluginJar : add quadspi
2025-08-22 13:09:57,574 [INFO] IPUIPlugin:80 - create IPUIPlugin
2025-08-22 13:09:57,575 [INFO] PluginManager:220 - loadIPPluginJar : add radio
2025-08-22 13:09:57,582 [INFO] IPUIPlugin:80 - create IPUIPlugin
2025-08-22 13:09:57,582 [INFO] PluginManager:220 - loadIPPluginJar : add resmgrutility
2025-08-22 13:09:57,586 [INFO] IPUIPlugin:80 - create IPUIPlugin
2025-08-22 13:09:57,586 [INFO] PluginManager:220 - loadIPPluginJar : add sai
2025-08-22 13:09:57,591 [INFO] IPUIPlugin:80 - create IPUIPlugin
2025-08-22 13:09:57,591 [INFO] PluginManager:220 - loadIPPluginJar : add spi
2025-08-22 13:09:57,600 [INFO] IPUIPlugin:80 - create IPUIPlugin
2025-08-22 13:09:57,600 [INFO] PluginManager:220 - loadIPPluginJar : add stm32_wpan
2025-08-22 13:09:57,605 [INFO] IPUIPlugin:80 - create IPUIPlugin
2025-08-22 13:09:57,605 [INFO] PluginManager:220 - loadIPPluginJar : add tim
2025-08-22 13:09:57,611 [INFO] IPUIPlugin:80 - create IPUIPlugin
2025-08-22 13:09:57,611 [INFO] PluginManager:220 - loadIPPluginJar : add touchsensing
2025-08-22 13:09:57,615 [INFO] IPUIPlugin:80 - create IPUIPlugin
2025-08-22 13:09:57,615 [INFO] PluginManager:220 - loadIPPluginJar : add tracer_emb
2025-08-22 13:09:57,619 [INFO] IPUIPlugin:80 - create IPUIPlugin
2025-08-22 13:09:57,620 [INFO] PluginManager:220 - loadIPPluginJar : add ts
2025-08-22 13:09:57,624 [INFO] IPUIPlugin:80 - create IPUIPlugin
2025-08-22 13:09:57,624 [INFO] PluginManager:220 - loadIPPluginJar : add tsc
2025-08-22 13:09:57,628 [INFO] IPUIPlugin:80 - create IPUIPlugin
2025-08-22 13:09:57,629 [INFO] PluginManager:220 - loadIPPluginJar : add ucpd
2025-08-22 13:09:57,634 [INFO] IPUIPlugin:80 - create IPUIPlugin
2025-08-22 13:09:57,634 [INFO] PluginManager:220 - loadIPPluginJar : add usart
2025-08-22 13:09:57,640 [INFO] IPUIPlugin:80 - create IPUIPlugin
2025-08-22 13:09:57,640 [INFO] PluginManager:220 - loadIPPluginJar : add usbx
2025-08-22 13:09:57,822 [FATAL] Updater:351 - Updater called before beeing initialized
2025-08-22 13:09:57,899 [INFO] RulesReader:64 - Compatibility file has been processed (301 Rules)
2025-08-22 13:09:57,929 [INFO] RulesReader:64 - Compatibility file has been processed (301 Rules)
2025-08-22 13:09:57,948 [INFO] CADModel:165 - CPN selected for project level
2025-08-22 13:09:57,949 [INFO] CADModel:114 - Register for checkConnection events
2025-08-22 13:09:57,949 [FATAL] Updater:351 - Updater called before beeing initialized
2025-08-22 13:09:57,949 [ERROR] CADModel:125 - Updater not yet initialized, retry later 
2025-08-22 13:09:58,302 [FATAL] Updater:351 - Updater called before beeing initialized
2025-08-22 13:09:58,307 [INFO] CADModel:165 - CPN selected for project level
2025-08-22 13:09:58,307 [INFO] CADModel:114 - Register for checkConnection events
2025-08-22 13:09:58,308 [FATAL] Updater:351 - Updater called before beeing initialized
2025-08-22 13:09:58,308 [ERROR] CADModel:125 - Updater not yet initialized, retry later 
2025-08-22 13:09:58,314 [FATAL] Updater:351 - Updater called before beeing initialized
2025-08-22 13:09:58,613 [FATAL] Updater:351 - Updater called before beeing initialized
2025-08-22 13:09:58,619 [INFO] DbMcusAds:53 - JSON generation date=Thu Mar 06 15:54:21 CET 2025 (1741272861825)
2025-08-22 13:09:58,619 [FATAL] Updater:351 - Updater called before beeing initialized
2025-08-22 13:09:58,685 [WARN] DetailPanel:346 - Failed to get advertising image, set to default
2025-08-22 13:09:59,021 [INFO] ThirdPartyUpdaterWithRetryManager:70 - Updater plugin not ready yet. [2/15]
2025-08-22 13:09:59,233 [FATAL] Updater:351 - Updater called before beeing initialized
2025-08-22 13:09:59,236 [FATAL] Updater:351 - Updater called before beeing initialized
2025-08-22 13:09:59,236 [FATAL] Updater:351 - Updater called before beeing initialized
2025-08-22 13:09:59,236 [WARN] DetailPanel:346 - Failed to get advertising image, set to default
2025-08-22 13:09:59,238 [FATAL] Updater:351 - Updater called before beeing initialized
2025-08-22 13:09:59,367 [ERROR] Updater:1198 - MainUpdater not yet initialized. External WinMGr cannot be set.
2025-08-22 13:09:59,371 [INFO] Updater:1134 - Updater Version found : 6.14.0
2025-08-22 13:09:59,416 [INFO] ApplicationProperties:184 - Using Application install path: C:\ST\STM32CubeIDE_1.18.0\STM32CubeIDE\plugins\com.st.stm32cube.common.mx_6.14.0.202502271554
2025-08-22 13:10:01,000 [ERROR] LogOutputStream:75 - [STDERR_REDIRECT] Aug 22, 2025 1:10:00 PM java.util.prefs.WindowsPreferences <init>
2025-08-22 13:10:01,003 [ERROR] LogOutputStream:75 - [STDERR_REDIRECT] WARNING: Could not open/create prefs root node Software\JavaSoft\Prefs at root 0xffffffff80000002. Windows RegCreateKeyEx(...) returned error code 5.
2025-08-22 13:10:01,003 [ERROR] LogOutputStream:75 - [STDERR_REDIRECT] 
2025-08-22 13:10:01,401 [INFO] MainUpdater:2872 - connection check result : 22
2025-08-22 13:10:01,402 [INFO] MainUpdater:289 - Updater Check For Update Now.
2025-08-22 13:10:01,403 [INFO] MicroXplorer:498 - Change Database Version : DB.6.0.140
2025-08-22 13:10:01,413 [INFO] McuFinderGlobals:63 - Set McuFinder mode to 2 (CubeIDE integrated)
2025-08-22 13:10:01,417 [INFO] UserAuth:486 - Internet connection configuration mode: 2
2025-08-22 13:10:01,438 [INFO] UserAuth:486 - Internet connection configuration mode: 2
2025-08-22 13:10:02,025 [WARN] MainUpdater:1193 - Updater busy. Cannot search thirdparties
2025-08-22 13:10:02,026 [INFO] ThirdPartyUpdaterWithRetryManager:96 - Updater plugin is busy. [1/15]
2025-08-22 13:10:02,046 [INFO] CheckServerUpdateThread:120 - End of CheckServer Thread
2025-08-22 13:10:02,233 [ERROR] LogOutputStream:75 - [STDERR_REDIRECT] Aug 22, 2025 1:10:02 PM org.glassfish.grizzly.http.server.NetworkListener start
2025-08-22 13:10:02,235 [ERROR] LogOutputStream:75 - [STDERR_REDIRECT] INFO: Started listener bound to [localhost:16721]
2025-08-22 13:10:02,236 [ERROR] LogOutputStream:75 - [STDERR_REDIRECT] 
2025-08-22 13:10:02,240 [ERROR] LogOutputStream:75 - [STDERR_REDIRECT] Aug 22, 2025 1:10:02 PM org.glassfish.grizzly.http.server.HttpServer start
2025-08-22 13:10:02,241 [ERROR] LogOutputStream:75 - [STDERR_REDIRECT] INFO: [HttpServer] Started.
2025-08-22 13:10:02,242 [ERROR] LogOutputStream:75 - [STDERR_REDIRECT] 
2025-08-22 13:10:05,463 [WARN] PackLoader:240 - Cannot read IP mode file for STMicroelectronics.FP-SNS-MOTENVWB1.1.4.0
2025-08-22 13:10:05,479 [WARN] PackLoader:240 - Cannot read IP mode file for STMicroelectronics.FP-ATR-ASTRA1.2.0.2
2025-08-22 13:10:05,495 [WARN] PackLoader:240 - Cannot read IP mode file for STMicroelectronics.X-CUBE-SMBUS.2.1.0
2025-08-22 13:10:05,511 [WARN] PackLoader:240 - Cannot read IP mode file for STMicroelectronics.X-CUBE-WB05N.1.1.0
2025-08-22 13:10:05,523 [WARN] PackLoader:240 - Cannot read IP mode file for STMicroelectronics.X-CUBE-ST60.1.0.0
2025-08-22 13:10:05,593 [WARN] PackLoader:240 - Cannot read IP mode file for STMicroelectronics.X-CUBE-AZRTOS-F7.1.1.0
2025-08-22 13:10:05,668 [WARN] PackLoader:240 - Cannot read IP mode file for Infineon.AIROC-Wi-Fi-Bluetooth-STM32.1.7.0
2025-08-22 13:10:05,766 [WARN] PackLoader:240 - Cannot read IP mode file for STMicroelectronics.X-CUBE-AZRTOS-H7.3.4.0
2025-08-22 13:10:05,789 [WARN] PackLoader:240 - Cannot read IP mode file for STMicroelectronics.X-CUBE-DISPLAY.3.0.0
2025-08-22 13:10:05,811 [WARN] PackLoader:240 - Cannot read IP mode file for STMicroelectronics.X-CUBE-NFC10.1.0.0
2025-08-22 13:10:05,835 [WARN] PackLoader:240 - Cannot read IP mode file for STMicroelectronics.X-CUBE-BLEMGR.4.0.0
2025-08-22 13:10:05,878 [WARN] PackLoader:240 - Cannot read IP mode file for emotas.I-CUBE-CANOPEN.1.3.0
2025-08-22 13:10:05,885 [WARN] ConditionMgr:438 - getConditionDescription Invalid condition id : Cortex-A Device cause : null
2025-08-22 13:10:05,914 [WARN] ConditionMgr:1044 - genDependencies : Invalid condition id : Cortex-A Device cause : null
2025-08-22 13:10:05,915 [WARN] ConditionMgr:1044 - genDependencies : Invalid condition id : Cortex-A Device cause : null
2025-08-22 13:10:05,915 [WARN] ConditionMgr:1044 - genDependencies : Invalid condition id : Cortex-A Device cause : null
2025-08-22 13:10:05,921 [WARN] PackLoader:240 - Cannot read IP mode file for STMicroelectronics.X-CUBE-AI.10.0.0
2025-08-22 13:10:05,932 [ERROR] Engine:466 - C:\Users\pwlub\.stm32cubemx\thirdparties\pdsc\STMicroelectronics.FP-SNS-STBOX1.2.1.0.pdsc: PDSC version is not supported
2025-08-22 13:10:05,940 [WARN] PackLoader:240 - Cannot read IP mode file for STMicroelectronics.FP-SNS-SMARTAG2.1.2.0
2025-08-22 13:10:05,947 [WARN] PackLoader:240 - Cannot read IP mode file for STMicroelectronics.FP-SNS-FLIGHT1.5.1.0
2025-08-22 13:10:06,042 [WARN] PackLoader:240 - Cannot read IP mode file for STMicroelectronics.X-CUBE-MEMS1.11.1.0
2025-08-22 13:10:06,398 [INFO] LogOutputStream:77 - [STDOUT_REDIRECT] 1 : Invalid condition id : UX_CORESTACK_Condition cause : null
2025-08-22 13:10:06,399 [INFO] LogOutputStream:77 - [STDOUT_REDIRECT] 1 : Invalid condition id : UX_CORESTACK_Condition cause : null
2025-08-22 13:10:06,401 [INFO] LogOutputStream:77 - [STDOUT_REDIRECT] 1 : Invalid condition id : UX_CORESTACK_Condition cause : null
2025-08-22 13:10:06,403 [INFO] LogOutputStream:77 - [STDOUT_REDIRECT] 1 : Invalid condition id : UX_CORESTACK_Condition cause : null
2025-08-22 13:10:06,405 [INFO] LogOutputStream:77 - [STDOUT_REDIRECT] 1 : Invalid condition id : UX_CORESTACK_Condition cause : null
2025-08-22 13:10:06,410 [WARN] PackLoader:240 - Cannot read IP mode file for STMicroelectronics.X-CUBE-AZRTOS-WL.2.0.0
2025-08-22 13:10:06,418 [WARN] PackLoader:240 - Cannot read IP mode file for STMicroelectronics.FP-SNS-MOTENV1.5.0.0
2025-08-22 13:10:06,468 [WARN] PackLoader:240 - Cannot read IP mode file for WES.I-CUBE-Cesium.1.3.0
2025-08-22 13:10:06,477 [WARN] PackLoader:240 - Cannot read IP mode file for STMicroelectronics.X-CUBE-BLE2.3.3.0
2025-08-22 13:10:06,487 [WARN] PackLoader:240 - Cannot read IP mode file for STMicroelectronics.X-CUBE-NFC9.1.0.0
2025-08-22 13:10:06,498 [WARN] PackLoader:240 - Cannot read IP mode file for STMicroelectronics.X-CUBE-BLE1.7.1.0
2025-08-22 13:10:06,516 [WARN] PackLoader:240 - Cannot read IP mode file for STMicroelectronics.X-CUBE-EEPRMA1.5.2.0
2025-08-22 13:10:06,528 [WARN] PackLoader:240 - Cannot read IP mode file for STMicroelectronics.X-CUBE-AI.10.1.0
2025-08-22 13:10:06,634 [WARN] PackLoader:240 - Cannot read IP mode file for STMicroelectronics.X-CUBE-MEMS1.11.2.0
2025-08-22 13:10:06,858 [WARN] PackLoader:240 - Cannot read IP mode file for STMicroelectronics.X-CUBE-AZRTOS-G0.1.1.0
2025-08-22 13:10:06,898 [WARN] PackLoader:240 - Cannot read IP mode file for STMicroelectronics.X-CUBE-SAFEA1.1.2.2
2025-08-22 13:10:06,929 [WARN] PackLoader:240 - Cannot read IP mode file for STMicroelectronics.X-CUBE-NFC4.3.0.0
2025-08-22 13:10:06,949 [WARN] PackLoader:240 - Cannot read IP mode file for EmbeddedOffice.I-CUBE-FS-RTOS.1.0.1
2025-08-22 13:10:06,968 [WARN] PackLoader:240 - Cannot read IP mode file for STMicroelectronics.X-CUBE-WB05N.2.0.0
2025-08-22 13:10:06,977 [WARN] PackLoader:240 - Cannot read IP mode file for wolfSSL.I-CUBE-wolfTPM.3.8.0
2025-08-22 13:10:06,986 [WARN] PackLoader:240 - Cannot read IP mode file for STMicroelectronics.X-CUBE-TCPP.4.2.0
2025-08-22 13:10:06,997 [WARN] PackLoader:240 - Cannot read IP mode file for RealThread.X-CUBE-RT-Thread_Nano.4.1.1
2025-08-22 13:10:07,006 [WARN] PackLoader:240 - Cannot read IP mode file for STMicroelectronics.FP-ATR-SIGFOX1.3.2.0
2025-08-22 13:10:07,015 [WARN] PackLoader:240 - Cannot read IP mode file for STMicroelectronics.X-CUBE-EEPRMA1.5.1.0
2025-08-22 13:10:07,026 [WARN] PackLoader:240 - Cannot read IP mode file for ITTIA_DB.I-CUBE-ITTIADB.8.9.0
2025-08-22 13:10:07,036 [WARN] PackLoader:240 - Cannot read IP mode file for STMicroelectronics.X-CUBE-ST67W61.1.0.0
2025-08-22 13:10:07,042 [WARN] PackLoader:240 - Cannot read IP mode file for STMicroelectronics.X-CUBE-AI.10.2.0
2025-08-22 13:10:07,119 [WARN] PackLoader:240 - Cannot read IP mode file for SEGGER.I-CUBE-embOS.1.3.1
2025-08-22 13:10:07,233 [WARN] PackLoader:240 - Cannot read IP mode file for STMicroelectronics.X-CUBE-ALGOBUILD.1.4.0
2025-08-22 13:10:07,381 [WARN] PackLoader:240 - Cannot read IP mode file for STMicroelectronics.X-CUBE-MEMS1.11.3.0
2025-08-22 13:10:07,761 [WARN] PackLoader:240 - Cannot read IP mode file for STMicroelectronics.X-CUBE-PM33A1.1.0.0
2025-08-22 13:10:07,796 [WARN] PackLoader:240 - Cannot read IP mode file for STMicroelectronics.X-CUBE-AZRTOS-F4.1.1.0
2025-08-22 13:10:07,806 [WARN] PackLoader:240 - Cannot read IP mode file for Avnet-IotConnect.X-CUBE-IoTC-DA16k-PMOD.1.0.0
2025-08-22 13:10:07,813 [WARN] PackLoader:240 - Cannot read IP mode file for STMicroelectronics.X-CUBE-ISPU.2.1.0
2025-08-22 13:10:07,830 [WARN] PackLoader:240 - Cannot read IP mode file for STMicroelectronics.X-CUBE-NFC12.1.0.0
2025-08-22 13:10:07,863 [WARN] PackLoader:240 - Cannot read IP mode file for STMicroelectronics.X-CUBE-AZRTOS-L5.2.0.0
2025-08-22 13:10:07,879 [WARN] PackLoader:240 - Cannot read IP mode file for STMicroelectronics.X-CUBE-NFC6.3.1.0
2025-08-22 13:10:07,892 [WARN] PackLoader:240 - Cannot read IP mode file for STMicroelectronics.X-CUBE-DPower.1.2.0
2025-08-22 13:10:07,901 [WARN] PackLoader:240 - Cannot read IP mode file for STMicroelectronics.X-CUBE-FREERTOS.1.3.1
2025-08-22 13:10:07,912 [WARN] PackLoader:240 - Cannot read IP mode file for STMicroelectronics.X-CUBE-FREERTOS.1.3.0
2025-08-22 13:10:07,922 [WARN] PackLoader:240 - Cannot read IP mode file for STMicroelectronics.X-CUBE-NFC7.1.0.1
2025-08-22 13:10:07,958 [WARN] PackLoader:240 - Cannot read IP mode file for STMicroelectronics.FP-SNS-STAIOTCFT.1.0.0
2025-08-22 13:10:07,992 [WARN] ConditionMgr:438 - getConditionDescription Invalid condition id : LAN8742 Phy interface Condition cause : null
2025-08-22 13:10:07,993 [WARN] PackLoader:240 - Cannot read IP mode file for STMicroelectronics.X-CUBE-AZRTOS-L4.2.0.0
2025-08-22 13:10:07,995 [WARN] ConditionMgr:1044 - genDependencies : Invalid condition id : LAN8742 Phy interface Condition cause : null
2025-08-22 13:10:07,996 [WARN] ConditionMgr:1044 - genDependencies : Invalid condition id : LAN8742 Phy interface Condition cause : null
2025-08-22 13:10:07,997 [WARN] ConditionMgr:1044 - genDependencies : Invalid condition id : LAN8742 Phy interface Condition cause : null
2025-08-22 13:10:08,009 [WARN] PackLoader:240 - Cannot read IP mode file for STMicroelectronics.X-CUBE-SFXS2LP1.4.0.0
2025-08-22 13:10:08,047 [WARN] PackLoader:240 - Cannot read IP mode file for STMicroelectronics.X-CUBE-AZRTOS-H7.3.3.0
2025-08-22 13:10:08,090 [WARN] PackLoader:240 - Cannot read IP mode file for STMicroelectronics.X-CUBE-BLEMGR.4.1.0
2025-08-22 13:10:08,114 [WARN] ConditionMgr:438 - getConditionDescription Invalid condition id : UX DEVICE CLASS RTOS Condition cause : null
2025-08-22 13:10:08,115 [WARN] ConditionMgr:438 - getConditionDescription Invalid condition id : UX DEVICE CLASS RTOS Condition cause : null
2025-08-22 13:10:08,118 [WARN] PackLoader:240 - Cannot read IP mode file for STMicroelectronics.X-CUBE-AZRTOS-WB.2.0.0
2025-08-22 13:10:08,119 [WARN] ConditionMgr:1044 - genDependencies : Invalid condition id : UX DEVICE CLASS RTOS Condition cause : null
2025-08-22 13:10:08,119 [WARN] ConditionMgr:1044 - genDependencies : Invalid condition id : UX DEVICE CLASS RTOS Condition cause : null
2025-08-22 13:10:08,119 [WARN] ConditionMgr:1044 - genDependencies : Invalid condition id : UX DEVICE CLASS RTOS Condition cause : null
2025-08-22 13:10:08,120 [WARN] ConditionMgr:1044 - genDependencies : Invalid condition id : UX DEVICE CLASS RTOS Condition cause : null
2025-08-22 13:10:08,120 [WARN] ConditionMgr:1044 - genDependencies : Invalid condition id : UX DEVICE CLASS RTOS Condition cause : null
2025-08-22 13:10:08,129 [WARN] PackLoader:240 - Cannot read IP mode file for STMicroelectronics.X-CUBE-GNSS1.7.0.1
2025-08-22 13:10:08,138 [WARN] PackLoader:240 - Cannot read IP mode file for STMicroelectronics.X-CUBE-TOUCHGFX.4.25.0
2025-08-22 13:10:08,146 [WARN] PackLoader:240 - Cannot read IP mode file for STMicroelectronics.FP-SNS-STBOX1.2.0.0
2025-08-22 13:10:08,165 [WARN] PackLoader:240 - Cannot read IP mode file for STMicroelectronics.X-CUBE-SUBG2.5.0.0
2025-08-22 13:10:08,177 [WARN] PackLoader:240 - Cannot read IP mode file for Cesanta.I-CUBE-Mongoose.7.13.0
2025-08-22 13:10:08,217 [WARN] PackLoader:240 - Cannot read IP mode file for STMicroelectronics.X-CUBE-AZRTOS-G4.2.0.0
2025-08-22 13:10:08,226 [WARN] PackLoader:240 - Cannot read IP mode file for wolfSSL.I-CUBE-wolfSSH.1.4.20
2025-08-22 13:10:08,234 [WARN] PackLoader:240 - Cannot read IP mode file for STMicroelectronics.X-CUBE-NFC7.2.0.0
2025-08-22 13:10:08,254 [WARN] PackLoader:240 - Cannot read IP mode file for STMicroelectronics.X-CUBE-IPS.3.1.0
2025-08-22 13:10:08,267 [WARN] PackLoader:240 - Cannot read IP mode file for STMicroelectronics.X-CUBE-ALS.1.0.2
2025-08-22 13:10:08,276 [WARN] PackLoader:240 - Cannot read IP mode file for portGmbH.I-Cube-SoM-uGOAL.1.1.0
2025-08-22 13:10:08,302 [WARN] PackLoader:240 - Cannot read IP mode file for STMicroelectronics.X-CUBE-AZRTOS-H7RS.1.0.0
2025-08-22 13:10:08,325 [WARN] PackLoader:240 - Cannot read IP mode file for STMicroelectronics.X-CUBE-TOF1.3.4.2
2025-08-22 13:10:08,356 [WARN] PackLoader:240 - Cannot read IP mode file for STMicroelectronics.X-CUBE-TOF1.3.4.3
2025-08-22 13:10:08,372 [INFO] ThirdParty:978 - Integrity check success = true
2025-08-22 13:10:08,372 [INFO] IntegrityCheckThread:100 - exiting critical section [integrity check]
2025-08-22 13:10:08,372 [INFO] IntegrityCheckThread:103 - End integrity checks thread
2025-08-22 13:43:49,721 [ERROR] LogOutputStream:75 - [STDERR_REDIRECT] 
2025-08-22 14:13:31,956 [INFO] Activator:176 - 


2025-08-22 14:13:31,958 [INFO] Activator:177 - !SESSION log4j initialized
2025-08-22 14:13:42,732 [INFO] LogOutputStream:77 - [STDOUT_REDIRECT] 
2025-08-22 14:13:43,953 [INFO] LogOutputStream:77 - [STDOUT_REDIRECT] 
2025-08-22 14:13:48,792 [INFO] ApplicationProperties:184 - Using Application install path: C:\ST\STM32CubeIDE_1.18.0\STM32CubeIDE\plugins\com.st.stm32cube.common.mx_6.14.0.202502271554
2025-08-22 14:13:48,819 [INFO] DbMcusXml:78 - Set database path to: C:\ST\STM32CubeIDE_1.18.0\STM32CubeIDE\plugins\com.st.stm32cube.common.mx_6.14.0.202502271554\\db\/mcu/
2025-08-22 14:13:48,819 [INFO] ApiDb:274 - Set plugin database path to: C:\ST\STM32CubeIDE_1.18.0\STM32CubeIDE\plugins\com.st.stm32cube.common.mx_6.14.0.202502271554\\db\/plugins/boardmanager/
2025-08-22 14:13:48,819 [WARN] ApiDb:259 - Overriding images path with different value:  => C:\ST\STM32CubeIDE_1.18.0\STM32CubeIDE\plugins\com.st.stm32cube.common.mx_6.14.0.202502271554\\db\/plugins/mcufinder/images/
2025-08-22 14:13:48,828 [INFO] ApiDb:250 - Set database path to: C:\Users\pwlub\.stmcufinder\plugins\mcufinder//mcu/
2025-08-22 14:13:48,830 [INFO] DbMcusAds:125 - Set database path to: C:\Users\pwlub\.stmcufinder\plugins\mcufinder//mcu/
2025-08-22 14:13:48,837 [INFO] CrossReferenceDbSqlite:203 - Set database path to: C:\Users\pwlub\.stmcufinder\plugins\mcufinder//mcu/cs/
2025-08-22 14:13:49,042 [INFO] RulesReader:64 - Compatibility file has been processed (301 Rules)
2025-08-22 14:13:49,141 [INFO] DbMcusXml:78 - Set database path to: C:\ST\STM32CubeIDE_1.18.0\STM32CubeIDE\plugins\com.st.stm32cube.common.mx_6.14.0.202502271554\\db\/mcu/
2025-08-22 14:13:49,142 [INFO] ApiDb:274 - Set plugin database path to: C:\ST\STM32CubeIDE_1.18.0\STM32CubeIDE\plugins\com.st.stm32cube.common.mx_6.14.0.202502271554\\db\/plugins/boardmanager/
2025-08-22 14:13:49,142 [INFO] ApiDb:261 - Set plugin images path to: C:\ST\STM32CubeIDE_1.18.0\STM32CubeIDE\plugins\com.st.stm32cube.common.mx_6.14.0.202502271554\\db\/plugins/mcufinder/images/
2025-08-22 14:13:49,142 [WARN] DbFile:41 - Overriding database path with different value: C:\Users\pwlub\.stmcufinder\plugins\mcufinder/ => C:\Users\pwlub\.stmcufinder\plugins\mcufinder
2025-08-22 14:13:49,142 [INFO] ApiDb:250 - Set database path to: C:\Users\pwlub\.stmcufinder\plugins\mcufinder//mcu/
2025-08-22 14:13:49,142 [WARN] DbFile:41 - Overriding database path with different value: C:\Users\pwlub\.stmcufinder\plugins\mcufinder/ => C:\Users\pwlub\.stmcufinder\plugins\mcufinder
2025-08-22 14:13:49,142 [INFO] DbMcusAds:125 - Set database path to: C:\Users\pwlub\.stmcufinder\plugins\mcufinder//mcu/
2025-08-22 14:13:49,142 [WARN] DbFile:41 - Overriding database path with different value: C:\Users\pwlub\.stmcufinder\plugins\mcufinder/ => C:\Users\pwlub\.stmcufinder\plugins\mcufinder
2025-08-22 14:13:49,142 [WARN] DbFile:41 - Overriding database path with different value: C:\Users\pwlub\.stmcufinder\plugins\mcufinder/ => C:\Users\pwlub\.stmcufinder\plugins\mcufinder
2025-08-22 14:13:49,142 [INFO] CrossReferenceDbSqlite:203 - Set database path to: C:\Users\pwlub\.stmcufinder\plugins\mcufinder//mcu/cs/
2025-08-22 14:13:49,289 [INFO] MainPanel:272 - HeapMemory: 268435456
2025-08-22 14:13:49,473 [INFO] DbMcusXml:78 - Set database path to: C:\ST\STM32CubeIDE_1.18.0\STM32CubeIDE\plugins\com.st.stm32cube.common.mx_6.14.0.202502271554\\db\/mcu/
2025-08-22 14:13:49,473 [INFO] ApiDb:274 - Set plugin database path to: C:\ST\STM32CubeIDE_1.18.0\STM32CubeIDE\plugins\com.st.stm32cube.common.mx_6.14.0.202502271554\\db\/plugins/boardmanager/
2025-08-22 14:13:49,473 [INFO] ApiDb:261 - Set plugin images path to: C:\ST\STM32CubeIDE_1.18.0\STM32CubeIDE\plugins\com.st.stm32cube.common.mx_6.14.0.202502271554\\db\/plugins/mcufinder/images/
2025-08-22 14:13:49,474 [WARN] DbFile:41 - Overriding database path with different value: C:\Users\pwlub\.stmcufinder\plugins\mcufinder/ => C:\Users\pwlub\.stmcufinder\plugins\mcufinder
2025-08-22 14:13:49,474 [INFO] ApiDb:250 - Set database path to: C:\Users\pwlub\.stmcufinder\plugins\mcufinder//mcu/
2025-08-22 14:13:49,474 [WARN] DbFile:41 - Overriding database path with different value: C:\Users\pwlub\.stmcufinder\plugins\mcufinder/ => C:\Users\pwlub\.stmcufinder\plugins\mcufinder
2025-08-22 14:13:49,474 [INFO] DbMcusAds:125 - Set database path to: C:\Users\pwlub\.stmcufinder\plugins\mcufinder//mcu/
2025-08-22 14:13:49,474 [WARN] DbFile:41 - Overriding database path with different value: C:\Users\pwlub\.stmcufinder\plugins\mcufinder/ => C:\Users\pwlub\.stmcufinder\plugins\mcufinder
2025-08-22 14:13:49,474 [WARN] DbFile:41 - Overriding database path with different value: C:\Users\pwlub\.stmcufinder\plugins\mcufinder/ => C:\Users\pwlub\.stmcufinder\plugins\mcufinder
2025-08-22 14:13:49,475 [INFO] CrossReferenceDbSqlite:203 - Set database path to: C:\Users\pwlub\.stmcufinder\plugins\mcufinder//mcu/cs/
2025-08-22 14:13:49,505 [INFO] ApplicationProperties:184 - Using Application install path: C:\ST\STM32CubeIDE_1.18.0\STM32CubeIDE\plugins\com.st.stm32cube.common.mx_6.14.0.202502271554
2025-08-22 14:13:49,508 [INFO] PluginManage:196 - Search for loadable plugins [exclusion list=, ]
2025-08-22 14:13:49,511 [INFO] PluginManage:310 - Check plugin analytics
2025-08-22 14:13:54,405 [INFO] AnalyticsPlugin:253 - Accepted Software Licenses: STM32CubeMX.6.14.0
2025-08-22 14:13:54,405 [INFO] AnalyticsPlugin:255 - Accepted CMSIS Pack Licenses: 
2025-08-22 14:13:54,405 [INFO] AnalyticsPlugin:257 - Accepted Firmware Licenses: FW.G4.1.5.0,FW.G4.1.6.0
2025-08-22 14:13:54,409 [INFO] PluginManage:359 - Loaded plugin analytics (category:tool,tabindex:-1)
2025-08-22 14:13:54,410 [INFO] PluginManage:310 - Check plugin cadmodel
2025-08-22 14:13:54,419 [INFO] CADModel:105 - Init CAD model plugin
2025-08-22 14:13:54,420 [INFO] PluginManage:359 - Loaded plugin cadmodel (category:power,tabindex:5)
2025-08-22 14:13:54,420 [INFO] PluginManage:310 - Check plugin clock
2025-08-22 14:13:54,436 [INFO] PluginManage:359 - Loaded plugin clock (category:base,tabindex:2)
2025-08-22 14:13:54,436 [INFO] PluginManage:310 - Check plugin ddr
2025-08-22 14:13:54,441 [INFO] PluginManage:359 - Loaded plugin ddr (category:tool,tabindex:6)
2025-08-22 14:13:54,442 [INFO] PluginManage:310 - Check plugin filemanager
2025-08-22 14:13:54,665 [INFO] PluginManage:359 - Loaded plugin filemanager (category:base,tabindex:10)
2025-08-22 14:13:54,665 [INFO] PluginManage:310 - Check plugin ipmanager
2025-08-22 14:13:54,674 [INFO] PluginManage:359 - Loaded plugin ipmanager (category:base,tabindex:5)
2025-08-22 14:13:54,674 [INFO] PluginManage:310 - Check plugin lpbam
2025-08-22 14:13:54,684 [INFO] PluginManage:359 - Loaded plugin lpbam (category:base,tabindex:0)
2025-08-22 14:13:54,685 [INFO] PluginManage:310 - Check plugin memorymap
2025-08-22 14:13:54,711 [INFO] PluginManage:359 - Loaded plugin memorymap (category:base,tabindex:4)
2025-08-22 14:13:54,711 [INFO] PluginManage:310 - Check plugin pinoutandconfiguration
2025-08-22 14:13:54,722 [INFO] PluginManage:359 - Loaded plugin pinoutandconfiguration (category:base,tabindex:1)
2025-08-22 14:13:54,722 [INFO] PluginManage:310 - Check plugin pinoutconfig
2025-08-22 14:13:54,881 [WARN] SupportedApi:132 - Cannot load RTOS API schema: s4s-elt-must-match.1: The content of 'definitions' must match (annotation?, (simpleType | complexType)?, (unique | key | keyref)*)). A problem was found starting at: attribute.
2025-08-22 14:13:55,196 [INFO] PluginManage:359 - Loaded plugin pinoutconfig (category:base,tabindex:0)
2025-08-22 14:13:55,196 [INFO] PluginManage:310 - Check plugin power
2025-08-22 14:13:55,213 [INFO] PluginManage:359 - Loaded plugin power (category:power,tabindex:4)
2025-08-22 14:13:55,214 [INFO] PluginManage:310 - Check plugin projectmanager
2025-08-22 14:13:55,239 [INFO] PluginManage:359 - Loaded plugin projectmanager (category:projectmanager,tabindex:4)
2025-08-22 14:13:55,239 [INFO] PluginManage:310 - Check plugin rif
2025-08-22 14:13:55,252 [INFO] PluginManage:359 - Loaded plugin rif (category:base,tabindex:3)
2025-08-22 14:13:55,252 [INFO] PluginManage:310 - Check plugin thirdparty
2025-08-22 14:13:55,492 [INFO] PluginManage:359 - Loaded plugin thirdparty (category:base,tabindex:-1)
2025-08-22 14:13:55,493 [INFO] PluginManage:310 - Check plugin tools
2025-08-22 14:13:55,494 [WARN] IntegrityCheckThread:84 - waiting for thirdparty lock release [integrity check]
2025-08-22 14:13:55,494 [INFO] IntegrityCheckThread:86 - entering critical section [integrity check]
2025-08-22 14:13:55,495 [INFO] ThirdPartyUpdaterWithRetryManager:70 - Updater plugin not ready yet. [1/15]
2025-08-22 14:13:55,497 [INFO] PluginManage:359 - Loaded plugin tools (category:base,tabindex:7)
2025-08-22 14:13:55,497 [INFO] PluginManage:310 - Check plugin tutovideos
2025-08-22 14:13:55,782 [INFO] PluginManage:359 - Loaded plugin tutovideos (category:base,tabindex:-1)
2025-08-22 14:13:55,782 [INFO] PluginManage:310 - Check plugin updater
2025-08-22 14:13:55,819 [INFO] PluginManage:359 - Loaded plugin updater (category:base,tabindex:12)
2025-08-22 14:13:55,820 [INFO] PluginManage:310 - Check plugin userauth
2025-08-22 14:13:55,826 [INFO] UserAuth:118 - Init User Auth plugin
2025-08-22 14:13:55,828 [INFO] PluginManage:359 - Loaded plugin userauth (category:base,tabindex:14)
2025-08-22 14:13:55,829 [INFO] PluginManage:283 - PluginManage : Loaded plugins [18]
2025-08-22 14:13:56,167 [INFO] PinOutPanel:1589 - setPackage(No Configuration,No Configuration)
2025-08-22 14:13:56,306 [INFO] CADModel:165 - CPN selected for project level
2025-08-22 14:13:56,306 [INFO] CADModel:114 - Register for checkConnection events
2025-08-22 14:13:56,330 [INFO] IPUIPlugin:80 - create IPUIPlugin
2025-08-22 14:13:56,331 [INFO] PluginManager:220 - loadIPPluginJar : add adc
2025-08-22 14:13:56,335 [INFO] IPUIPlugin:80 - create IPUIPlugin
2025-08-22 14:13:56,335 [INFO] PluginManager:220 - loadIPPluginJar : add aes
2025-08-22 14:13:56,338 [INFO] IPUIPlugin:80 - create IPUIPlugin
2025-08-22 14:13:56,338 [INFO] PluginManager:220 - loadIPPluginJar : add can
2025-08-22 14:13:56,341 [INFO] IPUIPlugin:80 - create IPUIPlugin
2025-08-22 14:13:56,341 [INFO] PluginManager:220 - loadIPPluginJar : add comp
2025-08-22 14:13:56,345 [INFO] IPUIPlugin:80 - create IPUIPlugin
2025-08-22 14:13:56,345 [INFO] PluginManager:220 - loadIPPluginJar : add cryp
2025-08-22 14:13:56,351 [INFO] IPUIPlugin:80 - create IPUIPlugin
2025-08-22 14:13:56,351 [INFO] PluginManager:220 - loadIPPluginJar : add ddr_ctrl_phy
2025-08-22 14:13:56,354 [INFO] IPUIPlugin:80 - create IPUIPlugin
2025-08-22 14:13:56,355 [INFO] PluginManager:220 - loadIPPluginJar : add dfsdm
2025-08-22 14:13:56,363 [INFO] IPUIPlugin:80 - create IPUIPlugin
2025-08-22 14:13:56,364 [INFO] PluginManager:220 - loadIPPluginJar : add dma
2025-08-22 14:13:56,368 [INFO] IPUIPlugin:80 - create IPUIPlugin
2025-08-22 14:13:56,369 [INFO] PluginManager:220 - loadIPPluginJar : add dma3
2025-08-22 14:13:56,373 [INFO] IPUIPlugin:80 - create IPUIPlugin
2025-08-22 14:13:56,373 [INFO] PluginManager:220 - loadIPPluginJar : add extmemmanager
2025-08-22 14:13:56,376 [INFO] IPUIPlugin:80 - create IPUIPlugin
2025-08-22 14:13:56,376 [INFO] PluginManager:220 - loadIPPluginJar : add fatfs
2025-08-22 14:13:56,383 [INFO] IPUIPlugin:80 - create IPUIPlugin
2025-08-22 14:13:56,383 [INFO] PluginManager:220 - loadIPPluginJar : add fmc
2025-08-22 14:13:56,389 [INFO] IPUIPlugin:80 - create IPUIPlugin
2025-08-22 14:13:56,390 [INFO] PluginManager:220 - loadIPPluginJar : add freertos
2025-08-22 14:13:56,392 [INFO] IPUIPlugin:80 - create IPUIPlugin
2025-08-22 14:13:56,393 [INFO] PluginManager:220 - loadIPPluginJar : add genericplugin
2025-08-22 14:13:56,397 [INFO] IPUIPlugin:80 - create IPUIPlugin
2025-08-22 14:13:56,397 [INFO] PluginManager:220 - loadIPPluginJar : add gfxmmu
2025-08-22 14:13:56,405 [INFO] IPUIPlugin:80 - create IPUIPlugin
2025-08-22 14:13:56,405 [INFO] PluginManager:220 - loadIPPluginJar : add gic
2025-08-22 14:13:56,411 [INFO] IPUIPlugin:80 - create IPUIPlugin
2025-08-22 14:13:56,411 [INFO] PluginManager:220 - loadIPPluginJar : add gpio
2025-08-22 14:13:56,416 [INFO] IPUIPlugin:80 - create IPUIPlugin
2025-08-22 14:13:56,416 [INFO] PluginManager:220 - loadIPPluginJar : add gtzc
2025-08-22 14:13:56,419 [INFO] IPUIPlugin:80 - create IPUIPlugin
2025-08-22 14:13:56,419 [INFO] PluginManager:220 - loadIPPluginJar : add hash
2025-08-22 14:13:56,423 [INFO] IPUIPlugin:80 - create IPUIPlugin
2025-08-22 14:13:56,423 [INFO] PluginManager:220 - loadIPPluginJar : add i2c
2025-08-22 14:13:56,426 [INFO] IPUIPlugin:80 - create IPUIPlugin
2025-08-22 14:13:56,427 [INFO] PluginManager:220 - loadIPPluginJar : add i2s
2025-08-22 14:13:56,430 [INFO] IPUIPlugin:80 - create IPUIPlugin
2025-08-22 14:13:56,430 [INFO] PluginManager:220 - loadIPPluginJar : add i3c
2025-08-22 14:13:56,437 [INFO] IPUIPlugin:80 - create IPUIPlugin
2025-08-22 14:13:56,438 [INFO] PluginManager:220 - loadIPPluginJar : add ipddr
2025-08-22 14:13:56,448 [INFO] IPUIPlugin:80 - create IPUIPlugin
2025-08-22 14:13:56,448 [INFO] PluginManager:220 - loadIPPluginJar : add linkedlist
2025-08-22 14:13:56,453 [INFO] IPUIPlugin:80 - create IPUIPlugin
2025-08-22 14:13:56,453 [INFO] PluginManager:220 - loadIPPluginJar : add lorawan
2025-08-22 14:13:56,455 [INFO] IPUIPlugin:80 - create IPUIPlugin
2025-08-22 14:13:56,456 [INFO] PluginManager:220 - loadIPPluginJar : add ltdc
2025-08-22 14:13:56,465 [INFO] IPUIPlugin:80 - create IPUIPlugin
2025-08-22 14:13:56,465 [INFO] PluginManager:220 - loadIPPluginJar : add mdma
2025-08-22 14:13:56,470 [INFO] IPUIPlugin:80 - create IPUIPlugin
2025-08-22 14:13:56,471 [INFO] PluginManager:220 - loadIPPluginJar : add nvic
2025-08-22 14:13:56,478 [INFO] IPUIPlugin:80 - create IPUIPlugin
2025-08-22 14:13:56,478 [INFO] PluginManager:220 - loadIPPluginJar : add opamp
2025-08-22 14:13:56,482 [INFO] IPUIPlugin:80 - create IPUIPlugin
2025-08-22 14:13:56,483 [INFO] PluginManager:220 - loadIPPluginJar : add openamp
2025-08-22 14:13:56,486 [INFO] IPUIPlugin:80 - create IPUIPlugin
2025-08-22 14:13:56,486 [INFO] PluginManager:220 - loadIPPluginJar : add pdm2pcm
2025-08-22 14:13:56,497 [INFO] IPUIPlugin:80 - create IPUIPlugin
2025-08-22 14:13:56,502 [INFO] PluginManager:220 - loadIPPluginJar : add plateformsettings
2025-08-22 14:13:56,504 [INFO] IPUIPlugin:80 - create IPUIPlugin
2025-08-22 14:13:56,505 [INFO] PluginManager:220 - loadIPPluginJar : add quadspi
2025-08-22 14:13:56,507 [INFO] IPUIPlugin:80 - create IPUIPlugin
2025-08-22 14:13:56,509 [INFO] PluginManager:220 - loadIPPluginJar : add radio
2025-08-22 14:13:56,514 [INFO] IPUIPlugin:80 - create IPUIPlugin
2025-08-22 14:13:56,514 [INFO] PluginManager:220 - loadIPPluginJar : add resmgrutility
2025-08-22 14:13:56,519 [INFO] IPUIPlugin:80 - create IPUIPlugin
2025-08-22 14:13:56,519 [INFO] PluginManager:220 - loadIPPluginJar : add sai
2025-08-22 14:13:56,524 [INFO] IPUIPlugin:80 - create IPUIPlugin
2025-08-22 14:13:56,524 [INFO] PluginManager:220 - loadIPPluginJar : add spi
2025-08-22 14:13:56,534 [INFO] IPUIPlugin:80 - create IPUIPlugin
2025-08-22 14:13:56,534 [INFO] PluginManager:220 - loadIPPluginJar : add stm32_wpan
2025-08-22 14:13:56,537 [INFO] IPUIPlugin:80 - create IPUIPlugin
2025-08-22 14:13:56,538 [INFO] PluginManager:220 - loadIPPluginJar : add tim
2025-08-22 14:13:56,544 [INFO] IPUIPlugin:80 - create IPUIPlugin
2025-08-22 14:13:56,544 [INFO] PluginManager:220 - loadIPPluginJar : add touchsensing
2025-08-22 14:13:56,547 [INFO] IPUIPlugin:80 - create IPUIPlugin
2025-08-22 14:13:56,548 [INFO] PluginManager:220 - loadIPPluginJar : add tracer_emb
2025-08-22 14:13:56,551 [INFO] IPUIPlugin:80 - create IPUIPlugin
2025-08-22 14:13:56,551 [INFO] PluginManager:220 - loadIPPluginJar : add ts
2025-08-22 14:13:56,554 [INFO] IPUIPlugin:80 - create IPUIPlugin
2025-08-22 14:13:56,555 [INFO] PluginManager:220 - loadIPPluginJar : add tsc
2025-08-22 14:13:56,561 [INFO] IPUIPlugin:80 - create IPUIPlugin
2025-08-22 14:13:56,561 [INFO] PluginManager:220 - loadIPPluginJar : add ucpd
2025-08-22 14:13:56,565 [INFO] IPUIPlugin:80 - create IPUIPlugin
2025-08-22 14:13:56,565 [INFO] PluginManager:220 - loadIPPluginJar : add usart
2025-08-22 14:13:56,570 [INFO] IPUIPlugin:80 - create IPUIPlugin
2025-08-22 14:13:56,570 [INFO] PluginManager:220 - loadIPPluginJar : add usbx
2025-08-22 14:13:56,732 [FATAL] Updater:351 - Updater called before beeing initialized
2025-08-22 14:13:56,828 [INFO] RulesReader:64 - Compatibility file has been processed (301 Rules)
2025-08-22 14:13:56,849 [INFO] RulesReader:64 - Compatibility file has been processed (301 Rules)
2025-08-22 14:13:56,864 [INFO] CADModel:165 - CPN selected for project level
2025-08-22 14:13:56,864 [INFO] CADModel:114 - Register for checkConnection events
2025-08-22 14:13:56,864 [FATAL] Updater:351 - Updater called before beeing initialized
2025-08-22 14:13:56,864 [ERROR] CADModel:125 - Updater not yet initialized, retry later 
2025-08-22 14:13:57,091 [FATAL] Updater:351 - Updater called before beeing initialized
2025-08-22 14:13:57,094 [INFO] CADModel:165 - CPN selected for project level
2025-08-22 14:13:57,094 [INFO] CADModel:114 - Register for checkConnection events
2025-08-22 14:13:57,094 [FATAL] Updater:351 - Updater called before beeing initialized
2025-08-22 14:13:57,095 [ERROR] CADModel:125 - Updater not yet initialized, retry later 
2025-08-22 14:13:57,099 [FATAL] Updater:351 - Updater called before beeing initialized
2025-08-22 14:13:57,380 [FATAL] Updater:351 - Updater called before beeing initialized
2025-08-22 14:13:57,388 [INFO] DbMcusAds:53 - JSON generation date=Thu Mar 06 15:54:21 CET 2025 (1741272861825)
2025-08-22 14:13:57,388 [FATAL] Updater:351 - Updater called before beeing initialized
2025-08-22 14:13:57,461 [WARN] DetailPanel:346 - Failed to get advertising image, set to default
2025-08-22 14:13:57,846 [FATAL] Updater:351 - Updater called before beeing initialized
2025-08-22 14:13:57,849 [FATAL] Updater:351 - Updater called before beeing initialized
2025-08-22 14:13:57,849 [FATAL] Updater:351 - Updater called before beeing initialized
2025-08-22 14:13:57,849 [WARN] DetailPanel:346 - Failed to get advertising image, set to default
2025-08-22 14:13:57,851 [FATAL] Updater:351 - Updater called before beeing initialized
2025-08-22 14:13:57,931 [ERROR] Updater:1198 - MainUpdater not yet initialized. External WinMGr cannot be set.
2025-08-22 14:13:57,934 [INFO] Updater:1134 - Updater Version found : 6.14.0
2025-08-22 14:13:57,965 [INFO] ApplicationProperties:184 - Using Application install path: C:\ST\STM32CubeIDE_1.18.0\STM32CubeIDE\plugins\com.st.stm32cube.common.mx_6.14.0.202502271554
2025-08-22 14:13:58,496 [INFO] ThirdPartyUpdaterWithRetryManager:70 - Updater plugin not ready yet. [2/15]
2025-08-22 14:13:59,574 [ERROR] LogOutputStream:75 - [STDERR_REDIRECT] Aug 22, 2025 2:13:59 PM java.util.prefs.WindowsPreferences <init>
2025-08-22 14:13:59,589 [ERROR] LogOutputStream:75 - [STDERR_REDIRECT] WARNING: Could not open/create prefs root node Software\JavaSoft\Prefs at root 0xffffffff80000002. Windows RegCreateKeyEx(...) returned error code 5.
2025-08-22 14:13:59,590 [ERROR] LogOutputStream:75 - [STDERR_REDIRECT] 
2025-08-22 14:14:00,482 [INFO] MainUpdater:2872 - connection check result : 10
2025-08-22 14:14:00,484 [INFO] MainUpdater:289 - Updater Check For Update Now.
2025-08-22 14:14:00,485 [INFO] MicroXplorer:498 - Change Database Version : DB.6.0.140
2025-08-22 14:14:00,502 [INFO] McuFinderGlobals:63 - Set McuFinder mode to 2 (CubeIDE integrated)
2025-08-22 14:14:00,505 [INFO] UserAuth:486 - Internet connection configuration mode: 1
2025-08-22 14:14:00,572 [INFO] JxBrowserEngine:152 - Initiate JxBrowser Engine with user profile folder
2025-08-22 14:14:00,775 [INFO] CheckServerUpdateThread:120 - End of CheckServer Thread
2025-08-22 14:14:02,109 [WARN] PackLoader:240 - Cannot read IP mode file for STMicroelectronics.FP-SNS-MOTENVWB1.1.4.0
2025-08-22 14:14:02,122 [WARN] PackLoader:240 - Cannot read IP mode file for STMicroelectronics.FP-ATR-ASTRA1.2.0.2
2025-08-22 14:14:02,487 [WARN] PackLoader:240 - Cannot read IP mode file for STMicroelectronics.X-CUBE-SMBUS.2.1.0
2025-08-22 14:14:02,503 [WARN] PackLoader:240 - Cannot read IP mode file for STMicroelectronics.X-CUBE-WB05N.1.1.0
2025-08-22 14:14:02,513 [WARN] PackLoader:240 - Cannot read IP mode file for STMicroelectronics.X-CUBE-ST60.1.0.0
2025-08-22 14:14:02,589 [WARN] PackLoader:240 - Cannot read IP mode file for STMicroelectronics.X-CUBE-AZRTOS-F7.1.1.0
2025-08-22 14:14:02,655 [WARN] PackLoader:240 - Cannot read IP mode file for Infineon.AIROC-Wi-Fi-Bluetooth-STM32.1.7.0
2025-08-22 14:14:02,736 [WARN] PackLoader:240 - Cannot read IP mode file for STMicroelectronics.X-CUBE-AZRTOS-H7.3.4.0
2025-08-22 14:14:02,751 [INFO] WebApp:169 - Instantiating new browser for Auth
2025-08-22 14:14:02,760 [WARN] PackLoader:240 - Cannot read IP mode file for STMicroelectronics.X-CUBE-DISPLAY.3.0.0
2025-08-22 14:14:02,781 [WARN] PackLoader:240 - Cannot read IP mode file for STMicroelectronics.X-CUBE-NFC10.1.0.0
2025-08-22 14:14:02,801 [WARN] PackLoader:240 - Cannot read IP mode file for STMicroelectronics.X-CUBE-BLEMGR.4.0.0
2025-08-22 14:14:02,815 [WARN] PackLoader:240 - Cannot read IP mode file for emotas.I-CUBE-CANOPEN.1.3.0
2025-08-22 14:14:02,904 [WARN] ConditionMgr:438 - getConditionDescription Invalid condition id : Cortex-A Device cause : null
2025-08-22 14:14:02,961 [WARN] ConditionMgr:1044 - genDependencies : Invalid condition id : Cortex-A Device cause : null
2025-08-22 14:14:02,961 [WARN] ConditionMgr:1044 - genDependencies : Invalid condition id : Cortex-A Device cause : null
2025-08-22 14:14:02,961 [WARN] ConditionMgr:1044 - genDependencies : Invalid condition id : Cortex-A Device cause : null
2025-08-22 14:14:02,973 [WARN] PackLoader:240 - Cannot read IP mode file for STMicroelectronics.X-CUBE-AI.10.0.0
2025-08-22 14:14:02,992 [ERROR] Engine:466 - C:\Users\pwlub\.stm32cubemx\thirdparties\pdsc\STMicroelectronics.FP-SNS-STBOX1.2.1.0.pdsc: PDSC version is not supported
2025-08-22 14:14:03,000 [WARN] PackLoader:240 - Cannot read IP mode file for STMicroelectronics.FP-SNS-SMARTAG2.1.2.0
2025-08-22 14:14:03,008 [WARN] PackLoader:240 - Cannot read IP mode file for STMicroelectronics.FP-SNS-FLIGHT1.5.1.0
2025-08-22 14:14:03,151 [WARN] PackLoader:240 - Cannot read IP mode file for STMicroelectronics.X-CUBE-MEMS1.11.1.0
2025-08-22 14:14:03,504 [INFO] LogOutputStream:77 - [STDOUT_REDIRECT] 1 : Invalid condition id : UX_CORESTACK_Condition cause : null
2025-08-22 14:14:03,505 [INFO] LogOutputStream:77 - [STDOUT_REDIRECT] 1 : Invalid condition id : UX_CORESTACK_Condition cause : null
2025-08-22 14:14:03,507 [INFO] LogOutputStream:77 - [STDOUT_REDIRECT] 1 : Invalid condition id : UX_CORESTACK_Condition cause : null
2025-08-22 14:14:03,509 [INFO] LogOutputStream:77 - [STDOUT_REDIRECT] 1 : Invalid condition id : UX_CORESTACK_Condition cause : null
2025-08-22 14:14:03,511 [INFO] LogOutputStream:77 - [STDOUT_REDIRECT] 1 : Invalid condition id : UX_CORESTACK_Condition cause : null
2025-08-22 14:14:03,515 [WARN] PackLoader:240 - Cannot read IP mode file for STMicroelectronics.X-CUBE-AZRTOS-WL.2.0.0
2025-08-22 14:14:03,523 [WARN] PackLoader:240 - Cannot read IP mode file for STMicroelectronics.FP-SNS-MOTENV1.5.0.0
2025-08-22 14:14:03,633 [WARN] PackLoader:240 - Cannot read IP mode file for WES.I-CUBE-Cesium.1.3.0
2025-08-22 14:14:03,668 [WARN] PackLoader:240 - Cannot read IP mode file for STMicroelectronics.X-CUBE-BLE2.3.3.0
2025-08-22 14:14:03,689 [WARN] PackLoader:240 - Cannot read IP mode file for STMicroelectronics.X-CUBE-NFC9.1.0.0
2025-08-22 14:14:03,711 [WARN] PackLoader:240 - Cannot read IP mode file for STMicroelectronics.X-CUBE-BLE1.7.1.0
2025-08-22 14:14:03,726 [WARN] PackLoader:240 - Cannot read IP mode file for STMicroelectronics.X-CUBE-EEPRMA1.5.2.0
2025-08-22 14:14:03,734 [WARN] PackLoader:240 - Cannot read IP mode file for STMicroelectronics.X-CUBE-AI.10.1.0
2025-08-22 14:14:03,906 [WARN] PackLoader:240 - Cannot read IP mode file for STMicroelectronics.X-CUBE-MEMS1.11.2.0
2025-08-22 14:14:04,266 [WARN] PackLoader:240 - Cannot read IP mode file for STMicroelectronics.X-CUBE-AZRTOS-G0.1.1.0
2025-08-22 14:14:04,283 [WARN] PackLoader:240 - Cannot read IP mode file for STMicroelectronics.X-CUBE-SAFEA1.1.2.2
2025-08-22 14:14:04,293 [WARN] PackLoader:240 - Cannot read IP mode file for STMicroelectronics.X-CUBE-NFC4.3.0.0
2025-08-22 14:14:04,311 [WARN] PackLoader:240 - Cannot read IP mode file for EmbeddedOffice.I-CUBE-FS-RTOS.1.0.1
2025-08-22 14:14:04,328 [WARN] PackLoader:240 - Cannot read IP mode file for STMicroelectronics.X-CUBE-WB05N.2.0.0
2025-08-22 14:14:04,338 [WARN] PackLoader:240 - Cannot read IP mode file for wolfSSL.I-CUBE-wolfTPM.3.8.0
2025-08-22 14:14:04,382 [WARN] PackLoader:240 - Cannot read IP mode file for STMicroelectronics.X-CUBE-TCPP.4.2.0
2025-08-22 14:14:04,396 [WARN] PackLoader:240 - Cannot read IP mode file for RealThread.X-CUBE-RT-Thread_Nano.4.1.1
2025-08-22 14:14:04,407 [WARN] PackLoader:240 - Cannot read IP mode file for STMicroelectronics.FP-ATR-SIGFOX1.3.2.0
2025-08-22 14:14:04,419 [WARN] PackLoader:240 - Cannot read IP mode file for STMicroelectronics.X-CUBE-EEPRMA1.5.1.0
2025-08-22 14:14:04,432 [WARN] PackLoader:240 - Cannot read IP mode file for ITTIA_DB.I-CUBE-ITTIADB.8.9.0
2025-08-22 14:14:04,443 [WARN] PackLoader:240 - Cannot read IP mode file for STMicroelectronics.X-CUBE-ST67W61.1.0.0
2025-08-22 14:14:04,452 [WARN] PackLoader:240 - Cannot read IP mode file for STMicroelectronics.X-CUBE-AI.10.2.0
2025-08-22 14:14:04,539 [WARN] PackLoader:240 - Cannot read IP mode file for SEGGER.I-CUBE-embOS.1.3.1
2025-08-22 14:14:04,599 [WARN] PackLoader:240 - Cannot read IP mode file for STMicroelectronics.X-CUBE-ALGOBUILD.1.4.0
2025-08-22 14:14:04,691 [WARN] PackLoader:240 - Cannot read IP mode file for STMicroelectronics.X-CUBE-MEMS1.11.3.0
2025-08-22 14:14:04,969 [WARN] PackLoader:240 - Cannot read IP mode file for STMicroelectronics.X-CUBE-PM33A1.1.0.0
2025-08-22 14:14:04,994 [WARN] PackLoader:240 - Cannot read IP mode file for STMicroelectronics.X-CUBE-AZRTOS-F4.1.1.0
2025-08-22 14:14:05,002 [WARN] PackLoader:240 - Cannot read IP mode file for Avnet-IotConnect.X-CUBE-IoTC-DA16k-PMOD.1.0.0
2025-08-22 14:14:05,009 [WARN] PackLoader:240 - Cannot read IP mode file for STMicroelectronics.X-CUBE-ISPU.2.1.0
2025-08-22 14:14:05,021 [WARN] PackLoader:240 - Cannot read IP mode file for STMicroelectronics.X-CUBE-NFC12.1.0.0
2025-08-22 14:14:05,047 [WARN] PackLoader:240 - Cannot read IP mode file for STMicroelectronics.X-CUBE-AZRTOS-L5.2.0.0
2025-08-22 14:14:05,060 [WARN] PackLoader:240 - Cannot read IP mode file for STMicroelectronics.X-CUBE-NFC6.3.1.0
2025-08-22 14:14:05,094 [WARN] PackLoader:240 - Cannot read IP mode file for STMicroelectronics.X-CUBE-DPower.1.2.0
2025-08-22 14:14:05,104 [WARN] PackLoader:240 - Cannot read IP mode file for STMicroelectronics.X-CUBE-FREERTOS.1.3.1
2025-08-22 14:14:05,111 [WARN] PackLoader:240 - Cannot read IP mode file for STMicroelectronics.X-CUBE-FREERTOS.1.3.0
2025-08-22 14:14:05,119 [WARN] PackLoader:240 - Cannot read IP mode file for STMicroelectronics.X-CUBE-NFC7.1.0.1
2025-08-22 14:14:05,128 [WARN] PackLoader:240 - Cannot read IP mode file for STMicroelectronics.FP-SNS-STAIOTCFT.1.0.0
2025-08-22 14:14:05,154 [WARN] ConditionMgr:438 - getConditionDescription Invalid condition id : LAN8742 Phy interface Condition cause : null
2025-08-22 14:14:05,155 [WARN] PackLoader:240 - Cannot read IP mode file for STMicroelectronics.X-CUBE-AZRTOS-L4.2.0.0
2025-08-22 14:14:05,157 [WARN] ConditionMgr:1044 - genDependencies : Invalid condition id : LAN8742 Phy interface Condition cause : null
2025-08-22 14:14:05,158 [WARN] ConditionMgr:1044 - genDependencies : Invalid condition id : LAN8742 Phy interface Condition cause : null
2025-08-22 14:14:05,159 [WARN] ConditionMgr:1044 - genDependencies : Invalid condition id : LAN8742 Phy interface Condition cause : null
2025-08-22 14:14:05,170 [WARN] PackLoader:240 - Cannot read IP mode file for STMicroelectronics.X-CUBE-SFXS2LP1.4.0.0
2025-08-22 14:14:05,203 [WARN] PackLoader:240 - Cannot read IP mode file for STMicroelectronics.X-CUBE-AZRTOS-H7.3.3.0
2025-08-22 14:14:05,221 [WARN] PackLoader:240 - Cannot read IP mode file for STMicroelectronics.X-CUBE-BLEMGR.4.1.0
2025-08-22 14:14:05,244 [WARN] ConditionMgr:438 - getConditionDescription Invalid condition id : UX DEVICE CLASS RTOS Condition cause : null
2025-08-22 14:14:05,244 [WARN] ConditionMgr:438 - getConditionDescription Invalid condition id : UX DEVICE CLASS RTOS Condition cause : null
2025-08-22 14:14:05,247 [WARN] PackLoader:240 - Cannot read IP mode file for STMicroelectronics.X-CUBE-AZRTOS-WB.2.0.0
2025-08-22 14:14:05,248 [WARN] ConditionMgr:1044 - genDependencies : Invalid condition id : UX DEVICE CLASS RTOS Condition cause : null
2025-08-22 14:14:05,249 [WARN] ConditionMgr:1044 - genDependencies : Invalid condition id : UX DEVICE CLASS RTOS Condition cause : null
2025-08-22 14:14:05,250 [WARN] ConditionMgr:1044 - genDependencies : Invalid condition id : UX DEVICE CLASS RTOS Condition cause : null
2025-08-22 14:14:05,250 [WARN] ConditionMgr:1044 - genDependencies : Invalid condition id : UX DEVICE CLASS RTOS Condition cause : null
2025-08-22 14:14:05,250 [WARN] ConditionMgr:1044 - genDependencies : Invalid condition id : UX DEVICE CLASS RTOS Condition cause : null
2025-08-22 14:14:05,259 [WARN] PackLoader:240 - Cannot read IP mode file for STMicroelectronics.X-CUBE-GNSS1.7.0.1
2025-08-22 14:14:05,267 [WARN] PackLoader:240 - Cannot read IP mode file for STMicroelectronics.X-CUBE-TOUCHGFX.4.25.0
2025-08-22 14:14:05,276 [WARN] PackLoader:240 - Cannot read IP mode file for STMicroelectronics.FP-SNS-STBOX1.2.0.0
2025-08-22 14:14:05,292 [WARN] PackLoader:240 - Cannot read IP mode file for STMicroelectronics.X-CUBE-SUBG2.5.0.0
2025-08-22 14:14:05,314 [WARN] PackLoader:240 - Cannot read IP mode file for Cesanta.I-CUBE-Mongoose.7.13.0
2025-08-22 14:14:05,369 [WARN] PackLoader:240 - Cannot read IP mode file for STMicroelectronics.X-CUBE-AZRTOS-G4.2.0.0
2025-08-22 14:14:05,380 [WARN] PackLoader:240 - Cannot read IP mode file for wolfSSL.I-CUBE-wolfSSH.1.4.20
2025-08-22 14:14:05,386 [WARN] PackLoader:240 - Cannot read IP mode file for STMicroelectronics.X-CUBE-NFC7.2.0.0
2025-08-22 14:14:05,402 [WARN] PackLoader:240 - Cannot read IP mode file for STMicroelectronics.X-CUBE-IPS.3.1.0
2025-08-22 14:14:05,416 [WARN] PackLoader:240 - Cannot read IP mode file for STMicroelectronics.X-CUBE-ALS.1.0.2
2025-08-22 14:14:05,424 [WARN] PackLoader:240 - Cannot read IP mode file for portGmbH.I-Cube-SoM-uGOAL.1.1.0
2025-08-22 14:14:05,473 [WARN] PackLoader:240 - Cannot read IP mode file for STMicroelectronics.X-CUBE-AZRTOS-H7RS.1.0.0
2025-08-22 14:14:05,492 [WARN] PackLoader:240 - Cannot read IP mode file for STMicroelectronics.X-CUBE-TOF1.3.4.2
2025-08-22 14:14:05,518 [WARN] PackLoader:240 - Cannot read IP mode file for STMicroelectronics.X-CUBE-TOF1.3.4.3
2025-08-22 14:14:05,533 [INFO] ThirdParty:978 - Integrity check success = true
2025-08-22 14:14:05,533 [INFO] IntegrityCheckThread:100 - exiting critical section [integrity check]
2025-08-22 14:14:05,533 [INFO] IntegrityCheckThread:103 - End integrity checks thread
2025-08-22 14:14:06,273 [INFO] WebApp:463 - Apply proxy settings
2025-08-22 14:14:06,274 [INFO] WebApp:548 - Chromium requires no authentication
2025-08-22 14:14:06,290 [INFO] WebApp:491 - Direct internet connection detected
2025-08-22 14:14:06,337 [INFO] WebApp:894 - Register for checkConnection events
2025-08-22 14:14:06,338 [INFO] WebApp:463 - Apply proxy settings
2025-08-22 14:14:06,338 [INFO] WebApp:548 - Chromium requires no authentication
2025-08-22 14:14:06,339 [INFO] WebApp:491 - Direct internet connection detected
2025-08-22 14:14:06,678 [INFO] WebApp:225 - Starting web application
2025-08-22 14:14:06,679 [INFO] WebApp:593 - Web application path used C:\ST\STM32CubeIDE_1.18.0\STM32CubeIDE\plugins\com.st.stm32cube.common.mx_6.14.0.202502271554\db\plugins\mcufinder\reactClient1\index.html
2025-08-22 14:14:06,853 [INFO] UserAuth:486 - Internet connection configuration mode: 1
2025-08-22 14:14:07,219 [INFO] WebApp:191 - Connection restablished
2025-08-22 14:14:07,586 [ERROR] LogOutputStream:75 - [STDERR_REDIRECT] Aug 22, 2025 2:14:07 PM org.glassfish.grizzly.http.server.NetworkListener start
2025-08-22 14:14:07,587 [ERROR] LogOutputStream:75 - [STDERR_REDIRECT] INFO: Started listener bound to [localhost:16721]
2025-08-22 14:14:07,588 [ERROR] LogOutputStream:75 - [STDERR_REDIRECT] 
2025-08-22 14:14:07,590 [ERROR] LogOutputStream:75 - [STDERR_REDIRECT] Aug 22, 2025 2:14:07 PM org.glassfish.grizzly.http.server.HttpServer start
2025-08-22 14:14:07,592 [ERROR] LogOutputStream:75 - [STDERR_REDIRECT] INFO: [HttpServer] Started.
2025-08-22 14:14:07,592 [ERROR] LogOutputStream:75 - [STDERR_REDIRECT] 
2025-08-22 15:40:01,987 [INFO] WebApp:194 - Connection lost
2025-08-22 15:40:20,881 [ERROR] ConfigurationRetriever:142 - IOException on connection: sw-center.st.com
2025-08-22 15:40:20,898 [ERROR] ConfigurationRetriever:142 - IOException on connection: sw-center.st.com
2025-08-22 15:40:20,915 [ERROR] ConfigurationRetriever:142 - IOException on connection: sw-center.st.com
