2025-05-20 20:44:04,666 [INFO] Activator:176 - 


2025-05-20 20:44:04,673 [INFO] Activator:177 - !SESSION log4j initialized
2025-05-20 20:44:15,428 [INFO] LogOutputStream:77 - [STDOUT_REDIRECT] 
2025-05-20 20:44:15,560 [INFO] LogOutputStream:77 - [STDOUT_REDIRECT] 
2025-05-20 20:44:24,618 [INFO] ApplicationProperties:184 - Using Application install path: C:\ST\STM32CubeIDE_1.18.0\STM32CubeIDE\plugins\com.st.stm32cube.common.mx_6.14.0.202502271554
2025-05-20 20:44:24,656 [INFO] DbMcusXml:78 - Set database path to: C:\ST\STM32CubeIDE_1.18.0\STM32CubeIDE\plugins\com.st.stm32cube.common.mx_6.14.0.202502271554\\db\/mcu/
2025-05-20 20:44:24,657 [INFO] ApiDb:274 - Set plugin database path to: C:\ST\STM32CubeIDE_1.18.0\STM32CubeIDE\plugins\com.st.stm32cube.common.mx_6.14.0.202502271554\\db\/plugins/boardmanager/
2025-05-20 20:44:24,657 [WARN] ApiDb:259 - Overriding images path with different value:  => C:\ST\STM32CubeIDE_1.18.0\STM32CubeIDE\plugins\com.st.stm32cube.common.mx_6.14.0.202502271554\\db\/plugins/mcufinder/images/
2025-05-20 20:44:24,690 [INFO] ApiDb:250 - Set database path to: C:\Users\pwlub\.stmcufinder\plugins\mcufinder//mcu/
2025-05-20 20:44:24,691 [INFO] DbMcusAds:125 - Set database path to: C:\Users\pwlub\.stmcufinder\plugins\mcufinder//mcu/
2025-05-20 20:44:24,695 [INFO] CrossReferenceDbSqlite:203 - Set database path to: C:\Users\pwlub\.stmcufinder\plugins\mcufinder//mcu/cs/
2025-05-20 20:44:24,909 [INFO] RulesReader:64 - Compatibility file has been processed (301 Rules)
2025-05-20 20:44:25,012 [INFO] DbMcusXml:78 - Set database path to: C:\ST\STM32CubeIDE_1.18.0\STM32CubeIDE\plugins\com.st.stm32cube.common.mx_6.14.0.202502271554\\db\/mcu/
2025-05-20 20:44:25,012 [INFO] ApiDb:274 - Set plugin database path to: C:\ST\STM32CubeIDE_1.18.0\STM32CubeIDE\plugins\com.st.stm32cube.common.mx_6.14.0.202502271554\\db\/plugins/boardmanager/
2025-05-20 20:44:25,012 [INFO] ApiDb:261 - Set plugin images path to: C:\ST\STM32CubeIDE_1.18.0\STM32CubeIDE\plugins\com.st.stm32cube.common.mx_6.14.0.202502271554\\db\/plugins/mcufinder/images/
2025-05-20 20:44:25,013 [WARN] DbFile:41 - Overriding database path with different value: C:\Users\pwlub\.stmcufinder\plugins\mcufinder/ => C:\Users\pwlub\.stmcufinder\plugins\mcufinder
2025-05-20 20:44:25,013 [INFO] ApiDb:250 - Set database path to: C:\Users\pwlub\.stmcufinder\plugins\mcufinder//mcu/
2025-05-20 20:44:25,013 [WARN] DbFile:41 - Overriding database path with different value: C:\Users\pwlub\.stmcufinder\plugins\mcufinder/ => C:\Users\pwlub\.stmcufinder\plugins\mcufinder
2025-05-20 20:44:25,013 [INFO] DbMcusAds:125 - Set database path to: C:\Users\pwlub\.stmcufinder\plugins\mcufinder//mcu/
2025-05-20 20:44:25,013 [WARN] DbFile:41 - Overriding database path with different value: C:\Users\pwlub\.stmcufinder\plugins\mcufinder/ => C:\Users\pwlub\.stmcufinder\plugins\mcufinder
2025-05-20 20:44:25,013 [WARN] DbFile:41 - Overriding database path with different value: C:\Users\pwlub\.stmcufinder\plugins\mcufinder/ => C:\Users\pwlub\.stmcufinder\plugins\mcufinder
2025-05-20 20:44:25,013 [INFO] CrossReferenceDbSqlite:203 - Set database path to: C:\Users\pwlub\.stmcufinder\plugins\mcufinder//mcu/cs/
2025-05-20 20:44:25,184 [INFO] MainPanel:272 - HeapMemory: 273678336
2025-05-20 20:44:25,364 [INFO] DbMcusXml:78 - Set database path to: C:\ST\STM32CubeIDE_1.18.0\STM32CubeIDE\plugins\com.st.stm32cube.common.mx_6.14.0.202502271554\\db\/mcu/
2025-05-20 20:44:25,364 [INFO] ApiDb:274 - Set plugin database path to: C:\ST\STM32CubeIDE_1.18.0\STM32CubeIDE\plugins\com.st.stm32cube.common.mx_6.14.0.202502271554\\db\/plugins/boardmanager/
2025-05-20 20:44:25,364 [INFO] ApiDb:261 - Set plugin images path to: C:\ST\STM32CubeIDE_1.18.0\STM32CubeIDE\plugins\com.st.stm32cube.common.mx_6.14.0.202502271554\\db\/plugins/mcufinder/images/
2025-05-20 20:44:25,365 [WARN] DbFile:41 - Overriding database path with different value: C:\Users\pwlub\.stmcufinder\plugins\mcufinder/ => C:\Users\pwlub\.stmcufinder\plugins\mcufinder
2025-05-20 20:44:25,365 [INFO] ApiDb:250 - Set database path to: C:\Users\pwlub\.stmcufinder\plugins\mcufinder//mcu/
2025-05-20 20:44:25,365 [WARN] DbFile:41 - Overriding database path with different value: C:\Users\pwlub\.stmcufinder\plugins\mcufinder/ => C:\Users\pwlub\.stmcufinder\plugins\mcufinder
2025-05-20 20:44:25,365 [INFO] DbMcusAds:125 - Set database path to: C:\Users\pwlub\.stmcufinder\plugins\mcufinder//mcu/
2025-05-20 20:44:25,365 [WARN] DbFile:41 - Overriding database path with different value: C:\Users\pwlub\.stmcufinder\plugins\mcufinder/ => C:\Users\pwlub\.stmcufinder\plugins\mcufinder
2025-05-20 20:44:25,365 [WARN] DbFile:41 - Overriding database path with different value: C:\Users\pwlub\.stmcufinder\plugins\mcufinder/ => C:\Users\pwlub\.stmcufinder\plugins\mcufinder
2025-05-20 20:44:25,366 [INFO] CrossReferenceDbSqlite:203 - Set database path to: C:\Users\pwlub\.stmcufinder\plugins\mcufinder//mcu/cs/
2025-05-20 20:44:25,395 [INFO] ApplicationProperties:184 - Using Application install path: C:\ST\STM32CubeIDE_1.18.0\STM32CubeIDE\plugins\com.st.stm32cube.common.mx_6.14.0.202502271554
2025-05-20 20:44:25,397 [INFO] PluginManage:196 - Search for loadable plugins [exclusion list=, ]
2025-05-20 20:44:25,399 [INFO] PluginManage:310 - Check plugin analytics
2025-05-20 20:44:30,280 [INFO] AnalyticsPlugin:253 - Accepted Software Licenses: STM32CubeMX.6.14.0
2025-05-20 20:44:30,280 [INFO] AnalyticsPlugin:255 - Accepted CMSIS Pack Licenses: 
2025-05-20 20:44:30,280 [INFO] AnalyticsPlugin:257 - Accepted Firmware Licenses: FW.G4.1.5.0,FW.G4.1.6.0
2025-05-20 20:44:30,286 [INFO] PluginManage:359 - Loaded plugin analytics (category:tool,tabindex:-1)
2025-05-20 20:44:30,286 [INFO] PluginManage:310 - Check plugin cadmodel
2025-05-20 20:44:30,298 [INFO] CADModel:105 - Init CAD model plugin
2025-05-20 20:44:30,298 [INFO] PluginManage:359 - Loaded plugin cadmodel (category:power,tabindex:5)
2025-05-20 20:44:30,299 [INFO] PluginManage:310 - Check plugin clock
2025-05-20 20:44:30,315 [INFO] PluginManage:359 - Loaded plugin clock (category:base,tabindex:2)
2025-05-20 20:44:30,316 [INFO] PluginManage:310 - Check plugin ddr
2025-05-20 20:44:30,319 [INFO] PluginManage:359 - Loaded plugin ddr (category:tool,tabindex:6)
2025-05-20 20:44:30,320 [INFO] PluginManage:310 - Check plugin filemanager
2025-05-20 20:44:30,549 [INFO] PluginManage:359 - Loaded plugin filemanager (category:base,tabindex:10)
2025-05-20 20:44:30,549 [INFO] PluginManage:310 - Check plugin ipmanager
2025-05-20 20:44:30,560 [INFO] PluginManage:359 - Loaded plugin ipmanager (category:base,tabindex:5)
2025-05-20 20:44:30,561 [INFO] PluginManage:310 - Check plugin lpbam
2025-05-20 20:44:30,573 [INFO] PluginManage:359 - Loaded plugin lpbam (category:base,tabindex:0)
2025-05-20 20:44:30,573 [INFO] PluginManage:310 - Check plugin memorymap
2025-05-20 20:44:30,598 [INFO] PluginManage:359 - Loaded plugin memorymap (category:base,tabindex:4)
2025-05-20 20:44:30,599 [INFO] PluginManage:310 - Check plugin pinoutandconfiguration
2025-05-20 20:44:30,615 [INFO] PluginManage:359 - Loaded plugin pinoutandconfiguration (category:base,tabindex:1)
2025-05-20 20:44:30,615 [INFO] PluginManage:310 - Check plugin pinoutconfig
2025-05-20 20:44:30,780 [WARN] SupportedApi:132 - Cannot load RTOS API schema: s4s-elt-must-match.1: The content of 'definitions' must match (annotation?, (simpleType | complexType)?, (unique | key | keyref)*)). A problem was found starting at: attribute.
2025-05-20 20:44:31,050 [INFO] PluginManage:359 - Loaded plugin pinoutconfig (category:base,tabindex:0)
2025-05-20 20:44:31,050 [INFO] PluginManage:310 - Check plugin power
2025-05-20 20:44:31,071 [INFO] PluginManage:359 - Loaded plugin power (category:power,tabindex:4)
2025-05-20 20:44:31,072 [INFO] PluginManage:310 - Check plugin projectmanager
2025-05-20 20:44:31,101 [INFO] PluginManage:359 - Loaded plugin projectmanager (category:projectmanager,tabindex:4)
2025-05-20 20:44:31,101 [INFO] PluginManage:310 - Check plugin rif
2025-05-20 20:44:31,118 [INFO] PluginManage:359 - Loaded plugin rif (category:base,tabindex:3)
2025-05-20 20:44:31,119 [INFO] PluginManage:310 - Check plugin thirdparty
2025-05-20 20:44:31,413 [INFO] PluginManage:359 - Loaded plugin thirdparty (category:base,tabindex:-1)
2025-05-20 20:44:31,413 [INFO] PluginManage:310 - Check plugin tools
2025-05-20 20:44:31,414 [WARN] IntegrityCheckThread:84 - waiting for thirdparty lock release [integrity check]
2025-05-20 20:44:31,415 [INFO] IntegrityCheckThread:86 - entering critical section [integrity check]
2025-05-20 20:44:31,415 [INFO] ThirdPartyUpdaterWithRetryManager:70 - Updater plugin not ready yet. [1/15]
2025-05-20 20:44:31,418 [INFO] PluginManage:359 - Loaded plugin tools (category:base,tabindex:7)
2025-05-20 20:44:31,418 [INFO] PluginManage:310 - Check plugin tutovideos
2025-05-20 20:44:31,702 [INFO] PluginManage:359 - Loaded plugin tutovideos (category:base,tabindex:-1)
2025-05-20 20:44:31,702 [INFO] PluginManage:310 - Check plugin updater
2025-05-20 20:44:31,740 [INFO] PluginManage:359 - Loaded plugin updater (category:base,tabindex:12)
2025-05-20 20:44:31,740 [INFO] PluginManage:310 - Check plugin userauth
2025-05-20 20:44:31,747 [INFO] UserAuth:118 - Init User Auth plugin
2025-05-20 20:44:31,748 [INFO] PluginManage:359 - Loaded plugin userauth (category:base,tabindex:14)
2025-05-20 20:44:31,749 [INFO] PluginManage:283 - PluginManage : Loaded plugins [18]
2025-05-20 20:44:32,151 [INFO] PinOutPanel:1589 - setPackage(No Configuration,No Configuration)
2025-05-20 20:44:32,302 [INFO] CADModel:165 - CPN selected for project level
2025-05-20 20:44:32,302 [INFO] CADModel:114 - Register for checkConnection events
2025-05-20 20:44:32,336 [INFO] IPUIPlugin:80 - create IPUIPlugin
2025-05-20 20:44:32,337 [INFO] PluginManager:220 - loadIPPluginJar : add adc
2025-05-20 20:44:32,343 [INFO] IPUIPlugin:80 - create IPUIPlugin
2025-05-20 20:44:32,344 [INFO] PluginManager:220 - loadIPPluginJar : add aes
2025-05-20 20:44:32,349 [INFO] IPUIPlugin:80 - create IPUIPlugin
2025-05-20 20:44:32,350 [INFO] PluginManager:220 - loadIPPluginJar : add can
2025-05-20 20:44:32,353 [INFO] IPUIPlugin:80 - create IPUIPlugin
2025-05-20 20:44:32,353 [INFO] PluginManager:220 - loadIPPluginJar : add comp
2025-05-20 20:44:32,356 [INFO] IPUIPlugin:80 - create IPUIPlugin
2025-05-20 20:44:32,357 [INFO] PluginManager:220 - loadIPPluginJar : add cryp
2025-05-20 20:44:32,363 [INFO] IPUIPlugin:80 - create IPUIPlugin
2025-05-20 20:44:32,363 [INFO] PluginManager:220 - loadIPPluginJar : add ddr_ctrl_phy
2025-05-20 20:44:32,368 [INFO] IPUIPlugin:80 - create IPUIPlugin
2025-05-20 20:44:32,368 [INFO] PluginManager:220 - loadIPPluginJar : add dfsdm
2025-05-20 20:44:32,377 [INFO] IPUIPlugin:80 - create IPUIPlugin
2025-05-20 20:44:32,378 [INFO] PluginManager:220 - loadIPPluginJar : add dma
2025-05-20 20:44:32,384 [INFO] IPUIPlugin:80 - create IPUIPlugin
2025-05-20 20:44:32,384 [INFO] PluginManager:220 - loadIPPluginJar : add dma3
2025-05-20 20:44:32,391 [INFO] IPUIPlugin:80 - create IPUIPlugin
2025-05-20 20:44:32,392 [INFO] PluginManager:220 - loadIPPluginJar : add extmemmanager
2025-05-20 20:44:32,396 [INFO] IPUIPlugin:80 - create IPUIPlugin
2025-05-20 20:44:32,397 [INFO] PluginManager:220 - loadIPPluginJar : add fatfs
2025-05-20 20:44:32,405 [INFO] IPUIPlugin:80 - create IPUIPlugin
2025-05-20 20:44:32,405 [INFO] PluginManager:220 - loadIPPluginJar : add fmc
2025-05-20 20:44:32,413 [INFO] IPUIPlugin:80 - create IPUIPlugin
2025-05-20 20:44:32,414 [INFO] PluginManager:220 - loadIPPluginJar : add freertos
2025-05-20 20:44:32,417 [INFO] IPUIPlugin:80 - create IPUIPlugin
2025-05-20 20:44:32,417 [INFO] PluginManager:220 - loadIPPluginJar : add genericplugin
2025-05-20 20:44:32,421 [INFO] IPUIPlugin:80 - create IPUIPlugin
2025-05-20 20:44:32,422 [INFO] PluginManager:220 - loadIPPluginJar : add gfxmmu
2025-05-20 20:44:32,430 [INFO] IPUIPlugin:80 - create IPUIPlugin
2025-05-20 20:44:32,430 [INFO] PluginManager:220 - loadIPPluginJar : add gic
2025-05-20 20:44:32,437 [INFO] IPUIPlugin:80 - create IPUIPlugin
2025-05-20 20:44:32,437 [INFO] PluginManager:220 - loadIPPluginJar : add gpio
2025-05-20 20:44:32,442 [INFO] IPUIPlugin:80 - create IPUIPlugin
2025-05-20 20:44:32,443 [INFO] PluginManager:220 - loadIPPluginJar : add gtzc
2025-05-20 20:44:32,448 [INFO] IPUIPlugin:80 - create IPUIPlugin
2025-05-20 20:44:32,448 [INFO] PluginManager:220 - loadIPPluginJar : add hash
2025-05-20 20:44:32,453 [INFO] IPUIPlugin:80 - create IPUIPlugin
2025-05-20 20:44:32,454 [INFO] PluginManager:220 - loadIPPluginJar : add i2c
2025-05-20 20:44:32,459 [INFO] IPUIPlugin:80 - create IPUIPlugin
2025-05-20 20:44:32,459 [INFO] PluginManager:220 - loadIPPluginJar : add i2s
2025-05-20 20:44:32,466 [INFO] IPUIPlugin:80 - create IPUIPlugin
2025-05-20 20:44:32,466 [INFO] PluginManager:220 - loadIPPluginJar : add i3c
2025-05-20 20:44:32,473 [INFO] IPUIPlugin:80 - create IPUIPlugin
2025-05-20 20:44:32,474 [INFO] PluginManager:220 - loadIPPluginJar : add ipddr
2025-05-20 20:44:32,487 [INFO] IPUIPlugin:80 - create IPUIPlugin
2025-05-20 20:44:32,487 [INFO] PluginManager:220 - loadIPPluginJar : add linkedlist
2025-05-20 20:44:32,494 [INFO] IPUIPlugin:80 - create IPUIPlugin
2025-05-20 20:44:32,494 [INFO] PluginManager:220 - loadIPPluginJar : add lorawan
2025-05-20 20:44:32,498 [INFO] IPUIPlugin:80 - create IPUIPlugin
2025-05-20 20:44:32,499 [INFO] PluginManager:220 - loadIPPluginJar : add ltdc
2025-05-20 20:44:32,508 [INFO] IPUIPlugin:80 - create IPUIPlugin
2025-05-20 20:44:32,508 [INFO] PluginManager:220 - loadIPPluginJar : add mdma
2025-05-20 20:44:32,514 [INFO] IPUIPlugin:80 - create IPUIPlugin
2025-05-20 20:44:32,514 [INFO] PluginManager:220 - loadIPPluginJar : add nvic
2025-05-20 20:44:32,520 [INFO] IPUIPlugin:80 - create IPUIPlugin
2025-05-20 20:44:32,521 [INFO] PluginManager:220 - loadIPPluginJar : add opamp
2025-05-20 20:44:32,527 [INFO] IPUIPlugin:80 - create IPUIPlugin
2025-05-20 20:44:32,527 [INFO] PluginManager:220 - loadIPPluginJar : add openamp
2025-05-20 20:44:32,533 [INFO] IPUIPlugin:80 - create IPUIPlugin
2025-05-20 20:44:32,533 [INFO] PluginManager:220 - loadIPPluginJar : add pdm2pcm
2025-05-20 20:44:32,542 [INFO] IPUIPlugin:80 - create IPUIPlugin
2025-05-20 20:44:32,545 [INFO] PluginManager:220 - loadIPPluginJar : add plateformsettings
2025-05-20 20:44:32,548 [INFO] IPUIPlugin:80 - create IPUIPlugin
2025-05-20 20:44:32,548 [INFO] PluginManager:220 - loadIPPluginJar : add quadspi
2025-05-20 20:44:32,550 [INFO] IPUIPlugin:80 - create IPUIPlugin
2025-05-20 20:44:32,551 [INFO] PluginManager:220 - loadIPPluginJar : add radio
2025-05-20 20:44:32,558 [INFO] IPUIPlugin:80 - create IPUIPlugin
2025-05-20 20:44:32,558 [INFO] PluginManager:220 - loadIPPluginJar : add resmgrutility
2025-05-20 20:44:32,563 [INFO] IPUIPlugin:80 - create IPUIPlugin
2025-05-20 20:44:32,563 [INFO] PluginManager:220 - loadIPPluginJar : add sai
2025-05-20 20:44:32,567 [INFO] IPUIPlugin:80 - create IPUIPlugin
2025-05-20 20:44:32,568 [INFO] PluginManager:220 - loadIPPluginJar : add spi
2025-05-20 20:44:32,577 [INFO] IPUIPlugin:80 - create IPUIPlugin
2025-05-20 20:44:32,577 [INFO] PluginManager:220 - loadIPPluginJar : add stm32_wpan
2025-05-20 20:44:32,583 [INFO] IPUIPlugin:80 - create IPUIPlugin
2025-05-20 20:44:32,583 [INFO] PluginManager:220 - loadIPPluginJar : add tim
2025-05-20 20:44:32,590 [INFO] IPUIPlugin:80 - create IPUIPlugin
2025-05-20 20:44:32,590 [INFO] PluginManager:220 - loadIPPluginJar : add touchsensing
2025-05-20 20:44:32,595 [INFO] IPUIPlugin:80 - create IPUIPlugin
2025-05-20 20:44:32,595 [INFO] PluginManager:220 - loadIPPluginJar : add tracer_emb
2025-05-20 20:44:32,604 [INFO] IPUIPlugin:80 - create IPUIPlugin
2025-05-20 20:44:32,605 [INFO] PluginManager:220 - loadIPPluginJar : add ts
2025-05-20 20:44:32,609 [INFO] IPUIPlugin:80 - create IPUIPlugin
2025-05-20 20:44:32,609 [INFO] PluginManager:220 - loadIPPluginJar : add tsc
2025-05-20 20:44:32,614 [INFO] IPUIPlugin:80 - create IPUIPlugin
2025-05-20 20:44:32,614 [INFO] PluginManager:220 - loadIPPluginJar : add ucpd
2025-05-20 20:44:32,618 [INFO] IPUIPlugin:80 - create IPUIPlugin
2025-05-20 20:44:32,619 [INFO] PluginManager:220 - loadIPPluginJar : add usart
2025-05-20 20:44:32,624 [INFO] IPUIPlugin:80 - create IPUIPlugin
2025-05-20 20:44:32,625 [INFO] PluginManager:220 - loadIPPluginJar : add usbx
2025-05-20 20:44:32,813 [FATAL] Updater:351 - Updater called before beeing initialized
2025-05-20 20:44:32,858 [INFO] RulesReader:64 - Compatibility file has been processed (301 Rules)
2025-05-20 20:44:32,883 [INFO] RulesReader:64 - Compatibility file has been processed (301 Rules)
2025-05-20 20:44:32,894 [INFO] CADModel:165 - CPN selected for project level
2025-05-20 20:44:32,894 [INFO] CADModel:114 - Register for checkConnection events
2025-05-20 20:44:32,894 [FATAL] Updater:351 - Updater called before beeing initialized
2025-05-20 20:44:32,894 [ERROR] CADModel:125 - Updater not yet initialized, retry later 
2025-05-20 20:44:33,149 [FATAL] Updater:351 - Updater called before beeing initialized
2025-05-20 20:44:33,152 [INFO] CADModel:165 - CPN selected for project level
2025-05-20 20:44:33,152 [INFO] CADModel:114 - Register for checkConnection events
2025-05-20 20:44:33,153 [FATAL] Updater:351 - Updater called before beeing initialized
2025-05-20 20:44:33,153 [ERROR] CADModel:125 - Updater not yet initialized, retry later 
2025-05-20 20:44:33,157 [FATAL] Updater:351 - Updater called before beeing initialized
2025-05-20 20:44:33,463 [FATAL] Updater:351 - Updater called before beeing initialized
2025-05-20 20:44:33,484 [INFO] DbMcusAds:53 - JSON generation date=Thu Mar 06 15:54:21 CET 2025 (1741272861825)
2025-05-20 20:44:33,485 [FATAL] Updater:351 - Updater called before beeing initialized
2025-05-20 20:44:33,553 [WARN] DetailPanel:346 - Failed to get advertising image, set to default
2025-05-20 20:44:33,883 [FATAL] Updater:351 - Updater called before beeing initialized
2025-05-20 20:44:33,885 [FATAL] Updater:351 - Updater called before beeing initialized
2025-05-20 20:44:33,885 [FATAL] Updater:351 - Updater called before beeing initialized
2025-05-20 20:44:33,886 [WARN] DetailPanel:346 - Failed to get advertising image, set to default
2025-05-20 20:44:33,887 [FATAL] Updater:351 - Updater called before beeing initialized
2025-05-20 20:44:33,963 [ERROR] Updater:1198 - MainUpdater not yet initialized. External WinMGr cannot be set.
2025-05-20 20:44:33,966 [INFO] Updater:1134 - Updater Version found : 6.14.0
2025-05-20 20:44:33,993 [INFO] ApplicationProperties:184 - Using Application install path: C:\ST\STM32CubeIDE_1.18.0\STM32CubeIDE\plugins\com.st.stm32cube.common.mx_6.14.0.202502271554
2025-05-20 20:44:34,417 [INFO] ThirdPartyUpdaterWithRetryManager:70 - Updater plugin not ready yet. [2/15]
2025-05-20 20:44:35,591 [ERROR] LogOutputStream:75 - [STDERR_REDIRECT] May 20, 2025 8:44:35 PM java.util.prefs.WindowsPreferences <init>
2025-05-20 20:44:35,601 [ERROR] LogOutputStream:75 - [STDERR_REDIRECT] WARNING: Could not open/create prefs root node Software\JavaSoft\Prefs at root 0xffffffff80000002. Windows RegCreateKeyEx(...) returned error code 5.
2025-05-20 20:44:35,602 [ERROR] LogOutputStream:75 - [STDERR_REDIRECT] 
2025-05-20 20:44:36,342 [INFO] MainUpdater:2872 - connection check result : 10
2025-05-20 20:44:36,343 [INFO] MainUpdater:289 - Updater Check For Update Now.
2025-05-20 20:44:36,344 [INFO] MicroXplorer:498 - Change Database Version : DB.6.0.140
2025-05-20 20:44:36,357 [INFO] McuFinderGlobals:63 - Set McuFinder mode to 2 (CubeIDE integrated)
2025-05-20 20:44:36,371 [INFO] UserAuth:486 - Internet connection configuration mode: 1
2025-05-20 20:44:36,424 [INFO] JxBrowserEngine:152 - Initiate JxBrowser Engine with user profile folder
2025-05-20 20:44:36,724 [INFO] CheckServerUpdateThread:120 - End of CheckServer Thread
2025-05-20 20:44:38,077 [WARN] PackLoader:240 - Cannot read IP mode file for STMicroelectronics.FP-SNS-MOTENVWB1.1.4.0
2025-05-20 20:44:38,116 [WARN] PackLoader:240 - Cannot read IP mode file for STMicroelectronics.FP-ATR-ASTRA1.2.0.2
2025-05-20 20:44:38,152 [WARN] PackLoader:240 - Cannot read IP mode file for STMicroelectronics.X-CUBE-SMBUS.2.1.0
2025-05-20 20:44:38,204 [WARN] PackLoader:240 - Cannot read IP mode file for STMicroelectronics.X-CUBE-WB05N.1.1.0
2025-05-20 20:44:38,295 [WARN] PackLoader:240 - Cannot read IP mode file for STMicroelectronics.X-CUBE-AZRTOS-F7.1.1.0
2025-05-20 20:44:38,389 [WARN] PackLoader:240 - Cannot read IP mode file for Infineon.AIROC-Wi-Fi-Bluetooth-STM32.1.7.0
2025-05-20 20:44:38,436 [WARN] PackLoader:240 - Cannot read IP mode file for STMicroelectronics.X-CUBE-DISPLAY.3.0.0
2025-05-20 20:44:38,477 [WARN] PackLoader:240 - Cannot read IP mode file for STMicroelectronics.X-CUBE-NFC10.1.0.0
2025-05-20 20:44:38,516 [WARN] PackLoader:240 - Cannot read IP mode file for STMicroelectronics.X-CUBE-BLEMGR.4.0.0
2025-05-20 20:44:38,548 [WARN] PackLoader:240 - Cannot read IP mode file for emotas.I-CUBE-CANOPEN.1.3.0
2025-05-20 20:44:38,576 [WARN] ConditionMgr:438 - getConditionDescription Invalid condition id : Cortex-A Device cause : null
2025-05-20 20:44:38,641 [WARN] ConditionMgr:1044 - genDependencies : Invalid condition id : Cortex-A Device cause : null
2025-05-20 20:44:38,641 [WARN] ConditionMgr:1044 - genDependencies : Invalid condition id : Cortex-A Device cause : null
2025-05-20 20:44:38,642 [WARN] ConditionMgr:1044 - genDependencies : Invalid condition id : Cortex-A Device cause : null
2025-05-20 20:44:38,672 [WARN] PackLoader:240 - Cannot read IP mode file for STMicroelectronics.X-CUBE-AI.10.0.0
2025-05-20 20:44:38,699 [WARN] PackLoader:240 - Cannot read IP mode file for STMicroelectronics.FP-SNS-SMARTAG2.1.2.0
2025-05-20 20:44:38,724 [WARN] PackLoader:240 - Cannot read IP mode file for STMicroelectronics.FP-SNS-FLIGHT1.5.1.0
2025-05-20 20:44:38,885 [WARN] PackLoader:240 - Cannot read IP mode file for STMicroelectronics.X-CUBE-MEMS1.11.1.0
2025-05-20 20:44:39,065 [INFO] WebApp:169 - Instantiating new browser for Auth
2025-05-20 20:44:39,254 [INFO] LogOutputStream:77 - [STDOUT_REDIRECT] 1 : Invalid condition id : UX_CORESTACK_Condition cause : null
2025-05-20 20:44:39,255 [INFO] LogOutputStream:77 - [STDOUT_REDIRECT] 1 : Invalid condition id : UX_CORESTACK_Condition cause : null
2025-05-20 20:44:39,258 [INFO] LogOutputStream:77 - [STDOUT_REDIRECT] 1 : Invalid condition id : UX_CORESTACK_Condition cause : null
2025-05-20 20:44:39,260 [INFO] LogOutputStream:77 - [STDOUT_REDIRECT] 1 : Invalid condition id : UX_CORESTACK_Condition cause : null
2025-05-20 20:44:39,262 [INFO] LogOutputStream:77 - [STDOUT_REDIRECT] 1 : Invalid condition id : UX_CORESTACK_Condition cause : null
2025-05-20 20:44:39,267 [WARN] PackLoader:240 - Cannot read IP mode file for STMicroelectronics.X-CUBE-AZRTOS-WL.2.0.0
2025-05-20 20:44:39,295 [WARN] PackLoader:240 - Cannot read IP mode file for STMicroelectronics.FP-SNS-MOTENV1.5.0.0
2025-05-20 20:44:39,358 [WARN] PackLoader:240 - Cannot read IP mode file for WES.I-CUBE-Cesium.1.3.0
2025-05-20 20:44:39,385 [WARN] PackLoader:240 - Cannot read IP mode file for STMicroelectronics.X-CUBE-BLE2.3.3.0
2025-05-20 20:44:39,412 [WARN] PackLoader:240 - Cannot read IP mode file for STMicroelectronics.X-CUBE-NFC9.1.0.0
2025-05-20 20:44:39,439 [WARN] PackLoader:240 - Cannot read IP mode file for STMicroelectronics.X-CUBE-BLE1.7.1.0
2025-05-20 20:44:39,622 [WARN] PackLoader:240 - Cannot read IP mode file for STMicroelectronics.X-CUBE-MEMS1.11.2.0
2025-05-20 20:44:39,877 [WARN] PackLoader:240 - Cannot read IP mode file for STMicroelectronics.X-CUBE-AZRTOS-G0.1.1.0
2025-05-20 20:44:39,996 [WARN] PackLoader:240 - Cannot read IP mode file for STMicroelectronics.X-CUBE-SAFEA1.1.2.2
2025-05-20 20:44:40,026 [WARN] PackLoader:240 - Cannot read IP mode file for STMicroelectronics.X-CUBE-NFC4.3.0.0
2025-05-20 20:44:40,060 [WARN] PackLoader:240 - Cannot read IP mode file for EmbeddedOffice.I-CUBE-FS-RTOS.1.0.1
2025-05-20 20:44:40,090 [WARN] PackLoader:240 - Cannot read IP mode file for STMicroelectronics.X-CUBE-WB05N.2.0.0
2025-05-20 20:44:40,123 [WARN] PackLoader:240 - Cannot read IP mode file for wolfSSL.I-CUBE-wolfTPM.3.8.0
2025-05-20 20:44:40,146 [WARN] PackLoader:240 - Cannot read IP mode file for STMicroelectronics.X-CUBE-TCPP.4.2.0
2025-05-20 20:44:40,175 [WARN] PackLoader:240 - Cannot read IP mode file for RealThread.X-CUBE-RT-Thread_Nano.4.1.1
2025-05-20 20:44:40,199 [WARN] PackLoader:240 - Cannot read IP mode file for STMicroelectronics.FP-ATR-SIGFOX1.3.2.0
2025-05-20 20:44:40,224 [WARN] PackLoader:240 - Cannot read IP mode file for STMicroelectronics.X-CUBE-EEPRMA1.5.1.0
2025-05-20 20:44:40,274 [WARN] PackLoader:240 - Cannot read IP mode file for ITTIA_DB.I-CUBE-ITTIADB.8.9.0
2025-05-20 20:44:40,697 [WARN] PackLoader:240 - Cannot read IP mode file for SEGGER.I-CUBE-embOS.1.3.1
2025-05-20 20:44:40,765 [WARN] PackLoader:240 - Cannot read IP mode file for STMicroelectronics.X-CUBE-ALGOBUILD.1.4.0
2025-05-20 20:44:40,884 [WARN] PackLoader:240 - Cannot read IP mode file for STMicroelectronics.X-CUBE-AZRTOS-F4.1.1.0
2025-05-20 20:44:40,913 [WARN] PackLoader:240 - Cannot read IP mode file for Avnet-IotConnect.X-CUBE-IoTC-DA16k-PMOD.1.0.0
2025-05-20 20:44:40,937 [WARN] PackLoader:240 - Cannot read IP mode file for STMicroelectronics.X-CUBE-ISPU.2.1.0
2025-05-20 20:44:40,999 [WARN] PackLoader:240 - Cannot read IP mode file for STMicroelectronics.X-CUBE-AZRTOS-L5.2.0.0
2025-05-20 20:44:41,032 [WARN] PackLoader:240 - Cannot read IP mode file for STMicroelectronics.X-CUBE-NFC6.3.1.0
2025-05-20 20:44:41,062 [WARN] PackLoader:240 - Cannot read IP mode file for STMicroelectronics.X-CUBE-DPower.1.2.0
2025-05-20 20:44:41,087 [WARN] PackLoader:240 - Cannot read IP mode file for STMicroelectronics.X-CUBE-FREERTOS.1.3.1
2025-05-20 20:44:41,112 [WARN] PackLoader:240 - Cannot read IP mode file for STMicroelectronics.X-CUBE-FREERTOS.1.3.0
2025-05-20 20:44:41,141 [WARN] PackLoader:240 - Cannot read IP mode file for STMicroelectronics.X-CUBE-NFC7.1.0.1
2025-05-20 20:44:41,219 [WARN] ConditionMgr:438 - getConditionDescription Invalid condition id : LAN8742 Phy interface Condition cause : null
2025-05-20 20:44:41,221 [WARN] PackLoader:240 - Cannot read IP mode file for STMicroelectronics.X-CUBE-AZRTOS-L4.2.0.0
2025-05-20 20:44:41,223 [WARN] ConditionMgr:1044 - genDependencies : Invalid condition id : LAN8742 Phy interface Condition cause : null
2025-05-20 20:44:41,223 [WARN] ConditionMgr:1044 - genDependencies : Invalid condition id : LAN8742 Phy interface Condition cause : null
2025-05-20 20:44:41,224 [WARN] ConditionMgr:1044 - genDependencies : Invalid condition id : LAN8742 Phy interface Condition cause : null
2025-05-20 20:44:41,253 [WARN] PackLoader:240 - Cannot read IP mode file for STMicroelectronics.X-CUBE-SFXS2LP1.4.0.0
2025-05-20 20:44:41,308 [WARN] PackLoader:240 - Cannot read IP mode file for STMicroelectronics.X-CUBE-AZRTOS-H7.3.3.0
2025-05-20 20:44:41,356 [WARN] ConditionMgr:438 - getConditionDescription Invalid condition id : UX DEVICE CLASS RTOS Condition cause : null
2025-05-20 20:44:41,356 [WARN] ConditionMgr:438 - getConditionDescription Invalid condition id : UX DEVICE CLASS RTOS Condition cause : null
2025-05-20 20:44:41,359 [WARN] PackLoader:240 - Cannot read IP mode file for STMicroelectronics.X-CUBE-AZRTOS-WB.2.0.0
2025-05-20 20:44:41,360 [WARN] ConditionMgr:1044 - genDependencies : Invalid condition id : UX DEVICE CLASS RTOS Condition cause : null
2025-05-20 20:44:41,360 [WARN] ConditionMgr:1044 - genDependencies : Invalid condition id : UX DEVICE CLASS RTOS Condition cause : null
2025-05-20 20:44:41,361 [WARN] ConditionMgr:1044 - genDependencies : Invalid condition id : UX DEVICE CLASS RTOS Condition cause : null
2025-05-20 20:44:41,361 [WARN] ConditionMgr:1044 - genDependencies : Invalid condition id : UX DEVICE CLASS RTOS Condition cause : null
2025-05-20 20:44:41,361 [WARN] ConditionMgr:1044 - genDependencies : Invalid condition id : UX DEVICE CLASS RTOS Condition cause : null
2025-05-20 20:44:41,453 [WARN] PackLoader:240 - Cannot read IP mode file for STMicroelectronics.X-CUBE-GNSS1.7.0.1
2025-05-20 20:44:41,498 [WARN] PackLoader:240 - Cannot read IP mode file for STMicroelectronics.X-CUBE-TOUCHGFX.4.25.0
2025-05-20 20:44:41,523 [WARN] PackLoader:240 - Cannot read IP mode file for STMicroelectronics.FP-SNS-STBOX1.2.0.0
2025-05-20 20:44:41,566 [WARN] PackLoader:240 - Cannot read IP mode file for STMicroelectronics.X-CUBE-SUBG2.5.0.0
2025-05-20 20:44:41,596 [WARN] PackLoader:240 - Cannot read IP mode file for Cesanta.I-CUBE-Mongoose.7.13.0
2025-05-20 20:44:41,644 [WARN] PackLoader:240 - Cannot read IP mode file for STMicroelectronics.X-CUBE-AZRTOS-G4.2.0.0
2025-05-20 20:44:41,668 [WARN] PackLoader:240 - Cannot read IP mode file for wolfSSL.I-CUBE-wolfSSH.1.4.20
2025-05-20 20:44:41,693 [WARN] PackLoader:240 - Cannot read IP mode file for STMicroelectronics.X-CUBE-NFC7.2.0.0
2025-05-20 20:44:41,729 [WARN] PackLoader:240 - Cannot read IP mode file for STMicroelectronics.X-CUBE-IPS.3.1.0
2025-05-20 20:44:41,865 [WARN] PackLoader:240 - Cannot read IP mode file for STMicroelectronics.X-CUBE-ALS.1.0.2
2025-05-20 20:44:41,900 [WARN] PackLoader:240 - Cannot read IP mode file for portGmbH.I-Cube-SoM-uGOAL.1.1.0
2025-05-20 20:44:41,971 [WARN] PackLoader:240 - Cannot read IP mode file for STMicroelectronics.X-CUBE-AZRTOS-H7RS.1.0.0
2025-05-20 20:44:42,015 [WARN] PackLoader:240 - Cannot read IP mode file for STMicroelectronics.X-CUBE-TOF1.3.4.2
2025-05-20 20:44:42,065 [WARN] PackLoader:240 - Cannot read IP mode file for STMicroelectronics.X-CUBE-TOF1.3.4.3
2025-05-20 20:44:42,080 [INFO] ThirdParty:978 - Integrity check success = true
2025-05-20 20:44:42,080 [INFO] IntegrityCheckThread:100 - exiting critical section [integrity check]
2025-05-20 20:44:42,080 [INFO] IntegrityCheckThread:103 - End integrity checks thread
2025-05-20 20:44:42,671 [INFO] WebApp:463 - Apply proxy settings
2025-05-20 20:44:42,672 [INFO] WebApp:548 - Chromium requires no authentication
2025-05-20 20:44:42,694 [INFO] WebApp:491 - Direct internet connection detected
2025-05-20 20:44:42,755 [INFO] WebApp:894 - Register for checkConnection events
2025-05-20 20:44:42,755 [INFO] WebApp:463 - Apply proxy settings
2025-05-20 20:44:42,755 [INFO] WebApp:548 - Chromium requires no authentication
2025-05-20 20:44:42,756 [INFO] WebApp:491 - Direct internet connection detected
2025-05-20 20:44:43,030 [INFO] WebApp:225 - Starting web application
2025-05-20 20:44:43,030 [INFO] WebApp:593 - Web application path used C:\ST\STM32CubeIDE_1.18.0\STM32CubeIDE\plugins\com.st.stm32cube.common.mx_6.14.0.202502271554\db\plugins\mcufinder\reactClient1\index.html
2025-05-20 20:44:43,183 [INFO] UserAuth:486 - Internet connection configuration mode: 1
2025-05-20 20:44:43,752 [INFO] WebApp:191 - Connection restablished
2025-05-20 20:44:43,927 [ERROR] LogOutputStream:75 - [STDERR_REDIRECT] May 20, 2025 8:44:43 PM org.glassfish.grizzly.http.server.NetworkListener start
2025-05-20 20:44:43,929 [ERROR] LogOutputStream:75 - [STDERR_REDIRECT] INFO: Started listener bound to [localhost:16721]
2025-05-20 20:44:43,929 [ERROR] LogOutputStream:75 - [STDERR_REDIRECT] 
2025-05-20 20:44:43,932 [ERROR] LogOutputStream:75 - [STDERR_REDIRECT] May 20, 2025 8:44:43 PM org.glassfish.grizzly.http.server.HttpServer start
2025-05-20 20:44:43,933 [ERROR] LogOutputStream:75 - [STDERR_REDIRECT] INFO: [HttpServer] Started.
2025-05-20 20:44:43,933 [ERROR] LogOutputStream:75 - [STDERR_REDIRECT] 
2025-05-20 20:57:29,172 [INFO] McuFinderGlobals:63 - Set McuFinder mode to 2 (CubeIDE integrated)
2025-05-20 20:57:29,180 [INFO] MainUpdater:2872 - connection check result : 10
2025-05-20 20:57:29,181 [INFO] MainUpdater:2872 - connection check result : 10
2025-05-20 20:57:29,239 [INFO] MicroXplorer:468 - Change Database Path : 
2025-05-20 20:57:29,239 [INFO] MicroXplorer:498 - Change Database Version : DB.6.0.140
2025-05-20 20:57:29,248 [WARN] ThirdParty:871 - waiting for thirdparty lock release [close project]
2025-05-20 20:57:29,249 [INFO] ThirdParty:873 - entering critical section [close project]
2025-05-20 20:57:29,250 [INFO] ThirdParty:883 - exiting critical section [close project]
2025-05-20 20:57:29,253 [INFO] PinOutPanel:1589 - setPackage(No Configuration,No Configuration)
2025-05-20 20:57:29,258 [INFO] UtilMem:75 - Begin LoadConfig() Used Memory: 892084712 Bytes (1073741824)
2025-05-20 20:57:29,273 [INFO] MicroXplorer:468 - Change Database Path : C:/Users/pwlub/.stm32cubemx/databases/DB.6.0.111/db/
2025-05-20 20:57:29,274 [INFO] MicroXplorer:498 - Change Database Version : DB.6.0.111
2025-05-20 20:57:32,432 [INFO] OpenFileManager:354 - Change cursor
2025-05-20 20:57:32,536 [INFO] Mcu:2011 - Initializing MCU STM32G473R(B-C-E)Tx STM32G473RCTx STM32G473RCT6
2025-05-20 20:57:40,791 [INFO] Context:756 - Trying to add GPIOservice into a context  which must be forbidden
2025-05-20 20:57:43,419 [INFO] ImportTextPane:218 - (OptionalMessage_ERROR) Pin53 (VP_RIF_VS_RIF1) cannot be retrieved for this MCU
2025-05-20 20:57:43,868 [INFO] RtosManager:558 - Registered RTOS mode: class=CMSIS, group=RTOS, mode=CMSIS_V1, owner=FREERTOS
2025-05-20 20:57:43,869 [INFO] RtosManager:558 - Registered RTOS mode: class=CMSIS, group=RTOS2, mode=CMSIS_V2, owner=FREERTOS
2025-05-20 20:57:43,869 [INFO] RtosManager:558 - Registered RTOS mode: class=RTOS, group=Core, mode=CMSIS_V1, owner=FREERTOS
2025-05-20 20:57:43,869 [INFO] RtosManager:558 - Registered RTOS mode: class=RTOS, group=Core, mode=CMSIS_V2, owner=FREERTOS
2025-05-20 20:57:43,870 [WARN] ModelIntegratedComponent:184 - Missing modes for component STMicroelectronics:FreeRTOS:0.0.1:STMicroelectronics:RTOS:FreeRTOS:Core:::10.2.0:
2025-05-20 20:57:43,927 [WARN] ModelIntegratedComponent:63 - No mode defined for component null
2025-05-20 20:57:43,927 [WARN] ModelIntegratedComponent:63 - No mode defined for component null
2025-05-20 20:57:43,928 [WARN] ModelIntegratedComponent:63 - No mode defined for component null
2025-05-20 20:57:43,928 [WARN] ModelIntegratedComponent:63 - No mode defined for component null
2025-05-20 20:57:43,928 [WARN] ModelIntegratedComponent:63 - No mode defined for component null
2025-05-20 20:57:43,928 [WARN] ModelIntegratedComponent:63 - No mode defined for component null
2025-05-20 20:57:43,928 [WARN] ModelIntegratedComponent:63 - No mode defined for component null
2025-05-20 20:57:43,928 [WARN] ModelIntegratedComponent:63 - No mode defined for component null
2025-05-20 20:57:43,928 [WARN] ModelIntegratedComponent:63 - No mode defined for component null
2025-05-20 20:57:43,928 [WARN] ModelIntegratedComponent:63 - No mode defined for component null
2025-05-20 20:57:43,929 [WARN] ModelIntegratedComponent:63 - No mode defined for component null
2025-05-20 20:57:43,929 [WARN] ModelIntegratedComponent:63 - No mode defined for component null
2025-05-20 20:57:43,929 [WARN] ModelIntegratedComponent:63 - No mode defined for component null
2025-05-20 20:57:43,929 [WARN] ModelIntegratedComponent:63 - No mode defined for component null
2025-05-20 20:57:43,929 [WARN] ModelIntegratedComponent:63 - No mode defined for component null
2025-05-20 20:57:43,929 [WARN] ModelIntegratedComponent:63 - No mode defined for component null
2025-05-20 20:57:43,929 [WARN] ModelIntegratedComponent:63 - No mode defined for component null
2025-05-20 20:57:43,929 [WARN] ModelIntegratedComponent:63 - No mode defined for component null
2025-05-20 20:57:43,929 [WARN] ModelIntegratedComponent:63 - No mode defined for component null
2025-05-20 20:57:43,929 [WARN] ModelIntegratedComponent:63 - No mode defined for component null
2025-05-20 20:57:43,930 [WARN] ModelIntegratedComponent:63 - No mode defined for component null
2025-05-20 20:57:43,930 [WARN] ModelIntegratedComponent:63 - No mode defined for component null
2025-05-20 20:57:43,930 [WARN] ModelIntegratedComponent:63 - No mode defined for component null
2025-05-20 20:57:43,930 [WARN] ModelIntegratedComponent:63 - No mode defined for component null
2025-05-20 20:57:43,930 [WARN] ModelIntegratedComponent:63 - No mode defined for component null
2025-05-20 20:57:43,930 [WARN] ModelIntegratedComponent:63 - No mode defined for component null
2025-05-20 20:57:43,930 [WARN] ModelIntegratedComponent:63 - No mode defined for component null
2025-05-20 20:57:43,930 [WARN] ModelIntegratedComponent:63 - No mode defined for component null
2025-05-20 20:57:43,930 [WARN] ModelIntegratedComponent:63 - No mode defined for component null
2025-05-20 20:57:43,931 [WARN] ModelIntegratedComponent:63 - No mode defined for component null
2025-05-20 20:57:43,931 [WARN] ModelIntegratedComponent:63 - No mode defined for component null
2025-05-20 20:57:43,931 [WARN] ModelIntegratedComponent:63 - No mode defined for component null
2025-05-20 20:57:43,931 [WARN] ModelIntegratedComponent:63 - No mode defined for component null
2025-05-20 20:57:43,931 [WARN] ModelIntegratedComponent:63 - No mode defined for component null
2025-05-20 20:57:43,931 [WARN] ModelIntegratedComponent:63 - No mode defined for component null
2025-05-20 20:57:43,931 [WARN] ModelPack:524 - Component already loaded: STMicroelectronics:HAL Drivers:0.0.0:STMicroelectronics:Device:STMicro_Driver:XSPI:HAL::0.0.1:HAL_XSPI
2025-05-20 20:57:44,161 [INFO] ThirdPartyModel:298 - Start build external matchings
2025-05-20 20:57:45,105 [INFO] ThirdPartyModel:316 - End build external matchings
2025-05-20 20:57:45,183 [INFO] RtosManager:967 - Current active RTOS is FREERTOS [Cortex-M4NS]
2025-05-20 20:57:45,202 [INFO] ImportTextPane:218 - (OptionalMessage_ERROR) IP (ADC1) : Parameter (CommonPathInternal) has invalid value (null|null|null|null)
2025-05-20 20:57:45,204 [INFO] ImportTextPane:218 - (OptionalMessage_ERROR) IP (ADC2) : Parameter (CommonPathInternal) has invalid value (null|null|null|null)
2025-05-20 20:57:45,205 [INFO] ImportTextPane:218 - (OptionalMessage_ERROR) IP (DMA) : Parameter (Instance) has Id (ADC1) currently not set
2025-05-20 20:57:45,206 [INFO] ImportTextPane:218 - (OptionalMessage_ERROR) IP (DMA) : Parameter (Request) has Id (ADC1) currently not set
2025-05-20 20:57:45,206 [INFO] ImportTextPane:218 - (OptionalMessage_ERROR) IP (DMA) : Parameter (Direction) has Id (ADC1) currently not set
2025-05-20 20:57:45,206 [INFO] ImportTextPane:218 - (OptionalMessage_ERROR) IP (DMA) : Parameter (PeriphInc) has Id (ADC1) currently not set
2025-05-20 20:57:45,206 [INFO] ImportTextPane:218 - (OptionalMessage_ERROR) IP (DMA) : Parameter (MemInc) has Id (ADC1) currently not set
2025-05-20 20:57:45,207 [INFO] ImportTextPane:218 - (OptionalMessage_ERROR) IP (DMA) : Parameter (PeriphDataAlignment) has Id (ADC1) currently not set
2025-05-20 20:57:45,209 [INFO] ImportTextPane:218 - (OptionalMessage_ERROR) IP (DMA) : Parameter (MemDataAlignment) has Id (ADC1) currently not set
2025-05-20 20:57:45,209 [INFO] ImportTextPane:218 - (OptionalMessage_ERROR) IP (DMA) : Parameter (Mode) has Id (ADC1) currently not set
2025-05-20 20:57:45,209 [INFO] ImportTextPane:218 - (OptionalMessage_ERROR) IP (DMA) : Parameter (Priority) has Id (ADC1) currently not set
2025-05-20 20:57:45,209 [INFO] ImportTextPane:218 - (OptionalMessage_ERROR) IP (DMA) : Parameter (SignalID) has Id (ADC1) currently not set
2025-05-20 20:57:45,209 [INFO] ImportTextPane:218 - (OptionalMessage_ERROR) IP (DMA) : Parameter (Polarity) has Id (ADC1) currently not set
2025-05-20 20:57:45,209 [INFO] ImportTextPane:218 - (OptionalMessage_ERROR) IP (DMA) : Parameter (RequestNumber) has Id (ADC1) currently not set
2025-05-20 20:57:45,210 [INFO] ImportTextPane:218 - (OptionalMessage_ERROR) IP (DMA) : Parameter (SyncSignalID) has Id (ADC1) currently not set
2025-05-20 20:57:45,210 [INFO] ImportTextPane:218 - (OptionalMessage_ERROR) IP (DMA) : Parameter (SyncPolarity) has Id (ADC1) currently not set
2025-05-20 20:57:45,210 [INFO] ImportTextPane:218 - (OptionalMessage_ERROR) IP (DMA) : Parameter (SyncEnable) has Id (ADC1) currently not set
2025-05-20 20:57:45,210 [INFO] ImportTextPane:218 - (OptionalMessage_ERROR) IP (DMA) : Parameter (EventEnable) has Id (ADC1) currently not set
2025-05-20 20:57:45,210 [INFO] ImportTextPane:218 - (OptionalMessage_ERROR) IP (DMA) : Parameter (SyncRequestNumber) has Id (ADC1) currently not set
2025-05-20 20:57:45,210 [INFO] ImportTextPane:218 - (OptionalMessage_ERROR) IP (DMA) : Parameter (Instance) has Id (ADC2) currently not set
2025-05-20 20:57:45,210 [INFO] ImportTextPane:218 - (OptionalMessage_ERROR) IP (DMA) : Parameter (Request) has Id (ADC2) currently not set
2025-05-20 20:57:45,210 [INFO] ImportTextPane:218 - (OptionalMessage_ERROR) IP (DMA) : Parameter (Direction) has Id (ADC2) currently not set
2025-05-20 20:57:45,211 [INFO] ImportTextPane:218 - (OptionalMessage_ERROR) IP (DMA) : Parameter (PeriphInc) has Id (ADC2) currently not set
2025-05-20 20:57:45,211 [INFO] ImportTextPane:218 - (OptionalMessage_ERROR) IP (DMA) : Parameter (MemInc) has Id (ADC2) currently not set
2025-05-20 20:57:45,211 [INFO] ImportTextPane:218 - (OptionalMessage_ERROR) IP (DMA) : Parameter (PeriphDataAlignment) has Id (ADC2) currently not set
2025-05-20 20:57:45,211 [INFO] ImportTextPane:218 - (OptionalMessage_ERROR) IP (DMA) : Parameter (MemDataAlignment) has Id (ADC2) currently not set
2025-05-20 20:57:45,211 [INFO] ImportTextPane:218 - (OptionalMessage_ERROR) IP (DMA) : Parameter (Mode) has Id (ADC2) currently not set
2025-05-20 20:57:45,213 [INFO] ImportTextPane:218 - (OptionalMessage_ERROR) IP (DMA) : Parameter (Priority) has Id (ADC2) currently not set
2025-05-20 20:57:45,213 [INFO] ImportTextPane:218 - (OptionalMessage_ERROR) IP (DMA) : Parameter (SignalID) has Id (ADC2) currently not set
2025-05-20 20:57:45,213 [INFO] ImportTextPane:218 - (OptionalMessage_ERROR) IP (DMA) : Parameter (Polarity) has Id (ADC2) currently not set
2025-05-20 20:57:45,213 [INFO] ImportTextPane:218 - (OptionalMessage_ERROR) IP (DMA) : Parameter (RequestNumber) has Id (ADC2) currently not set
2025-05-20 20:57:45,214 [INFO] ImportTextPane:218 - (OptionalMessage_ERROR) IP (DMA) : Parameter (SyncSignalID) has Id (ADC2) currently not set
2025-05-20 20:57:45,214 [INFO] ImportTextPane:218 - (OptionalMessage_ERROR) IP (DMA) : Parameter (SyncPolarity) has Id (ADC2) currently not set
2025-05-20 20:57:45,214 [INFO] ImportTextPane:218 - (OptionalMessage_ERROR) IP (DMA) : Parameter (SyncEnable) has Id (ADC2) currently not set
2025-05-20 20:57:45,214 [INFO] ImportTextPane:218 - (OptionalMessage_ERROR) IP (DMA) : Parameter (EventEnable) has Id (ADC2) currently not set
2025-05-20 20:57:45,214 [INFO] ImportTextPane:218 - (OptionalMessage_ERROR) IP (DMA) : Parameter (SyncRequestNumber) has Id (ADC2) currently not set
2025-05-20 20:57:45,215 [WARN] IP:2250 - MessageRAMOffset not found: check if there is a RefParameter without a condition.
2025-05-20 20:57:45,216 [WARN] IP:2250 - RxFifo0ElmtsNbr not found: check if there is a RefParameter without a condition.
2025-05-20 20:57:45,216 [WARN] IP:2250 - RxFifo0ElmtSize not found: check if there is a RefParameter without a condition.
2025-05-20 20:57:45,216 [WARN] IP:2250 - RxFifo1ElmtsNbr not found: check if there is a RefParameter without a condition.
2025-05-20 20:57:45,216 [WARN] IP:2250 - RxFifo1ElmtSize not found: check if there is a RefParameter without a condition.
2025-05-20 20:57:45,216 [WARN] IP:2250 - RxBuffersNbr not found: check if there is a RefParameter without a condition.
2025-05-20 20:57:45,216 [WARN] IP:2250 - RxBufferSize not found: check if there is a RefParameter without a condition.
2025-05-20 20:57:45,217 [WARN] IP:2250 - TxEventsNbr not found: check if there is a RefParameter without a condition.
2025-05-20 20:57:45,217 [WARN] IP:2250 - TxBuffersNbr not found: check if there is a RefParameter without a condition.
2025-05-20 20:57:45,217 [WARN] IP:2250 - TxFifoQueueElmtsNbr not found: check if there is a RefParameter without a condition.
2025-05-20 20:57:45,217 [WARN] IP:2250 - TxElmtSize not found: check if there is a RefParameter without a condition.
2025-05-20 20:57:45,217 [WARN] IP:2250 - ClockCalibrationCCU not found: check if there is a RefParameter without a condition.
2025-05-20 20:57:45,217 [WARN] IP:2250 - ClockDividerCCU not found: check if there is a RefParameter without a condition.
2025-05-20 20:57:45,218 [WARN] IP:2250 - MinOscClkPeriodsCCU not found: check if there is a RefParameter without a condition.
2025-05-20 20:57:45,218 [WARN] IP:2250 - TimeQuantaPerBitTimeCCU not found: check if there is a RefParameter without a condition.
2025-05-20 20:57:45,218 [WARN] IP:2250 - WatchdogStartValueCCU not found: check if there is a RefParameter without a condition.
2025-05-20 20:57:45,248 [INFO] ImportTextPane:218 - (OptionalMessage_ERROR) IP (RCC) : Invalid parameter (FamilyName)
2025-05-20 20:57:46,135 [INFO] ApiDb:581 - Connected to CubeFinder SQLite database (C:\Users\pwlub\.stmcufinder\plugins\mcufinder\mcu\cube-finder-db.db)
2025-05-20 20:57:46,367 [INFO] ApiDb:668 - CubeFinder database Data Model version=2.1
2025-05-20 20:57:46,367 [INFO] ApiDb:669 - CubeFinder database Configuration version=3.0.39
2025-05-20 20:57:46,367 [INFO] ApiDb:670 - CubeFinder database generation date=2025-03-24 (1742811287)
2025-05-20 20:57:46,368 [INFO] ApiDb:671 - CubeFinder database FW Pack versions=[FP-ATR-ASTRA1_V2.0.0, FP-SNS-FLIGHT1_V5.0.2, FP-SNS-MOTENV1_V5.0.0, FP-SNS-MOTENVWB1_V1.4.0, FP-SNS-SMARTAG2_V1.2.0, FP-SNS-STBOX1_V2.0.0, STM32Cube_FW_C0_V1.4.0, STM32Cube_FW_F4_V1.28.1, STM32Cube_FW_F7_V1.17.2, STM32Cube_FW_G0_V1.6.2, STM32Cube_FW_G4_V1.6.1, STM32Cube_FW_H5_V1.5.0, STM32Cube_FW_H7RS_V1.2.0, STM32Cube_FW_H7_V1.12.1, STM32Cube_FW_L0_V1.12.2, STM32Cube_FW_L4_V1.18.1, STM32Cube_FW_L5_V1.5.1, STM32Cube_FW_N6_V1.1.0, STM32Cube_FW_U0_V1.2.0, STM32Cube_FW_U3_V1.1.0, STM32Cube_FW_U5_V1.7.0, STM32Cube_FW_WB0_V1.2.0, STM32Cube_FW_WBA_V1.6.0, STM32Cube_FW_WB_V1.22.0, STM32Cube_FW_WL3_V1.1.0, STM32Cube_FW_WL_V1.3.1, X-CUBE-ALGOBUILD_V1.4.0, X-CUBE-ALS_V1.0.2, X-CUBE-AZRTOS-F4_V1.1.0, X-CUBE-AZRTOS-F7_V1.1.0, X-CUBE-AZRTOS-G0_V1.1.0, X-CUBE-AZRTOS-G4_V2.0.0, X-CUBE-AZRTOS-H7RS_V1.0.0, X-CUBE-AZRTOS-H7_V3.3.0, X-CUBE-AZRTOS-L4_V2.0.0, X-CUBE-AZRTOS-L5_V2.0.0, X-CUBE-AZRTOS-WB_V2.0.0, X-CUBE-AZRTOS-WL_V2.0.0, X-CUBE-BLE1_V7.1.0, X-CUBE-BLE2_V3.3.0, X-CUBE-BLEMGR_V4.0.0, X-CUBE-EEPRMA1_V5.1.0, X-CUBE-FREERTOS_V1.3.0, X-CUBE-GNSS1_V6.0.0, X-CUBE-MEMS1_V11.1.0, X-CUBE-NFC4_V3.0.0, X-CUBE-NFC7_V1.0.1, X-CUBE-SFXS2LP1_V4.0.0, X-CUBE-SUBG2_V5.0.0, X-CUBE-TOF1_V3.4.2]
2025-05-20 20:57:46,618 [INFO] DbBoardsSqlite:226 - include board P-NUCLEO-WB55-NUCLEO as a kit item of type 'Nucleo-64'
2025-05-20 20:57:46,619 [INFO] DbBoardsSqlite:226 - include board P-NUCLEO-WB55-USBDONGLE as a kit item of type 'Nucleo USB Dongle'
2025-05-20 20:57:46,620 [INFO] DbBoardsSqlite:226 - include board STEVAL-IDP005V1 as a kit item of type 'Evaluation Board'
2025-05-20 20:57:46,621 [INFO] DbBoardsSqlite:226 - include board STEVAL-IDP005V2 as a kit item of type 'Evaluation Board'
2025-05-20 20:57:47,978 [INFO] ApiDb:240 - Found 895 in-development CPN: [B-G473E-ZEST1S, B-WB1M-WPAN1, B-WBA5M-WPAN, B-WL5M-SUBG1, NUCLEO-C031C6, NUCLEO-C051C8, NUCLEO-C071RB, NUCLEO-C092RC, NUCLEO-H503RB, NUCLEO-H533RE, NUCLEO-H563ZI, NUCLEO-H7S3L8, NUCLEO-N657X0-Q, NUCLEO-U031R8, NUCLEO-U083RC, NUCLEO-U385RG-Q, NUCLEO-U545RE-Q, NUCLEO-U5A5ZJ-Q, NUCLEO-WB05KZ, NUCLEO-WB07CC, NUCLEO-WB09KE, NUCLEO-WBA52CG, NUCLEO-WBA55CG, NUCLEO-WBA65RI, NUCLEO-WL33CC1, NUCLEO-WL33CC2, STEVAL-PROTEUS1, STEVAL-SMARTAG2, STEVAL-STWINBX1, STM320518-EVAL, STM32C0116-DK, STM32C011D6Y3TR, STM32C011D6Y6TR, STM32C011F4P3, STM32C011F4P6, STM32C011F4U3, STM32C011F4U6TR, STM32C011F6P3, STM32C011F6P6, STM32C011F6U3, STM32C011F6U6TR, STM32C011J4M3, STM32C011J4M6, STM32C011J6M3, STM32C011J6M6, STM32C0316-DK, STM32C031C4T3, STM32C031C4T6, STM32C031C4U3, STM32C031C4U6, STM32C031C6T3, STM32C031C6T6, STM32C031C6U3, STM32C031C6U6, STM32C031F4P3, STM32C031F4P6, STM32C031F6P3, STM32C031F6P6, STM32C031G4U3, STM32C031G4U6, STM32C031G6U3, STM32C031G6U6, STM32C031K4T3, STM32C031K4T6, STM32C031K4U3, STM32C031K4U6, STM32C031K6T3, STM32C031K6T6, STM32C031K6U3, STM32C031K6U6, STM32C051C6T6, STM32C051C6U6, STM32C051C8T6, STM32C051C8U6, STM32C051D8Y6TR, STM32C051F6P6, STM32C051F8P6, STM32C051G6U6, STM32C051G8U6, STM32C051K6T6, STM32C051K6U6, STM32C051K8T6, STM32C071C8T6, STM32C071C8T6N, STM32C071C8U6, STM32C071C8U6N, STM32C071CBT6, STM32C071CBT6N, STM32C071CBU6, STM32C071CBU6N, STM32C071F8P6, STM32C071F8P6N, STM32C071FBP6, STM32C071FBP6N, STM32C071FBY6TR, STM32C071G8U6, STM32C071G8U6N, STM32C071GBU6, STM32C071GBU6N, STM32C071K8T6, STM32C071K8T6N, STM32C071K8U6, STM32C071K8U6N, STM32C071KBT6, STM32C071KBT6N, STM32C071KBU6, STM32C071KBU6N, STM32C071R8T6, STM32C071R8T6N, STM32C071RBI6N, STM32C071RBT6, STM32C071RBT6N, STM32C091CBT6, STM32C091CBU6, STM32C091CCT6, STM32C091CCU6, STM32C091ECY6TR, STM32C091FBP6, STM32C091FCP6, STM32C091GBU6, STM32C091GCU6, STM32C091KBT6, STM32C091KBU6, STM32C091KCT6, STM32C091KCU6, STM32C091RBT6, STM32C091RCI6, STM32C091RCT6, STM32C092CBT6, STM32C092CBU6, STM32C092CCT6, STM32C092CCU6, STM32C092ECY6TR, STM32C092FBP6, STM32C092FCP6, STM32C092GBU6, STM32C092GCU6, STM32C092KBT6, STM32C092KBU6, STM32C092KCT6, STM32C092KCU6, STM32C092RBT6, STM32C092RCI6, STM32C092RCT6, STM32G071K8TXN, STM32G071K8UXN, STM32G081GBU6N, STM32G081KBT6N, STM32G081KBUXN, STM32G0B1CCT6N, STM32G0B1KCT6, STM32G0B1NEY6TR, STM32G0B1RCT6N, STM32G0C1CCT6, STM32G0C1CCT6N, STM32G0C1CCU6N, STM32G0C1CET6N, STM32G0C1CEU6N, STM32G0C1KCT6, STM32G0C1NEY6TR, STM32G0C1RCI6N, STM32G0C1RCT6N, STM32G0C1REI6N, STM32G0C1RET6N, STM32G0C1VCI6, STM32G0C1VEI6, STM32G411C6T3, STM32G411C6T6, STM32G411C6U3, STM32G411C6U6, STM32G411C8T3, STM32G411C8T6, STM32G411C8U3, STM32G411C8U6, STM32G411CBT3, STM32G411CBT6, STM32G411CBU3, STM32G411CBU6, STM32G411CCT3, STM32G411CCT6, STM32G411CCU3, STM32G411CCU6, STM32G411K6T3, STM32G411K6T6, STM32G411K6U3, STM32G411K6U6, STM32G411K8T3, STM32G411K8T6, STM32G411K8U3, STM32G411K8U6, STM32G411KBT3, STM32G411KBT6, STM32G411KBU3, STM32G411KBU6, STM32G411M6T3, STM32G411M6T6, STM32G411M8T3, STM32G411M8T6, STM32G411MBT3, STM32G411MBT6, STM32G411MCT3, STM32G411MCT6, STM32G411R6T3, STM32G411R6T6, STM32G411R8T3, STM32G411R8T6, STM32G411RBT3, STM32G411RBT6, STM32G411RCT3, STM32G411RCT6, STM32G414CBT3, STM32G414CBT6, STM32G414CBU3, STM32G414CBU6, STM32G414CCT3, STM32G414CCT6, STM32G414CCU3, STM32G414CCU6, STM32G414MBT3, STM32G414MBT6, STM32G414MCT3, STM32G414MCT6, STM32G414RBT3, STM32G414RBT6, STM32G414RCT3, STM32G414RCT6, STM32G414VBT3, STM32G414VBT6, STM32G414VCT3, STM32G414VCT6, STM32G431CBT3Z, STM32G431RBT3Z, STM32G471CCT6, STM32G471CCU6, STM32G471CET3, STM32G471CET6, STM32G471CEU3, STM32G471CEU6, STM32G471MCT6, STM32G471MET3, STM32G471MET6, STM32G471MEY6TR, STM32G471QCT6, STM32G471QET3, STM32G471RCT6, STM32G471RET3, STM32G471RET6, STM32G471VCH6, STM32G471VCI6, STM32G471VCT6, STM32G471VEH3, STM32G471VEH6, STM32G471VEI3, STM32G471VEI6, STM32G471VET3, STM32G471VET6, STM32G473QET3Z, STM32G473RET3Z, STM32G474CCT6, STM32G491RET3Z, STM32H503CBT6, STM32H503CBU6, STM32H503EBY6TR, STM32H503KBU6, STM32H503RBT6, STM32H523CCT6, STM32H523CCU6, STM32H523CET6, STM32H523CEU6, STM32H523HEY6TR, STM32H523RCT6, STM32H523RET6, STM32H523VCI6, STM32H523VCT6, STM32H523VEI6, STM32H523VET6, STM32H523ZCJ6, STM32H523ZCT6, STM32H523ZEJ6, STM32H523ZET6, STM32H533CET6, STM32H533CEU6, STM32H533HEY6TR, STM32H533RET6, STM32H533VEI6, STM32H533VET6, STM32H533ZEJ6, STM32H533ZET6, STM32H562AGI6, STM32H562AII6, STM32H562IGK6, STM32H562IGT6, STM32H562IIK6, STM32H562IIT6, STM32H562RGT6, STM32H562RGV6, STM32H562RIT6, STM32H562RIV6, STM32H562VGT6, STM32H562VIT6, STM32H562ZGT6, STM32H562ZIT6, STM32H563AGI6, STM32H563AII3Q, STM32H563AII6, STM32H563IGK6, STM32H563IGT6, STM32H563IIK3Q, STM32H563IIK6, STM32H563IIT3Q, STM32H563IIT6, STM32H563MIY3QTR, STM32H563RGT6, STM32H563RGV6, STM32H563RIT6, STM32H563RIV6, STM32H563VGT6, STM32H563VIT3Q, STM32H563VIT6, STM32H563ZGT6, STM32H563ZIT3Q, STM32H563ZIT6, STM32H573AII3Q, STM32H573AII6, STM32H573I-DK, STM32H573IIK3Q, STM32H573IIK6, STM32H573IIT3Q, STM32H573IIT6, STM32H573MIY3QTR, STM32H573RIT6, STM32H573RIV6, STM32H573VIT3Q, STM32H573VIT6, STM32H573ZIT3Q, STM32H573ZIT6, STM32H7R3A8I6, STM32H7R3I8K6, STM32H7R3I8T6, STM32H7R3L8H6, STM32H7R3L8H6H, STM32H7R3R8V6, STM32H7R3V8H6, STM32H7R3V8T6, STM32H7R3V8Y6TR, STM32H7R3Z8J6, STM32H7R3Z8T6, STM32H7R7A8I6, STM32H7R7I8K6, STM32H7R7I8T6, STM32H7R7L8H6, STM32H7R7L8H6H, STM32H7R7Z8J6, STM32H7S3A8I6, STM32H7S3I8K6, STM32H7S3I8T6, STM32H7S3L8H6, STM32H7S3L8H6H, STM32H7S3R8V6, STM32H7S3V8H6, STM32H7S3V8T6, STM32H7S3V8Y6TR, STM32H7S3Z8J6, STM32H7S3Z8T6, STM32H7S78-DK, STM32H7S7A8I6, STM32H7S7I8K6, STM32H7S7I8T6, STM32H7S7L8H6, STM32H7S7L8H6H, STM32H7S7Z8J6, STM32L4R5QGI6STR, STM32MP131AAE3, STM32MP131AAF3, STM32MP131AAG3, STM32MP131CAE3, STM32MP131CAF3, STM32MP131CAG3, STM32MP131DAE7, STM32MP131DAF7, STM32MP131DAG7, STM32MP131FAE7, STM32MP131FAF7, STM32MP131FAG7, STM32MP133AAE3, STM32MP133AAF3, STM32MP133AAG3, STM32MP133CAE3, STM32MP133CAF3, STM32MP133CAG3, STM32MP133DAE7, STM32MP133DAF7, STM32MP133DAG7, STM32MP133FAE7, STM32MP133FAF7, STM32MP133FAG7, STM32MP135AAE3, STM32MP135AAF3, STM32MP135AAG3, STM32MP135CAE3, STM32MP135CAF3, STM32MP135CAG3, STM32MP135DAE7, STM32MP135DAF7, STM32MP135DAG7, STM32MP135F-DK, STM32MP135FAE7, STM32MP135FAF7, STM32MP135FAF7T, STM32MP135FAF7U, STM32MP135FAG7, STM32MP231AAJ3, STM32MP231AAK3, STM32MP231AAL3, STM32MP231CAJ3, STM32MP231CAK3, STM32MP231CAL3, STM32MP231DAJ3, STM32MP231DAK3, STM32MP231DAL3, STM32MP231FAJ3, STM32MP231FAK3, STM32MP231FAL3, STM32MP233AAJ3, STM32MP233AAK3, STM32MP233AAL3, STM32MP233CAJ3, STM32MP233CAK3, STM32MP233CAL3, STM32MP233DAJ3, STM32MP233DAK3, STM32MP233DAL3, STM32MP233FAJ3, STM32MP233FAK3, STM32MP233FAL3, STM32MP235AAJ3, STM32MP235AAK3, STM32MP235AAL3, STM32MP235CAJ3, STM32MP235CAK3, STM32MP235CAL3, STM32MP235DAJ3, STM32MP235DAK3, STM32MP235DAL3, STM32MP235FAJ3, STM32MP235FAK3, STM32MP235FAL3, STM32MP251AAI3, STM32MP251AAJ3, STM32MP251AAK3, STM32MP251AAL3, STM32MP251CAI3, STM32MP251CAJ3, STM32MP251CAK3, STM32MP251CAL3, STM32MP251DAI3, STM32MP251DAJ3, STM32MP251DAK3, STM32MP251DAL3, STM32MP251FAI3, STM32MP251FAJ3, STM32MP251FAK3, STM32MP251FAL3, STM32MP253AAI3, STM32MP253AAJ3, STM32MP253AAK3, STM32MP253AAL3, STM32MP253CAI3, STM32MP253CAJ3, STM32MP253CAK3, STM32MP253CAL3, STM32MP253DAI3, STM32MP253DAJ3, STM32MP253DAK3, STM32MP253DAL3, STM32MP253FAI3, STM32MP253FAJ3, STM32MP253FAK3, STM32MP253FAL3, STM32MP255AAI3, STM32MP255AAJ3, STM32MP255AAK3, STM32MP255AAL3, STM32MP255CAI3, STM32MP255CAJ3, STM32MP255CAK3, STM32MP255CAL3, STM32MP255DAI3, STM32MP255DAJ3, STM32MP255DAK3, STM32MP255DAL3, STM32MP255FAI3, STM32MP255FAJ3, STM32MP255FAK3, STM32MP255FAL3, STM32MP257AAI3, STM32MP257AAJ3, STM32MP257AAK3, STM32MP257AAL3, STM32MP257CAI3, STM32MP257CAJ3, STM32MP257CAK3, STM32MP257CAL3, STM32MP257DAI3, STM32MP257DAJ3, STM32MP257DAK3, STM32MP257DAL3, STM32MP257F-DK, STM32MP257F-EV1, STM32MP257FAI3, STM32MP257FAJ3, STM32MP257FAK3, STM32MP257FAL3, STM32N645A0H3Q, STM32N645B0H3Q, STM32N645I0H3Q, STM32N645L0H3Q, STM32N645X0H3Q, STM32N645Z0H3Q, STM32N647A0H3Q, STM32N647B0H3Q, STM32N647I0H3Q, STM32N647L0H3Q, STM32N647X0H3Q, STM32N647Z0H3Q, STM32N655A0H3Q, STM32N655B0H3Q, STM32N655I0H3Q, STM32N655L0H3Q, STM32N655X0H3Q, STM32N655Z0H3Q, STM32N6570-DK, STM32N657A0H3Q, STM32N657B0H3Q, STM32N657I0H3Q, STM32N657L0H3Q, STM32N657X0H3Q, STM32N657Z0H3Q, STM32U031C6T6, STM32U031C6U6, STM32U031C8T6, STM32U031C8U6, STM32U031F4P6, STM32U031F6P6, STM32U031F8P6, STM32U031G6Y6TR, STM32U031G8Y6TR, STM32U031K4U6, STM32U031K6U6, STM32U031K8U6, STM32U031R6I6, STM32U031R6T6, STM32U031R8I6, STM32U031R8T6, STM32U073C8T6, STM32U073C8U6, STM32U073CBT6, STM32U073CBU6, STM32U073CCT6, STM32U073CCU6, STM32U073H8Y6TR, STM32U073HBY6TR, STM32U073HCY6TR, STM32U073K8U6, STM32U073KBU6, STM32U073KCU6, STM32U073M8I6, STM32U073M8T6, STM32U073MBI6, STM32U073MBT6, STM32U073MCI6, STM32U073MCT6, STM32U073R8I6, STM32U073R8T6, STM32U073RBI6, STM32U073RBT6, STM32U073RCI6, STM32U073RCT6, STM32U083C-DK, STM32U083CCT6, STM32U083CCU6, STM32U083HCY6TR, STM32U083KCU6, STM32U083MCI6, STM32U083MCT6, STM32U083RCI6, STM32U083RCT6, STM32U375CET6, STM32U375CET6Q, STM32U375CEU6, STM32U375CEU6Q, STM32U375CEY6QTR, STM32U375CGT6, STM32U375CGT6Q, STM32U375CGU6, STM32U375CGU6Q, STM32U375CGY6QTR, STM32U375KEU6, STM32U375KGU6, STM32U375REI6, STM32U375REI6Q, STM32U375RET6, STM32U375RET6Q, STM32U375REY6GTR, STM32U375REY6QTR, STM32U375RGI6, STM32U375RGI6Q, STM32U375RGT6, STM32U375RGT6Q, STM32U375RGY6GTR, STM32U375RGY6QTR, STM32U375VEI6, STM32U375VEI6Q, STM32U375VET6, STM32U375VET6Q, STM32U375VGI6, STM32U375VGI6Q, STM32U375VGT6, STM32U375VGT6Q, STM32U385CGT6, STM32U385CGT6Q, STM32U385CGU6, STM32U385CGU6Q, STM32U385CGY6QTR, STM32U385KGU6, STM32U385RGI6, STM32U385RGI6Q, STM32U385RGT6, STM32U385RGT6Q, STM32U385RGY6GTR, STM32U385RGY6QTR, STM32U385VGI6, STM32U385VGI6Q, STM32U385VGT6, STM32U385VGT6Q, STM32U535CBT6, STM32U535CBT6Q, STM32U535CBU6, STM32U535CBU6Q, STM32U535CCT6, STM32U535CCT6Q, STM32U535CCU6, STM32U535CCU6Q, STM32U535CET6, STM32U535CET6Q, STM32U535CEU6, STM32U535CEU6Q, STM32U535JEY6QTR, STM32U535NCY6QTR, STM32U535NEY6QTR, STM32U535RBI6, STM32U535RBI6Q, STM32U535RBT6, STM32U535RBT6Q, STM32U535RCI6, STM32U535RCI6Q, STM32U535RCT6, STM32U535RCT6Q, STM32U535REI6, STM32U535REI6Q, STM32U535RET6, STM32U535RET6Q, STM32U535VCI6, STM32U535VCI6Q, STM32U535VCT6, STM32U535VCT6Q, STM32U535VEI6, STM32U535VEI6Q, STM32U535VET6, STM32U535VET6Q, STM32U545CET6, STM32U545CET6Q, STM32U545CEU6, STM32U545CEU6Q, STM32U545JEY6QTR, STM32U545NEY6QTR, STM32U545REI6, STM32U545REI6Q, STM32U545RET6, STM32U545RET6Q, STM32U545VEI6, STM32U545VEI6Q, STM32U545VET6, STM32U545VET6Q, STM32U595AIH6, STM32U595AIH6Q, STM32U595AJH6, STM32U595AJH6Q, STM32U595QII6, STM32U595QII6Q, STM32U595QJI6, STM32U595QJI6Q, STM32U595RIT6, STM32U595RIT6Q, STM32U595RJT6, STM32U595RJT6Q, STM32U595VIT6, STM32U595VIT6Q, STM32U595VJT6, STM32U595VJT6Q, STM32U595ZIT6, STM32U595ZIT6Q, STM32U595ZIY6QTR, STM32U595ZJT6, STM32U595ZJT6Q, STM32U595ZJY6QTR, STM32U599BJY6QTR, STM32U599NIH6Q, STM32U599NJH6Q, STM32U599VIT6Q, STM32U599VJT6, STM32U599VJT6Q, STM32U599ZIT6Q, STM32U599ZIY6QTR, STM32U599ZJT6Q, STM32U599ZJY6QTR, STM32U5A5AJH6, STM32U5A5AJH6Q, STM32U5A5QII3Q , STM32U5A5QJI6, STM32U5A5QJI6Q, STM32U5A5RJT6, STM32U5A5RJT6Q, STM32U5A5VJT6, STM32U5A5VJT6Q, STM32U5A5ZJT6, STM32U5A5ZJT6Q, STM32U5A5ZJY6QTR, STM32U5A9BJY6QTR, STM32U5A9J-DK, STM32U5A9NJH6Q, STM32U5A9VJT6Q, STM32U5A9ZJT6Q, STM32U5A9ZJY6QTR, STM32U5F7VIT6, STM32U5F7VIT6Q, STM32U5F7VJT6, STM32U5F7VJT6Q, STM32U5F9BJY6QTR, STM32U5F9NJH6Q, STM32U5F9VIT6Q, STM32U5F9VJT6Q, STM32U5F9ZIJ6QTR, STM32U5F9ZIT6Q, STM32U5F9ZJJ6QTR, STM32U5F9ZJT6Q, STM32U5G7VJT6, STM32U5G7VJT6Q, STM32U5G9BJY6QTR, STM32U5G9J-DK1, STM32U5G9J-DK2, STM32U5G9NJH6Q, STM32U5G9VJT6Q, STM32U5G9ZJJ6QTR, STM32U5G9ZJT6Q, STM32WB05KZV6TR, STM32WB05KZV7TR, STM32WB05TZF6TR, STM32WB05TZF7TR, STM32WB06CCF6TR, STM32WB06CCF7TR, STM32WB06CCV6TR, STM32WB06CCV7TR, STM32WB06KCV6TR, STM32WB06KCV7TR, STM32WB07CCF6TR, STM32WB07CCF7TR, STM32WB07CCV6TR, STM32WB07CCV7TR, STM32WB07KCV6TR, STM32WB07KCV7TR, STM32WB09KEV6TR, STM32WB09KEV7TR, STM32WB09TEF6TR, STM32WB09TEF7TR, STM32WB1MMCH6, STM32WBA50KGU6, STM32WBA50KGU6TR, STM32WBA52CEU6, STM32WBA52CEU6TR, STM32WBA52CEU7, STM32WBA52CEU7TR, STM32WBA52CGU6, STM32WBA52CGU6TR, STM32WBA52CGU6U, STM32WBA52CGU7, STM32WBA52CGU7TR, STM32WBA52KEU6, STM32WBA52KEU6TR, STM32WBA52KGU6, STM32WBA52KGU6TR, STM32WBA54CEU6, STM32WBA54CEU6TR, STM32WBA54CEU7, STM32WBA54CEU7TR, STM32WBA54CGU6, STM32WBA54CGU6TR, STM32WBA54CGU7, STM32WBA54CGU7TR, STM32WBA54KEU6, STM32WBA54KEU6TR, STM32WBA54KEU7, STM32WBA54KEU7TR, STM32WBA54KGU6, STM32WBA54KGU6TR, STM32WBA54KGU7, STM32WBA54KGU7TR, STM32WBA55CEU6, STM32WBA55CEU6TR, STM32WBA55CEU7, STM32WBA55CEU7TR, STM32WBA55CGU6, STM32WBA55CGU6TR, STM32WBA55CGU6U, STM32WBA55CGU7, STM32WBA55CGU7TR, STM32WBA55G-DK1, STM32WBA55HEF6, STM32WBA55HEF7, STM32WBA55HGF6, STM32WBA55HGF7, STM32WBA55UEI6, STM32WBA55UEI6TR, STM32WBA55UEI7, STM32WBA55UEI7TR, STM32WBA55UGI6, STM32WBA55UGI6TR, STM32WBA55UGI7, STM32WBA55UGI7TR, STM32WBA5MJGH6TR, STM32WBA62CGU6, STM32WBA62CIU6, STM32WBA62MGF6, STM32WBA62MIF6, STM32WBA62PGI6, STM32WBA62PII6, STM32WBA63CGU6, STM32WBA63CGU7, STM32WBA63CIU6, STM32WBA63CIU7, STM32WBA64CGU6, STM32WBA64CGU7, STM32WBA64CIU6, STM32WBA64CIU7, STM32WBA65CGU6, STM32WBA65CGU7, STM32WBA65CIU6, STM32WBA65CIU7, STM32WBA65I-DK1, STM32WBA65MGF6, STM32WBA65MGF7, STM32WBA65MIF6, STM32WBA65MIF7, STM32WBA65PGI6, STM32WBA65PGI7, STM32WBA65PII6, STM32WBA65PII7, STM32WBA65RGV6, STM32WBA65RGV7, STM32WBA65RIV6, STM32WBA65RIV7, STM32WL30K8V6, STM32WL30KBV6, STM32WL31C8V6, STM32WL31CBV6, STM32WL31K8V6, STM32WL31KBV6, STM32WL33C8V6, STM32WL33C8V6TR, STM32WL33C8V7, STM32WL33C8V7TR, STM32WL33CBV6, STM32WL33CBV6TR, STM32WL33CBV7, STM32WL33CBV7TR, STM32WL33CCV6, STM32WL33CCV6TR, STM32WL33CCV7, STM32WL33CCV7A, STM32WL33CCV7ATR, STM32WL33CCV7TR, STM32WL33K8V6, STM32WL33K8V6TR, STM32WL33K8V7, STM32WL33K8V7TR, STM32WL33KBV6, STM32WL33KBV6TR, STM32WL33KBV7, STM32WL33KBV7TR, STM32WL33KCV6, STM32WL33KCV6TR, STM32WL33KCV7, STM32WL33KCV7TR, STM32WL5MOCH6, STM32WL5MOCH6TR]
2025-05-20 20:57:48,420 [INFO] BoardInfo:889 - No configuration file found for board P-NUCLEO-WB55
2025-05-20 20:57:48,422 [INFO] DbBoards:161 - Kit is not supported: P-NUCLEO-WB55
2025-05-20 20:57:48,436 [INFO] BoardInfo:889 - No configuration file found for board STEVAL-BFA001V1B
2025-05-20 20:57:48,438 [INFO] DbBoards:161 - Kit is not supported: STEVAL-BFA001V1B
2025-05-20 20:57:48,440 [INFO] BoardInfo:889 - No configuration file found for board STEVAL-BFA001V2B
2025-05-20 20:57:48,443 [INFO] DbBoards:161 - Kit is not supported: STEVAL-BFA001V2B
2025-05-20 20:57:48,892 [INFO] DbBoards:168 - Found 211 boards, 208 are supported
2025-05-20 20:57:48,892 [INFO] DbBoards:169 - Found 211 boards, 43 of them is supported for  Bsp
2025-05-20 20:57:48,900 [INFO] ApiDb:668 - CubeFinder database Data Model version=2.1
2025-05-20 20:57:48,900 [INFO] ApiDb:669 - CubeFinder database Configuration version=3.0.39
2025-05-20 20:57:48,900 [INFO] ApiDb:670 - CubeFinder database generation date=2025-03-24 (1742811287)
2025-05-20 20:57:48,900 [INFO] ApiDb:671 - CubeFinder database FW Pack versions=[FP-ATR-ASTRA1_V2.0.0, FP-SNS-FLIGHT1_V5.0.2, FP-SNS-MOTENV1_V5.0.0, FP-SNS-MOTENVWB1_V1.4.0, FP-SNS-SMARTAG2_V1.2.0, FP-SNS-STBOX1_V2.0.0, STM32Cube_FW_C0_V1.4.0, STM32Cube_FW_F4_V1.28.1, STM32Cube_FW_F7_V1.17.2, STM32Cube_FW_G0_V1.6.2, STM32Cube_FW_G4_V1.6.1, STM32Cube_FW_H5_V1.5.0, STM32Cube_FW_H7RS_V1.2.0, STM32Cube_FW_H7_V1.12.1, STM32Cube_FW_L0_V1.12.2, STM32Cube_FW_L4_V1.18.1, STM32Cube_FW_L5_V1.5.1, STM32Cube_FW_N6_V1.1.0, STM32Cube_FW_U0_V1.2.0, STM32Cube_FW_U3_V1.1.0, STM32Cube_FW_U5_V1.7.0, STM32Cube_FW_WB0_V1.2.0, STM32Cube_FW_WBA_V1.6.0, STM32Cube_FW_WB_V1.22.0, STM32Cube_FW_WL3_V1.1.0, STM32Cube_FW_WL_V1.3.1, X-CUBE-ALGOBUILD_V1.4.0, X-CUBE-ALS_V1.0.2, X-CUBE-AZRTOS-F4_V1.1.0, X-CUBE-AZRTOS-F7_V1.1.0, X-CUBE-AZRTOS-G0_V1.1.0, X-CUBE-AZRTOS-G4_V2.0.0, X-CUBE-AZRTOS-H7RS_V1.0.0, X-CUBE-AZRTOS-H7_V3.3.0, X-CUBE-AZRTOS-L4_V2.0.0, X-CUBE-AZRTOS-L5_V2.0.0, X-CUBE-AZRTOS-WB_V2.0.0, X-CUBE-AZRTOS-WL_V2.0.0, X-CUBE-BLE1_V7.1.0, X-CUBE-BLE2_V3.3.0, X-CUBE-BLEMGR_V4.0.0, X-CUBE-EEPRMA1_V5.1.0, X-CUBE-FREERTOS_V1.3.0, X-CUBE-GNSS1_V6.0.0, X-CUBE-MEMS1_V11.1.0, X-CUBE-NFC4_V3.0.0, X-CUBE-NFC7_V1.0.1, X-CUBE-SFXS2LP1_V4.0.0, X-CUBE-SUBG2_V5.0.0, X-CUBE-TOF1_V3.4.2]
2025-05-20 20:57:51,844 [INFO] ApiDb:240 - Found 895 in-development CPN: [B-G473E-ZEST1S, B-WB1M-WPAN1, B-WBA5M-WPAN, B-WL5M-SUBG1, NUCLEO-C031C6, NUCLEO-C051C8, NUCLEO-C071RB, NUCLEO-C092RC, NUCLEO-H503RB, NUCLEO-H533RE, NUCLEO-H563ZI, NUCLEO-H7S3L8, NUCLEO-N657X0-Q, NUCLEO-U031R8, NUCLEO-U083RC, NUCLEO-U385RG-Q, NUCLEO-U545RE-Q, NUCLEO-U5A5ZJ-Q, NUCLEO-WB05KZ, NUCLEO-WB07CC, NUCLEO-WB09KE, NUCLEO-WBA52CG, NUCLEO-WBA55CG, NUCLEO-WBA65RI, NUCLEO-WL33CC1, NUCLEO-WL33CC2, STEVAL-PROTEUS1, STEVAL-SMARTAG2, STEVAL-STWINBX1, STM320518-EVAL, STM32C0116-DK, STM32C011D6Y3TR, STM32C011D6Y6TR, STM32C011F4P3, STM32C011F4P6, STM32C011F4U3, STM32C011F4U6TR, STM32C011F6P3, STM32C011F6P6, STM32C011F6U3, STM32C011F6U6TR, STM32C011J4M3, STM32C011J4M6, STM32C011J6M3, STM32C011J6M6, STM32C0316-DK, STM32C031C4T3, STM32C031C4T6, STM32C031C4U3, STM32C031C4U6, STM32C031C6T3, STM32C031C6T6, STM32C031C6U3, STM32C031C6U6, STM32C031F4P3, STM32C031F4P6, STM32C031F6P3, STM32C031F6P6, STM32C031G4U3, STM32C031G4U6, STM32C031G6U3, STM32C031G6U6, STM32C031K4T3, STM32C031K4T6, STM32C031K4U3, STM32C031K4U6, STM32C031K6T3, STM32C031K6T6, STM32C031K6U3, STM32C031K6U6, STM32C051C6T6, STM32C051C6U6, STM32C051C8T6, STM32C051C8U6, STM32C051D8Y6TR, STM32C051F6P6, STM32C051F8P6, STM32C051G6U6, STM32C051G8U6, STM32C051K6T6, STM32C051K6U6, STM32C051K8T6, STM32C071C8T6, STM32C071C8T6N, STM32C071C8U6, STM32C071C8U6N, STM32C071CBT6, STM32C071CBT6N, STM32C071CBU6, STM32C071CBU6N, STM32C071F8P6, STM32C071F8P6N, STM32C071FBP6, STM32C071FBP6N, STM32C071FBY6TR, STM32C071G8U6, STM32C071G8U6N, STM32C071GBU6, STM32C071GBU6N, STM32C071K8T6, STM32C071K8T6N, STM32C071K8U6, STM32C071K8U6N, STM32C071KBT6, STM32C071KBT6N, STM32C071KBU6, STM32C071KBU6N, STM32C071R8T6, STM32C071R8T6N, STM32C071RBI6N, STM32C071RBT6, STM32C071RBT6N, STM32C091CBT6, STM32C091CBU6, STM32C091CCT6, STM32C091CCU6, STM32C091ECY6TR, STM32C091FBP6, STM32C091FCP6, STM32C091GBU6, STM32C091GCU6, STM32C091KBT6, STM32C091KBU6, STM32C091KCT6, STM32C091KCU6, STM32C091RBT6, STM32C091RCI6, STM32C091RCT6, STM32C092CBT6, STM32C092CBU6, STM32C092CCT6, STM32C092CCU6, STM32C092ECY6TR, STM32C092FBP6, STM32C092FCP6, STM32C092GBU6, STM32C092GCU6, STM32C092KBT6, STM32C092KBU6, STM32C092KCT6, STM32C092KCU6, STM32C092RBT6, STM32C092RCI6, STM32C092RCT6, STM32G071K8TXN, STM32G071K8UXN, STM32G081GBU6N, STM32G081KBT6N, STM32G081KBUXN, STM32G0B1CCT6N, STM32G0B1KCT6, STM32G0B1NEY6TR, STM32G0B1RCT6N, STM32G0C1CCT6, STM32G0C1CCT6N, STM32G0C1CCU6N, STM32G0C1CET6N, STM32G0C1CEU6N, STM32G0C1KCT6, STM32G0C1NEY6TR, STM32G0C1RCI6N, STM32G0C1RCT6N, STM32G0C1REI6N, STM32G0C1RET6N, STM32G0C1VCI6, STM32G0C1VEI6, STM32G411C6T3, STM32G411C6T6, STM32G411C6U3, STM32G411C6U6, STM32G411C8T3, STM32G411C8T6, STM32G411C8U3, STM32G411C8U6, STM32G411CBT3, STM32G411CBT6, STM32G411CBU3, STM32G411CBU6, STM32G411CCT3, STM32G411CCT6, STM32G411CCU3, STM32G411CCU6, STM32G411K6T3, STM32G411K6T6, STM32G411K6U3, STM32G411K6U6, STM32G411K8T3, STM32G411K8T6, STM32G411K8U3, STM32G411K8U6, STM32G411KBT3, STM32G411KBT6, STM32G411KBU3, STM32G411KBU6, STM32G411M6T3, STM32G411M6T6, STM32G411M8T3, STM32G411M8T6, STM32G411MBT3, STM32G411MBT6, STM32G411MCT3, STM32G411MCT6, STM32G411R6T3, STM32G411R6T6, STM32G411R8T3, STM32G411R8T6, STM32G411RBT3, STM32G411RBT6, STM32G411RCT3, STM32G411RCT6, STM32G414CBT3, STM32G414CBT6, STM32G414CBU3, STM32G414CBU6, STM32G414CCT3, STM32G414CCT6, STM32G414CCU3, STM32G414CCU6, STM32G414MBT3, STM32G414MBT6, STM32G414MCT3, STM32G414MCT6, STM32G414RBT3, STM32G414RBT6, STM32G414RCT3, STM32G414RCT6, STM32G414VBT3, STM32G414VBT6, STM32G414VCT3, STM32G414VCT6, STM32G431CBT3Z, STM32G431RBT3Z, STM32G471CCT6, STM32G471CCU6, STM32G471CET3, STM32G471CET6, STM32G471CEU3, STM32G471CEU6, STM32G471MCT6, STM32G471MET3, STM32G471MET6, STM32G471MEY6TR, STM32G471QCT6, STM32G471QET3, STM32G471RCT6, STM32G471RET3, STM32G471RET6, STM32G471VCH6, STM32G471VCI6, STM32G471VCT6, STM32G471VEH3, STM32G471VEH6, STM32G471VEI3, STM32G471VEI6, STM32G471VET3, STM32G471VET6, STM32G473QET3Z, STM32G473RET3Z, STM32G474CCT6, STM32G491RET3Z, STM32H503CBT6, STM32H503CBU6, STM32H503EBY6TR, STM32H503KBU6, STM32H503RBT6, STM32H523CCT6, STM32H523CCU6, STM32H523CET6, STM32H523CEU6, STM32H523HEY6TR, STM32H523RCT6, STM32H523RET6, STM32H523VCI6, STM32H523VCT6, STM32H523VEI6, STM32H523VET6, STM32H523ZCJ6, STM32H523ZCT6, STM32H523ZEJ6, STM32H523ZET6, STM32H533CET6, STM32H533CEU6, STM32H533HEY6TR, STM32H533RET6, STM32H533VEI6, STM32H533VET6, STM32H533ZEJ6, STM32H533ZET6, STM32H562AGI6, STM32H562AII6, STM32H562IGK6, STM32H562IGT6, STM32H562IIK6, STM32H562IIT6, STM32H562RGT6, STM32H562RGV6, STM32H562RIT6, STM32H562RIV6, STM32H562VGT6, STM32H562VIT6, STM32H562ZGT6, STM32H562ZIT6, STM32H563AGI6, STM32H563AII3Q, STM32H563AII6, STM32H563IGK6, STM32H563IGT6, STM32H563IIK3Q, STM32H563IIK6, STM32H563IIT3Q, STM32H563IIT6, STM32H563MIY3QTR, STM32H563RGT6, STM32H563RGV6, STM32H563RIT6, STM32H563RIV6, STM32H563VGT6, STM32H563VIT3Q, STM32H563VIT6, STM32H563ZGT6, STM32H563ZIT3Q, STM32H563ZIT6, STM32H573AII3Q, STM32H573AII6, STM32H573I-DK, STM32H573IIK3Q, STM32H573IIK6, STM32H573IIT3Q, STM32H573IIT6, STM32H573MIY3QTR, STM32H573RIT6, STM32H573RIV6, STM32H573VIT3Q, STM32H573VIT6, STM32H573ZIT3Q, STM32H573ZIT6, STM32H7R3A8I6, STM32H7R3I8K6, STM32H7R3I8T6, STM32H7R3L8H6, STM32H7R3L8H6H, STM32H7R3R8V6, STM32H7R3V8H6, STM32H7R3V8T6, STM32H7R3V8Y6TR, STM32H7R3Z8J6, STM32H7R3Z8T6, STM32H7R7A8I6, STM32H7R7I8K6, STM32H7R7I8T6, STM32H7R7L8H6, STM32H7R7L8H6H, STM32H7R7Z8J6, STM32H7S3A8I6, STM32H7S3I8K6, STM32H7S3I8T6, STM32H7S3L8H6, STM32H7S3L8H6H, STM32H7S3R8V6, STM32H7S3V8H6, STM32H7S3V8T6, STM32H7S3V8Y6TR, STM32H7S3Z8J6, STM32H7S3Z8T6, STM32H7S78-DK, STM32H7S7A8I6, STM32H7S7I8K6, STM32H7S7I8T6, STM32H7S7L8H6, STM32H7S7L8H6H, STM32H7S7Z8J6, STM32L4R5QGI6STR, STM32MP131AAE3, STM32MP131AAF3, STM32MP131AAG3, STM32MP131CAE3, STM32MP131CAF3, STM32MP131CAG3, STM32MP131DAE7, STM32MP131DAF7, STM32MP131DAG7, STM32MP131FAE7, STM32MP131FAF7, STM32MP131FAG7, STM32MP133AAE3, STM32MP133AAF3, STM32MP133AAG3, STM32MP133CAE3, STM32MP133CAF3, STM32MP133CAG3, STM32MP133DAE7, STM32MP133DAF7, STM32MP133DAG7, STM32MP133FAE7, STM32MP133FAF7, STM32MP133FAG7, STM32MP135AAE3, STM32MP135AAF3, STM32MP135AAG3, STM32MP135CAE3, STM32MP135CAF3, STM32MP135CAG3, STM32MP135DAE7, STM32MP135DAF7, STM32MP135DAG7, STM32MP135F-DK, STM32MP135FAE7, STM32MP135FAF7, STM32MP135FAF7T, STM32MP135FAF7U, STM32MP135FAG7, STM32MP231AAJ3, STM32MP231AAK3, STM32MP231AAL3, STM32MP231CAJ3, STM32MP231CAK3, STM32MP231CAL3, STM32MP231DAJ3, STM32MP231DAK3, STM32MP231DAL3, STM32MP231FAJ3, STM32MP231FAK3, STM32MP231FAL3, STM32MP233AAJ3, STM32MP233AAK3, STM32MP233AAL3, STM32MP233CAJ3, STM32MP233CAK3, STM32MP233CAL3, STM32MP233DAJ3, STM32MP233DAK3, STM32MP233DAL3, STM32MP233FAJ3, STM32MP233FAK3, STM32MP233FAL3, STM32MP235AAJ3, STM32MP235AAK3, STM32MP235AAL3, STM32MP235CAJ3, STM32MP235CAK3, STM32MP235CAL3, STM32MP235DAJ3, STM32MP235DAK3, STM32MP235DAL3, STM32MP235FAJ3, STM32MP235FAK3, STM32MP235FAL3, STM32MP251AAI3, STM32MP251AAJ3, STM32MP251AAK3, STM32MP251AAL3, STM32MP251CAI3, STM32MP251CAJ3, STM32MP251CAK3, STM32MP251CAL3, STM32MP251DAI3, STM32MP251DAJ3, STM32MP251DAK3, STM32MP251DAL3, STM32MP251FAI3, STM32MP251FAJ3, STM32MP251FAK3, STM32MP251FAL3, STM32MP253AAI3, STM32MP253AAJ3, STM32MP253AAK3, STM32MP253AAL3, STM32MP253CAI3, STM32MP253CAJ3, STM32MP253CAK3, STM32MP253CAL3, STM32MP253DAI3, STM32MP253DAJ3, STM32MP253DAK3, STM32MP253DAL3, STM32MP253FAI3, STM32MP253FAJ3, STM32MP253FAK3, STM32MP253FAL3, STM32MP255AAI3, STM32MP255AAJ3, STM32MP255AAK3, STM32MP255AAL3, STM32MP255CAI3, STM32MP255CAJ3, STM32MP255CAK3, STM32MP255CAL3, STM32MP255DAI3, STM32MP255DAJ3, STM32MP255DAK3, STM32MP255DAL3, STM32MP255FAI3, STM32MP255FAJ3, STM32MP255FAK3, STM32MP255FAL3, STM32MP257AAI3, STM32MP257AAJ3, STM32MP257AAK3, STM32MP257AAL3, STM32MP257CAI3, STM32MP257CAJ3, STM32MP257CAK3, STM32MP257CAL3, STM32MP257DAI3, STM32MP257DAJ3, STM32MP257DAK3, STM32MP257DAL3, STM32MP257F-DK, STM32MP257F-EV1, STM32MP257FAI3, STM32MP257FAJ3, STM32MP257FAK3, STM32MP257FAL3, STM32N645A0H3Q, STM32N645B0H3Q, STM32N645I0H3Q, STM32N645L0H3Q, STM32N645X0H3Q, STM32N645Z0H3Q, STM32N647A0H3Q, STM32N647B0H3Q, STM32N647I0H3Q, STM32N647L0H3Q, STM32N647X0H3Q, STM32N647Z0H3Q, STM32N655A0H3Q, STM32N655B0H3Q, STM32N655I0H3Q, STM32N655L0H3Q, STM32N655X0H3Q, STM32N655Z0H3Q, STM32N6570-DK, STM32N657A0H3Q, STM32N657B0H3Q, STM32N657I0H3Q, STM32N657L0H3Q, STM32N657X0H3Q, STM32N657Z0H3Q, STM32U031C6T6, STM32U031C6U6, STM32U031C8T6, STM32U031C8U6, STM32U031F4P6, STM32U031F6P6, STM32U031F8P6, STM32U031G6Y6TR, STM32U031G8Y6TR, STM32U031K4U6, STM32U031K6U6, STM32U031K8U6, STM32U031R6I6, STM32U031R6T6, STM32U031R8I6, STM32U031R8T6, STM32U073C8T6, STM32U073C8U6, STM32U073CBT6, STM32U073CBU6, STM32U073CCT6, STM32U073CCU6, STM32U073H8Y6TR, STM32U073HBY6TR, STM32U073HCY6TR, STM32U073K8U6, STM32U073KBU6, STM32U073KCU6, STM32U073M8I6, STM32U073M8T6, STM32U073MBI6, STM32U073MBT6, STM32U073MCI6, STM32U073MCT6, STM32U073R8I6, STM32U073R8T6, STM32U073RBI6, STM32U073RBT6, STM32U073RCI6, STM32U073RCT6, STM32U083C-DK, STM32U083CCT6, STM32U083CCU6, STM32U083HCY6TR, STM32U083KCU6, STM32U083MCI6, STM32U083MCT6, STM32U083RCI6, STM32U083RCT6, STM32U375CET6, STM32U375CET6Q, STM32U375CEU6, STM32U375CEU6Q, STM32U375CEY6QTR, STM32U375CGT6, STM32U375CGT6Q, STM32U375CGU6, STM32U375CGU6Q, STM32U375CGY6QTR, STM32U375KEU6, STM32U375KGU6, STM32U375REI6, STM32U375REI6Q, STM32U375RET6, STM32U375RET6Q, STM32U375REY6GTR, STM32U375REY6QTR, STM32U375RGI6, STM32U375RGI6Q, STM32U375RGT6, STM32U375RGT6Q, STM32U375RGY6GTR, STM32U375RGY6QTR, STM32U375VEI6, STM32U375VEI6Q, STM32U375VET6, STM32U375VET6Q, STM32U375VGI6, STM32U375VGI6Q, STM32U375VGT6, STM32U375VGT6Q, STM32U385CGT6, STM32U385CGT6Q, STM32U385CGU6, STM32U385CGU6Q, STM32U385CGY6QTR, STM32U385KGU6, STM32U385RGI6, STM32U385RGI6Q, STM32U385RGT6, STM32U385RGT6Q, STM32U385RGY6GTR, STM32U385RGY6QTR, STM32U385VGI6, STM32U385VGI6Q, STM32U385VGT6, STM32U385VGT6Q, STM32U535CBT6, STM32U535CBT6Q, STM32U535CBU6, STM32U535CBU6Q, STM32U535CCT6, STM32U535CCT6Q, STM32U535CCU6, STM32U535CCU6Q, STM32U535CET6, STM32U535CET6Q, STM32U535CEU6, STM32U535CEU6Q, STM32U535JEY6QTR, STM32U535NCY6QTR, STM32U535NEY6QTR, STM32U535RBI6, STM32U535RBI6Q, STM32U535RBT6, STM32U535RBT6Q, STM32U535RCI6, STM32U535RCI6Q, STM32U535RCT6, STM32U535RCT6Q, STM32U535REI6, STM32U535REI6Q, STM32U535RET6, STM32U535RET6Q, STM32U535VCI6, STM32U535VCI6Q, STM32U535VCT6, STM32U535VCT6Q, STM32U535VEI6, STM32U535VEI6Q, STM32U535VET6, STM32U535VET6Q, STM32U545CET6, STM32U545CET6Q, STM32U545CEU6, STM32U545CEU6Q, STM32U545JEY6QTR, STM32U545NEY6QTR, STM32U545REI6, STM32U545REI6Q, STM32U545RET6, STM32U545RET6Q, STM32U545VEI6, STM32U545VEI6Q, STM32U545VET6, STM32U545VET6Q, STM32U595AIH6, STM32U595AIH6Q, STM32U595AJH6, STM32U595AJH6Q, STM32U595QII6, STM32U595QII6Q, STM32U595QJI6, STM32U595QJI6Q, STM32U595RIT6, STM32U595RIT6Q, STM32U595RJT6, STM32U595RJT6Q, STM32U595VIT6, STM32U595VIT6Q, STM32U595VJT6, STM32U595VJT6Q, STM32U595ZIT6, STM32U595ZIT6Q, STM32U595ZIY6QTR, STM32U595ZJT6, STM32U595ZJT6Q, STM32U595ZJY6QTR, STM32U599BJY6QTR, STM32U599NIH6Q, STM32U599NJH6Q, STM32U599VIT6Q, STM32U599VJT6, STM32U599VJT6Q, STM32U599ZIT6Q, STM32U599ZIY6QTR, STM32U599ZJT6Q, STM32U599ZJY6QTR, STM32U5A5AJH6, STM32U5A5AJH6Q, STM32U5A5QII3Q , STM32U5A5QJI6, STM32U5A5QJI6Q, STM32U5A5RJT6, STM32U5A5RJT6Q, STM32U5A5VJT6, STM32U5A5VJT6Q, STM32U5A5ZJT6, STM32U5A5ZJT6Q, STM32U5A5ZJY6QTR, STM32U5A9BJY6QTR, STM32U5A9J-DK, STM32U5A9NJH6Q, STM32U5A9VJT6Q, STM32U5A9ZJT6Q, STM32U5A9ZJY6QTR, STM32U5F7VIT6, STM32U5F7VIT6Q, STM32U5F7VJT6, STM32U5F7VJT6Q, STM32U5F9BJY6QTR, STM32U5F9NJH6Q, STM32U5F9VIT6Q, STM32U5F9VJT6Q, STM32U5F9ZIJ6QTR, STM32U5F9ZIT6Q, STM32U5F9ZJJ6QTR, STM32U5F9ZJT6Q, STM32U5G7VJT6, STM32U5G7VJT6Q, STM32U5G9BJY6QTR, STM32U5G9J-DK1, STM32U5G9J-DK2, STM32U5G9NJH6Q, STM32U5G9VJT6Q, STM32U5G9ZJJ6QTR, STM32U5G9ZJT6Q, STM32WB05KZV6TR, STM32WB05KZV7TR, STM32WB05TZF6TR, STM32WB05TZF7TR, STM32WB06CCF6TR, STM32WB06CCF7TR, STM32WB06CCV6TR, STM32WB06CCV7TR, STM32WB06KCV6TR, STM32WB06KCV7TR, STM32WB07CCF6TR, STM32WB07CCF7TR, STM32WB07CCV6TR, STM32WB07CCV7TR, STM32WB07KCV6TR, STM32WB07KCV7TR, STM32WB09KEV6TR, STM32WB09KEV7TR, STM32WB09TEF6TR, STM32WB09TEF7TR, STM32WB1MMCH6, STM32WBA50KGU6, STM32WBA50KGU6TR, STM32WBA52CEU6, STM32WBA52CEU6TR, STM32WBA52CEU7, STM32WBA52CEU7TR, STM32WBA52CGU6, STM32WBA52CGU6TR, STM32WBA52CGU6U, STM32WBA52CGU7, STM32WBA52CGU7TR, STM32WBA52KEU6, STM32WBA52KEU6TR, STM32WBA52KGU6, STM32WBA52KGU6TR, STM32WBA54CEU6, STM32WBA54CEU6TR, STM32WBA54CEU7, STM32WBA54CEU7TR, STM32WBA54CGU6, STM32WBA54CGU6TR, STM32WBA54CGU7, STM32WBA54CGU7TR, STM32WBA54KEU6, STM32WBA54KEU6TR, STM32WBA54KEU7, STM32WBA54KEU7TR, STM32WBA54KGU6, STM32WBA54KGU6TR, STM32WBA54KGU7, STM32WBA54KGU7TR, STM32WBA55CEU6, STM32WBA55CEU6TR, STM32WBA55CEU7, STM32WBA55CEU7TR, STM32WBA55CGU6, STM32WBA55CGU6TR, STM32WBA55CGU6U, STM32WBA55CGU7, STM32WBA55CGU7TR, STM32WBA55G-DK1, STM32WBA55HEF6, STM32WBA55HEF7, STM32WBA55HGF6, STM32WBA55HGF7, STM32WBA55UEI6, STM32WBA55UEI6TR, STM32WBA55UEI7, STM32WBA55UEI7TR, STM32WBA55UGI6, STM32WBA55UGI6TR, STM32WBA55UGI7, STM32WBA55UGI7TR, STM32WBA5MJGH6TR, STM32WBA62CGU6, STM32WBA62CIU6, STM32WBA62MGF6, STM32WBA62MIF6, STM32WBA62PGI6, STM32WBA62PII6, STM32WBA63CGU6, STM32WBA63CGU7, STM32WBA63CIU6, STM32WBA63CIU7, STM32WBA64CGU6, STM32WBA64CGU7, STM32WBA64CIU6, STM32WBA64CIU7, STM32WBA65CGU6, STM32WBA65CGU7, STM32WBA65CIU6, STM32WBA65CIU7, STM32WBA65I-DK1, STM32WBA65MGF6, STM32WBA65MGF7, STM32WBA65MIF6, STM32WBA65MIF7, STM32WBA65PGI6, STM32WBA65PGI7, STM32WBA65PII6, STM32WBA65PII7, STM32WBA65RGV6, STM32WBA65RGV7, STM32WBA65RIV6, STM32WBA65RIV7, STM32WL30K8V6, STM32WL30KBV6, STM32WL31C8V6, STM32WL31CBV6, STM32WL31K8V6, STM32WL31KBV6, STM32WL33C8V6, STM32WL33C8V6TR, STM32WL33C8V7, STM32WL33C8V7TR, STM32WL33CBV6, STM32WL33CBV6TR, STM32WL33CBV7, STM32WL33CBV7TR, STM32WL33CCV6, STM32WL33CCV6TR, STM32WL33CCV7, STM32WL33CCV7A, STM32WL33CCV7ATR, STM32WL33CCV7TR, STM32WL33K8V6, STM32WL33K8V6TR, STM32WL33K8V7, STM32WL33K8V7TR, STM32WL33KBV6, STM32WL33KBV6TR, STM32WL33KBV7, STM32WL33KBV7TR, STM32WL33KCV6, STM32WL33KCV6TR, STM32WL33KCV7, STM32WL33KCV7TR, STM32WL5MOCH6, STM32WL5MOCH6TR]
2025-05-20 20:57:51,852 [INFO] DbMcus:218 - Found 4686 MCUs, 4686 are supported
2025-05-20 20:57:51,856 [INFO] ApiDb:423 - Load user favorites file C:\Users\pwlub/.stm32cubeide/favorites.mcus.txt: 0 item(s)
2025-05-20 20:57:51,856 [INFO] ApiDb:427 - User favorites MCUs=[]
2025-05-20 20:57:51,856 [INFO] DbMcus:224 - Set 0 / 0 favorites MCUs
2025-05-20 20:57:52,773 [INFO] ApiDb:414 - User favorites file not found: C:\Users\pwlub/.stm32cubeide/favorites.boards.txt
2025-05-20 20:57:52,773 [INFO] DbBoards:198 - Set 0 / 0 favorites Boards
2025-05-20 20:57:52,845 [INFO] UtilMem:75 - End LoadConfig() Used Memory: 807267576 Bytes (1073741824)
2025-05-20 20:57:53,120 [WARN] ThirdParty:833 - waiting for thirdparty lock release [change project]
2025-05-20 20:57:53,120 [INFO] ThirdParty:835 - entering critical section [change project]
2025-05-20 20:57:53,120 [INFO] ThirdParty:1030 - CMSIS Pack Vendor :STMicroelectronics USBPD 4.1
2025-05-20 20:57:53,120 [INFO] ThirdParty:1030 - CMSIS Pack Vendor :STMicroelectronics X-CUBE-AZRTOS-H7 3.3.0
2025-05-20 20:57:53,121 [INFO] ThirdParty:1030 - CMSIS Pack Vendor :STMicroelectronics X-CUBE-NFC9 1.0.0
2025-05-20 20:57:53,121 [INFO] ThirdParty:1030 - CMSIS Pack Vendor :STMicroelectronics USB_HOST 2.0.0
2025-05-20 20:57:53,121 [INFO] ThirdParty:1030 - CMSIS Pack Vendor :STMicroelectronics FP-SNS-MOTENVWB1 1.4.0
2025-05-20 20:57:53,121 [INFO] ThirdParty:1030 - CMSIS Pack Vendor :STMicroelectronics X-CUBE-AZRTOS-F4 1.1.0
2025-05-20 20:57:53,121 [INFO] ThirdParty:1030 - CMSIS Pack Vendor :STMicroelectronics LIBJPEG 8.0.0
2025-05-20 20:57:53,121 [INFO] ThirdParty:1030 - CMSIS Pack Vendor :STMicroelectronics FP-ATR-ASTRA1 2.0.2
2025-05-20 20:57:53,121 [INFO] ThirdParty:1030 - CMSIS Pack Vendor :STMicroelectronics X-CUBE-BLE1 7.1.0
2025-05-20 20:57:53,121 [INFO] ThirdParty:1030 - CMSIS Pack Vendor :Avnet-IotConnect X-CUBE-IoTC-DA16k-PMOD 1.0.0
2025-05-20 20:57:53,121 [INFO] ThirdParty:1030 - CMSIS Pack Vendor :STMicroelectronics X-CUBE-SMBUS 2.1.0
2025-05-20 20:57:53,121 [INFO] ThirdParty:1030 - CMSIS Pack Vendor :STMicroelectronics X-CUBE-WB05N 1.1.0
2025-05-20 20:57:53,121 [INFO] ThirdParty:1030 - CMSIS Pack Vendor :STMicroelectronics USB_DEVICE 3.0.0
2025-05-20 20:57:53,122 [INFO] ThirdParty:1030 - CMSIS Pack Vendor :STMicroelectronics X-CUBE-ISPU 2.1.0
2025-05-20 20:57:53,122 [INFO] ThirdParty:1030 - CMSIS Pack Vendor :STMicroelectronics X-CUBE-AZRTOS-WB 2.0.0
2025-05-20 20:57:53,122 [INFO] ThirdParty:1030 - CMSIS Pack Vendor :STMicroelectronics X-CUBE-GNSS1 7.0.1
2025-05-20 20:57:53,122 [INFO] ThirdParty:1030 - CMSIS Pack Vendor :STMicroelectronics X-CUBE-AZRTOS-F7 1.1.0
2025-05-20 20:57:53,122 [INFO] ThirdParty:1030 - CMSIS Pack Vendor :STMicroelectronics X-CUBE-AZRTOS-L5 2.0.0
2025-05-20 20:57:53,122 [INFO] ThirdParty:1030 - CMSIS Pack Vendor :STMicroelectronics X-CUBE-TOUCHGFX 4.25.0
2025-05-20 20:57:53,122 [INFO] ThirdParty:1030 - CMSIS Pack Vendor :STMicroelectronics USB_DEVICE 2.0.0
2025-05-20 20:57:53,122 [INFO] ThirdParty:1030 - CMSIS Pack Vendor :STMicroelectronics X-CUBE-NFC6 3.1.0
2025-05-20 20:57:53,122 [INFO] ThirdParty:1030 - CMSIS Pack Vendor :STMicroelectronics FP-SNS-STBOX1 2.0.0
2025-05-20 20:57:53,122 [INFO] ThirdParty:1030 - CMSIS Pack Vendor :STMicroelectronics X-CUBE-MEMS1 11.2.0
2025-05-20 20:57:53,122 [INFO] ThirdParty:1030 - CMSIS Pack Vendor :STMicroelectronics FreeRTOS 0.0.1
2025-05-20 20:57:53,123 [INFO] ThirdParty:1030 - CMSIS Pack Vendor :STMicroelectronics X-CUBE-AZRTOS-G0 1.1.0
2025-05-20 20:57:53,123 [INFO] ThirdParty:1030 - CMSIS Pack Vendor :STMicroelectronics X-CUBE-SAFEA1 1.2.2
2025-05-20 20:57:53,123 [INFO] ThirdParty:1030 - CMSIS Pack Vendor :STMicroelectronics X-CUBE-NFC4 3.0.0
2025-05-20 20:57:53,123 [INFO] ThirdParty:1030 - CMSIS Pack Vendor :STMicroelectronics X-CUBE-DPower 1.2.0
2025-05-20 20:57:53,123 [INFO] ThirdParty:1030 - CMSIS Pack Vendor :STMicroelectronics X-CUBE-SUBG2 5.0.0
2025-05-20 20:57:53,123 [INFO] ThirdParty:1030 - CMSIS Pack Vendor :STMicroelectronics STM32_WPAN 1.0.0
2025-05-20 20:57:53,123 [INFO] ThirdParty:1030 - CMSIS Pack Vendor :EmbeddedOffice I-CUBE-FS-RTOS 1.0.1
2025-05-20 20:57:53,123 [INFO] ThirdParty:1030 - CMSIS Pack Vendor :STMicroelectronics lwIP 2.0.3
2025-05-20 20:57:53,123 [INFO] ThirdParty:1030 - CMSIS Pack Vendor :Cesanta I-CUBE-Mongoose 7.13.0
2025-05-20 20:57:53,123 [INFO] ThirdParty:1030 - CMSIS Pack Vendor :STMicroelectronics USB_HOST 1.0.0
2025-05-20 20:57:53,123 [INFO] ThirdParty:1030 - CMSIS Pack Vendor :Infineon AIROC-Wi-Fi-Bluetooth-STM32 1.7.0
2025-05-20 20:57:53,123 [INFO] ThirdParty:1030 - CMSIS Pack Vendor :STMicroelectronics X-CUBE-AZRTOS-G4 2.0.0
2025-05-20 20:57:53,124 [INFO] ThirdParty:1030 - CMSIS Pack Vendor :STMicroelectronics X-CUBE-WB05N 2.0.0
2025-05-20 20:57:53,124 [INFO] ThirdParty:1030 - CMSIS Pack Vendor :STMicroelectronics PDM2PCM 3.1.0
2025-05-20 20:57:53,124 [INFO] ThirdParty:1030 - CMSIS Pack Vendor :STMicroelectronics PDM2PCM 3.3.0
2025-05-20 20:57:53,124 [INFO] ThirdParty:1030 - CMSIS Pack Vendor :wolfSSL I-CUBE-wolfTPM 3.8.0
2025-05-20 20:57:53,124 [INFO] ThirdParty:1030 - CMSIS Pack Vendor :STMicroelectronics X-CUBE-DISPLAY 3.0.0
2025-05-20 20:57:53,124 [INFO] ThirdParty:1030 - CMSIS Pack Vendor :wolfSSL I-CUBE-wolfSSH 1.4.20
2025-05-20 20:57:53,124 [INFO] ThirdParty:1030 - CMSIS Pack Vendor :STMicroelectronics X-CUBE-NFC7 2.0.0
2025-05-20 20:57:53,124 [INFO] ThirdParty:1030 - CMSIS Pack Vendor :STMicroelectronics X-CUBE-TCPP 4.2.0
2025-05-20 20:57:53,124 [INFO] ThirdParty:1030 - CMSIS Pack Vendor :RealThread X-CUBE-RT-Thread_Nano 4.1.1
2025-05-20 20:57:53,124 [INFO] ThirdParty:1030 - CMSIS Pack Vendor :STMicroelectronics FP-ATR-SIGFOX1 3.2.0
2025-05-20 20:57:53,124 [INFO] ThirdParty:1030 - CMSIS Pack Vendor :STMicroelectronics X-CUBE-NFC10 1.0.0
2025-05-20 20:57:53,124 [INFO] ThirdParty:1030 - CMSIS Pack Vendor :STMicroelectronics X-CUBE-BLEMGR 4.0.0
2025-05-20 20:57:53,125 [INFO] ThirdParty:1030 - CMSIS Pack Vendor :STMicroelectronics X-CUBE-EEPRMA1 5.1.0
2025-05-20 20:57:53,125 [INFO] ThirdParty:1030 - CMSIS Pack Vendor :STMicroelectronics X-CUBE-FREERTOS 1.3.1
2025-05-20 20:57:53,125 [INFO] ThirdParty:1030 - CMSIS Pack Vendor :STMicroelectronics HAL Drivers 0.0.0
2025-05-20 20:57:53,125 [INFO] ThirdParty:1030 - CMSIS Pack Vendor :STMicroelectronics MBEDTLS 2.16.2
2025-05-20 20:57:53,125 [INFO] ThirdParty:1030 - CMSIS Pack Vendor :STMicroelectronics X-CUBE-IPS 3.1.0
2025-05-20 20:57:53,125 [INFO] ThirdParty:1030 - CMSIS Pack Vendor :STMicroelectronics X-CUBE-ALS 1.0.2
2025-05-20 20:57:53,125 [INFO] ThirdParty:1030 - CMSIS Pack Vendor :emotas I-CUBE-CANOPEN 1.3.0
2025-05-20 20:57:53,125 [INFO] ThirdParty:1030 - CMSIS Pack Vendor :STMicroelectronics X-CUBE-FREERTOS 1.3.0
2025-05-20 20:57:53,125 [INFO] ThirdParty:1030 - CMSIS Pack Vendor :STMicroelectronics X-CUBE-NFC7 1.0.1
2025-05-20 20:57:53,125 [INFO] ThirdParty:1030 - CMSIS Pack Vendor :STMicroelectronics MBEDTLS 2.14.1
2025-05-20 20:57:53,125 [INFO] ThirdParty:1030 - CMSIS Pack Vendor :ITTIA_DB I-CUBE-ITTIADB 8.9.0
2025-05-20 20:57:53,125 [INFO] ThirdParty:1030 - CMSIS Pack Vendor :portGmbH I-Cube-SoM-uGOAL 1.1.0
2025-05-20 20:57:53,126 [INFO] ThirdParty:1030 - CMSIS Pack Vendor :quantropi X-CUBE-qispace-sdk-base 2.0.0
2025-05-20 20:57:53,126 [INFO] ThirdParty:1030 - CMSIS Pack Vendor :STMicroelectronics X-CUBE-AI 10.0.0
2025-05-20 20:57:53,126 [INFO] ThirdParty:1030 - CMSIS Pack Vendor :STMicroelectronics ThreadX 1.0.0
2025-05-20 20:57:53,126 [INFO] ThirdParty:1030 - CMSIS Pack Vendor :STMicroelectronics FP-SNS-SMARTAG2 1.2.0
2025-05-20 20:57:53,126 [INFO] ThirdParty:1030 - CMSIS Pack Vendor :STMicroelectronics FP-SNS-FLIGHT1 5.1.0
2025-05-20 20:57:53,126 [INFO] ThirdParty:1030 - CMSIS Pack Vendor :STMicroelectronics X-CUBE-MEMS1 11.1.0
2025-05-20 20:57:53,126 [INFO] ThirdParty:1030 - CMSIS Pack Vendor :STMicroelectronics X-CUBE-AZRTOS-WL 2.0.0
2025-05-20 20:57:53,126 [INFO] ThirdParty:1030 - CMSIS Pack Vendor :SEGGER I-CUBE-embOS 1.3.1
2025-05-20 20:57:53,126 [INFO] ThirdParty:1030 - CMSIS Pack Vendor :STMicroelectronics X-CUBE-ALGOBUILD 1.4.0
2025-05-20 20:57:53,127 [INFO] ThirdParty:1030 - CMSIS Pack Vendor :STMicroelectronics FP-SNS-MOTENV1 5.0.0
2025-05-20 20:57:53,127 [INFO] ThirdParty:1030 - CMSIS Pack Vendor :STMicroelectronics USB_DEVICE 1.0.0
2025-05-20 20:57:53,127 [INFO] ThirdParty:1030 - CMSIS Pack Vendor :STMicroelectronics X-CUBE-AZRTOS-H7RS 1.0.0
2025-05-20 20:57:53,127 [INFO] ThirdParty:1030 - CMSIS Pack Vendor :STMicroelectronics X-CUBE-AZRTOS-L4 2.0.0
2025-05-20 20:57:53,127 [INFO] ThirdParty:1030 - CMSIS Pack Vendor :STMicroelectronics ThreadX 0.0.2
2025-05-20 20:57:53,128 [INFO] ThirdParty:1030 - CMSIS Pack Vendor :WES I-CUBE-Cesium 1.3.0
2025-05-20 20:57:53,128 [INFO] ThirdParty:1030 - CMSIS Pack Vendor :STMicroelectronics lwIP 2.1.2
2025-05-20 20:57:53,128 [INFO] ThirdParty:1030 - CMSIS Pack Vendor :STMicroelectronics X-CUBE-SFXS2LP1 4.0.0
2025-05-20 20:57:53,128 [INFO] ThirdParty:1030 - CMSIS Pack Vendor :STMicroelectronics X-CUBE-BLE2 3.3.0
2025-05-20 20:57:53,128 [INFO] ThirdParty:1030 - CMSIS Pack Vendor :STMicroelectronics X-CUBE-TOF1 3.4.2
2025-05-20 20:57:53,128 [INFO] ThirdParty:1030 - CMSIS Pack Vendor :STMicroelectronics X-CUBE-TOF1 3.4.3
2025-05-20 20:57:53,128 [INFO] ThirdParty:1030 - CMSIS Pack Vendor :STMicroelectronics PDM2PCM 3.2.0
2025-05-20 20:57:53,129 [INFO] ThirdParty:841 - exiting critical section [change project]
2025-05-20 20:57:54,501 [INFO] PinOutPanel:1589 - setPackage(No Configuration,No Configuration)
2025-05-20 20:57:54,514 [INFO] PinOutPanel:1589 - setPackage(STM32G473RCTx,LQFP64)
2025-05-20 20:57:57,171 [INFO] UtilMem:75 - Before build in PCC Used Memory: 803782816 Bytes (1073741824)
2025-05-20 20:57:59,629 [INFO] UtilMem:75 - After build in PCC Used Memory: 973349912 Bytes (1073741824)
2025-05-20 20:57:59,833 [INFO] ApiDbMcu:508 - Load IP Config File for FREERTOS
2025-05-20 20:57:59,993 [INFO] IPUIPlugin:80 - create IPUIPlugin
2025-05-20 20:57:59,993 [INFO] IPUIPlugin:80 - create IPUIPlugin
2025-05-20 20:57:59,994 [INFO] IPUIPlugin:80 - create IPUIPlugin
2025-05-20 20:57:59,994 [INFO] IPUIPlugin:80 - create IPUIPlugin
2025-05-20 20:57:59,994 [INFO] IPUIPlugin:80 - create IPUIPlugin
2025-05-20 20:57:59,994 [INFO] IPUIPlugin:80 - create IPUIPlugin
2025-05-20 20:57:59,994 [INFO] IPUIPlugin:80 - create IPUIPlugin
2025-05-20 20:57:59,994 [INFO] IPUIPlugin:80 - create IPUIPlugin
2025-05-20 20:57:59,994 [INFO] IPUIPlugin:80 - create IPUIPlugin
2025-05-20 20:57:59,995 [INFO] IPUIPlugin:80 - create IPUIPlugin
2025-05-20 20:57:59,995 [INFO] IPUIPlugin:80 - create IPUIPlugin
2025-05-20 20:57:59,995 [INFO] IPUIPlugin:80 - create IPUIPlugin
2025-05-20 20:57:59,996 [INFO] IPUIPlugin:80 - create IPUIPlugin
2025-05-20 20:57:59,996 [INFO] IPUIPlugin:80 - create IPUIPlugin
2025-05-20 20:57:59,997 [INFO] IPUIPlugin:80 - create IPUIPlugin
2025-05-20 20:57:59,997 [INFO] IPUIPlugin:80 - create IPUIPlugin
2025-05-20 20:57:59,998 [INFO] IPUIPlugin:80 - create IPUIPlugin
2025-05-20 20:57:59,998 [INFO] IPUIPlugin:80 - create IPUIPlugin
2025-05-20 20:57:59,998 [INFO] IPUIPlugin:80 - create IPUIPlugin
2025-05-20 20:57:59,999 [INFO] IPUIPlugin:80 - create IPUIPlugin
2025-05-20 20:57:59,999 [INFO] IPUIPlugin:80 - create IPUIPlugin
2025-05-20 20:57:59,999 [INFO] IPUIPlugin:80 - create IPUIPlugin
2025-05-20 20:57:59,999 [INFO] IPUIPlugin:80 - create IPUIPlugin
2025-05-20 20:57:59,999 [INFO] IPUIPlugin:80 - create IPUIPlugin
2025-05-20 20:58:00,000 [INFO] IPUIPlugin:80 - create IPUIPlugin
2025-05-20 20:58:00,000 [INFO] IPUIPlugin:80 - create IPUIPlugin
2025-05-20 20:58:00,001 [INFO] IPUIPlugin:80 - create IPUIPlugin
2025-05-20 20:58:00,001 [INFO] IPUIPlugin:80 - create IPUIPlugin
2025-05-20 20:58:00,002 [INFO] IPUIPlugin:80 - create IPUIPlugin
2025-05-20 20:58:00,002 [INFO] IPUIPlugin:80 - create IPUIPlugin
2025-05-20 20:58:00,002 [INFO] IPUIPlugin:80 - create IPUIPlugin
2025-05-20 20:58:00,002 [INFO] IPUIPlugin:80 - create IPUIPlugin
2025-05-20 20:58:00,003 [INFO] IPUIPlugin:80 - create IPUIPlugin
2025-05-20 20:58:00,003 [INFO] IPUIPlugin:80 - create IPUIPlugin
2025-05-20 20:58:00,004 [INFO] IPUIPlugin:80 - create IPUIPlugin
2025-05-20 20:58:00,004 [INFO] IPUIPlugin:80 - create IPUIPlugin
2025-05-20 20:58:00,005 [INFO] IPUIPlugin:80 - create IPUIPlugin
2025-05-20 20:58:00,005 [INFO] IPUIPlugin:80 - create IPUIPlugin
2025-05-20 20:58:00,006 [INFO] IPUIPlugin:80 - create IPUIPlugin
2025-05-20 20:58:00,006 [INFO] IPUIPlugin:80 - create IPUIPlugin
2025-05-20 20:58:00,007 [INFO] IPUIPlugin:80 - create IPUIPlugin
2025-05-20 20:58:00,007 [INFO] IPUIPlugin:80 - create IPUIPlugin
2025-05-20 20:58:00,007 [INFO] IPUIPlugin:80 - create IPUIPlugin
2025-05-20 20:58:00,008 [INFO] IPUIPlugin:80 - create IPUIPlugin
2025-05-20 20:58:00,009 [INFO] IPUIPlugin:80 - create IPUIPlugin
2025-05-20 20:58:00,009 [INFO] IPUIPlugin:80 - create IPUIPlugin
2025-05-20 20:58:00,010 [INFO] IPUIPlugin:80 - create IPUIPlugin
2025-05-20 20:58:00,011 [INFO] IPUIPlugin:80 - create IPUIPlugin
2025-05-20 20:58:00,014 [INFO] IPUIPlugin:80 - create IPUIPlugin
2025-05-20 20:58:00,015 [INFO] IPUIPlugin:80 - create IPUIPlugin
2025-05-20 20:58:00,015 [INFO] IPUIPlugin:80 - create IPUIPlugin
2025-05-20 20:58:00,016 [INFO] IPUIPlugin:80 - create IPUIPlugin
2025-05-20 20:58:00,017 [INFO] IPUIPlugin:80 - create IPUIPlugin
2025-05-20 20:58:00,017 [INFO] IPUIPlugin:80 - create IPUIPlugin
2025-05-20 20:58:00,018 [INFO] IPUIPlugin:80 - create IPUIPlugin
2025-05-20 20:58:00,019 [INFO] IPUIPlugin:80 - create IPUIPlugin
2025-05-20 20:58:00,020 [INFO] IPUIPlugin:80 - create IPUIPlugin
2025-05-20 20:58:00,021 [INFO] IPUIPlugin:80 - create IPUIPlugin
2025-05-20 20:58:00,022 [INFO] IPUIPlugin:80 - create IPUIPlugin
2025-05-20 20:58:00,023 [INFO] IPUIPlugin:80 - create IPUIPlugin
2025-05-20 20:58:00,023 [INFO] IPUIPlugin:80 - create IPUIPlugin
2025-05-20 20:58:00,024 [INFO] IPUIPlugin:80 - create IPUIPlugin
2025-05-20 20:58:00,025 [INFO] IPUIPlugin:80 - create IPUIPlugin
2025-05-20 20:58:00,025 [INFO] IPUIPlugin:80 - create IPUIPlugin
2025-05-20 20:58:00,026 [INFO] IPUIPlugin:80 - create IPUIPlugin
2025-05-20 20:58:00,027 [INFO] IPUIPlugin:80 - create IPUIPlugin
2025-05-20 20:58:00,028 [INFO] IPUIPlugin:80 - create IPUIPlugin
2025-05-20 20:58:00,029 [INFO] IPUIPlugin:80 - create IPUIPlugin
2025-05-20 20:58:00,031 [INFO] IPUIPlugin:80 - create IPUIPlugin
2025-05-20 20:58:00,032 [INFO] IPUIPlugin:80 - create IPUIPlugin
2025-05-20 20:58:00,033 [INFO] IPUIPlugin:80 - create IPUIPlugin
2025-05-20 20:58:00,033 [INFO] IPUIPlugin:80 - create IPUIPlugin
2025-05-20 20:58:00,034 [INFO] IPUIPlugin:80 - create IPUIPlugin
2025-05-20 20:58:00,035 [INFO] IPUIPlugin:80 - create IPUIPlugin
2025-05-20 20:58:00,037 [INFO] IPUIPlugin:80 - create IPUIPlugin
2025-05-20 20:58:00,038 [INFO] IPUIPlugin:80 - create IPUIPlugin
2025-05-20 20:58:00,060 [WARN] IP:2250 - MessageRAMOffset not found: check if there is a RefParameter without a condition.
2025-05-20 20:58:00,061 [WARN] IP:2250 - RxFifo0ElmtsNbr not found: check if there is a RefParameter without a condition.
2025-05-20 20:58:00,061 [WARN] IP:2250 - RxFifo0ElmtSize not found: check if there is a RefParameter without a condition.
2025-05-20 20:58:00,061 [WARN] IP:2250 - RxFifo1ElmtsNbr not found: check if there is a RefParameter without a condition.
2025-05-20 20:58:00,061 [WARN] IP:2250 - RxFifo1ElmtSize not found: check if there is a RefParameter without a condition.
2025-05-20 20:58:00,061 [WARN] IP:2250 - RxBuffersNbr not found: check if there is a RefParameter without a condition.
2025-05-20 20:58:00,061 [WARN] IP:2250 - RxBufferSize not found: check if there is a RefParameter without a condition.
2025-05-20 20:58:00,061 [WARN] IP:2250 - TxEventsNbr not found: check if there is a RefParameter without a condition.
2025-05-20 20:58:00,062 [WARN] IP:2250 - TxBuffersNbr not found: check if there is a RefParameter without a condition.
2025-05-20 20:58:00,062 [WARN] IP:2250 - TxFifoQueueElmtsNbr not found: check if there is a RefParameter without a condition.
2025-05-20 20:58:00,062 [WARN] IP:2250 - TxElmtSize not found: check if there is a RefParameter without a condition.
2025-05-20 20:58:00,062 [WARN] IP:2250 - ClockCalibrationCCU not found: check if there is a RefParameter without a condition.
2025-05-20 20:58:00,063 [WARN] IP:2250 - ClockDividerCCU not found: check if there is a RefParameter without a condition.
2025-05-20 20:58:00,063 [WARN] IP:2250 - MinOscClkPeriodsCCU not found: check if there is a RefParameter without a condition.
2025-05-20 20:58:00,063 [WARN] IP:2250 - TimeQuantaPerBitTimeCCU not found: check if there is a RefParameter without a condition.
2025-05-20 20:58:00,063 [WARN] IP:2250 - WatchdogStartValueCCU not found: check if there is a RefParameter without a condition.
2025-05-20 20:58:00,072 [INFO] LogOutputStream:77 - [STDOUT_REDIRECT] Nominal 
2025-05-20 20:58:00,073 [INFO] Can:71 - Can Add PropertyChangeListener com.st.microxplorer.plugins.ip.can.Can@21585593
2025-05-20 20:58:00,159 [WARN] FreeRTOS:1023 - Null or empty value: should not occur! (nothing added to the table)
2025-05-20 20:58:00,620 [INFO] CADModel:165 - CPN selected for project levelSTM32G473RCT6
2025-05-20 20:58:00,620 [INFO] CADModel:114 - Register for checkConnection events
2025-05-20 20:58:00,625 [INFO] RtosManager:725 - Active RTOS found at IOC load: FREERTOS [Cortex-M4NS]
2025-05-20 20:58:00,706 [INFO] OpenFileManager:385 - Restore cursor
2025-05-20 20:58:01,310 [WARN] IP:2250 - MessageRAMOffset not found: check if there is a RefParameter without a condition.
2025-05-20 20:58:01,311 [WARN] IP:2250 - RxFifo0ElmtsNbr not found: check if there is a RefParameter without a condition.
2025-05-20 20:58:01,311 [WARN] IP:2250 - RxFifo0ElmtSize not found: check if there is a RefParameter without a condition.
2025-05-20 20:58:01,311 [WARN] IP:2250 - RxFifo1ElmtsNbr not found: check if there is a RefParameter without a condition.
2025-05-20 20:58:01,311 [WARN] IP:2250 - RxFifo1ElmtSize not found: check if there is a RefParameter without a condition.
2025-05-20 20:58:01,311 [WARN] IP:2250 - RxBuffersNbr not found: check if there is a RefParameter without a condition.
2025-05-20 20:58:01,311 [WARN] IP:2250 - RxBufferSize not found: check if there is a RefParameter without a condition.
2025-05-20 20:58:01,311 [WARN] IP:2250 - TxEventsNbr not found: check if there is a RefParameter without a condition.
2025-05-20 20:58:01,312 [WARN] IP:2250 - TxBuffersNbr not found: check if there is a RefParameter without a condition.
2025-05-20 20:58:01,312 [WARN] IP:2250 - TxFifoQueueElmtsNbr not found: check if there is a RefParameter without a condition.
2025-05-20 20:58:01,312 [WARN] IP:2250 - TxElmtSize not found: check if there is a RefParameter without a condition.
2025-05-20 20:58:01,312 [WARN] IP:2250 - ClockCalibrationCCU not found: check if there is a RefParameter without a condition.
2025-05-20 20:58:01,312 [WARN] IP:2250 - ClockDividerCCU not found: check if there is a RefParameter without a condition.
2025-05-20 20:58:01,313 [WARN] IP:2250 - MinOscClkPeriodsCCU not found: check if there is a RefParameter without a condition.
2025-05-20 20:58:01,313 [WARN] IP:2250 - TimeQuantaPerBitTimeCCU not found: check if there is a RefParameter without a condition.
2025-05-20 20:58:01,313 [WARN] IP:2250 - WatchdogStartValueCCU not found: check if there is a RefParameter without a condition.
2025-05-20 20:58:25,717 [INFO] ADCParametersView:116 -                Rank 1 : false
2025-05-20 20:58:25,719 [INFO] ADCParametersView:116 -                Rank 1 : false
2025-05-20 20:58:25,719 [INFO] ADCParametersView:116 -                Rank 2 : false
2025-05-20 20:58:25,722 [INFO] ADCParametersView:116 -                Rank 1 : false
2025-05-20 20:58:25,722 [INFO] ADCParametersView:116 -                Rank 2 : false
2025-05-20 20:58:25,722 [INFO] ADCParametersView:116 -                Rank 3 : false
2025-05-20 20:58:25,723 [INFO] ADCParametersView:116 -                Rank 1 : false
2025-05-20 20:58:25,723 [INFO] ADCParametersView:116 -                Rank 2 : false
2025-05-20 20:58:25,723 [INFO] ADCParametersView:116 -                Rank 3 : false
2025-05-20 20:58:25,724 [INFO] ADCParametersView:116 -                Rank 4 : false
2025-05-20 20:58:25,725 [INFO] ADCParametersView:116 -                Rank 1 : false
2025-05-20 20:58:25,725 [INFO] ADCParametersView:116 -                Rank 2 : false
2025-05-20 20:58:25,725 [INFO] ADCParametersView:116 -                Rank 3 : false
2025-05-20 20:58:25,725 [INFO] ADCParametersView:116 -                Rank 4 : false
2025-05-20 20:58:25,725 [INFO] ADCParametersView:116 -                Rank 5 : false
2025-05-20 20:58:25,726 [INFO] ADCParametersView:116 -                Rank 1 : false
2025-05-20 20:58:25,726 [INFO] ADCParametersView:116 -                Rank 2 : false
2025-05-20 20:58:25,726 [INFO] ADCParametersView:116 -                Rank 3 : false
2025-05-20 20:58:25,727 [INFO] ADCParametersView:116 -                Rank 4 : false
2025-05-20 20:58:25,727 [INFO] ADCParametersView:116 -                Rank 5 : false
2025-05-20 20:58:25,727 [INFO] ADCParametersView:116 -                Rank 6 : false
2025-05-20 20:58:26,000 [INFO] ADCParametersView:116 -                Rank 1 : false
2025-05-20 20:58:26,000 [INFO] ADCParametersView:116 -                Rank 2 : false
2025-05-20 20:58:26,000 [INFO] ADCParametersView:116 -                Rank 3 : false
2025-05-20 20:58:26,001 [INFO] ADCParametersView:116 -                Rank 4 : false
2025-05-20 20:58:26,001 [INFO] ADCParametersView:116 -                Rank 5 : false
2025-05-20 20:58:26,001 [INFO] ADCParametersView:116 -                Rank 6 : false
2025-05-20 20:58:26,002 [INFO] ADCParametersView:116 -                Rank 1 : false
2025-05-20 20:58:26,002 [INFO] ADCParametersView:116 -                Rank 2 : false
2025-05-20 20:58:26,002 [INFO] ADCParametersView:116 -                Rank 3 : false
2025-05-20 20:58:26,002 [INFO] ADCParametersView:116 -                Rank 4 : false
2025-05-20 20:58:26,003 [INFO] ADCParametersView:116 -                Rank 5 : false
2025-05-20 20:58:26,003 [INFO] ADCParametersView:116 -                Rank 6 : false
2025-05-20 20:58:26,003 [INFO] ADCParametersView:116 -                Rank 1 : false
2025-05-20 20:58:26,003 [INFO] ADCParametersView:116 -                Rank 2 : false
2025-05-20 20:58:26,004 [INFO] ADCParametersView:116 -                Rank 3 : false
2025-05-20 20:58:26,004 [INFO] ADCParametersView:116 -                Rank 4 : false
2025-05-20 20:58:26,004 [INFO] ADCParametersView:116 -                Rank 5 : false
2025-05-20 20:58:26,004 [INFO] ADCParametersView:116 -                Rank 6 : false
2025-05-20 20:58:26,004 [INFO] ADCParametersView:116 -                Rank 1 : false
2025-05-20 20:58:26,005 [INFO] ADCParametersView:116 -                Rank 2 : false
2025-05-20 20:58:26,005 [INFO] ADCParametersView:116 -                Rank 3 : false
2025-05-20 20:58:26,005 [INFO] ADCParametersView:116 -                Rank 4 : false
2025-05-20 20:58:26,005 [INFO] ADCParametersView:116 -                Rank 5 : false
2025-05-20 20:58:26,005 [INFO] ADCParametersView:116 -                Rank 6 : false
2025-05-20 20:58:26,006 [INFO] ADCParametersView:116 -                Rank 1 : false
2025-05-20 20:58:26,006 [INFO] ADCParametersView:116 -                Rank 2 : false
2025-05-20 20:58:26,006 [INFO] ADCParametersView:116 -                Rank 3 : false
2025-05-20 20:58:26,006 [INFO] ADCParametersView:116 -                Rank 4 : false
2025-05-20 20:58:26,006 [INFO] ADCParametersView:116 -                Rank 5 : false
2025-05-20 20:58:26,006 [INFO] ADCParametersView:116 -                Rank 6 : false
2025-05-20 20:58:26,007 [INFO] ADCParametersView:116 -                Rank 1 : false
2025-05-20 20:58:26,007 [INFO] ADCParametersView:116 -                Rank 2 : false
2025-05-20 20:58:26,007 [INFO] ADCParametersView:116 -                Rank 3 : false
2025-05-20 20:58:26,007 [INFO] ADCParametersView:116 -                Rank 4 : false
2025-05-20 20:58:26,007 [INFO] ADCParametersView:116 -                Rank 5 : false
2025-05-20 20:58:26,007 [INFO] ADCParametersView:116 -                Rank 6 : false
2025-05-20 20:58:26,008 [INFO] ADCParametersView:116 -                Rank 1 : false
2025-05-20 20:58:26,008 [INFO] ADCParametersView:116 -                Rank 2 : false
2025-05-20 20:58:26,008 [INFO] ADCParametersView:116 -                Rank 3 : false
2025-05-20 20:58:26,008 [INFO] ADCParametersView:116 -                Rank 4 : false
2025-05-20 20:58:26,009 [INFO] ADCParametersView:116 -                Rank 5 : false
2025-05-20 20:58:26,009 [INFO] ADCParametersView:116 -                Rank 6 : false
2025-05-20 20:58:26,009 [INFO] ADCParametersView:116 -                Rank 1 : false
2025-05-20 20:58:26,009 [INFO] ADCParametersView:116 -                Rank 2 : false
2025-05-20 20:58:26,009 [INFO] ADCParametersView:116 -                Rank 3 : false
2025-05-20 20:58:26,010 [INFO] ADCParametersView:116 -                Rank 4 : false
2025-05-20 20:58:26,010 [INFO] ADCParametersView:116 -                Rank 5 : false
2025-05-20 20:58:26,010 [INFO] ADCParametersView:116 -                Rank 6 : false
2025-05-20 20:58:26,010 [INFO] ADCParametersView:116 -                Rank 1 : false
2025-05-20 20:58:26,010 [INFO] ADCParametersView:116 -                Rank 2 : false
2025-05-20 20:58:26,011 [INFO] ADCParametersView:116 -                Rank 3 : false
2025-05-20 20:58:26,011 [INFO] ADCParametersView:116 -                Rank 4 : false
2025-05-20 20:58:26,011 [INFO] ADCParametersView:116 -                Rank 5 : false
2025-05-20 20:58:26,011 [INFO] ADCParametersView:116 -                Rank 6 : false
2025-05-20 20:58:26,012 [INFO] ADCParametersView:116 -                Rank 1 : false
2025-05-20 20:58:26,012 [INFO] ADCParametersView:116 -                Rank 2 : false
2025-05-20 20:58:26,012 [INFO] ADCParametersView:116 -                Rank 3 : false
2025-05-20 20:58:26,012 [INFO] ADCParametersView:116 -                Rank 4 : false
2025-05-20 20:58:26,012 [INFO] ADCParametersView:116 -                Rank 5 : false
2025-05-20 20:58:26,012 [INFO] ADCParametersView:116 -                Rank 6 : false
2025-05-20 20:58:26,013 [INFO] ADCParametersView:116 -                Rank 1 : false
2025-05-20 20:58:26,013 [INFO] ADCParametersView:116 -                Rank 2 : false
2025-05-20 20:58:26,013 [INFO] ADCParametersView:116 -                Rank 3 : false
2025-05-20 20:58:26,013 [INFO] ADCParametersView:116 -                Rank 4 : false
2025-05-20 20:58:26,013 [INFO] ADCParametersView:116 -                Rank 5 : false
2025-05-20 20:58:26,014 [INFO] ADCParametersView:116 -                Rank 6 : false
2025-05-20 20:58:26,014 [INFO] ADCParametersView:116 -                Rank 1 : false
2025-05-20 20:58:26,014 [INFO] ADCParametersView:116 -                Rank 2 : false
2025-05-20 20:58:26,014 [INFO] ADCParametersView:116 -                Rank 3 : false
2025-05-20 20:58:26,014 [INFO] ADCParametersView:116 -                Rank 4 : false
2025-05-20 20:58:26,014 [INFO] ADCParametersView:116 -                Rank 5 : false
2025-05-20 20:58:26,015 [INFO] ADCParametersView:116 -                Rank 6 : false
2025-05-20 20:58:26,015 [INFO] ADCParametersView:116 -                Rank 1 : false
2025-05-20 20:58:26,015 [INFO] ADCParametersView:116 -                Rank 2 : false
2025-05-20 20:58:26,015 [INFO] ADCParametersView:116 -                Rank 3 : false
2025-05-20 20:58:26,015 [INFO] ADCParametersView:116 -                Rank 4 : false
2025-05-20 20:58:26,015 [INFO] ADCParametersView:116 -                Rank 5 : false
2025-05-20 20:58:26,015 [INFO] ADCParametersView:116 -                Rank 6 : false
2025-05-20 20:58:26,016 [INFO] ADCParametersView:116 -                Rank 1 : false
2025-05-20 20:58:26,016 [INFO] ADCParametersView:116 -                Rank 2 : false
2025-05-20 20:58:26,016 [INFO] ADCParametersView:116 -                Rank 3 : false
2025-05-20 20:58:26,016 [INFO] ADCParametersView:116 -                Rank 4 : false
2025-05-20 20:58:26,016 [INFO] ADCParametersView:116 -                Rank 5 : false
2025-05-20 20:58:26,016 [INFO] ADCParametersView:116 -                Rank 6 : false
2025-05-20 20:58:26,017 [INFO] ADCParametersView:116 -                Rank 1 : false
2025-05-20 20:58:26,017 [INFO] ADCParametersView:116 -                Rank 2 : false
2025-05-20 20:58:26,017 [INFO] ADCParametersView:116 -                Rank 3 : false
2025-05-20 20:58:26,017 [INFO] ADCParametersView:116 -                Rank 4 : false
2025-05-20 20:58:26,017 [INFO] ADCParametersView:116 -                Rank 5 : false
2025-05-20 20:58:26,017 [INFO] ADCParametersView:116 -                Rank 6 : false
2025-05-20 20:58:26,018 [INFO] ADCParametersView:116 -                Rank 1 : false
2025-05-20 20:58:26,018 [INFO] ADCParametersView:116 -                Rank 2 : false
2025-05-20 20:58:26,018 [INFO] ADCParametersView:116 -                Rank 3 : false
2025-05-20 20:58:26,018 [INFO] ADCParametersView:116 -                Rank 4 : false
2025-05-20 20:58:26,018 [INFO] ADCParametersView:116 -                Rank 5 : false
2025-05-20 20:58:26,018 [INFO] ADCParametersView:116 -                Rank 6 : false
2025-05-20 20:58:26,019 [INFO] ADCParametersView:116 -                Rank 1 : false
2025-05-20 20:58:26,020 [INFO] ADCParametersView:116 -                Rank 2 : false
2025-05-20 20:58:26,020 [INFO] ADCParametersView:116 -                Rank 3 : false
2025-05-20 20:58:26,020 [INFO] ADCParametersView:116 -                Rank 4 : false
2025-05-20 20:58:26,020 [INFO] ADCParametersView:116 -                Rank 5 : false
2025-05-20 20:58:26,020 [INFO] ADCParametersView:116 -                Rank 6 : false
2025-05-20 20:58:26,021 [INFO] ADCParametersView:116 -                Rank 1 : false
2025-05-20 20:58:26,021 [INFO] ADCParametersView:116 -                Rank 2 : false
2025-05-20 20:58:26,021 [INFO] ADCParametersView:116 -                Rank 3 : false
2025-05-20 20:58:26,021 [INFO] ADCParametersView:116 -                Rank 4 : false
2025-05-20 20:58:26,022 [INFO] ADCParametersView:116 -                Rank 5 : false
2025-05-20 20:58:26,022 [INFO] ADCParametersView:116 -                Rank 6 : false
2025-05-20 20:58:26,022 [INFO] ADCParametersView:116 -                Rank 1 : false
2025-05-20 20:58:26,022 [INFO] ADCParametersView:116 -                Rank 2 : false
2025-05-20 20:58:26,022 [INFO] ADCParametersView:116 -                Rank 3 : false
2025-05-20 20:58:26,022 [INFO] ADCParametersView:116 -                Rank 4 : false
2025-05-20 20:58:26,023 [INFO] ADCParametersView:116 -                Rank 5 : false
2025-05-20 20:58:26,023 [INFO] ADCParametersView:116 -                Rank 6 : false
2025-05-20 20:58:26,023 [INFO] ADCParametersView:116 -                Rank 1 : false
2025-05-20 20:58:26,023 [INFO] ADCParametersView:116 -                Rank 2 : false
2025-05-20 20:58:26,023 [INFO] ADCParametersView:116 -                Rank 3 : false
2025-05-20 20:58:26,023 [INFO] ADCParametersView:116 -                Rank 4 : false
2025-05-20 20:58:26,023 [INFO] ADCParametersView:116 -                Rank 5 : false
2025-05-20 20:58:26,024 [INFO] ADCParametersView:116 -                Rank 6 : false
2025-05-20 20:58:26,024 [INFO] ADCParametersView:116 -                Rank 1 : false
2025-05-20 20:58:26,024 [INFO] ADCParametersView:116 -                Rank 2 : false
2025-05-20 20:58:26,024 [INFO] ADCParametersView:116 -                Rank 3 : false
2025-05-20 20:58:26,024 [INFO] ADCParametersView:116 -                Rank 4 : false
2025-05-20 20:58:26,024 [INFO] ADCParametersView:116 -                Rank 5 : false
2025-05-20 20:58:26,024 [INFO] ADCParametersView:116 -                Rank 6 : false
2025-05-20 20:58:26,025 [INFO] ADCParametersView:116 -                Rank 2 : false
2025-05-20 20:58:26,025 [INFO] ADCParametersView:116 -                Rank 3 : false
2025-05-20 20:58:26,025 [INFO] ADCParametersView:116 -                Rank 4 : false
2025-05-20 20:58:26,025 [INFO] ADCParametersView:116 -                Rank 5 : false
2025-05-20 20:58:26,026 [INFO] ADCParametersView:116 -                Rank 6 : false
2025-05-20 20:58:26,026 [INFO] ADCParametersView:116 -                Rank 3 : false
2025-05-20 20:58:26,026 [INFO] ADCParametersView:116 -                Rank 4 : false
2025-05-20 20:58:26,026 [INFO] ADCParametersView:116 -                Rank 5 : false
2025-05-20 20:58:26,026 [INFO] ADCParametersView:116 -                Rank 6 : false
2025-05-20 20:58:26,026 [INFO] ADCParametersView:116 -                Rank 4 : false
2025-05-20 20:58:26,026 [INFO] ADCParametersView:116 -                Rank 5 : false
2025-05-20 20:58:26,027 [INFO] ADCParametersView:116 -                Rank 6 : false
2025-05-20 20:58:26,027 [INFO] ADCParametersView:116 -                Rank 5 : false
2025-05-20 20:58:26,027 [INFO] ADCParametersView:116 -                Rank 6 : false
2025-05-20 20:58:26,027 [INFO] ADCParametersView:116 -                Rank 6 : false
2025-05-20 20:58:26,127 [INFO] ADCParametersView:116 -                Rank 1 : false
2025-05-20 20:58:26,128 [INFO] ADCParametersView:116 -                Rank 1 : false
2025-05-20 20:58:26,128 [INFO] ADCParametersView:116 -                Rank 2 : false
2025-05-20 20:58:26,130 [INFO] ADCParametersView:116 -                Rank 1 : false
2025-05-20 20:58:26,130 [INFO] ADCParametersView:116 -                Rank 2 : false
2025-05-20 20:58:26,131 [INFO] ADCParametersView:116 -                Rank 3 : false
2025-05-20 20:58:26,132 [INFO] ADCParametersView:116 -                Rank 1 : false
2025-05-20 20:58:26,132 [INFO] ADCParametersView:116 -                Rank 2 : false
2025-05-20 20:58:26,132 [INFO] ADCParametersView:116 -                Rank 3 : false
2025-05-20 20:58:26,132 [INFO] ADCParametersView:116 -                Rank 4 : false
2025-05-20 20:58:26,133 [INFO] ADCParametersView:116 -                Rank 1 : false
2025-05-20 20:58:26,133 [INFO] ADCParametersView:116 -                Rank 2 : false
2025-05-20 20:58:26,134 [INFO] ADCParametersView:116 -                Rank 3 : false
2025-05-20 20:58:26,134 [INFO] ADCParametersView:116 -                Rank 4 : false
2025-05-20 20:58:26,134 [INFO] ADCParametersView:116 -                Rank 5 : false
2025-05-20 20:58:26,135 [INFO] ADCParametersView:116 -                Rank 1 : false
2025-05-20 20:58:26,135 [INFO] ADCParametersView:116 -                Rank 2 : false
2025-05-20 20:58:26,135 [INFO] ADCParametersView:116 -                Rank 3 : false
2025-05-20 20:58:26,135 [INFO] ADCParametersView:116 -                Rank 4 : false
2025-05-20 20:58:26,136 [INFO] ADCParametersView:116 -                Rank 5 : false
2025-05-20 20:58:26,136 [INFO] ADCParametersView:116 -                Rank 6 : false
2025-05-20 20:58:32,335 [INFO] NvicIntPanel:101 - NVIC parent = com.st.microxplorer.plugins.ip.nvic.MultiNvicIntPanel[,0,0,450x156,layout=javax.swing.BoxLayout,alignmentX=0.0,alignmentY=0.0,border=,flags=9,maximumSize=,minimumSize=,preferredSize=]
2025-05-20 20:58:56,397 [INFO] ADCParametersView:116 -                Rank 1 : false
2025-05-20 20:58:56,399 [INFO] ADCParametersView:116 -                Rank 1 : false
2025-05-20 20:58:56,399 [INFO] ADCParametersView:116 -                Rank 2 : false
2025-05-20 20:58:56,400 [INFO] ADCParametersView:116 -                Rank 1 : false
2025-05-20 20:58:56,400 [INFO] ADCParametersView:116 -                Rank 2 : false
2025-05-20 20:58:56,400 [INFO] ADCParametersView:116 -                Rank 3 : false
2025-05-20 20:58:56,401 [INFO] ADCParametersView:116 -                Rank 1 : false
2025-05-20 20:58:56,402 [INFO] ADCParametersView:116 -                Rank 2 : false
2025-05-20 20:58:56,402 [INFO] ADCParametersView:116 -                Rank 3 : false
2025-05-20 20:58:56,402 [INFO] ADCParametersView:116 -                Rank 4 : false
2025-05-20 20:58:56,552 [INFO] ADCParametersView:116 -                Rank 1 : false
2025-05-20 20:58:56,552 [INFO] ADCParametersView:116 -                Rank 2 : false
2025-05-20 20:58:56,552 [INFO] ADCParametersView:116 -                Rank 3 : false
2025-05-20 20:58:56,552 [INFO] ADCParametersView:116 -                Rank 4 : false
2025-05-20 20:58:56,553 [INFO] ADCParametersView:116 -                Rank 1 : false
2025-05-20 20:58:56,553 [INFO] ADCParametersView:116 -                Rank 2 : false
2025-05-20 20:58:56,553 [INFO] ADCParametersView:116 -                Rank 3 : false
2025-05-20 20:58:56,553 [INFO] ADCParametersView:116 -                Rank 4 : false
2025-05-20 20:58:56,553 [INFO] ADCParametersView:116 -                Rank 1 : false
2025-05-20 20:58:56,553 [INFO] ADCParametersView:116 -                Rank 2 : false
2025-05-20 20:58:56,553 [INFO] ADCParametersView:116 -                Rank 3 : false
2025-05-20 20:58:56,554 [INFO] ADCParametersView:116 -                Rank 4 : false
2025-05-20 20:58:56,554 [INFO] ADCParametersView:116 -                Rank 1 : false
2025-05-20 20:58:56,554 [INFO] ADCParametersView:116 -                Rank 2 : false
2025-05-20 20:58:56,554 [INFO] ADCParametersView:116 -                Rank 3 : false
2025-05-20 20:58:56,554 [INFO] ADCParametersView:116 -                Rank 4 : false
2025-05-20 20:58:56,554 [INFO] ADCParametersView:116 -                Rank 1 : false
2025-05-20 20:58:56,554 [INFO] ADCParametersView:116 -                Rank 2 : false
2025-05-20 20:58:56,554 [INFO] ADCParametersView:116 -                Rank 3 : false
2025-05-20 20:58:56,554 [INFO] ADCParametersView:116 -                Rank 4 : false
2025-05-20 20:58:56,555 [INFO] ADCParametersView:116 -                Rank 1 : false
2025-05-20 20:58:56,555 [INFO] ADCParametersView:116 -                Rank 2 : false
2025-05-20 20:58:56,555 [INFO] ADCParametersView:116 -                Rank 3 : false
2025-05-20 20:58:56,555 [INFO] ADCParametersView:116 -                Rank 4 : false
2025-05-20 20:58:56,555 [INFO] ADCParametersView:116 -                Rank 1 : false
2025-05-20 20:58:56,555 [INFO] ADCParametersView:116 -                Rank 2 : false
2025-05-20 20:58:56,555 [INFO] ADCParametersView:116 -                Rank 3 : false
2025-05-20 20:58:56,555 [INFO] ADCParametersView:116 -                Rank 4 : false
2025-05-20 20:58:56,555 [INFO] ADCParametersView:116 -                Rank 1 : false
2025-05-20 20:58:56,555 [INFO] ADCParametersView:116 -                Rank 2 : false
2025-05-20 20:58:56,555 [INFO] ADCParametersView:116 -                Rank 3 : false
2025-05-20 20:58:56,556 [INFO] ADCParametersView:116 -                Rank 4 : false
2025-05-20 20:58:56,556 [INFO] ADCParametersView:116 -                Rank 1 : false
2025-05-20 20:58:56,556 [INFO] ADCParametersView:116 -                Rank 2 : false
2025-05-20 20:58:56,556 [INFO] ADCParametersView:116 -                Rank 3 : false
2025-05-20 20:58:56,556 [INFO] ADCParametersView:116 -                Rank 4 : false
2025-05-20 20:58:56,556 [INFO] ADCParametersView:116 -                Rank 1 : false
2025-05-20 20:58:56,556 [INFO] ADCParametersView:116 -                Rank 2 : false
2025-05-20 20:58:56,556 [INFO] ADCParametersView:116 -                Rank 3 : false
2025-05-20 20:58:56,556 [INFO] ADCParametersView:116 -                Rank 4 : false
2025-05-20 20:58:56,556 [INFO] ADCParametersView:116 -                Rank 1 : false
2025-05-20 20:58:56,557 [INFO] ADCParametersView:116 -                Rank 2 : false
2025-05-20 20:58:56,557 [INFO] ADCParametersView:116 -                Rank 3 : false
2025-05-20 20:58:56,557 [INFO] ADCParametersView:116 -                Rank 4 : false
2025-05-20 20:58:56,557 [INFO] ADCParametersView:116 -                Rank 1 : false
2025-05-20 20:58:56,557 [INFO] ADCParametersView:116 -                Rank 2 : false
2025-05-20 20:58:56,557 [INFO] ADCParametersView:116 -                Rank 3 : false
2025-05-20 20:58:56,557 [INFO] ADCParametersView:116 -                Rank 4 : false
2025-05-20 20:58:56,557 [INFO] ADCParametersView:116 -                Rank 1 : false
2025-05-20 20:58:56,557 [INFO] ADCParametersView:116 -                Rank 2 : false
2025-05-20 20:58:56,557 [INFO] ADCParametersView:116 -                Rank 3 : false
2025-05-20 20:58:56,557 [INFO] ADCParametersView:116 -                Rank 4 : false
2025-05-20 20:58:56,557 [INFO] ADCParametersView:116 -                Rank 1 : false
2025-05-20 20:58:56,557 [INFO] ADCParametersView:116 -                Rank 2 : false
2025-05-20 20:58:56,558 [INFO] ADCParametersView:116 -                Rank 3 : false
2025-05-20 20:58:56,558 [INFO] ADCParametersView:116 -                Rank 4 : false
2025-05-20 20:58:56,558 [INFO] ADCParametersView:116 -                Rank 1 : false
2025-05-20 20:58:56,558 [INFO] ADCParametersView:116 -                Rank 2 : false
2025-05-20 20:58:56,558 [INFO] ADCParametersView:116 -                Rank 3 : false
2025-05-20 20:58:56,558 [INFO] ADCParametersView:116 -                Rank 4 : false
2025-05-20 20:58:56,558 [INFO] ADCParametersView:116 -                Rank 1 : false
2025-05-20 20:58:56,558 [INFO] ADCParametersView:116 -                Rank 2 : false
2025-05-20 20:58:56,560 [INFO] ADCParametersView:116 -                Rank 3 : false
2025-05-20 20:58:56,560 [INFO] ADCParametersView:116 -                Rank 4 : false
2025-05-20 20:58:56,560 [INFO] ADCParametersView:116 -                Rank 1 : false
2025-05-20 20:58:56,561 [INFO] ADCParametersView:116 -                Rank 2 : false
2025-05-20 20:58:56,561 [INFO] ADCParametersView:116 -                Rank 3 : false
2025-05-20 20:58:56,561 [INFO] ADCParametersView:116 -                Rank 4 : false
2025-05-20 20:58:56,561 [INFO] ADCParametersView:116 -                Rank 1 : false
2025-05-20 20:58:56,561 [INFO] ADCParametersView:116 -                Rank 2 : false
2025-05-20 20:58:56,561 [INFO] ADCParametersView:116 -                Rank 3 : false
2025-05-20 20:58:56,562 [INFO] ADCParametersView:116 -                Rank 4 : false
2025-05-20 20:58:56,562 [INFO] ADCParametersView:116 -                Rank 1 : false
2025-05-20 20:58:56,562 [INFO] ADCParametersView:116 -                Rank 2 : false
2025-05-20 20:58:56,562 [INFO] ADCParametersView:116 -                Rank 3 : false
2025-05-20 20:58:56,562 [INFO] ADCParametersView:116 -                Rank 4 : false
2025-05-20 20:58:56,562 [INFO] ADCParametersView:116 -                Rank 1 : false
2025-05-20 20:58:56,563 [INFO] ADCParametersView:116 -                Rank 2 : false
2025-05-20 20:58:56,563 [INFO] ADCParametersView:116 -                Rank 3 : false
2025-05-20 20:58:56,563 [INFO] ADCParametersView:116 -                Rank 4 : false
2025-05-20 20:58:56,563 [INFO] ADCParametersView:116 -                Rank 1 : false
2025-05-20 20:58:56,563 [INFO] ADCParametersView:116 -                Rank 2 : false
2025-05-20 20:58:56,563 [INFO] ADCParametersView:116 -                Rank 3 : false
2025-05-20 20:58:56,566 [INFO] ADCParametersView:116 -                Rank 4 : false
2025-05-20 20:58:56,566 [INFO] ADCParametersView:116 -                Rank 2 : false
2025-05-20 20:58:56,566 [INFO] ADCParametersView:116 -                Rank 3 : false
2025-05-20 20:58:56,566 [INFO] ADCParametersView:116 -                Rank 4 : false
2025-05-20 20:58:56,567 [INFO] ADCParametersView:116 -                Rank 3 : false
2025-05-20 20:58:56,567 [INFO] ADCParametersView:116 -                Rank 4 : false
2025-05-20 20:58:56,567 [INFO] ADCParametersView:116 -                Rank 4 : false
2025-05-20 20:58:56,640 [INFO] ADCParametersView:116 -                Rank 1 : false
2025-05-20 20:58:56,641 [INFO] ADCParametersView:116 -                Rank 1 : false
2025-05-20 20:58:56,641 [INFO] ADCParametersView:116 -                Rank 2 : false
2025-05-20 20:58:56,642 [INFO] ADCParametersView:116 -                Rank 1 : false
2025-05-20 20:58:56,642 [INFO] ADCParametersView:116 -                Rank 2 : false
2025-05-20 20:58:56,642 [INFO] ADCParametersView:116 -                Rank 3 : false
2025-05-20 20:58:56,643 [INFO] ADCParametersView:116 -                Rank 1 : false
2025-05-20 20:58:56,643 [INFO] ADCParametersView:116 -                Rank 2 : false
2025-05-20 20:58:56,643 [INFO] ADCParametersView:116 -                Rank 3 : false
2025-05-20 20:58:56,644 [INFO] ADCParametersView:116 -                Rank 4 : false
2025-05-20 20:59:03,759 [INFO] ADCParametersView:116 -                Rank 1 : false
2025-05-20 20:59:03,759 [INFO] ADCParametersView:116 -                Rank 2 : false
2025-05-20 20:59:03,759 [INFO] ADCParametersView:116 -                Rank 3 : false
2025-05-20 20:59:03,759 [INFO] ADCParametersView:116 -                Rank 4 : false
2025-05-20 20:59:03,759 [INFO] ADCParametersView:116 -                Rank 5 : false
2025-05-20 20:59:03,759 [INFO] ADCParametersView:116 -                Rank 6 : false
2025-05-20 20:59:03,760 [INFO] ADCParametersView:116 -                Rank 1 : false
2025-05-20 20:59:03,760 [INFO] ADCParametersView:116 -                Rank 2 : false
2025-05-20 20:59:03,760 [INFO] ADCParametersView:116 -                Rank 3 : false
2025-05-20 20:59:03,760 [INFO] ADCParametersView:116 -                Rank 4 : false
2025-05-20 20:59:03,760 [INFO] ADCParametersView:116 -                Rank 5 : false
2025-05-20 20:59:03,760 [INFO] ADCParametersView:116 -                Rank 6 : false
2025-05-20 20:59:03,760 [INFO] ADCParametersView:116 -                Rank 1 : false
2025-05-20 20:59:03,761 [INFO] ADCParametersView:116 -                Rank 2 : false
2025-05-20 20:59:03,761 [INFO] ADCParametersView:116 -                Rank 3 : false
2025-05-20 20:59:03,761 [INFO] ADCParametersView:116 -                Rank 4 : false
2025-05-20 20:59:03,761 [INFO] ADCParametersView:116 -                Rank 5 : false
2025-05-20 20:59:03,761 [INFO] ADCParametersView:116 -                Rank 6 : false
2025-05-20 20:59:03,761 [INFO] ADCParametersView:116 -                Rank 1 : false
2025-05-20 20:59:03,761 [INFO] ADCParametersView:116 -                Rank 2 : false
2025-05-20 20:59:03,761 [INFO] ADCParametersView:116 -                Rank 3 : false
2025-05-20 20:59:03,761 [INFO] ADCParametersView:116 -                Rank 4 : false
2025-05-20 20:59:03,762 [INFO] ADCParametersView:116 -                Rank 5 : false
2025-05-20 20:59:03,762 [INFO] ADCParametersView:116 -                Rank 6 : false
2025-05-20 20:59:03,762 [INFO] ADCParametersView:116 -                Rank 1 : false
2025-05-20 20:59:03,762 [INFO] ADCParametersView:116 -                Rank 2 : false
2025-05-20 20:59:03,762 [INFO] ADCParametersView:116 -                Rank 3 : false
2025-05-20 20:59:03,762 [INFO] ADCParametersView:116 -                Rank 4 : false
2025-05-20 20:59:03,762 [INFO] ADCParametersView:116 -                Rank 5 : false
2025-05-20 20:59:03,762 [INFO] ADCParametersView:116 -                Rank 6 : false
2025-05-20 20:59:03,763 [INFO] ADCParametersView:116 -                Rank 1 : false
2025-05-20 20:59:03,763 [INFO] ADCParametersView:116 -                Rank 2 : false
2025-05-20 20:59:03,763 [INFO] ADCParametersView:116 -                Rank 3 : false
2025-05-20 20:59:03,763 [INFO] ADCParametersView:116 -                Rank 4 : false
2025-05-20 20:59:03,763 [INFO] ADCParametersView:116 -                Rank 5 : false
2025-05-20 20:59:03,763 [INFO] ADCParametersView:116 -                Rank 6 : false
2025-05-20 20:59:03,763 [INFO] ADCParametersView:116 -                Rank 1 : false
2025-05-20 20:59:03,763 [INFO] ADCParametersView:116 -                Rank 2 : false
2025-05-20 20:59:03,763 [INFO] ADCParametersView:116 -                Rank 3 : false
2025-05-20 20:59:03,764 [INFO] ADCParametersView:116 -                Rank 4 : false
2025-05-20 20:59:03,764 [INFO] ADCParametersView:116 -                Rank 5 : false
2025-05-20 20:59:03,764 [INFO] ADCParametersView:116 -                Rank 6 : false
2025-05-20 20:59:03,764 [INFO] ADCParametersView:116 -                Rank 1 : false
2025-05-20 20:59:03,764 [INFO] ADCParametersView:116 -                Rank 2 : false
2025-05-20 20:59:03,765 [INFO] ADCParametersView:116 -                Rank 3 : false
2025-05-20 20:59:03,765 [INFO] ADCParametersView:116 -                Rank 4 : false
2025-05-20 20:59:03,765 [INFO] ADCParametersView:116 -                Rank 5 : false
2025-05-20 20:59:03,765 [INFO] ADCParametersView:116 -                Rank 6 : false
2025-05-20 20:59:03,765 [INFO] ADCParametersView:116 -                Rank 1 : false
2025-05-20 20:59:03,765 [INFO] ADCParametersView:116 -                Rank 2 : false
2025-05-20 20:59:03,765 [INFO] ADCParametersView:116 -                Rank 3 : false
2025-05-20 20:59:03,766 [INFO] ADCParametersView:116 -                Rank 4 : false
2025-05-20 20:59:03,766 [INFO] ADCParametersView:116 -                Rank 5 : false
2025-05-20 20:59:03,766 [INFO] ADCParametersView:116 -                Rank 6 : false
2025-05-20 20:59:03,766 [INFO] ADCParametersView:116 -                Rank 1 : false
2025-05-20 20:59:03,766 [INFO] ADCParametersView:116 -                Rank 2 : false
2025-05-20 20:59:03,766 [INFO] ADCParametersView:116 -                Rank 3 : false
2025-05-20 20:59:03,766 [INFO] ADCParametersView:116 -                Rank 4 : false
2025-05-20 20:59:03,766 [INFO] ADCParametersView:116 -                Rank 5 : false
2025-05-20 20:59:03,766 [INFO] ADCParametersView:116 -                Rank 6 : false
2025-05-20 20:59:03,767 [INFO] ADCParametersView:116 -                Rank 1 : false
2025-05-20 20:59:03,767 [INFO] ADCParametersView:116 -                Rank 2 : false
2025-05-20 20:59:03,767 [INFO] ADCParametersView:116 -                Rank 3 : false
2025-05-20 20:59:03,767 [INFO] ADCParametersView:116 -                Rank 4 : false
2025-05-20 20:59:03,767 [INFO] ADCParametersView:116 -                Rank 5 : false
2025-05-20 20:59:03,767 [INFO] ADCParametersView:116 -                Rank 6 : false
2025-05-20 20:59:03,768 [INFO] ADCParametersView:116 -                Rank 1 : false
2025-05-20 20:59:03,768 [INFO] ADCParametersView:116 -                Rank 2 : false
2025-05-20 20:59:03,768 [INFO] ADCParametersView:116 -                Rank 3 : false
2025-05-20 20:59:03,768 [INFO] ADCParametersView:116 -                Rank 4 : false
2025-05-20 20:59:03,768 [INFO] ADCParametersView:116 -                Rank 5 : false
2025-05-20 20:59:03,768 [INFO] ADCParametersView:116 -                Rank 6 : false
2025-05-20 20:59:03,768 [INFO] ADCParametersView:116 -                Rank 1 : false
2025-05-20 20:59:03,768 [INFO] ADCParametersView:116 -                Rank 2 : false
2025-05-20 20:59:03,768 [INFO] ADCParametersView:116 -                Rank 3 : false
2025-05-20 20:59:03,769 [INFO] ADCParametersView:116 -                Rank 4 : false
2025-05-20 20:59:03,769 [INFO] ADCParametersView:116 -                Rank 5 : false
2025-05-20 20:59:03,769 [INFO] ADCParametersView:116 -                Rank 6 : false
2025-05-20 20:59:03,769 [INFO] ADCParametersView:116 -                Rank 1 : false
2025-05-20 20:59:03,769 [INFO] ADCParametersView:116 -                Rank 2 : false
2025-05-20 20:59:03,769 [INFO] ADCParametersView:116 -                Rank 3 : false
2025-05-20 20:59:03,769 [INFO] ADCParametersView:116 -                Rank 4 : false
2025-05-20 20:59:03,769 [INFO] ADCParametersView:116 -                Rank 5 : false
2025-05-20 20:59:03,769 [INFO] ADCParametersView:116 -                Rank 6 : false
2025-05-20 20:59:03,769 [INFO] ADCParametersView:116 -                Rank 1 : false
2025-05-20 20:59:03,770 [INFO] ADCParametersView:116 -                Rank 2 : false
2025-05-20 20:59:03,770 [INFO] ADCParametersView:116 -                Rank 3 : false
2025-05-20 20:59:03,770 [INFO] ADCParametersView:116 -                Rank 4 : false
2025-05-20 20:59:03,770 [INFO] ADCParametersView:116 -                Rank 5 : false
2025-05-20 20:59:03,770 [INFO] ADCParametersView:116 -                Rank 6 : false
2025-05-20 20:59:03,770 [INFO] ADCParametersView:116 -                Rank 1 : false
2025-05-20 20:59:03,770 [INFO] ADCParametersView:116 -                Rank 2 : false
2025-05-20 20:59:03,770 [INFO] ADCParametersView:116 -                Rank 3 : false
2025-05-20 20:59:03,770 [INFO] ADCParametersView:116 -                Rank 4 : false
2025-05-20 20:59:03,770 [INFO] ADCParametersView:116 -                Rank 5 : false
2025-05-20 20:59:03,770 [INFO] ADCParametersView:116 -                Rank 6 : false
2025-05-20 20:59:03,770 [INFO] ADCParametersView:116 -                Rank 1 : false
2025-05-20 20:59:03,770 [INFO] ADCParametersView:116 -                Rank 2 : false
2025-05-20 20:59:03,771 [INFO] ADCParametersView:116 -                Rank 3 : false
2025-05-20 20:59:03,771 [INFO] ADCParametersView:116 -                Rank 4 : false
2025-05-20 20:59:03,771 [INFO] ADCParametersView:116 -                Rank 5 : false
2025-05-20 20:59:03,771 [INFO] ADCParametersView:116 -                Rank 6 : false
2025-05-20 20:59:03,771 [INFO] ADCParametersView:116 -                Rank 1 : false
2025-05-20 20:59:03,771 [INFO] ADCParametersView:116 -                Rank 2 : false
2025-05-20 20:59:03,771 [INFO] ADCParametersView:116 -                Rank 3 : false
2025-05-20 20:59:03,771 [INFO] ADCParametersView:116 -                Rank 4 : false
2025-05-20 20:59:03,771 [INFO] ADCParametersView:116 -                Rank 5 : false
2025-05-20 20:59:03,771 [INFO] ADCParametersView:116 -                Rank 6 : false
2025-05-20 20:59:03,772 [INFO] ADCParametersView:116 -                Rank 1 : false
2025-05-20 20:59:03,772 [INFO] ADCParametersView:116 -                Rank 2 : false
2025-05-20 20:59:03,772 [INFO] ADCParametersView:116 -                Rank 3 : false
2025-05-20 20:59:03,772 [INFO] ADCParametersView:116 -                Rank 4 : false
2025-05-20 20:59:03,772 [INFO] ADCParametersView:116 -                Rank 5 : false
2025-05-20 20:59:03,772 [INFO] ADCParametersView:116 -                Rank 6 : false
2025-05-20 20:59:03,772 [INFO] ADCParametersView:116 -                Rank 1 : false
2025-05-20 20:59:03,772 [INFO] ADCParametersView:116 -                Rank 2 : false
2025-05-20 20:59:03,772 [INFO] ADCParametersView:116 -                Rank 3 : false
2025-05-20 20:59:03,772 [INFO] ADCParametersView:116 -                Rank 4 : false
2025-05-20 20:59:03,772 [INFO] ADCParametersView:116 -                Rank 5 : false
2025-05-20 20:59:03,772 [INFO] ADCParametersView:116 -                Rank 6 : false
2025-05-20 20:59:03,773 [INFO] ADCParametersView:116 -                Rank 1 : false
2025-05-20 20:59:03,773 [INFO] ADCParametersView:116 -                Rank 2 : false
2025-05-20 20:59:03,773 [INFO] ADCParametersView:116 -                Rank 3 : false
2025-05-20 20:59:03,773 [INFO] ADCParametersView:116 -                Rank 4 : false
2025-05-20 20:59:03,773 [INFO] ADCParametersView:116 -                Rank 5 : false
2025-05-20 20:59:03,773 [INFO] ADCParametersView:116 -                Rank 6 : false
2025-05-20 20:59:03,773 [INFO] ADCParametersView:116 -                Rank 2 : false
2025-05-20 20:59:03,773 [INFO] ADCParametersView:116 -                Rank 3 : false
2025-05-20 20:59:03,773 [INFO] ADCParametersView:116 -                Rank 4 : false
2025-05-20 20:59:03,773 [INFO] ADCParametersView:116 -                Rank 5 : false
2025-05-20 20:59:03,774 [INFO] ADCParametersView:116 -                Rank 6 : false
2025-05-20 20:59:03,774 [INFO] ADCParametersView:116 -                Rank 3 : false
2025-05-20 20:59:03,774 [INFO] ADCParametersView:116 -                Rank 4 : false
2025-05-20 20:59:03,774 [INFO] ADCParametersView:116 -                Rank 5 : false
2025-05-20 20:59:03,774 [INFO] ADCParametersView:116 -                Rank 6 : false
2025-05-20 20:59:03,774 [INFO] ADCParametersView:116 -                Rank 4 : false
2025-05-20 20:59:03,774 [INFO] ADCParametersView:116 -                Rank 5 : false
2025-05-20 20:59:03,774 [INFO] ADCParametersView:116 -                Rank 6 : false
2025-05-20 20:59:03,774 [INFO] ADCParametersView:116 -                Rank 5 : false
2025-05-20 20:59:03,774 [INFO] ADCParametersView:116 -                Rank 6 : false
2025-05-20 20:59:03,775 [INFO] ADCParametersView:116 -                Rank 6 : false
2025-05-20 20:59:03,831 [INFO] ADCParametersView:116 -                Rank 1 : false
2025-05-20 20:59:03,832 [INFO] ADCParametersView:116 -                Rank 1 : false
2025-05-20 20:59:03,832 [INFO] ADCParametersView:116 -                Rank 2 : false
2025-05-20 20:59:03,833 [INFO] ADCParametersView:116 -                Rank 1 : false
2025-05-20 20:59:03,833 [INFO] ADCParametersView:116 -                Rank 2 : false
2025-05-20 20:59:03,833 [INFO] ADCParametersView:116 -                Rank 3 : false
2025-05-20 20:59:03,834 [INFO] ADCParametersView:116 -                Rank 1 : false
2025-05-20 20:59:03,834 [INFO] ADCParametersView:116 -                Rank 2 : false
2025-05-20 20:59:03,834 [INFO] ADCParametersView:116 -                Rank 3 : false
2025-05-20 20:59:03,834 [INFO] ADCParametersView:116 -                Rank 4 : false
2025-05-20 20:59:03,834 [INFO] ADCParametersView:116 -                Rank 1 : false
2025-05-20 20:59:03,834 [INFO] ADCParametersView:116 -                Rank 2 : false
2025-05-20 20:59:03,834 [INFO] ADCParametersView:116 -                Rank 3 : false
2025-05-20 20:59:03,834 [INFO] ADCParametersView:116 -                Rank 4 : false
2025-05-20 20:59:03,834 [INFO] ADCParametersView:116 -                Rank 5 : false
2025-05-20 20:59:03,835 [INFO] ADCParametersView:116 -                Rank 1 : false
2025-05-20 20:59:03,835 [INFO] ADCParametersView:116 -                Rank 2 : false
2025-05-20 20:59:03,835 [INFO] ADCParametersView:116 -                Rank 3 : false
2025-05-20 20:59:03,835 [INFO] ADCParametersView:116 -                Rank 4 : false
2025-05-20 20:59:03,835 [INFO] ADCParametersView:116 -                Rank 5 : false
2025-05-20 20:59:03,835 [INFO] ADCParametersView:116 -                Rank 6 : false
2025-05-20 20:59:03,966 [INFO] ADCParametersView:116 -                Rank 1 : false
2025-05-20 20:59:03,967 [INFO] ADCParametersView:116 -                Rank 2 : false
2025-05-20 20:59:03,967 [INFO] ADCParametersView:116 -                Rank 3 : false
2025-05-20 20:59:03,967 [INFO] ADCParametersView:116 -                Rank 4 : false
2025-05-20 20:59:03,967 [INFO] ADCParametersView:116 -                Rank 5 : false
2025-05-20 20:59:03,967 [INFO] ADCParametersView:116 -                Rank 6 : false
2025-05-20 20:59:03,967 [INFO] ADCParametersView:116 -                Rank 1 : false
2025-05-20 20:59:03,967 [INFO] ADCParametersView:116 -                Rank 2 : false
2025-05-20 20:59:03,967 [INFO] ADCParametersView:116 -                Rank 3 : false
2025-05-20 20:59:03,967 [INFO] ADCParametersView:116 -                Rank 4 : false
2025-05-20 20:59:03,967 [INFO] ADCParametersView:116 -                Rank 5 : false
2025-05-20 20:59:03,968 [INFO] ADCParametersView:116 -                Rank 6 : false
2025-05-20 20:59:03,968 [INFO] ADCParametersView:116 -                Rank 1 : false
2025-05-20 20:59:03,968 [INFO] ADCParametersView:116 -                Rank 2 : false
2025-05-20 20:59:03,968 [INFO] ADCParametersView:116 -                Rank 3 : false
2025-05-20 20:59:03,968 [INFO] ADCParametersView:116 -                Rank 4 : false
2025-05-20 20:59:03,968 [INFO] ADCParametersView:116 -                Rank 5 : false
2025-05-20 20:59:03,968 [INFO] ADCParametersView:116 -                Rank 6 : false
2025-05-20 20:59:03,968 [INFO] ADCParametersView:116 -                Rank 1 : false
2025-05-20 20:59:03,968 [INFO] ADCParametersView:116 -                Rank 2 : false
2025-05-20 20:59:03,969 [INFO] ADCParametersView:116 -                Rank 3 : false
2025-05-20 20:59:03,969 [INFO] ADCParametersView:116 -                Rank 4 : false
2025-05-20 20:59:03,969 [INFO] ADCParametersView:116 -                Rank 5 : false
2025-05-20 20:59:03,969 [INFO] ADCParametersView:116 -                Rank 6 : false
2025-05-20 20:59:03,969 [INFO] ADCParametersView:116 -                Rank 1 : false
2025-05-20 20:59:03,969 [INFO] ADCParametersView:116 -                Rank 2 : false
2025-05-20 20:59:03,969 [INFO] ADCParametersView:116 -                Rank 3 : false
2025-05-20 20:59:03,969 [INFO] ADCParametersView:116 -                Rank 4 : false
2025-05-20 20:59:03,969 [INFO] ADCParametersView:116 -                Rank 5 : false
2025-05-20 20:59:03,969 [INFO] ADCParametersView:116 -                Rank 6 : false
2025-05-20 20:59:03,970 [INFO] ADCParametersView:116 -                Rank 1 : false
2025-05-20 20:59:03,970 [INFO] ADCParametersView:116 -                Rank 2 : false
2025-05-20 20:59:03,970 [INFO] ADCParametersView:116 -                Rank 3 : false
2025-05-20 20:59:03,970 [INFO] ADCParametersView:116 -                Rank 4 : false
2025-05-20 20:59:03,970 [INFO] ADCParametersView:116 -                Rank 5 : false
2025-05-20 20:59:03,970 [INFO] ADCParametersView:116 -                Rank 6 : false
2025-05-20 20:59:03,970 [INFO] ADCParametersView:116 -                Rank 1 : false
2025-05-20 20:59:03,970 [INFO] ADCParametersView:116 -                Rank 2 : false
2025-05-20 20:59:03,970 [INFO] ADCParametersView:116 -                Rank 3 : false
2025-05-20 20:59:03,970 [INFO] ADCParametersView:116 -                Rank 4 : false
2025-05-20 20:59:03,970 [INFO] ADCParametersView:116 -                Rank 5 : false
2025-05-20 20:59:03,970 [INFO] ADCParametersView:116 -                Rank 6 : false
2025-05-20 20:59:03,971 [INFO] ADCParametersView:116 -                Rank 1 : false
2025-05-20 20:59:03,971 [INFO] ADCParametersView:116 -                Rank 2 : false
2025-05-20 20:59:03,971 [INFO] ADCParametersView:116 -                Rank 3 : false
2025-05-20 20:59:03,971 [INFO] ADCParametersView:116 -                Rank 4 : false
2025-05-20 20:59:03,971 [INFO] ADCParametersView:116 -                Rank 5 : false
2025-05-20 20:59:03,971 [INFO] ADCParametersView:116 -                Rank 6 : false
2025-05-20 20:59:03,971 [INFO] ADCParametersView:116 -                Rank 1 : false
2025-05-20 20:59:03,971 [INFO] ADCParametersView:116 -                Rank 2 : false
2025-05-20 20:59:03,972 [INFO] ADCParametersView:116 -                Rank 3 : false
2025-05-20 20:59:03,972 [INFO] ADCParametersView:116 -                Rank 4 : false
2025-05-20 20:59:03,972 [INFO] ADCParametersView:116 -                Rank 5 : false
2025-05-20 20:59:03,972 [INFO] ADCParametersView:116 -                Rank 6 : false
2025-05-20 20:59:03,972 [INFO] ADCParametersView:116 -                Rank 1 : false
2025-05-20 20:59:03,972 [INFO] ADCParametersView:116 -                Rank 2 : false
2025-05-20 20:59:03,972 [INFO] ADCParametersView:116 -                Rank 3 : false
2025-05-20 20:59:03,972 [INFO] ADCParametersView:116 -                Rank 4 : false
2025-05-20 20:59:03,972 [INFO] ADCParametersView:116 -                Rank 5 : false
2025-05-20 20:59:03,972 [INFO] ADCParametersView:116 -                Rank 6 : false
2025-05-20 20:59:03,973 [INFO] ADCParametersView:116 -                Rank 1 : false
2025-05-20 20:59:03,973 [INFO] ADCParametersView:116 -                Rank 2 : false
2025-05-20 20:59:03,973 [INFO] ADCParametersView:116 -                Rank 3 : false
2025-05-20 20:59:03,973 [INFO] ADCParametersView:116 -                Rank 4 : false
2025-05-20 20:59:03,973 [INFO] ADCParametersView:116 -                Rank 5 : false
2025-05-20 20:59:03,973 [INFO] ADCParametersView:116 -                Rank 6 : false
2025-05-20 20:59:03,973 [INFO] ADCParametersView:116 -                Rank 1 : false
2025-05-20 20:59:03,973 [INFO] ADCParametersView:116 -                Rank 2 : false
2025-05-20 20:59:03,973 [INFO] ADCParametersView:116 -                Rank 3 : false
2025-05-20 20:59:03,974 [INFO] ADCParametersView:116 -                Rank 4 : false
2025-05-20 20:59:03,974 [INFO] ADCParametersView:116 -                Rank 5 : false
2025-05-20 20:59:03,974 [INFO] ADCParametersView:116 -                Rank 6 : false
2025-05-20 20:59:03,974 [INFO] ADCParametersView:116 -                Rank 1 : false
2025-05-20 20:59:03,974 [INFO] ADCParametersView:116 -                Rank 2 : false
2025-05-20 20:59:03,974 [INFO] ADCParametersView:116 -                Rank 3 : false
2025-05-20 20:59:03,974 [INFO] ADCParametersView:116 -                Rank 4 : false
2025-05-20 20:59:03,974 [INFO] ADCParametersView:116 -                Rank 5 : false
2025-05-20 20:59:03,974 [INFO] ADCParametersView:116 -                Rank 6 : false
2025-05-20 20:59:03,974 [INFO] ADCParametersView:116 -                Rank 1 : false
2025-05-20 20:59:03,975 [INFO] ADCParametersView:116 -                Rank 2 : false
2025-05-20 20:59:03,975 [INFO] ADCParametersView:116 -                Rank 3 : false
2025-05-20 20:59:03,975 [INFO] ADCParametersView:116 -                Rank 4 : false
2025-05-20 20:59:03,975 [INFO] ADCParametersView:116 -                Rank 5 : false
2025-05-20 20:59:03,975 [INFO] ADCParametersView:116 -                Rank 6 : false
2025-05-20 20:59:03,975 [INFO] ADCParametersView:116 -                Rank 1 : false
2025-05-20 20:59:03,975 [INFO] ADCParametersView:116 -                Rank 2 : false
2025-05-20 20:59:03,975 [INFO] ADCParametersView:116 -                Rank 3 : false
2025-05-20 20:59:03,975 [INFO] ADCParametersView:116 -                Rank 4 : false
2025-05-20 20:59:03,975 [INFO] ADCParametersView:116 -                Rank 5 : false
2025-05-20 20:59:03,975 [INFO] ADCParametersView:116 -                Rank 6 : false
2025-05-20 20:59:03,976 [INFO] ADCParametersView:116 -                Rank 1 : false
2025-05-20 20:59:03,976 [INFO] ADCParametersView:116 -                Rank 2 : false
2025-05-20 20:59:03,976 [INFO] ADCParametersView:116 -                Rank 3 : false
2025-05-20 20:59:03,976 [INFO] ADCParametersView:116 -                Rank 4 : false
2025-05-20 20:59:03,976 [INFO] ADCParametersView:116 -                Rank 5 : false
2025-05-20 20:59:03,976 [INFO] ADCParametersView:116 -                Rank 6 : false
2025-05-20 20:59:03,976 [INFO] ADCParametersView:116 -                Rank 1 : false
2025-05-20 20:59:03,976 [INFO] ADCParametersView:116 -                Rank 2 : false
2025-05-20 20:59:03,976 [INFO] ADCParametersView:116 -                Rank 3 : false
2025-05-20 20:59:03,976 [INFO] ADCParametersView:116 -                Rank 4 : false
2025-05-20 20:59:03,976 [INFO] ADCParametersView:116 -                Rank 5 : false
2025-05-20 20:59:03,977 [INFO] ADCParametersView:116 -                Rank 6 : false
2025-05-20 20:59:03,977 [INFO] ADCParametersView:116 -                Rank 1 : false
2025-05-20 20:59:03,977 [INFO] ADCParametersView:116 -                Rank 2 : false
2025-05-20 20:59:03,977 [INFO] ADCParametersView:116 -                Rank 3 : false
2025-05-20 20:59:03,977 [INFO] ADCParametersView:116 -                Rank 4 : false
2025-05-20 20:59:03,977 [INFO] ADCParametersView:116 -                Rank 5 : false
2025-05-20 20:59:03,977 [INFO] ADCParametersView:116 -                Rank 6 : false
2025-05-20 20:59:03,977 [INFO] ADCParametersView:116 -                Rank 1 : false
2025-05-20 20:59:03,977 [INFO] ADCParametersView:116 -                Rank 2 : false
2025-05-20 20:59:03,977 [INFO] ADCParametersView:116 -                Rank 3 : false
2025-05-20 20:59:03,977 [INFO] ADCParametersView:116 -                Rank 4 : false
2025-05-20 20:59:03,978 [INFO] ADCParametersView:116 -                Rank 5 : false
2025-05-20 20:59:03,978 [INFO] ADCParametersView:116 -                Rank 6 : false
2025-05-20 20:59:03,978 [INFO] ADCParametersView:116 -                Rank 1 : false
2025-05-20 20:59:03,978 [INFO] ADCParametersView:116 -                Rank 2 : false
2025-05-20 20:59:03,978 [INFO] ADCParametersView:116 -                Rank 3 : false
2025-05-20 20:59:03,978 [INFO] ADCParametersView:116 -                Rank 4 : false
2025-05-20 20:59:03,978 [INFO] ADCParametersView:116 -                Rank 5 : false
2025-05-20 20:59:03,978 [INFO] ADCParametersView:116 -                Rank 6 : false
2025-05-20 20:59:03,978 [INFO] ADCParametersView:116 -                Rank 1 : false
2025-05-20 20:59:03,978 [INFO] ADCParametersView:116 -                Rank 2 : false
2025-05-20 20:59:03,978 [INFO] ADCParametersView:116 -                Rank 3 : false
2025-05-20 20:59:03,978 [INFO] ADCParametersView:116 -                Rank 4 : false
2025-05-20 20:59:03,979 [INFO] ADCParametersView:116 -                Rank 5 : false
2025-05-20 20:59:03,979 [INFO] ADCParametersView:116 -                Rank 6 : false
2025-05-20 20:59:03,979 [INFO] ADCParametersView:116 -                Rank 2 : false
2025-05-20 20:59:03,979 [INFO] ADCParametersView:116 -                Rank 3 : false
2025-05-20 20:59:03,979 [INFO] ADCParametersView:116 -                Rank 4 : false
2025-05-20 20:59:03,979 [INFO] ADCParametersView:116 -                Rank 5 : false
2025-05-20 20:59:03,979 [INFO] ADCParametersView:116 -                Rank 6 : false
2025-05-20 20:59:03,979 [INFO] ADCParametersView:116 -                Rank 3 : false
2025-05-20 20:59:03,979 [INFO] ADCParametersView:116 -                Rank 4 : false
2025-05-20 20:59:03,979 [INFO] ADCParametersView:116 -                Rank 5 : false
2025-05-20 20:59:03,979 [INFO] ADCParametersView:116 -                Rank 6 : false
2025-05-20 20:59:03,980 [INFO] ADCParametersView:116 -                Rank 4 : false
2025-05-20 20:59:03,980 [INFO] ADCParametersView:116 -                Rank 5 : false
2025-05-20 20:59:03,980 [INFO] ADCParametersView:116 -                Rank 6 : false
2025-05-20 20:59:03,980 [INFO] ADCParametersView:116 -                Rank 5 : false
2025-05-20 20:59:03,980 [INFO] ADCParametersView:116 -                Rank 6 : false
2025-05-20 20:59:03,980 [INFO] ADCParametersView:116 -                Rank 6 : false
2025-05-20 20:59:04,065 [INFO] ADCParametersView:116 -                Rank 1 : false
2025-05-20 20:59:04,066 [INFO] ADCParametersView:116 -                Rank 1 : false
2025-05-20 20:59:04,066 [INFO] ADCParametersView:116 -                Rank 2 : false
2025-05-20 20:59:04,067 [INFO] ADCParametersView:116 -                Rank 1 : false
2025-05-20 20:59:04,067 [INFO] ADCParametersView:116 -                Rank 2 : false
2025-05-20 20:59:04,067 [INFO] ADCParametersView:116 -                Rank 3 : false
2025-05-20 20:59:04,068 [INFO] ADCParametersView:116 -                Rank 1 : false
2025-05-20 20:59:04,068 [INFO] ADCParametersView:116 -                Rank 2 : false
2025-05-20 20:59:04,068 [INFO] ADCParametersView:116 -                Rank 3 : false
2025-05-20 20:59:04,068 [INFO] ADCParametersView:116 -                Rank 4 : false
2025-05-20 20:59:04,069 [INFO] ADCParametersView:116 -                Rank 1 : false
2025-05-20 20:59:04,070 [INFO] ADCParametersView:116 -                Rank 2 : false
2025-05-20 20:59:04,070 [INFO] ADCParametersView:116 -                Rank 3 : false
2025-05-20 20:59:04,070 [INFO] ADCParametersView:116 -                Rank 4 : false
2025-05-20 20:59:04,070 [INFO] ADCParametersView:116 -                Rank 5 : false
2025-05-20 20:59:04,071 [INFO] ADCParametersView:116 -                Rank 1 : false
2025-05-20 20:59:04,071 [INFO] ADCParametersView:116 -                Rank 2 : false
2025-05-20 20:59:04,071 [INFO] ADCParametersView:116 -                Rank 3 : false
2025-05-20 20:59:04,071 [INFO] ADCParametersView:116 -                Rank 4 : false
2025-05-20 20:59:04,071 [INFO] ADCParametersView:116 -                Rank 5 : false
2025-05-20 20:59:04,071 [INFO] ADCParametersView:116 -                Rank 6 : false
2025-05-20 22:27:15,400 [INFO] WebApp:194 - Connection lost
2025-05-20 22:27:21,544 [ERROR] ConfigurationRetriever:142 - IOException on connection: sw-center.st.com
2025-05-20 22:27:21,555 [ERROR] ConfigurationRetriever:142 - IOException on connection: sw-center.st.com
2025-05-20 22:27:21,560 [ERROR] ConfigurationRetriever:142 - IOException on connection: sw-center.st.com
