2025-08-04 17:03:05,971 [INFO] Activator:176 - 


2025-08-04 17:03:05,980 [INFO] Activator:177 - !SESSION log4j initialized
2025-08-04 17:03:18,590 [INFO] LogOutputStream:77 - [STDOUT_REDIRECT] 
2025-08-04 17:03:19,068 [INFO] LogOutputStream:77 - [STDOUT_REDIRECT] 
2025-08-04 17:03:28,932 [INFO] ApplicationProperties:184 - Using Application install path: C:\ST\STM32CubeIDE_1.18.0\STM32CubeIDE\plugins\com.st.stm32cube.common.mx_6.14.0.202502271554
2025-08-04 17:03:28,977 [INFO] DbMcusXml:78 - Set database path to: C:\ST\STM32CubeIDE_1.18.0\STM32CubeIDE\plugins\com.st.stm32cube.common.mx_6.14.0.202502271554\\db\/mcu/
2025-08-04 17:03:28,978 [INFO] ApiDb:274 - Set plugin database path to: C:\ST\STM32CubeIDE_1.18.0\STM32CubeIDE\plugins\com.st.stm32cube.common.mx_6.14.0.202502271554\\db\/plugins/boardmanager/
2025-08-04 17:03:28,979 [WARN] ApiDb:259 - Overriding images path with different value:  => C:\ST\STM32CubeIDE_1.18.0\STM32CubeIDE\plugins\com.st.stm32cube.common.mx_6.14.0.202502271554\\db\/plugins/mcufinder/images/
2025-08-04 17:03:29,011 [INFO] ApiDb:250 - Set database path to: C:\Users\pwlub\.stmcufinder\plugins\mcufinder//mcu/
2025-08-04 17:03:29,013 [INFO] DbMcusAds:125 - Set database path to: C:\Users\pwlub\.stmcufinder\plugins\mcufinder//mcu/
2025-08-04 17:03:29,020 [INFO] CrossReferenceDbSqlite:203 - Set database path to: C:\Users\pwlub\.stmcufinder\plugins\mcufinder//mcu/cs/
2025-08-04 17:03:29,286 [INFO] RulesReader:64 - Compatibility file has been processed (301 Rules)
2025-08-04 17:03:29,455 [INFO] DbMcusXml:78 - Set database path to: C:\ST\STM32CubeIDE_1.18.0\STM32CubeIDE\plugins\com.st.stm32cube.common.mx_6.14.0.202502271554\\db\/mcu/
2025-08-04 17:03:29,456 [INFO] ApiDb:274 - Set plugin database path to: C:\ST\STM32CubeIDE_1.18.0\STM32CubeIDE\plugins\com.st.stm32cube.common.mx_6.14.0.202502271554\\db\/plugins/boardmanager/
2025-08-04 17:03:29,456 [INFO] ApiDb:261 - Set plugin images path to: C:\ST\STM32CubeIDE_1.18.0\STM32CubeIDE\plugins\com.st.stm32cube.common.mx_6.14.0.202502271554\\db\/plugins/mcufinder/images/
2025-08-04 17:03:29,456 [WARN] DbFile:41 - Overriding database path with different value: C:\Users\pwlub\.stmcufinder\plugins\mcufinder/ => C:\Users\pwlub\.stmcufinder\plugins\mcufinder
2025-08-04 17:03:29,456 [INFO] ApiDb:250 - Set database path to: C:\Users\pwlub\.stmcufinder\plugins\mcufinder//mcu/
2025-08-04 17:03:29,456 [WARN] DbFile:41 - Overriding database path with different value: C:\Users\pwlub\.stmcufinder\plugins\mcufinder/ => C:\Users\pwlub\.stmcufinder\plugins\mcufinder
2025-08-04 17:03:29,457 [INFO] DbMcusAds:125 - Set database path to: C:\Users\pwlub\.stmcufinder\plugins\mcufinder//mcu/
2025-08-04 17:03:29,457 [WARN] DbFile:41 - Overriding database path with different value: C:\Users\pwlub\.stmcufinder\plugins\mcufinder/ => C:\Users\pwlub\.stmcufinder\plugins\mcufinder
2025-08-04 17:03:29,457 [WARN] DbFile:41 - Overriding database path with different value: C:\Users\pwlub\.stmcufinder\plugins\mcufinder/ => C:\Users\pwlub\.stmcufinder\plugins\mcufinder
2025-08-04 17:03:29,463 [INFO] CrossReferenceDbSqlite:203 - Set database path to: C:\Users\pwlub\.stmcufinder\plugins\mcufinder//mcu/cs/
2025-08-04 17:03:29,630 [INFO] MainPanel:272 - HeapMemory: 279969792
2025-08-04 17:03:29,865 [INFO] DbMcusXml:78 - Set database path to: C:\ST\STM32CubeIDE_1.18.0\STM32CubeIDE\plugins\com.st.stm32cube.common.mx_6.14.0.202502271554\\db\/mcu/
2025-08-04 17:03:29,865 [INFO] ApiDb:274 - Set plugin database path to: C:\ST\STM32CubeIDE_1.18.0\STM32CubeIDE\plugins\com.st.stm32cube.common.mx_6.14.0.202502271554\\db\/plugins/boardmanager/
2025-08-04 17:03:29,865 [INFO] ApiDb:261 - Set plugin images path to: C:\ST\STM32CubeIDE_1.18.0\STM32CubeIDE\plugins\com.st.stm32cube.common.mx_6.14.0.202502271554\\db\/plugins/mcufinder/images/
2025-08-04 17:03:29,866 [WARN] DbFile:41 - Overriding database path with different value: C:\Users\pwlub\.stmcufinder\plugins\mcufinder/ => C:\Users\pwlub\.stmcufinder\plugins\mcufinder
2025-08-04 17:03:29,867 [INFO] ApiDb:250 - Set database path to: C:\Users\pwlub\.stmcufinder\plugins\mcufinder//mcu/
2025-08-04 17:03:29,867 [WARN] DbFile:41 - Overriding database path with different value: C:\Users\pwlub\.stmcufinder\plugins\mcufinder/ => C:\Users\pwlub\.stmcufinder\plugins\mcufinder
2025-08-04 17:03:29,867 [INFO] DbMcusAds:125 - Set database path to: C:\Users\pwlub\.stmcufinder\plugins\mcufinder//mcu/
2025-08-04 17:03:29,867 [WARN] DbFile:41 - Overriding database path with different value: C:\Users\pwlub\.stmcufinder\plugins\mcufinder/ => C:\Users\pwlub\.stmcufinder\plugins\mcufinder
2025-08-04 17:03:29,868 [WARN] DbFile:41 - Overriding database path with different value: C:\Users\pwlub\.stmcufinder\plugins\mcufinder/ => C:\Users\pwlub\.stmcufinder\plugins\mcufinder
2025-08-04 17:03:29,868 [INFO] CrossReferenceDbSqlite:203 - Set database path to: C:\Users\pwlub\.stmcufinder\plugins\mcufinder//mcu/cs/
2025-08-04 17:03:29,904 [INFO] ApplicationProperties:184 - Using Application install path: C:\ST\STM32CubeIDE_1.18.0\STM32CubeIDE\plugins\com.st.stm32cube.common.mx_6.14.0.202502271554
2025-08-04 17:03:29,907 [INFO] PluginManage:196 - Search for loadable plugins [exclusion list=, ]
2025-08-04 17:03:29,910 [INFO] PluginManage:310 - Check plugin analytics
2025-08-04 17:03:34,840 [INFO] AnalyticsPlugin:253 - Accepted Software Licenses: STM32CubeMX.6.14.0
2025-08-04 17:03:34,840 [INFO] AnalyticsPlugin:255 - Accepted CMSIS Pack Licenses: 
2025-08-04 17:03:34,841 [INFO] AnalyticsPlugin:257 - Accepted Firmware Licenses: FW.G4.1.5.0,FW.G4.1.6.0
2025-08-04 17:03:34,862 [INFO] PluginManage:359 - Loaded plugin analytics (category:tool,tabindex:-1)
2025-08-04 17:03:34,863 [INFO] PluginManage:310 - Check plugin cadmodel
2025-08-04 17:03:34,885 [INFO] CADModel:105 - Init CAD model plugin
2025-08-04 17:03:34,885 [INFO] PluginManage:359 - Loaded plugin cadmodel (category:power,tabindex:5)
2025-08-04 17:03:34,886 [INFO] PluginManage:310 - Check plugin clock
2025-08-04 17:03:34,908 [INFO] PluginManage:359 - Loaded plugin clock (category:base,tabindex:2)
2025-08-04 17:03:34,909 [INFO] PluginManage:310 - Check plugin ddr
2025-08-04 17:03:34,914 [INFO] PluginManage:359 - Loaded plugin ddr (category:tool,tabindex:6)
2025-08-04 17:03:34,914 [INFO] PluginManage:310 - Check plugin filemanager
2025-08-04 17:03:35,214 [INFO] PluginManage:359 - Loaded plugin filemanager (category:base,tabindex:10)
2025-08-04 17:03:35,214 [INFO] PluginManage:310 - Check plugin ipmanager
2025-08-04 17:03:35,228 [INFO] PluginManage:359 - Loaded plugin ipmanager (category:base,tabindex:5)
2025-08-04 17:03:35,228 [INFO] PluginManage:310 - Check plugin lpbam
2025-08-04 17:03:35,246 [INFO] PluginManage:359 - Loaded plugin lpbam (category:base,tabindex:0)
2025-08-04 17:03:35,246 [INFO] PluginManage:310 - Check plugin memorymap
2025-08-04 17:03:35,283 [INFO] PluginManage:359 - Loaded plugin memorymap (category:base,tabindex:4)
2025-08-04 17:03:35,284 [INFO] PluginManage:310 - Check plugin pinoutandconfiguration
2025-08-04 17:03:35,312 [INFO] PluginManage:359 - Loaded plugin pinoutandconfiguration (category:base,tabindex:1)
2025-08-04 17:03:35,312 [INFO] PluginManage:310 - Check plugin pinoutconfig
2025-08-04 17:03:35,555 [WARN] SupportedApi:132 - Cannot load RTOS API schema: s4s-elt-must-match.1: The content of 'definitions' must match (annotation?, (simpleType | complexType)?, (unique | key | keyref)*)). A problem was found starting at: attribute.
2025-08-04 17:03:35,871 [INFO] PluginManage:359 - Loaded plugin pinoutconfig (category:base,tabindex:0)
2025-08-04 17:03:35,872 [INFO] PluginManage:310 - Check plugin power
2025-08-04 17:03:35,893 [INFO] PluginManage:359 - Loaded plugin power (category:power,tabindex:4)
2025-08-04 17:03:35,893 [INFO] PluginManage:310 - Check plugin projectmanager
2025-08-04 17:03:35,935 [INFO] PluginManage:359 - Loaded plugin projectmanager (category:projectmanager,tabindex:4)
2025-08-04 17:03:35,936 [INFO] PluginManage:310 - Check plugin rif
2025-08-04 17:03:35,951 [INFO] PluginManage:359 - Loaded plugin rif (category:base,tabindex:3)
2025-08-04 17:03:35,952 [INFO] PluginManage:310 - Check plugin thirdparty
2025-08-04 17:03:36,267 [INFO] PluginManage:359 - Loaded plugin thirdparty (category:base,tabindex:-1)
2025-08-04 17:03:36,268 [INFO] PluginManage:310 - Check plugin tools
2025-08-04 17:03:36,269 [WARN] IntegrityCheckThread:84 - waiting for thirdparty lock release [integrity check]
2025-08-04 17:03:36,271 [INFO] IntegrityCheckThread:86 - entering critical section [integrity check]
2025-08-04 17:03:36,272 [INFO] ThirdPartyUpdaterWithRetryManager:70 - Updater plugin not ready yet. [1/15]
2025-08-04 17:03:36,273 [INFO] PluginManage:359 - Loaded plugin tools (category:base,tabindex:7)
2025-08-04 17:03:36,274 [INFO] PluginManage:310 - Check plugin tutovideos
2025-08-04 17:03:36,791 [INFO] PluginManage:359 - Loaded plugin tutovideos (category:base,tabindex:-1)
2025-08-04 17:03:36,791 [INFO] PluginManage:310 - Check plugin updater
2025-08-04 17:03:36,837 [INFO] PluginManage:359 - Loaded plugin updater (category:base,tabindex:12)
2025-08-04 17:03:36,838 [INFO] PluginManage:310 - Check plugin userauth
2025-08-04 17:03:36,846 [INFO] UserAuth:118 - Init User Auth plugin
2025-08-04 17:03:36,848 [INFO] PluginManage:359 - Loaded plugin userauth (category:base,tabindex:14)
2025-08-04 17:03:36,848 [INFO] PluginManage:283 - PluginManage : Loaded plugins [18]
2025-08-04 17:03:37,296 [INFO] PinOutPanel:1589 - setPackage(No Configuration,No Configuration)
2025-08-04 17:03:37,538 [INFO] CADModel:165 - CPN selected for project level
2025-08-04 17:03:37,539 [INFO] CADModel:114 - Register for checkConnection events
2025-08-04 17:03:37,588 [INFO] IPUIPlugin:80 - create IPUIPlugin
2025-08-04 17:03:37,588 [INFO] PluginManager:220 - loadIPPluginJar : add adc
2025-08-04 17:03:37,594 [INFO] IPUIPlugin:80 - create IPUIPlugin
2025-08-04 17:03:37,595 [INFO] PluginManager:220 - loadIPPluginJar : add aes
2025-08-04 17:03:37,602 [INFO] IPUIPlugin:80 - create IPUIPlugin
2025-08-04 17:03:37,602 [INFO] PluginManager:220 - loadIPPluginJar : add can
2025-08-04 17:03:37,606 [INFO] IPUIPlugin:80 - create IPUIPlugin
2025-08-04 17:03:37,607 [INFO] PluginManager:220 - loadIPPluginJar : add comp
2025-08-04 17:03:37,613 [INFO] IPUIPlugin:80 - create IPUIPlugin
2025-08-04 17:03:37,614 [INFO] PluginManager:220 - loadIPPluginJar : add cryp
2025-08-04 17:03:37,624 [INFO] IPUIPlugin:80 - create IPUIPlugin
2025-08-04 17:03:37,625 [INFO] PluginManager:220 - loadIPPluginJar : add ddr_ctrl_phy
2025-08-04 17:03:37,634 [INFO] IPUIPlugin:80 - create IPUIPlugin
2025-08-04 17:03:37,634 [INFO] PluginManager:220 - loadIPPluginJar : add dfsdm
2025-08-04 17:03:37,646 [INFO] IPUIPlugin:80 - create IPUIPlugin
2025-08-04 17:03:37,647 [INFO] PluginManager:220 - loadIPPluginJar : add dma
2025-08-04 17:03:37,660 [INFO] IPUIPlugin:80 - create IPUIPlugin
2025-08-04 17:03:37,660 [INFO] PluginManager:220 - loadIPPluginJar : add dma3
2025-08-04 17:03:37,673 [INFO] IPUIPlugin:80 - create IPUIPlugin
2025-08-04 17:03:37,673 [INFO] PluginManager:220 - loadIPPluginJar : add extmemmanager
2025-08-04 17:03:37,680 [INFO] IPUIPlugin:80 - create IPUIPlugin
2025-08-04 17:03:37,680 [INFO] PluginManager:220 - loadIPPluginJar : add fatfs
2025-08-04 17:03:37,691 [INFO] IPUIPlugin:80 - create IPUIPlugin
2025-08-04 17:03:37,691 [INFO] PluginManager:220 - loadIPPluginJar : add fmc
2025-08-04 17:03:37,706 [INFO] IPUIPlugin:80 - create IPUIPlugin
2025-08-04 17:03:37,710 [INFO] PluginManager:220 - loadIPPluginJar : add freertos
2025-08-04 17:03:37,714 [INFO] IPUIPlugin:80 - create IPUIPlugin
2025-08-04 17:03:37,714 [INFO] PluginManager:220 - loadIPPluginJar : add genericplugin
2025-08-04 17:03:37,721 [INFO] IPUIPlugin:80 - create IPUIPlugin
2025-08-04 17:03:37,721 [INFO] PluginManager:220 - loadIPPluginJar : add gfxmmu
2025-08-04 17:03:37,731 [INFO] IPUIPlugin:80 - create IPUIPlugin
2025-08-04 17:03:37,731 [INFO] PluginManager:220 - loadIPPluginJar : add gic
2025-08-04 17:03:37,740 [INFO] IPUIPlugin:80 - create IPUIPlugin
2025-08-04 17:03:37,740 [INFO] PluginManager:220 - loadIPPluginJar : add gpio
2025-08-04 17:03:37,748 [INFO] IPUIPlugin:80 - create IPUIPlugin
2025-08-04 17:03:37,748 [INFO] PluginManager:220 - loadIPPluginJar : add gtzc
2025-08-04 17:03:37,756 [INFO] IPUIPlugin:80 - create IPUIPlugin
2025-08-04 17:03:37,756 [INFO] PluginManager:220 - loadIPPluginJar : add hash
2025-08-04 17:03:37,764 [INFO] IPUIPlugin:80 - create IPUIPlugin
2025-08-04 17:03:37,764 [INFO] PluginManager:220 - loadIPPluginJar : add i2c
2025-08-04 17:03:37,771 [INFO] IPUIPlugin:80 - create IPUIPlugin
2025-08-04 17:03:37,771 [INFO] PluginManager:220 - loadIPPluginJar : add i2s
2025-08-04 17:03:37,778 [INFO] IPUIPlugin:80 - create IPUIPlugin
2025-08-04 17:03:37,778 [INFO] PluginManager:220 - loadIPPluginJar : add i3c
2025-08-04 17:03:37,786 [INFO] IPUIPlugin:80 - create IPUIPlugin
2025-08-04 17:03:37,786 [INFO] PluginManager:220 - loadIPPluginJar : add ipddr
2025-08-04 17:03:37,803 [INFO] IPUIPlugin:80 - create IPUIPlugin
2025-08-04 17:03:37,803 [INFO] PluginManager:220 - loadIPPluginJar : add linkedlist
2025-08-04 17:03:37,812 [INFO] IPUIPlugin:80 - create IPUIPlugin
2025-08-04 17:03:37,812 [INFO] PluginManager:220 - loadIPPluginJar : add lorawan
2025-08-04 17:03:37,816 [INFO] IPUIPlugin:80 - create IPUIPlugin
2025-08-04 17:03:37,816 [INFO] PluginManager:220 - loadIPPluginJar : add ltdc
2025-08-04 17:03:37,827 [INFO] IPUIPlugin:80 - create IPUIPlugin
2025-08-04 17:03:37,828 [INFO] PluginManager:220 - loadIPPluginJar : add mdma
2025-08-04 17:03:37,835 [INFO] IPUIPlugin:80 - create IPUIPlugin
2025-08-04 17:03:37,836 [INFO] PluginManager:220 - loadIPPluginJar : add nvic
2025-08-04 17:03:37,842 [INFO] IPUIPlugin:80 - create IPUIPlugin
2025-08-04 17:03:37,842 [INFO] PluginManager:220 - loadIPPluginJar : add opamp
2025-08-04 17:03:37,850 [INFO] IPUIPlugin:80 - create IPUIPlugin
2025-08-04 17:03:37,850 [INFO] PluginManager:220 - loadIPPluginJar : add openamp
2025-08-04 17:03:37,858 [INFO] IPUIPlugin:80 - create IPUIPlugin
2025-08-04 17:03:37,858 [INFO] PluginManager:220 - loadIPPluginJar : add pdm2pcm
2025-08-04 17:03:37,871 [INFO] IPUIPlugin:80 - create IPUIPlugin
2025-08-04 17:03:37,877 [INFO] PluginManager:220 - loadIPPluginJar : add plateformsettings
2025-08-04 17:03:37,884 [INFO] IPUIPlugin:80 - create IPUIPlugin
2025-08-04 17:03:37,885 [INFO] PluginManager:220 - loadIPPluginJar : add quadspi
2025-08-04 17:03:37,893 [INFO] IPUIPlugin:80 - create IPUIPlugin
2025-08-04 17:03:37,894 [INFO] PluginManager:220 - loadIPPluginJar : add radio
2025-08-04 17:03:37,905 [INFO] IPUIPlugin:80 - create IPUIPlugin
2025-08-04 17:03:37,905 [INFO] PluginManager:220 - loadIPPluginJar : add resmgrutility
2025-08-04 17:03:37,912 [INFO] IPUIPlugin:80 - create IPUIPlugin
2025-08-04 17:03:37,912 [INFO] PluginManager:220 - loadIPPluginJar : add sai
2025-08-04 17:03:37,920 [INFO] IPUIPlugin:80 - create IPUIPlugin
2025-08-04 17:03:37,921 [INFO] PluginManager:220 - loadIPPluginJar : add spi
2025-08-04 17:03:37,962 [INFO] IPUIPlugin:80 - create IPUIPlugin
2025-08-04 17:03:37,962 [INFO] PluginManager:220 - loadIPPluginJar : add stm32_wpan
2025-08-04 17:03:37,968 [INFO] IPUIPlugin:80 - create IPUIPlugin
2025-08-04 17:03:37,968 [INFO] PluginManager:220 - loadIPPluginJar : add tim
2025-08-04 17:03:37,981 [INFO] IPUIPlugin:80 - create IPUIPlugin
2025-08-04 17:03:37,982 [INFO] PluginManager:220 - loadIPPluginJar : add touchsensing
2025-08-04 17:03:37,989 [INFO] IPUIPlugin:80 - create IPUIPlugin
2025-08-04 17:03:37,989 [INFO] PluginManager:220 - loadIPPluginJar : add tracer_emb
2025-08-04 17:03:37,995 [INFO] IPUIPlugin:80 - create IPUIPlugin
2025-08-04 17:03:37,995 [INFO] PluginManager:220 - loadIPPluginJar : add ts
2025-08-04 17:03:38,001 [INFO] IPUIPlugin:80 - create IPUIPlugin
2025-08-04 17:03:38,001 [INFO] PluginManager:220 - loadIPPluginJar : add tsc
2025-08-04 17:03:38,006 [INFO] IPUIPlugin:80 - create IPUIPlugin
2025-08-04 17:03:38,006 [INFO] PluginManager:220 - loadIPPluginJar : add ucpd
2025-08-04 17:03:38,014 [INFO] IPUIPlugin:80 - create IPUIPlugin
2025-08-04 17:03:38,015 [INFO] PluginManager:220 - loadIPPluginJar : add usart
2025-08-04 17:03:38,025 [INFO] IPUIPlugin:80 - create IPUIPlugin
2025-08-04 17:03:38,025 [INFO] PluginManager:220 - loadIPPluginJar : add usbx
2025-08-04 17:03:38,273 [FATAL] Updater:351 - Updater called before beeing initialized
2025-08-04 17:03:38,373 [INFO] RulesReader:64 - Compatibility file has been processed (301 Rules)
2025-08-04 17:03:38,393 [INFO] RulesReader:64 - Compatibility file has been processed (301 Rules)
2025-08-04 17:03:38,407 [INFO] CADModel:165 - CPN selected for project level
2025-08-04 17:03:38,407 [INFO] CADModel:114 - Register for checkConnection events
2025-08-04 17:03:38,407 [FATAL] Updater:351 - Updater called before beeing initialized
2025-08-04 17:03:38,407 [ERROR] CADModel:125 - Updater not yet initialized, retry later 
2025-08-04 17:03:38,785 [FATAL] Updater:351 - Updater called before beeing initialized
2025-08-04 17:03:38,789 [INFO] CADModel:165 - CPN selected for project level
2025-08-04 17:03:38,790 [INFO] CADModel:114 - Register for checkConnection events
2025-08-04 17:03:38,790 [FATAL] Updater:351 - Updater called before beeing initialized
2025-08-04 17:03:38,790 [ERROR] CADModel:125 - Updater not yet initialized, retry later 
2025-08-04 17:03:38,796 [FATAL] Updater:351 - Updater called before beeing initialized
2025-08-04 17:03:39,054 [FATAL] Updater:351 - Updater called before beeing initialized
2025-08-04 17:03:39,097 [INFO] DbMcusAds:53 - JSON generation date=Thu Mar 06 15:54:21 CET 2025 (1741272861825)
2025-08-04 17:03:39,098 [FATAL] Updater:351 - Updater called before beeing initialized
2025-08-04 17:03:39,251 [WARN] DetailPanel:346 - Failed to get advertising image, set to default
2025-08-04 17:03:39,274 [INFO] ThirdPartyUpdaterWithRetryManager:70 - Updater plugin not ready yet. [2/15]
2025-08-04 17:03:39,990 [FATAL] Updater:351 - Updater called before beeing initialized
2025-08-04 17:03:39,993 [FATAL] Updater:351 - Updater called before beeing initialized
2025-08-04 17:03:39,994 [FATAL] Updater:351 - Updater called before beeing initialized
2025-08-04 17:03:39,994 [WARN] DetailPanel:346 - Failed to get advertising image, set to default
2025-08-04 17:03:39,998 [FATAL] Updater:351 - Updater called before beeing initialized
2025-08-04 17:03:40,113 [ERROR] Updater:1198 - MainUpdater not yet initialized. External WinMGr cannot be set.
2025-08-04 17:03:40,116 [INFO] Updater:1134 - Updater Version found : 6.14.0
2025-08-04 17:03:40,152 [INFO] ApplicationProperties:184 - Using Application install path: C:\ST\STM32CubeIDE_1.18.0\STM32CubeIDE\plugins\com.st.stm32cube.common.mx_6.14.0.202502271554
2025-08-04 17:03:41,793 [ERROR] LogOutputStream:75 - [STDERR_REDIRECT] Aug 04, 2025 5:03:41 PM java.util.prefs.WindowsPreferences <init>
2025-08-04 17:03:41,798 [ERROR] LogOutputStream:75 - [STDERR_REDIRECT] WARNING: Could not open/create prefs root node Software\JavaSoft\Prefs at root 0xffffffff80000002. Windows RegCreateKeyEx(...) returned error code 5.
2025-08-04 17:03:41,798 [ERROR] LogOutputStream:75 - [STDERR_REDIRECT] 
2025-08-04 17:03:42,276 [FATAL] Updater:351 - Updater called before beeing initialized
2025-08-04 17:03:42,276 [ERROR] IntegrityCheckThread:130 - Cannot retrieve database content from updater: error 21
2025-08-04 17:03:42,277 [INFO] ThirdParty:978 - Integrity check success = false
2025-08-04 17:03:42,277 [INFO] IntegrityCheckThread:100 - exiting critical section [integrity check]
2025-08-04 17:03:42,277 [INFO] IntegrityCheckThread:103 - End integrity checks thread
2025-08-04 17:03:42,348 [INFO] MainUpdater:2872 - connection check result : 10
2025-08-04 17:03:42,349 [INFO] MainUpdater:289 - Updater Check For Update Now.
2025-08-04 17:03:42,350 [INFO] MicroXplorer:498 - Change Database Version : DB.6.0.140
2025-08-04 17:03:42,359 [INFO] McuFinderGlobals:63 - Set McuFinder mode to 2 (CubeIDE integrated)
2025-08-04 17:03:42,374 [INFO] UserAuth:486 - Internet connection configuration mode: 1
2025-08-04 17:03:42,433 [INFO] JxBrowserEngine:152 - Initiate JxBrowser Engine with user profile folder
2025-08-04 17:03:42,744 [INFO] CheckServerUpdateThread:120 - End of CheckServer Thread
2025-08-04 17:03:44,672 [INFO] WebApp:169 - Instantiating new browser for Auth
2025-08-04 17:03:46,214 [INFO] WebApp:463 - Apply proxy settings
2025-08-04 17:03:46,215 [INFO] WebApp:548 - Chromium requires no authentication
2025-08-04 17:03:46,230 [INFO] WebApp:491 - Direct internet connection detected
2025-08-04 17:03:46,278 [INFO] WebApp:894 - Register for checkConnection events
2025-08-04 17:03:46,279 [INFO] WebApp:463 - Apply proxy settings
2025-08-04 17:03:46,279 [INFO] WebApp:548 - Chromium requires no authentication
2025-08-04 17:03:46,280 [INFO] WebApp:491 - Direct internet connection detected
2025-08-04 17:03:46,667 [INFO] WebApp:225 - Starting web application
2025-08-04 17:03:46,668 [INFO] WebApp:593 - Web application path used C:\ST\STM32CubeIDE_1.18.0\STM32CubeIDE\plugins\com.st.stm32cube.common.mx_6.14.0.202502271554\db\plugins\mcufinder\reactClient1\index.html
2025-08-04 17:03:46,855 [INFO] UserAuth:486 - Internet connection configuration mode: 1
2025-08-04 17:03:46,869 [INFO] WebApp:191 - Connection restablished
2025-08-04 17:03:48,034 [ERROR] LogOutputStream:75 - [STDERR_REDIRECT] Aug 04, 2025 5:03:48 PM org.glassfish.grizzly.http.server.NetworkListener start
2025-08-04 17:03:48,036 [ERROR] LogOutputStream:75 - [STDERR_REDIRECT] INFO: Started listener bound to [localhost:16721]
2025-08-04 17:03:48,037 [ERROR] LogOutputStream:75 - [STDERR_REDIRECT] 
2025-08-04 17:03:48,040 [ERROR] LogOutputStream:75 - [STDERR_REDIRECT] Aug 04, 2025 5:03:48 PM org.glassfish.grizzly.http.server.HttpServer start
2025-08-04 17:03:48,041 [ERROR] LogOutputStream:75 - [STDERR_REDIRECT] INFO: [HttpServer] Started.
2025-08-04 17:03:48,042 [ERROR] LogOutputStream:75 - [STDERR_REDIRECT] 
2025-08-04 18:10:42,814 [INFO] WebApp:194 - Connection lost
2025-08-04 18:11:10,329 [INFO] WebApp:191 - Connection restablished
2025-08-04 18:11:11,776 [INFO] WebApp:194 - Connection lost
2025-08-04 18:11:11,939 [INFO] WebApp:191 - Connection restablished
2025-08-04 18:11:12,339 [INFO] WebApp:194 - Connection lost
2025-08-04 18:13:42,349 [INFO] Activator:176 - 


2025-08-04 18:13:42,349 [INFO] Activator:177 - !SESSION log4j initialized
2025-08-04 18:13:57,422 [INFO] LogOutputStream:77 - [STDOUT_REDIRECT] 
2025-08-04 18:14:00,383 [INFO] LogOutputStream:77 - [STDOUT_REDIRECT] 
2025-08-04 18:14:08,024 [INFO] ApplicationProperties:184 - Using Application install path: C:\ST\STM32CubeIDE_1.18.0\STM32CubeIDE\plugins\com.st.stm32cube.common.mx_6.14.0.202502271554
2025-08-04 18:14:08,065 [INFO] DbMcusXml:78 - Set database path to: C:\ST\STM32CubeIDE_1.18.0\STM32CubeIDE\plugins\com.st.stm32cube.common.mx_6.14.0.202502271554\\db\/mcu/
2025-08-04 18:14:08,066 [INFO] ApiDb:274 - Set plugin database path to: C:\ST\STM32CubeIDE_1.18.0\STM32CubeIDE\plugins\com.st.stm32cube.common.mx_6.14.0.202502271554\\db\/plugins/boardmanager/
2025-08-04 18:14:08,069 [WARN] ApiDb:259 - Overriding images path with different value:  => C:\ST\STM32CubeIDE_1.18.0\STM32CubeIDE\plugins\com.st.stm32cube.common.mx_6.14.0.202502271554\\db\/plugins/mcufinder/images/
2025-08-04 18:14:08,105 [INFO] ApiDb:250 - Set database path to: C:\Users\pwlub\.stmcufinder\plugins\mcufinder//mcu/
2025-08-04 18:14:08,107 [INFO] DbMcusAds:125 - Set database path to: C:\Users\pwlub\.stmcufinder\plugins\mcufinder//mcu/
2025-08-04 18:14:08,112 [INFO] CrossReferenceDbSqlite:203 - Set database path to: C:\Users\pwlub\.stmcufinder\plugins\mcufinder//mcu/cs/
2025-08-04 18:14:08,359 [INFO] RulesReader:64 - Compatibility file has been processed (301 Rules)
2025-08-04 18:14:08,570 [INFO] DbMcusXml:78 - Set database path to: C:\ST\STM32CubeIDE_1.18.0\STM32CubeIDE\plugins\com.st.stm32cube.common.mx_6.14.0.202502271554\\db\/mcu/
2025-08-04 18:14:08,570 [INFO] ApiDb:274 - Set plugin database path to: C:\ST\STM32CubeIDE_1.18.0\STM32CubeIDE\plugins\com.st.stm32cube.common.mx_6.14.0.202502271554\\db\/plugins/boardmanager/
2025-08-04 18:14:08,571 [INFO] ApiDb:261 - Set plugin images path to: C:\ST\STM32CubeIDE_1.18.0\STM32CubeIDE\plugins\com.st.stm32cube.common.mx_6.14.0.202502271554\\db\/plugins/mcufinder/images/
2025-08-04 18:14:08,571 [WARN] DbFile:41 - Overriding database path with different value: C:\Users\pwlub\.stmcufinder\plugins\mcufinder/ => C:\Users\pwlub\.stmcufinder\plugins\mcufinder
2025-08-04 18:14:08,571 [INFO] ApiDb:250 - Set database path to: C:\Users\pwlub\.stmcufinder\plugins\mcufinder//mcu/
2025-08-04 18:14:08,572 [WARN] DbFile:41 - Overriding database path with different value: C:\Users\pwlub\.stmcufinder\plugins\mcufinder/ => C:\Users\pwlub\.stmcufinder\plugins\mcufinder
2025-08-04 18:14:08,572 [INFO] DbMcusAds:125 - Set database path to: C:\Users\pwlub\.stmcufinder\plugins\mcufinder//mcu/
2025-08-04 18:14:08,572 [WARN] DbFile:41 - Overriding database path with different value: C:\Users\pwlub\.stmcufinder\plugins\mcufinder/ => C:\Users\pwlub\.stmcufinder\plugins\mcufinder
2025-08-04 18:14:08,572 [WARN] DbFile:41 - Overriding database path with different value: C:\Users\pwlub\.stmcufinder\plugins\mcufinder/ => C:\Users\pwlub\.stmcufinder\plugins\mcufinder
2025-08-04 18:14:08,576 [INFO] CrossReferenceDbSqlite:203 - Set database path to: C:\Users\pwlub\.stmcufinder\plugins\mcufinder//mcu/cs/
2025-08-04 18:14:08,848 [INFO] MainPanel:272 - HeapMemory: 306184192
2025-08-04 18:14:09,121 [INFO] DbMcusXml:78 - Set database path to: C:\ST\STM32CubeIDE_1.18.0\STM32CubeIDE\plugins\com.st.stm32cube.common.mx_6.14.0.202502271554\\db\/mcu/
2025-08-04 18:14:09,121 [INFO] ApiDb:274 - Set plugin database path to: C:\ST\STM32CubeIDE_1.18.0\STM32CubeIDE\plugins\com.st.stm32cube.common.mx_6.14.0.202502271554\\db\/plugins/boardmanager/
2025-08-04 18:14:09,121 [INFO] ApiDb:261 - Set plugin images path to: C:\ST\STM32CubeIDE_1.18.0\STM32CubeIDE\plugins\com.st.stm32cube.common.mx_6.14.0.202502271554\\db\/plugins/mcufinder/images/
2025-08-04 18:14:09,122 [WARN] DbFile:41 - Overriding database path with different value: C:\Users\pwlub\.stmcufinder\plugins\mcufinder/ => C:\Users\pwlub\.stmcufinder\plugins\mcufinder
2025-08-04 18:14:09,122 [INFO] ApiDb:250 - Set database path to: C:\Users\pwlub\.stmcufinder\plugins\mcufinder//mcu/
2025-08-04 18:14:09,122 [WARN] DbFile:41 - Overriding database path with different value: C:\Users\pwlub\.stmcufinder\plugins\mcufinder/ => C:\Users\pwlub\.stmcufinder\plugins\mcufinder
2025-08-04 18:14:09,123 [INFO] DbMcusAds:125 - Set database path to: C:\Users\pwlub\.stmcufinder\plugins\mcufinder//mcu/
2025-08-04 18:14:09,123 [WARN] DbFile:41 - Overriding database path with different value: C:\Users\pwlub\.stmcufinder\plugins\mcufinder/ => C:\Users\pwlub\.stmcufinder\plugins\mcufinder
2025-08-04 18:14:09,123 [WARN] DbFile:41 - Overriding database path with different value: C:\Users\pwlub\.stmcufinder\plugins\mcufinder/ => C:\Users\pwlub\.stmcufinder\plugins\mcufinder
2025-08-04 18:14:09,123 [INFO] CrossReferenceDbSqlite:203 - Set database path to: C:\Users\pwlub\.stmcufinder\plugins\mcufinder//mcu/cs/
2025-08-04 18:14:09,163 [INFO] ApplicationProperties:184 - Using Application install path: C:\ST\STM32CubeIDE_1.18.0\STM32CubeIDE\plugins\com.st.stm32cube.common.mx_6.14.0.202502271554
2025-08-04 18:14:09,166 [INFO] PluginManage:196 - Search for loadable plugins [exclusion list=, ]
2025-08-04 18:14:09,170 [INFO] PluginManage:310 - Check plugin analytics
2025-08-04 18:14:14,132 [INFO] AnalyticsPlugin:253 - Accepted Software Licenses: STM32CubeMX.6.14.0
2025-08-04 18:14:14,134 [INFO] AnalyticsPlugin:255 - Accepted CMSIS Pack Licenses: 
2025-08-04 18:14:14,134 [INFO] AnalyticsPlugin:257 - Accepted Firmware Licenses: FW.G4.1.5.0,FW.G4.1.6.0
2025-08-04 18:14:14,139 [INFO] PluginManage:359 - Loaded plugin analytics (category:tool,tabindex:-1)
2025-08-04 18:14:14,140 [INFO] PluginManage:310 - Check plugin cadmodel
2025-08-04 18:14:14,168 [INFO] CADModel:105 - Init CAD model plugin
2025-08-04 18:14:14,169 [INFO] PluginManage:359 - Loaded plugin cadmodel (category:power,tabindex:5)
2025-08-04 18:14:14,169 [INFO] PluginManage:310 - Check plugin clock
2025-08-04 18:14:14,205 [INFO] PluginManage:359 - Loaded plugin clock (category:base,tabindex:2)
2025-08-04 18:14:14,205 [INFO] PluginManage:310 - Check plugin ddr
2025-08-04 18:14:14,224 [INFO] PluginManage:359 - Loaded plugin ddr (category:tool,tabindex:6)
2025-08-04 18:14:14,224 [INFO] PluginManage:310 - Check plugin filemanager
2025-08-04 18:14:14,564 [INFO] PluginManage:359 - Loaded plugin filemanager (category:base,tabindex:10)
2025-08-04 18:14:14,564 [INFO] PluginManage:310 - Check plugin ipmanager
2025-08-04 18:14:14,580 [INFO] PluginManage:359 - Loaded plugin ipmanager (category:base,tabindex:5)
2025-08-04 18:14:14,580 [INFO] PluginManage:310 - Check plugin lpbam
2025-08-04 18:14:14,601 [INFO] PluginManage:359 - Loaded plugin lpbam (category:base,tabindex:0)
2025-08-04 18:14:14,602 [INFO] PluginManage:310 - Check plugin memorymap
2025-08-04 18:14:14,677 [INFO] PluginManage:359 - Loaded plugin memorymap (category:base,tabindex:4)
2025-08-04 18:14:14,678 [INFO] PluginManage:310 - Check plugin pinoutandconfiguration
2025-08-04 18:14:14,702 [INFO] PluginManage:359 - Loaded plugin pinoutandconfiguration (category:base,tabindex:1)
2025-08-04 18:14:14,703 [INFO] PluginManage:310 - Check plugin pinoutconfig
2025-08-04 18:14:14,943 [WARN] SupportedApi:132 - Cannot load RTOS API schema: s4s-elt-must-match.1: The content of 'definitions' must match (annotation?, (simpleType | complexType)?, (unique | key | keyref)*)). A problem was found starting at: attribute.
2025-08-04 18:14:15,316 [INFO] PluginManage:359 - Loaded plugin pinoutconfig (category:base,tabindex:0)
2025-08-04 18:14:15,317 [INFO] PluginManage:310 - Check plugin power
2025-08-04 18:14:15,348 [INFO] PluginManage:359 - Loaded plugin power (category:power,tabindex:4)
2025-08-04 18:14:15,348 [INFO] PluginManage:310 - Check plugin projectmanager
2025-08-04 18:14:15,387 [INFO] PluginManage:359 - Loaded plugin projectmanager (category:projectmanager,tabindex:4)
2025-08-04 18:14:15,387 [INFO] PluginManage:310 - Check plugin rif
2025-08-04 18:14:15,406 [INFO] PluginManage:359 - Loaded plugin rif (category:base,tabindex:3)
2025-08-04 18:14:15,406 [INFO] PluginManage:310 - Check plugin thirdparty
2025-08-04 18:14:15,826 [INFO] PluginManage:359 - Loaded plugin thirdparty (category:base,tabindex:-1)
2025-08-04 18:14:15,826 [INFO] PluginManage:310 - Check plugin tools
2025-08-04 18:14:15,833 [INFO] PluginManage:359 - Loaded plugin tools (category:base,tabindex:7)
2025-08-04 18:14:15,833 [INFO] PluginManage:310 - Check plugin tutovideos
2025-08-04 18:14:15,833 [WARN] IntegrityCheckThread:84 - waiting for thirdparty lock release [integrity check]
2025-08-04 18:14:15,833 [INFO] IntegrityCheckThread:86 - entering critical section [integrity check]
2025-08-04 18:14:15,834 [INFO] ThirdPartyUpdaterWithRetryManager:70 - Updater plugin not ready yet. [1/15]
2025-08-04 18:14:16,385 [INFO] PluginManage:359 - Loaded plugin tutovideos (category:base,tabindex:-1)
2025-08-04 18:14:16,386 [INFO] PluginManage:310 - Check plugin updater
2025-08-04 18:14:16,442 [INFO] PluginManage:359 - Loaded plugin updater (category:base,tabindex:12)
2025-08-04 18:14:16,442 [INFO] PluginManage:310 - Check plugin userauth
2025-08-04 18:14:16,450 [INFO] UserAuth:118 - Init User Auth plugin
2025-08-04 18:14:16,452 [INFO] PluginManage:359 - Loaded plugin userauth (category:base,tabindex:14)
2025-08-04 18:14:16,453 [INFO] PluginManage:283 - PluginManage : Loaded plugins [18]
2025-08-04 18:14:16,984 [INFO] PinOutPanel:1589 - setPackage(No Configuration,No Configuration)
2025-08-04 18:14:17,163 [INFO] CADModel:165 - CPN selected for project level
2025-08-04 18:14:17,164 [INFO] CADModel:114 - Register for checkConnection events
2025-08-04 18:14:17,208 [INFO] IPUIPlugin:80 - create IPUIPlugin
2025-08-04 18:14:17,208 [INFO] PluginManager:220 - loadIPPluginJar : add adc
2025-08-04 18:14:17,214 [INFO] IPUIPlugin:80 - create IPUIPlugin
2025-08-04 18:14:17,215 [INFO] PluginManager:220 - loadIPPluginJar : add aes
2025-08-04 18:14:17,222 [INFO] IPUIPlugin:80 - create IPUIPlugin
2025-08-04 18:14:17,222 [INFO] PluginManager:220 - loadIPPluginJar : add can
2025-08-04 18:14:17,226 [INFO] IPUIPlugin:80 - create IPUIPlugin
2025-08-04 18:14:17,227 [INFO] PluginManager:220 - loadIPPluginJar : add comp
2025-08-04 18:14:17,233 [INFO] IPUIPlugin:80 - create IPUIPlugin
2025-08-04 18:14:17,233 [INFO] PluginManager:220 - loadIPPluginJar : add cryp
2025-08-04 18:14:17,243 [INFO] IPUIPlugin:80 - create IPUIPlugin
2025-08-04 18:14:17,243 [INFO] PluginManager:220 - loadIPPluginJar : add ddr_ctrl_phy
2025-08-04 18:14:17,249 [INFO] IPUIPlugin:80 - create IPUIPlugin
2025-08-04 18:14:17,249 [INFO] PluginManager:220 - loadIPPluginJar : add dfsdm
2025-08-04 18:14:17,261 [INFO] IPUIPlugin:80 - create IPUIPlugin
2025-08-04 18:14:17,262 [INFO] PluginManager:220 - loadIPPluginJar : add dma
2025-08-04 18:14:17,268 [INFO] IPUIPlugin:80 - create IPUIPlugin
2025-08-04 18:14:17,269 [INFO] PluginManager:220 - loadIPPluginJar : add dma3
2025-08-04 18:14:17,276 [INFO] IPUIPlugin:80 - create IPUIPlugin
2025-08-04 18:14:17,276 [INFO] PluginManager:220 - loadIPPluginJar : add extmemmanager
2025-08-04 18:14:17,280 [INFO] IPUIPlugin:80 - create IPUIPlugin
2025-08-04 18:14:17,281 [INFO] PluginManager:220 - loadIPPluginJar : add fatfs
2025-08-04 18:14:17,290 [INFO] IPUIPlugin:80 - create IPUIPlugin
2025-08-04 18:14:17,291 [INFO] PluginManager:220 - loadIPPluginJar : add fmc
2025-08-04 18:14:17,302 [INFO] IPUIPlugin:80 - create IPUIPlugin
2025-08-04 18:14:17,303 [INFO] PluginManager:220 - loadIPPluginJar : add freertos
2025-08-04 18:14:17,307 [INFO] IPUIPlugin:80 - create IPUIPlugin
2025-08-04 18:14:17,307 [INFO] PluginManager:220 - loadIPPluginJar : add genericplugin
2025-08-04 18:14:17,312 [INFO] IPUIPlugin:80 - create IPUIPlugin
2025-08-04 18:14:17,312 [INFO] PluginManager:220 - loadIPPluginJar : add gfxmmu
2025-08-04 18:14:17,322 [INFO] IPUIPlugin:80 - create IPUIPlugin
2025-08-04 18:14:17,322 [INFO] PluginManager:220 - loadIPPluginJar : add gic
2025-08-04 18:14:17,331 [INFO] IPUIPlugin:80 - create IPUIPlugin
2025-08-04 18:14:17,331 [INFO] PluginManager:220 - loadIPPluginJar : add gpio
2025-08-04 18:14:17,338 [INFO] IPUIPlugin:80 - create IPUIPlugin
2025-08-04 18:14:17,339 [INFO] PluginManager:220 - loadIPPluginJar : add gtzc
2025-08-04 18:14:17,345 [INFO] IPUIPlugin:80 - create IPUIPlugin
2025-08-04 18:14:17,345 [INFO] PluginManager:220 - loadIPPluginJar : add hash
2025-08-04 18:14:17,351 [INFO] IPUIPlugin:80 - create IPUIPlugin
2025-08-04 18:14:17,351 [INFO] PluginManager:220 - loadIPPluginJar : add i2c
2025-08-04 18:14:17,357 [INFO] IPUIPlugin:80 - create IPUIPlugin
2025-08-04 18:14:17,358 [INFO] PluginManager:220 - loadIPPluginJar : add i2s
2025-08-04 18:14:17,364 [INFO] IPUIPlugin:80 - create IPUIPlugin
2025-08-04 18:14:17,364 [INFO] PluginManager:220 - loadIPPluginJar : add i3c
2025-08-04 18:14:17,371 [INFO] IPUIPlugin:80 - create IPUIPlugin
2025-08-04 18:14:17,372 [INFO] PluginManager:220 - loadIPPluginJar : add ipddr
2025-08-04 18:14:17,387 [INFO] IPUIPlugin:80 - create IPUIPlugin
2025-08-04 18:14:17,387 [INFO] PluginManager:220 - loadIPPluginJar : add linkedlist
2025-08-04 18:14:17,393 [INFO] IPUIPlugin:80 - create IPUIPlugin
2025-08-04 18:14:17,393 [INFO] PluginManager:220 - loadIPPluginJar : add lorawan
2025-08-04 18:14:17,397 [INFO] IPUIPlugin:80 - create IPUIPlugin
2025-08-04 18:14:17,397 [INFO] PluginManager:220 - loadIPPluginJar : add ltdc
2025-08-04 18:14:17,409 [INFO] IPUIPlugin:80 - create IPUIPlugin
2025-08-04 18:14:17,409 [INFO] PluginManager:220 - loadIPPluginJar : add mdma
2025-08-04 18:14:17,417 [INFO] IPUIPlugin:80 - create IPUIPlugin
2025-08-04 18:14:17,418 [INFO] PluginManager:220 - loadIPPluginJar : add nvic
2025-08-04 18:14:17,424 [INFO] IPUIPlugin:80 - create IPUIPlugin
2025-08-04 18:14:17,424 [INFO] PluginManager:220 - loadIPPluginJar : add opamp
2025-08-04 18:14:17,431 [INFO] IPUIPlugin:80 - create IPUIPlugin
2025-08-04 18:14:17,432 [INFO] PluginManager:220 - loadIPPluginJar : add openamp
2025-08-04 18:14:17,440 [INFO] IPUIPlugin:80 - create IPUIPlugin
2025-08-04 18:14:17,441 [INFO] PluginManager:220 - loadIPPluginJar : add pdm2pcm
2025-08-04 18:14:17,454 [INFO] IPUIPlugin:80 - create IPUIPlugin
2025-08-04 18:14:17,460 [INFO] PluginManager:220 - loadIPPluginJar : add plateformsettings
2025-08-04 18:14:17,464 [INFO] IPUIPlugin:80 - create IPUIPlugin
2025-08-04 18:14:17,464 [INFO] PluginManager:220 - loadIPPluginJar : add quadspi
2025-08-04 18:14:17,468 [INFO] IPUIPlugin:80 - create IPUIPlugin
2025-08-04 18:14:17,470 [INFO] PluginManager:220 - loadIPPluginJar : add radio
2025-08-04 18:14:17,479 [INFO] IPUIPlugin:80 - create IPUIPlugin
2025-08-04 18:14:17,479 [INFO] PluginManager:220 - loadIPPluginJar : add resmgrutility
2025-08-04 18:14:17,486 [INFO] IPUIPlugin:80 - create IPUIPlugin
2025-08-04 18:14:17,486 [INFO] PluginManager:220 - loadIPPluginJar : add sai
2025-08-04 18:14:17,492 [INFO] IPUIPlugin:80 - create IPUIPlugin
2025-08-04 18:14:17,492 [INFO] PluginManager:220 - loadIPPluginJar : add spi
2025-08-04 18:14:17,505 [INFO] IPUIPlugin:80 - create IPUIPlugin
2025-08-04 18:14:17,505 [INFO] PluginManager:220 - loadIPPluginJar : add stm32_wpan
2025-08-04 18:14:17,510 [INFO] IPUIPlugin:80 - create IPUIPlugin
2025-08-04 18:14:17,510 [INFO] PluginManager:220 - loadIPPluginJar : add tim
2025-08-04 18:14:17,517 [INFO] IPUIPlugin:80 - create IPUIPlugin
2025-08-04 18:14:17,518 [INFO] PluginManager:220 - loadIPPluginJar : add touchsensing
2025-08-04 18:14:17,523 [INFO] IPUIPlugin:80 - create IPUIPlugin
2025-08-04 18:14:17,523 [INFO] PluginManager:220 - loadIPPluginJar : add tracer_emb
2025-08-04 18:14:17,527 [INFO] IPUIPlugin:80 - create IPUIPlugin
2025-08-04 18:14:17,527 [INFO] PluginManager:220 - loadIPPluginJar : add ts
2025-08-04 18:14:17,531 [INFO] IPUIPlugin:80 - create IPUIPlugin
2025-08-04 18:14:17,532 [INFO] PluginManager:220 - loadIPPluginJar : add tsc
2025-08-04 18:14:17,536 [INFO] IPUIPlugin:80 - create IPUIPlugin
2025-08-04 18:14:17,536 [INFO] PluginManager:220 - loadIPPluginJar : add ucpd
2025-08-04 18:14:17,542 [INFO] IPUIPlugin:80 - create IPUIPlugin
2025-08-04 18:14:17,542 [INFO] PluginManager:220 - loadIPPluginJar : add usart
2025-08-04 18:14:17,549 [INFO] IPUIPlugin:80 - create IPUIPlugin
2025-08-04 18:14:17,549 [INFO] PluginManager:220 - loadIPPluginJar : add usbx
2025-08-04 18:14:17,740 [FATAL] Updater:351 - Updater called before beeing initialized
2025-08-04 18:14:17,798 [INFO] RulesReader:64 - Compatibility file has been processed (301 Rules)
2025-08-04 18:14:17,820 [INFO] RulesReader:64 - Compatibility file has been processed (301 Rules)
2025-08-04 18:14:17,836 [INFO] CADModel:165 - CPN selected for project level
2025-08-04 18:14:17,836 [INFO] CADModel:114 - Register for checkConnection events
2025-08-04 18:14:17,836 [FATAL] Updater:351 - Updater called before beeing initialized
2025-08-04 18:14:17,836 [ERROR] CADModel:125 - Updater not yet initialized, retry later 
2025-08-04 18:14:18,188 [FATAL] Updater:351 - Updater called before beeing initialized
2025-08-04 18:14:18,192 [INFO] CADModel:165 - CPN selected for project level
2025-08-04 18:14:18,193 [INFO] CADModel:114 - Register for checkConnection events
2025-08-04 18:14:18,193 [FATAL] Updater:351 - Updater called before beeing initialized
2025-08-04 18:14:18,193 [ERROR] CADModel:125 - Updater not yet initialized, retry later 
2025-08-04 18:14:18,200 [FATAL] Updater:351 - Updater called before beeing initialized
2025-08-04 18:14:18,642 [FATAL] Updater:351 - Updater called before beeing initialized
2025-08-04 18:14:18,688 [INFO] DbMcusAds:53 - JSON generation date=Thu Mar 06 15:54:21 CET 2025 (1741272861825)
2025-08-04 18:14:18,688 [FATAL] Updater:351 - Updater called before beeing initialized
2025-08-04 18:14:18,782 [WARN] DetailPanel:346 - Failed to get advertising image, set to default
2025-08-04 18:14:18,835 [INFO] ThirdPartyUpdaterWithRetryManager:70 - Updater plugin not ready yet. [2/15]
2025-08-04 18:14:19,349 [FATAL] Updater:351 - Updater called before beeing initialized
2025-08-04 18:14:19,352 [FATAL] Updater:351 - Updater called before beeing initialized
2025-08-04 18:14:19,353 [FATAL] Updater:351 - Updater called before beeing initialized
2025-08-04 18:14:19,353 [WARN] DetailPanel:346 - Failed to get advertising image, set to default
2025-08-04 18:14:19,355 [FATAL] Updater:351 - Updater called before beeing initialized
2025-08-04 18:14:19,495 [ERROR] Updater:1198 - MainUpdater not yet initialized. External WinMGr cannot be set.
2025-08-04 18:14:19,499 [INFO] Updater:1134 - Updater Version found : 6.14.0
2025-08-04 18:14:19,535 [INFO] ApplicationProperties:184 - Using Application install path: C:\ST\STM32CubeIDE_1.18.0\STM32CubeIDE\plugins\com.st.stm32cube.common.mx_6.14.0.202502271554
2025-08-04 18:14:21,136 [ERROR] LogOutputStream:75 - [STDERR_REDIRECT] Aug 04, 2025 6:14:21 PM java.util.prefs.WindowsPreferences <init>
2025-08-04 18:14:21,140 [ERROR] LogOutputStream:75 - [STDERR_REDIRECT] WARNING: Could not open/create prefs root node Software\JavaSoft\Prefs at root 0xffffffff80000002. Windows RegCreateKeyEx(...) returned error code 5.
2025-08-04 18:14:21,141 [ERROR] LogOutputStream:75 - [STDERR_REDIRECT] 
2025-08-04 18:14:21,836 [FATAL] Updater:351 - Updater called before beeing initialized
2025-08-04 18:14:21,836 [ERROR] IntegrityCheckThread:130 - Cannot retrieve database content from updater: error 21
2025-08-04 18:14:21,837 [INFO] ThirdParty:978 - Integrity check success = false
2025-08-04 18:14:21,837 [INFO] IntegrityCheckThread:100 - exiting critical section [integrity check]
2025-08-04 18:14:21,837 [INFO] IntegrityCheckThread:103 - End integrity checks thread
2025-08-04 18:14:23,060 [INFO] MainUpdater:2872 - connection check result : 10
2025-08-04 18:14:23,062 [INFO] MainUpdater:289 - Updater Check For Update Now.
2025-08-04 18:14:23,062 [INFO] MicroXplorer:498 - Change Database Version : DB.6.0.140
2025-08-04 18:14:23,071 [INFO] McuFinderGlobals:63 - Set McuFinder mode to 2 (CubeIDE integrated)
2025-08-04 18:14:23,086 [INFO] UserAuth:486 - Internet connection configuration mode: 1
2025-08-04 18:14:23,145 [INFO] JxBrowserEngine:152 - Initiate JxBrowser Engine with user profile folder
2025-08-04 18:14:23,434 [INFO] CheckServerUpdateThread:120 - End of CheckServer Thread
2025-08-04 18:14:25,504 [INFO] WebApp:169 - Instantiating new browser for Auth
2025-08-04 18:14:27,379 [INFO] WebApp:463 - Apply proxy settings
2025-08-04 18:14:27,380 [INFO] WebApp:548 - Chromium requires no authentication
2025-08-04 18:14:27,417 [INFO] WebApp:491 - Direct internet connection detected
2025-08-04 18:14:27,495 [INFO] WebApp:894 - Register for checkConnection events
2025-08-04 18:14:27,495 [INFO] WebApp:463 - Apply proxy settings
2025-08-04 18:14:27,496 [INFO] WebApp:548 - Chromium requires no authentication
2025-08-04 18:14:27,496 [INFO] WebApp:491 - Direct internet connection detected
2025-08-04 18:14:27,961 [INFO] WebApp:225 - Starting web application
2025-08-04 18:14:27,961 [INFO] WebApp:593 - Web application path used C:\ST\STM32CubeIDE_1.18.0\STM32CubeIDE\plugins\com.st.stm32cube.common.mx_6.14.0.202502271554\db\plugins\mcufinder\reactClient1\index.html
2025-08-04 18:14:28,152 [INFO] UserAuth:486 - Internet connection configuration mode: 1
2025-08-04 18:14:28,370 [INFO] WebApp:191 - Connection restablished
2025-08-04 18:14:28,919 [ERROR] LogOutputStream:75 - [STDERR_REDIRECT] Aug 04, 2025 6:14:28 PM org.glassfish.grizzly.http.server.NetworkListener start
2025-08-04 18:14:28,921 [ERROR] LogOutputStream:75 - [STDERR_REDIRECT] INFO: Started listener bound to [localhost:16721]
2025-08-04 18:14:28,922 [ERROR] LogOutputStream:75 - [STDERR_REDIRECT] 
2025-08-04 18:14:28,925 [ERROR] LogOutputStream:75 - [STDERR_REDIRECT] Aug 04, 2025 6:14:28 PM org.glassfish.grizzly.http.server.HttpServer start
2025-08-04 18:14:28,926 [ERROR] LogOutputStream:75 - [STDERR_REDIRECT] INFO: [HttpServer] Started.
2025-08-04 18:14:28,927 [ERROR] LogOutputStream:75 - [STDERR_REDIRECT] 
2025-08-04 19:33:41,226 [ERROR] LogOutputStream:75 - [STDERR_REDIRECT] 
2025-08-04 19:54:36,267 [INFO] Activator:176 - 


2025-08-04 19:54:36,270 [INFO] Activator:177 - !SESSION log4j initialized
2025-08-04 19:54:47,823 [INFO] LogOutputStream:77 - [STDOUT_REDIRECT] 
2025-08-04 19:54:48,141 [INFO] LogOutputStream:77 - [STDOUT_REDIRECT] 
2025-08-04 19:54:54,793 [INFO] ApplicationProperties:184 - Using Application install path: C:\ST\STM32CubeIDE_1.18.0\STM32CubeIDE\plugins\com.st.stm32cube.common.mx_6.14.0.202502271554
2025-08-04 19:54:54,831 [INFO] DbMcusXml:78 - Set database path to: C:\ST\STM32CubeIDE_1.18.0\STM32CubeIDE\plugins\com.st.stm32cube.common.mx_6.14.0.202502271554\\db\/mcu/
2025-08-04 19:54:54,832 [INFO] ApiDb:274 - Set plugin database path to: C:\ST\STM32CubeIDE_1.18.0\STM32CubeIDE\plugins\com.st.stm32cube.common.mx_6.14.0.202502271554\\db\/plugins/boardmanager/
2025-08-04 19:54:54,832 [WARN] ApiDb:259 - Overriding images path with different value:  => C:\ST\STM32CubeIDE_1.18.0\STM32CubeIDE\plugins\com.st.stm32cube.common.mx_6.14.0.202502271554\\db\/plugins/mcufinder/images/
2025-08-04 19:54:54,882 [INFO] ApiDb:250 - Set database path to: C:\Users\pwlub\.stmcufinder\plugins\mcufinder//mcu/
2025-08-04 19:54:54,885 [INFO] DbMcusAds:125 - Set database path to: C:\Users\pwlub\.stmcufinder\plugins\mcufinder//mcu/
2025-08-04 19:54:54,891 [INFO] CrossReferenceDbSqlite:203 - Set database path to: C:\Users\pwlub\.stmcufinder\plugins\mcufinder//mcu/cs/
2025-08-04 19:54:55,139 [INFO] RulesReader:64 - Compatibility file has been processed (301 Rules)
2025-08-04 19:54:55,264 [INFO] DbMcusXml:78 - Set database path to: C:\ST\STM32CubeIDE_1.18.0\STM32CubeIDE\plugins\com.st.stm32cube.common.mx_6.14.0.202502271554\\db\/mcu/
2025-08-04 19:54:55,265 [INFO] ApiDb:274 - Set plugin database path to: C:\ST\STM32CubeIDE_1.18.0\STM32CubeIDE\plugins\com.st.stm32cube.common.mx_6.14.0.202502271554\\db\/plugins/boardmanager/
2025-08-04 19:54:55,265 [INFO] ApiDb:261 - Set plugin images path to: C:\ST\STM32CubeIDE_1.18.0\STM32CubeIDE\plugins\com.st.stm32cube.common.mx_6.14.0.202502271554\\db\/plugins/mcufinder/images/
2025-08-04 19:54:55,265 [WARN] DbFile:41 - Overriding database path with different value: C:\Users\pwlub\.stmcufinder\plugins\mcufinder/ => C:\Users\pwlub\.stmcufinder\plugins\mcufinder
2025-08-04 19:54:55,266 [INFO] ApiDb:250 - Set database path to: C:\Users\pwlub\.stmcufinder\plugins\mcufinder//mcu/
2025-08-04 19:54:55,266 [WARN] DbFile:41 - Overriding database path with different value: C:\Users\pwlub\.stmcufinder\plugins\mcufinder/ => C:\Users\pwlub\.stmcufinder\plugins\mcufinder
2025-08-04 19:54:55,266 [INFO] DbMcusAds:125 - Set database path to: C:\Users\pwlub\.stmcufinder\plugins\mcufinder//mcu/
2025-08-04 19:54:55,266 [WARN] DbFile:41 - Overriding database path with different value: C:\Users\pwlub\.stmcufinder\plugins\mcufinder/ => C:\Users\pwlub\.stmcufinder\plugins\mcufinder
2025-08-04 19:54:55,266 [WARN] DbFile:41 - Overriding database path with different value: C:\Users\pwlub\.stmcufinder\plugins\mcufinder/ => C:\Users\pwlub\.stmcufinder\plugins\mcufinder
2025-08-04 19:54:55,267 [INFO] CrossReferenceDbSqlite:203 - Set database path to: C:\Users\pwlub\.stmcufinder\plugins\mcufinder//mcu/cs/
2025-08-04 19:54:55,419 [INFO] MainPanel:272 - HeapMemory: 283115520
2025-08-04 19:54:55,615 [INFO] DbMcusXml:78 - Set database path to: C:\ST\STM32CubeIDE_1.18.0\STM32CubeIDE\plugins\com.st.stm32cube.common.mx_6.14.0.202502271554\\db\/mcu/
2025-08-04 19:54:55,616 [INFO] ApiDb:274 - Set plugin database path to: C:\ST\STM32CubeIDE_1.18.0\STM32CubeIDE\plugins\com.st.stm32cube.common.mx_6.14.0.202502271554\\db\/plugins/boardmanager/
2025-08-04 19:54:55,616 [INFO] ApiDb:261 - Set plugin images path to: C:\ST\STM32CubeIDE_1.18.0\STM32CubeIDE\plugins\com.st.stm32cube.common.mx_6.14.0.202502271554\\db\/plugins/mcufinder/images/
2025-08-04 19:54:55,617 [WARN] DbFile:41 - Overriding database path with different value: C:\Users\pwlub\.stmcufinder\plugins\mcufinder/ => C:\Users\pwlub\.stmcufinder\plugins\mcufinder
2025-08-04 19:54:55,617 [INFO] ApiDb:250 - Set database path to: C:\Users\pwlub\.stmcufinder\plugins\mcufinder//mcu/
2025-08-04 19:54:55,617 [WARN] DbFile:41 - Overriding database path with different value: C:\Users\pwlub\.stmcufinder\plugins\mcufinder/ => C:\Users\pwlub\.stmcufinder\plugins\mcufinder
2025-08-04 19:54:55,617 [INFO] DbMcusAds:125 - Set database path to: C:\Users\pwlub\.stmcufinder\plugins\mcufinder//mcu/
2025-08-04 19:54:55,617 [WARN] DbFile:41 - Overriding database path with different value: C:\Users\pwlub\.stmcufinder\plugins\mcufinder/ => C:\Users\pwlub\.stmcufinder\plugins\mcufinder
2025-08-04 19:54:55,617 [WARN] DbFile:41 - Overriding database path with different value: C:\Users\pwlub\.stmcufinder\plugins\mcufinder/ => C:\Users\pwlub\.stmcufinder\plugins\mcufinder
2025-08-04 19:54:55,618 [INFO] CrossReferenceDbSqlite:203 - Set database path to: C:\Users\pwlub\.stmcufinder\plugins\mcufinder//mcu/cs/
2025-08-04 19:54:55,650 [INFO] ApplicationProperties:184 - Using Application install path: C:\ST\STM32CubeIDE_1.18.0\STM32CubeIDE\plugins\com.st.stm32cube.common.mx_6.14.0.202502271554
2025-08-04 19:54:55,652 [INFO] PluginManage:196 - Search for loadable plugins [exclusion list=, ]
2025-08-04 19:54:55,656 [INFO] PluginManage:310 - Check plugin analytics
2025-08-04 19:55:00,528 [INFO] AnalyticsPlugin:253 - Accepted Software Licenses: STM32CubeMX.6.14.0
2025-08-04 19:55:00,528 [INFO] AnalyticsPlugin:255 - Accepted CMSIS Pack Licenses: 
2025-08-04 19:55:00,528 [INFO] AnalyticsPlugin:257 - Accepted Firmware Licenses: FW.G4.1.5.0,FW.G4.1.6.0
2025-08-04 19:55:00,533 [INFO] PluginManage:359 - Loaded plugin analytics (category:tool,tabindex:-1)
2025-08-04 19:55:00,534 [INFO] PluginManage:310 - Check plugin cadmodel
2025-08-04 19:55:00,546 [INFO] CADModel:105 - Init CAD model plugin
2025-08-04 19:55:00,547 [INFO] PluginManage:359 - Loaded plugin cadmodel (category:power,tabindex:5)
2025-08-04 19:55:00,547 [INFO] PluginManage:310 - Check plugin clock
2025-08-04 19:55:00,563 [INFO] PluginManage:359 - Loaded plugin clock (category:base,tabindex:2)
2025-08-04 19:55:00,564 [INFO] PluginManage:310 - Check plugin ddr
2025-08-04 19:55:00,568 [INFO] PluginManage:359 - Loaded plugin ddr (category:tool,tabindex:6)
2025-08-04 19:55:00,568 [INFO] PluginManage:310 - Check plugin filemanager
2025-08-04 19:55:00,817 [INFO] PluginManage:359 - Loaded plugin filemanager (category:base,tabindex:10)
2025-08-04 19:55:00,817 [INFO] PluginManage:310 - Check plugin ipmanager
2025-08-04 19:55:00,830 [INFO] PluginManage:359 - Loaded plugin ipmanager (category:base,tabindex:5)
2025-08-04 19:55:00,830 [INFO] PluginManage:310 - Check plugin lpbam
2025-08-04 19:55:00,842 [INFO] PluginManage:359 - Loaded plugin lpbam (category:base,tabindex:0)
2025-08-04 19:55:00,842 [INFO] PluginManage:310 - Check plugin memorymap
2025-08-04 19:55:00,871 [INFO] PluginManage:359 - Loaded plugin memorymap (category:base,tabindex:4)
2025-08-04 19:55:00,871 [INFO] PluginManage:310 - Check plugin pinoutandconfiguration
2025-08-04 19:55:00,884 [INFO] PluginManage:359 - Loaded plugin pinoutandconfiguration (category:base,tabindex:1)
2025-08-04 19:55:00,884 [INFO] PluginManage:310 - Check plugin pinoutconfig
2025-08-04 19:55:01,035 [WARN] SupportedApi:132 - Cannot load RTOS API schema: s4s-elt-must-match.1: The content of 'definitions' must match (annotation?, (simpleType | complexType)?, (unique | key | keyref)*)). A problem was found starting at: attribute.
2025-08-04 19:55:01,276 [INFO] PluginManage:359 - Loaded plugin pinoutconfig (category:base,tabindex:0)
2025-08-04 19:55:01,276 [INFO] PluginManage:310 - Check plugin power
2025-08-04 19:55:01,290 [INFO] PluginManage:359 - Loaded plugin power (category:power,tabindex:4)
2025-08-04 19:55:01,290 [INFO] PluginManage:310 - Check plugin projectmanager
2025-08-04 19:55:01,316 [INFO] PluginManage:359 - Loaded plugin projectmanager (category:projectmanager,tabindex:4)
2025-08-04 19:55:01,317 [INFO] PluginManage:310 - Check plugin rif
2025-08-04 19:55:01,332 [INFO] PluginManage:359 - Loaded plugin rif (category:base,tabindex:3)
2025-08-04 19:55:01,333 [INFO] PluginManage:310 - Check plugin thirdparty
2025-08-04 19:55:01,564 [INFO] PluginManage:359 - Loaded plugin thirdparty (category:base,tabindex:-1)
2025-08-04 19:55:01,565 [INFO] PluginManage:310 - Check plugin tools
2025-08-04 19:55:01,570 [INFO] PluginManage:359 - Loaded plugin tools (category:base,tabindex:7)
2025-08-04 19:55:01,570 [INFO] PluginManage:310 - Check plugin tutovideos
2025-08-04 19:55:01,568 [WARN] IntegrityCheckThread:84 - waiting for thirdparty lock release [integrity check]
2025-08-04 19:55:01,570 [INFO] IntegrityCheckThread:86 - entering critical section [integrity check]
2025-08-04 19:55:01,571 [INFO] ThirdPartyUpdaterWithRetryManager:70 - Updater plugin not ready yet. [1/15]
2025-08-04 19:55:01,863 [INFO] PluginManage:359 - Loaded plugin tutovideos (category:base,tabindex:-1)
2025-08-04 19:55:01,864 [INFO] PluginManage:310 - Check plugin updater
2025-08-04 19:55:01,910 [INFO] PluginManage:359 - Loaded plugin updater (category:base,tabindex:12)
2025-08-04 19:55:01,910 [INFO] PluginManage:310 - Check plugin userauth
2025-08-04 19:55:01,918 [INFO] UserAuth:118 - Init User Auth plugin
2025-08-04 19:55:01,919 [INFO] PluginManage:359 - Loaded plugin userauth (category:base,tabindex:14)
2025-08-04 19:55:01,920 [INFO] PluginManage:283 - PluginManage : Loaded plugins [18]
2025-08-04 19:55:02,329 [INFO] PinOutPanel:1589 - setPackage(No Configuration,No Configuration)
2025-08-04 19:55:02,438 [INFO] CADModel:165 - CPN selected for project level
2025-08-04 19:55:02,439 [INFO] CADModel:114 - Register for checkConnection events
2025-08-04 19:55:02,459 [INFO] IPUIPlugin:80 - create IPUIPlugin
2025-08-04 19:55:02,459 [INFO] PluginManager:220 - loadIPPluginJar : add adc
2025-08-04 19:55:02,463 [INFO] IPUIPlugin:80 - create IPUIPlugin
2025-08-04 19:55:02,463 [INFO] PluginManager:220 - loadIPPluginJar : add aes
2025-08-04 19:55:02,466 [INFO] IPUIPlugin:80 - create IPUIPlugin
2025-08-04 19:55:02,466 [INFO] PluginManager:220 - loadIPPluginJar : add can
2025-08-04 19:55:02,468 [INFO] IPUIPlugin:80 - create IPUIPlugin
2025-08-04 19:55:02,468 [INFO] PluginManager:220 - loadIPPluginJar : add comp
2025-08-04 19:55:02,472 [INFO] IPUIPlugin:80 - create IPUIPlugin
2025-08-04 19:55:02,472 [INFO] PluginManager:220 - loadIPPluginJar : add cryp
2025-08-04 19:55:02,477 [INFO] IPUIPlugin:80 - create IPUIPlugin
2025-08-04 19:55:02,478 [INFO] PluginManager:220 - loadIPPluginJar : add ddr_ctrl_phy
2025-08-04 19:55:02,481 [INFO] IPUIPlugin:80 - create IPUIPlugin
2025-08-04 19:55:02,481 [INFO] PluginManager:220 - loadIPPluginJar : add dfsdm
2025-08-04 19:55:02,487 [INFO] IPUIPlugin:80 - create IPUIPlugin
2025-08-04 19:55:02,488 [INFO] PluginManager:220 - loadIPPluginJar : add dma
2025-08-04 19:55:02,492 [INFO] IPUIPlugin:80 - create IPUIPlugin
2025-08-04 19:55:02,492 [INFO] PluginManager:220 - loadIPPluginJar : add dma3
2025-08-04 19:55:02,496 [INFO] IPUIPlugin:80 - create IPUIPlugin
2025-08-04 19:55:02,496 [INFO] PluginManager:220 - loadIPPluginJar : add extmemmanager
2025-08-04 19:55:02,498 [INFO] IPUIPlugin:80 - create IPUIPlugin
2025-08-04 19:55:02,498 [INFO] PluginManager:220 - loadIPPluginJar : add fatfs
2025-08-04 19:55:02,503 [INFO] IPUIPlugin:80 - create IPUIPlugin
2025-08-04 19:55:02,503 [INFO] PluginManager:220 - loadIPPluginJar : add fmc
2025-08-04 19:55:02,510 [INFO] IPUIPlugin:80 - create IPUIPlugin
2025-08-04 19:55:02,511 [INFO] PluginManager:220 - loadIPPluginJar : add freertos
2025-08-04 19:55:02,513 [INFO] IPUIPlugin:80 - create IPUIPlugin
2025-08-04 19:55:02,513 [INFO] PluginManager:220 - loadIPPluginJar : add genericplugin
2025-08-04 19:55:02,516 [INFO] IPUIPlugin:80 - create IPUIPlugin
2025-08-04 19:55:02,516 [INFO] PluginManager:220 - loadIPPluginJar : add gfxmmu
2025-08-04 19:55:02,522 [INFO] IPUIPlugin:80 - create IPUIPlugin
2025-08-04 19:55:02,522 [INFO] PluginManager:220 - loadIPPluginJar : add gic
2025-08-04 19:55:02,527 [INFO] IPUIPlugin:80 - create IPUIPlugin
2025-08-04 19:55:02,527 [INFO] PluginManager:220 - loadIPPluginJar : add gpio
2025-08-04 19:55:02,531 [INFO] IPUIPlugin:80 - create IPUIPlugin
2025-08-04 19:55:02,531 [INFO] PluginManager:220 - loadIPPluginJar : add gtzc
2025-08-04 19:55:02,534 [INFO] IPUIPlugin:80 - create IPUIPlugin
2025-08-04 19:55:02,535 [INFO] PluginManager:220 - loadIPPluginJar : add hash
2025-08-04 19:55:02,539 [INFO] IPUIPlugin:80 - create IPUIPlugin
2025-08-04 19:55:02,539 [INFO] PluginManager:220 - loadIPPluginJar : add i2c
2025-08-04 19:55:02,543 [INFO] IPUIPlugin:80 - create IPUIPlugin
2025-08-04 19:55:02,543 [INFO] PluginManager:220 - loadIPPluginJar : add i2s
2025-08-04 19:55:02,548 [INFO] IPUIPlugin:80 - create IPUIPlugin
2025-08-04 19:55:02,548 [INFO] PluginManager:220 - loadIPPluginJar : add i3c
2025-08-04 19:55:02,553 [INFO] IPUIPlugin:80 - create IPUIPlugin
2025-08-04 19:55:02,553 [INFO] PluginManager:220 - loadIPPluginJar : add ipddr
2025-08-04 19:55:02,563 [INFO] IPUIPlugin:80 - create IPUIPlugin
2025-08-04 19:55:02,563 [INFO] PluginManager:220 - loadIPPluginJar : add linkedlist
2025-08-04 19:55:02,567 [INFO] IPUIPlugin:80 - create IPUIPlugin
2025-08-04 19:55:02,567 [INFO] PluginManager:220 - loadIPPluginJar : add lorawan
2025-08-04 19:55:02,569 [INFO] IPUIPlugin:80 - create IPUIPlugin
2025-08-04 19:55:02,569 [INFO] PluginManager:220 - loadIPPluginJar : add ltdc
2025-08-04 19:55:02,576 [INFO] IPUIPlugin:80 - create IPUIPlugin
2025-08-04 19:55:02,576 [INFO] PluginManager:220 - loadIPPluginJar : add mdma
2025-08-04 19:55:02,579 [INFO] IPUIPlugin:80 - create IPUIPlugin
2025-08-04 19:55:02,579 [INFO] PluginManager:220 - loadIPPluginJar : add nvic
2025-08-04 19:55:02,583 [INFO] IPUIPlugin:80 - create IPUIPlugin
2025-08-04 19:55:02,583 [INFO] PluginManager:220 - loadIPPluginJar : add opamp
2025-08-04 19:55:02,586 [INFO] IPUIPlugin:80 - create IPUIPlugin
2025-08-04 19:55:02,587 [INFO] PluginManager:220 - loadIPPluginJar : add openamp
2025-08-04 19:55:02,591 [INFO] IPUIPlugin:80 - create IPUIPlugin
2025-08-04 19:55:02,592 [INFO] PluginManager:220 - loadIPPluginJar : add pdm2pcm
2025-08-04 19:55:02,599 [INFO] IPUIPlugin:80 - create IPUIPlugin
2025-08-04 19:55:02,603 [INFO] PluginManager:220 - loadIPPluginJar : add plateformsettings
2025-08-04 19:55:02,606 [INFO] IPUIPlugin:80 - create IPUIPlugin
2025-08-04 19:55:02,607 [INFO] PluginManager:220 - loadIPPluginJar : add quadspi
2025-08-04 19:55:02,609 [INFO] IPUIPlugin:80 - create IPUIPlugin
2025-08-04 19:55:02,610 [INFO] PluginManager:220 - loadIPPluginJar : add radio
2025-08-04 19:55:02,614 [INFO] IPUIPlugin:80 - create IPUIPlugin
2025-08-04 19:55:02,614 [INFO] PluginManager:220 - loadIPPluginJar : add resmgrutility
2025-08-04 19:55:02,618 [INFO] IPUIPlugin:80 - create IPUIPlugin
2025-08-04 19:55:02,618 [INFO] PluginManager:220 - loadIPPluginJar : add sai
2025-08-04 19:55:02,622 [INFO] IPUIPlugin:80 - create IPUIPlugin
2025-08-04 19:55:02,622 [INFO] PluginManager:220 - loadIPPluginJar : add spi
2025-08-04 19:55:02,631 [INFO] IPUIPlugin:80 - create IPUIPlugin
2025-08-04 19:55:02,631 [INFO] PluginManager:220 - loadIPPluginJar : add stm32_wpan
2025-08-04 19:55:02,634 [INFO] IPUIPlugin:80 - create IPUIPlugin
2025-08-04 19:55:02,634 [INFO] PluginManager:220 - loadIPPluginJar : add tim
2025-08-04 19:55:02,638 [INFO] IPUIPlugin:80 - create IPUIPlugin
2025-08-04 19:55:02,638 [INFO] PluginManager:220 - loadIPPluginJar : add touchsensing
2025-08-04 19:55:02,641 [INFO] IPUIPlugin:80 - create IPUIPlugin
2025-08-04 19:55:02,641 [INFO] PluginManager:220 - loadIPPluginJar : add tracer_emb
2025-08-04 19:55:02,644 [INFO] IPUIPlugin:80 - create IPUIPlugin
2025-08-04 19:55:02,645 [INFO] PluginManager:220 - loadIPPluginJar : add ts
2025-08-04 19:55:02,647 [INFO] IPUIPlugin:80 - create IPUIPlugin
2025-08-04 19:55:02,647 [INFO] PluginManager:220 - loadIPPluginJar : add tsc
2025-08-04 19:55:02,649 [INFO] IPUIPlugin:80 - create IPUIPlugin
2025-08-04 19:55:02,650 [INFO] PluginManager:220 - loadIPPluginJar : add ucpd
2025-08-04 19:55:02,653 [INFO] IPUIPlugin:80 - create IPUIPlugin
2025-08-04 19:55:02,653 [INFO] PluginManager:220 - loadIPPluginJar : add usart
2025-08-04 19:55:02,658 [INFO] IPUIPlugin:80 - create IPUIPlugin
2025-08-04 19:55:02,658 [INFO] PluginManager:220 - loadIPPluginJar : add usbx
2025-08-04 19:55:02,802 [FATAL] Updater:351 - Updater called before beeing initialized
2025-08-04 19:55:02,852 [INFO] RulesReader:64 - Compatibility file has been processed (301 Rules)
2025-08-04 19:55:02,870 [INFO] RulesReader:64 - Compatibility file has been processed (301 Rules)
2025-08-04 19:55:02,883 [INFO] CADModel:165 - CPN selected for project level
2025-08-04 19:55:02,883 [INFO] CADModel:114 - Register for checkConnection events
2025-08-04 19:55:02,883 [FATAL] Updater:351 - Updater called before beeing initialized
2025-08-04 19:55:02,883 [ERROR] CADModel:125 - Updater not yet initialized, retry later 
2025-08-04 19:55:03,088 [FATAL] Updater:351 - Updater called before beeing initialized
2025-08-04 19:55:03,090 [INFO] CADModel:165 - CPN selected for project level
2025-08-04 19:55:03,091 [INFO] CADModel:114 - Register for checkConnection events
2025-08-04 19:55:03,091 [FATAL] Updater:351 - Updater called before beeing initialized
2025-08-04 19:55:03,091 [ERROR] CADModel:125 - Updater not yet initialized, retry later 
2025-08-04 19:55:03,094 [FATAL] Updater:351 - Updater called before beeing initialized
2025-08-04 19:55:03,315 [FATAL] Updater:351 - Updater called before beeing initialized
2025-08-04 19:55:03,322 [INFO] DbMcusAds:53 - JSON generation date=Thu Mar 06 15:54:21 CET 2025 (1741272861825)
2025-08-04 19:55:03,323 [FATAL] Updater:351 - Updater called before beeing initialized
2025-08-04 19:55:03,374 [WARN] DetailPanel:346 - Failed to get advertising image, set to default
2025-08-04 19:55:03,718 [FATAL] Updater:351 - Updater called before beeing initialized
2025-08-04 19:55:03,719 [FATAL] Updater:351 - Updater called before beeing initialized
2025-08-04 19:55:03,719 [FATAL] Updater:351 - Updater called before beeing initialized
2025-08-04 19:55:03,720 [WARN] DetailPanel:346 - Failed to get advertising image, set to default
2025-08-04 19:55:03,721 [FATAL] Updater:351 - Updater called before beeing initialized
2025-08-04 19:55:03,793 [ERROR] Updater:1198 - MainUpdater not yet initialized. External WinMGr cannot be set.
2025-08-04 19:55:03,796 [INFO] Updater:1134 - Updater Version found : 6.14.0
2025-08-04 19:55:03,819 [INFO] ApplicationProperties:184 - Using Application install path: C:\ST\STM32CubeIDE_1.18.0\STM32CubeIDE\plugins\com.st.stm32cube.common.mx_6.14.0.202502271554
2025-08-04 19:55:04,572 [INFO] ThirdPartyUpdaterWithRetryManager:70 - Updater plugin not ready yet. [2/15]
2025-08-04 19:55:05,411 [ERROR] LogOutputStream:75 - [STDERR_REDIRECT] Aug 04, 2025 7:55:05 PM java.util.prefs.WindowsPreferences <init>
2025-08-04 19:55:05,417 [ERROR] LogOutputStream:75 - [STDERR_REDIRECT] WARNING: Could not open/create prefs root node Software\JavaSoft\Prefs at root 0xffffffff80000002. Windows RegCreateKeyEx(...) returned error code 5.
2025-08-04 19:55:05,417 [ERROR] LogOutputStream:75 - [STDERR_REDIRECT] 
2025-08-04 19:55:06,515 [INFO] MainUpdater:2872 - connection check result : 10
2025-08-04 19:55:06,516 [INFO] MainUpdater:289 - Updater Check For Update Now.
2025-08-04 19:55:06,517 [INFO] MicroXplorer:498 - Change Database Version : DB.6.0.140
2025-08-04 19:55:06,527 [INFO] McuFinderGlobals:63 - Set McuFinder mode to 2 (CubeIDE integrated)
2025-08-04 19:55:06,543 [INFO] UserAuth:486 - Internet connection configuration mode: 1
2025-08-04 19:55:06,640 [INFO] JxBrowserEngine:152 - Initiate JxBrowser Engine with user profile folder
2025-08-04 19:55:07,233 [INFO] CheckServerUpdateThread:120 - End of CheckServer Thread
2025-08-04 19:55:08,594 [WARN] PackLoader:240 - Cannot read IP mode file for STMicroelectronics.FP-SNS-MOTENVWB1.1.4.0
2025-08-04 19:55:08,635 [WARN] PackLoader:240 - Cannot read IP mode file for STMicroelectronics.FP-ATR-ASTRA1.2.0.2
2025-08-04 19:55:08,673 [WARN] PackLoader:240 - Cannot read IP mode file for STMicroelectronics.X-CUBE-SMBUS.2.1.0
2025-08-04 19:55:08,712 [WARN] PackLoader:240 - Cannot read IP mode file for STMicroelectronics.X-CUBE-WB05N.1.1.0
2025-08-04 19:55:08,744 [WARN] PackLoader:240 - Cannot read IP mode file for STMicroelectronics.X-CUBE-ST60.1.0.0
2025-08-04 19:55:08,913 [WARN] PackLoader:240 - Cannot read IP mode file for STMicroelectronics.X-CUBE-AZRTOS-F7.1.1.0
2025-08-04 19:55:08,987 [WARN] PackLoader:240 - Cannot read IP mode file for Infineon.AIROC-Wi-Fi-Bluetooth-STM32.1.7.0
2025-08-04 19:55:09,095 [WARN] PackLoader:240 - Cannot read IP mode file for STMicroelectronics.X-CUBE-AZRTOS-H7.3.4.0
2025-08-04 19:55:09,135 [WARN] PackLoader:240 - Cannot read IP mode file for STMicroelectronics.X-CUBE-DISPLAY.3.0.0
2025-08-04 19:55:09,148 [INFO] WebApp:169 - Instantiating new browser for Auth
2025-08-04 19:55:09,174 [WARN] PackLoader:240 - Cannot read IP mode file for STMicroelectronics.X-CUBE-NFC10.1.0.0
2025-08-04 19:55:09,216 [WARN] PackLoader:240 - Cannot read IP mode file for STMicroelectronics.X-CUBE-BLEMGR.4.0.0
2025-08-04 19:55:09,250 [WARN] PackLoader:240 - Cannot read IP mode file for emotas.I-CUBE-CANOPEN.1.3.0
2025-08-04 19:55:09,277 [WARN] ConditionMgr:438 - getConditionDescription Invalid condition id : Cortex-A Device cause : null
2025-08-04 19:55:09,585 [WARN] ConditionMgr:1044 - genDependencies : Invalid condition id : Cortex-A Device cause : null
2025-08-04 19:55:09,585 [WARN] ConditionMgr:1044 - genDependencies : Invalid condition id : Cortex-A Device cause : null
2025-08-04 19:55:09,585 [WARN] ConditionMgr:1044 - genDependencies : Invalid condition id : Cortex-A Device cause : null
2025-08-04 19:55:09,614 [WARN] PackLoader:240 - Cannot read IP mode file for STMicroelectronics.X-CUBE-AI.10.0.0
2025-08-04 19:55:09,643 [ERROR] Engine:466 - C:\Users\pwlub\.stm32cubemx\thirdparties\pdsc\STMicroelectronics.FP-SNS-STBOX1.2.1.0.pdsc: PDSC version is not supported
2025-08-04 19:55:09,677 [WARN] PackLoader:240 - Cannot read IP mode file for STMicroelectronics.FP-SNS-SMARTAG2.1.2.0
2025-08-04 19:55:09,707 [WARN] PackLoader:240 - Cannot read IP mode file for STMicroelectronics.FP-SNS-FLIGHT1.5.1.0
2025-08-04 19:55:10,061 [WARN] PackLoader:240 - Cannot read IP mode file for STMicroelectronics.X-CUBE-MEMS1.11.1.0
2025-08-04 19:55:10,986 [INFO] LogOutputStream:77 - [STDOUT_REDIRECT] 1 : Invalid condition id : UX_CORESTACK_Condition cause : null
2025-08-04 19:55:10,997 [INFO] LogOutputStream:77 - [STDOUT_REDIRECT] 1 : Invalid condition id : UX_CORESTACK_Condition cause : null
2025-08-04 19:55:10,999 [INFO] LogOutputStream:77 - [STDOUT_REDIRECT] 1 : Invalid condition id : UX_CORESTACK_Condition cause : null
2025-08-04 19:55:11,001 [INFO] LogOutputStream:77 - [STDOUT_REDIRECT] 1 : Invalid condition id : UX_CORESTACK_Condition cause : null
2025-08-04 19:55:11,003 [INFO] LogOutputStream:77 - [STDOUT_REDIRECT] 1 : Invalid condition id : UX_CORESTACK_Condition cause : null
2025-08-04 19:55:11,010 [WARN] PackLoader:240 - Cannot read IP mode file for STMicroelectronics.X-CUBE-AZRTOS-WL.2.0.0
2025-08-04 19:55:11,039 [WARN] PackLoader:240 - Cannot read IP mode file for STMicroelectronics.FP-SNS-MOTENV1.5.0.0
2025-08-04 19:55:11,074 [WARN] PackLoader:240 - Cannot read IP mode file for WES.I-CUBE-Cesium.1.3.0
2025-08-04 19:55:11,102 [WARN] PackLoader:240 - Cannot read IP mode file for STMicroelectronics.X-CUBE-BLE2.3.3.0
2025-08-04 19:55:11,142 [WARN] PackLoader:240 - Cannot read IP mode file for STMicroelectronics.X-CUBE-NFC9.1.0.0
2025-08-04 19:55:11,207 [WARN] PackLoader:240 - Cannot read IP mode file for STMicroelectronics.X-CUBE-BLE1.7.1.0
2025-08-04 19:55:11,237 [WARN] PackLoader:240 - Cannot read IP mode file for STMicroelectronics.X-CUBE-EEPRMA1.5.2.0
2025-08-04 19:55:11,299 [WARN] PackLoader:240 - Cannot read IP mode file for STMicroelectronics.X-CUBE-AI.10.1.0
2025-08-04 19:55:11,445 [WARN] PackLoader:240 - Cannot read IP mode file for STMicroelectronics.X-CUBE-MEMS1.11.2.0
2025-08-04 19:55:11,688 [WARN] PackLoader:240 - Cannot read IP mode file for STMicroelectronics.X-CUBE-AZRTOS-G0.1.1.0
2025-08-04 19:55:11,722 [WARN] PackLoader:240 - Cannot read IP mode file for STMicroelectronics.X-CUBE-SAFEA1.1.2.2
2025-08-04 19:55:11,789 [WARN] PackLoader:240 - Cannot read IP mode file for STMicroelectronics.X-CUBE-NFC4.3.0.0
2025-08-04 19:55:11,826 [WARN] PackLoader:240 - Cannot read IP mode file for EmbeddedOffice.I-CUBE-FS-RTOS.1.0.1
2025-08-04 19:55:11,858 [WARN] PackLoader:240 - Cannot read IP mode file for STMicroelectronics.X-CUBE-WB05N.2.0.0
2025-08-04 19:55:11,886 [WARN] PackLoader:240 - Cannot read IP mode file for wolfSSL.I-CUBE-wolfTPM.3.8.0
2025-08-04 19:55:11,917 [WARN] PackLoader:240 - Cannot read IP mode file for STMicroelectronics.X-CUBE-TCPP.4.2.0
2025-08-04 19:55:11,945 [WARN] PackLoader:240 - Cannot read IP mode file for RealThread.X-CUBE-RT-Thread_Nano.4.1.1
2025-08-04 19:55:11,977 [WARN] PackLoader:240 - Cannot read IP mode file for STMicroelectronics.FP-ATR-SIGFOX1.3.2.0
2025-08-04 19:55:12,004 [WARN] PackLoader:240 - Cannot read IP mode file for STMicroelectronics.X-CUBE-EEPRMA1.5.1.0
2025-08-04 19:55:12,033 [WARN] PackLoader:240 - Cannot read IP mode file for ITTIA_DB.I-CUBE-ITTIADB.8.9.0
2025-08-04 19:55:12,064 [WARN] PackLoader:240 - Cannot read IP mode file for STMicroelectronics.X-CUBE-ST67W61.1.0.0
2025-08-04 19:55:12,164 [WARN] PackLoader:240 - Cannot read IP mode file for SEGGER.I-CUBE-embOS.1.3.1
2025-08-04 19:55:12,256 [WARN] PackLoader:240 - Cannot read IP mode file for STMicroelectronics.X-CUBE-ALGOBUILD.1.4.0
2025-08-04 19:55:12,382 [WARN] PackLoader:240 - Cannot read IP mode file for STMicroelectronics.X-CUBE-MEMS1.11.3.0
2025-08-04 19:55:12,658 [WARN] PackLoader:240 - Cannot read IP mode file for STMicroelectronics.X-CUBE-PM33A1.1.0.0
2025-08-04 19:55:12,710 [INFO] WebApp:463 - Apply proxy settings
2025-08-04 19:55:12,710 [INFO] WebApp:548 - Chromium requires no authentication
2025-08-04 19:55:12,725 [WARN] PackLoader:240 - Cannot read IP mode file for STMicroelectronics.X-CUBE-AZRTOS-F4.1.1.0
2025-08-04 19:55:12,732 [INFO] WebApp:491 - Direct internet connection detected
2025-08-04 19:55:12,768 [WARN] PackLoader:240 - Cannot read IP mode file for Avnet-IotConnect.X-CUBE-IoTC-DA16k-PMOD.1.0.0
2025-08-04 19:55:12,796 [WARN] PackLoader:240 - Cannot read IP mode file for STMicroelectronics.X-CUBE-ISPU.2.1.0
2025-08-04 19:55:12,814 [INFO] WebApp:894 - Register for checkConnection events
2025-08-04 19:55:12,815 [INFO] WebApp:463 - Apply proxy settings
2025-08-04 19:55:12,815 [INFO] WebApp:548 - Chromium requires no authentication
2025-08-04 19:55:12,816 [INFO] WebApp:491 - Direct internet connection detected
2025-08-04 19:55:12,847 [WARN] PackLoader:240 - Cannot read IP mode file for STMicroelectronics.X-CUBE-NFC12.1.0.0
2025-08-04 19:55:12,902 [WARN] PackLoader:240 - Cannot read IP mode file for STMicroelectronics.X-CUBE-AZRTOS-L5.2.0.0
2025-08-04 19:55:12,937 [WARN] PackLoader:240 - Cannot read IP mode file for STMicroelectronics.X-CUBE-NFC6.3.1.0
2025-08-04 19:55:12,967 [WARN] PackLoader:240 - Cannot read IP mode file for STMicroelectronics.X-CUBE-DPower.1.2.0
2025-08-04 19:55:13,029 [WARN] PackLoader:240 - Cannot read IP mode file for STMicroelectronics.X-CUBE-FREERTOS.1.3.1
2025-08-04 19:55:13,066 [WARN] PackLoader:240 - Cannot read IP mode file for STMicroelectronics.X-CUBE-FREERTOS.1.3.0
2025-08-04 19:55:13,103 [WARN] PackLoader:240 - Cannot read IP mode file for STMicroelectronics.X-CUBE-NFC7.1.0.1
2025-08-04 19:55:13,132 [WARN] PackLoader:240 - Cannot read IP mode file for STMicroelectronics.FP-SNS-STAIOTCFT.1.0.0
2025-08-04 19:55:13,228 [WARN] ConditionMgr:438 - getConditionDescription Invalid condition id : LAN8742 Phy interface Condition cause : null
2025-08-04 19:55:13,229 [WARN] PackLoader:240 - Cannot read IP mode file for STMicroelectronics.X-CUBE-AZRTOS-L4.2.0.0
2025-08-04 19:55:13,230 [WARN] ConditionMgr:1044 - genDependencies : Invalid condition id : LAN8742 Phy interface Condition cause : null
2025-08-04 19:55:13,231 [WARN] ConditionMgr:1044 - genDependencies : Invalid condition id : LAN8742 Phy interface Condition cause : null
2025-08-04 19:55:13,232 [WARN] ConditionMgr:1044 - genDependencies : Invalid condition id : LAN8742 Phy interface Condition cause : null
2025-08-04 19:55:13,317 [WARN] PackLoader:240 - Cannot read IP mode file for STMicroelectronics.X-CUBE-SFXS2LP1.4.0.0
2025-08-04 19:55:13,369 [INFO] WebApp:225 - Starting web application
2025-08-04 19:55:13,369 [INFO] WebApp:593 - Web application path used C:\ST\STM32CubeIDE_1.18.0\STM32CubeIDE\plugins\com.st.stm32cube.common.mx_6.14.0.202502271554\db\plugins\mcufinder\reactClient1\index.html
2025-08-04 19:55:13,458 [WARN] PackLoader:240 - Cannot read IP mode file for STMicroelectronics.X-CUBE-AZRTOS-H7.3.3.0
2025-08-04 19:55:13,502 [WARN] PackLoader:240 - Cannot read IP mode file for STMicroelectronics.X-CUBE-BLEMGR.4.1.0
2025-08-04 19:55:13,552 [WARN] ConditionMgr:438 - getConditionDescription Invalid condition id : UX DEVICE CLASS RTOS Condition cause : null
2025-08-04 19:55:13,553 [WARN] ConditionMgr:438 - getConditionDescription Invalid condition id : UX DEVICE CLASS RTOS Condition cause : null
2025-08-04 19:55:13,556 [WARN] PackLoader:240 - Cannot read IP mode file for STMicroelectronics.X-CUBE-AZRTOS-WB.2.0.0
2025-08-04 19:55:13,557 [WARN] ConditionMgr:1044 - genDependencies : Invalid condition id : UX DEVICE CLASS RTOS Condition cause : null
2025-08-04 19:55:13,557 [WARN] ConditionMgr:1044 - genDependencies : Invalid condition id : UX DEVICE CLASS RTOS Condition cause : null
2025-08-04 19:55:13,557 [WARN] ConditionMgr:1044 - genDependencies : Invalid condition id : UX DEVICE CLASS RTOS Condition cause : null
2025-08-04 19:55:13,558 [WARN] ConditionMgr:1044 - genDependencies : Invalid condition id : UX DEVICE CLASS RTOS Condition cause : null
2025-08-04 19:55:13,558 [WARN] ConditionMgr:1044 - genDependencies : Invalid condition id : UX DEVICE CLASS RTOS Condition cause : null
2025-08-04 19:55:13,608 [WARN] PackLoader:240 - Cannot read IP mode file for STMicroelectronics.X-CUBE-GNSS1.7.0.1
2025-08-04 19:55:13,619 [INFO] UserAuth:486 - Internet connection configuration mode: 1
2025-08-04 19:55:13,638 [WARN] PackLoader:240 - Cannot read IP mode file for STMicroelectronics.X-CUBE-TOUCHGFX.4.25.0
2025-08-04 19:55:13,667 [WARN] PackLoader:240 - Cannot read IP mode file for STMicroelectronics.FP-SNS-STBOX1.2.0.0
2025-08-04 19:55:14,098 [WARN] PackLoader:240 - Cannot read IP mode file for STMicroelectronics.X-CUBE-SUBG2.5.0.0
2025-08-04 19:55:14,135 [WARN] PackLoader:240 - Cannot read IP mode file for Cesanta.I-CUBE-Mongoose.7.13.0
2025-08-04 19:55:14,187 [WARN] PackLoader:240 - Cannot read IP mode file for STMicroelectronics.X-CUBE-AZRTOS-G4.2.0.0
2025-08-04 19:55:14,214 [WARN] PackLoader:240 - Cannot read IP mode file for wolfSSL.I-CUBE-wolfSSH.1.4.20
2025-08-04 19:55:14,239 [WARN] PackLoader:240 - Cannot read IP mode file for STMicroelectronics.X-CUBE-NFC7.2.0.0
2025-08-04 19:55:14,281 [WARN] PackLoader:240 - Cannot read IP mode file for STMicroelectronics.X-CUBE-IPS.3.1.0
2025-08-04 19:55:14,347 [WARN] PackLoader:240 - Cannot read IP mode file for STMicroelectronics.X-CUBE-ALS.1.0.2
2025-08-04 19:55:14,379 [WARN] PackLoader:240 - Cannot read IP mode file for portGmbH.I-Cube-SoM-uGOAL.1.1.0
2025-08-04 19:55:14,436 [WARN] PackLoader:240 - Cannot read IP mode file for STMicroelectronics.X-CUBE-AZRTOS-H7RS.1.0.0
2025-08-04 19:55:14,478 [WARN] PackLoader:240 - Cannot read IP mode file for STMicroelectronics.X-CUBE-TOF1.3.4.2
2025-08-04 19:55:14,526 [WARN] PackLoader:240 - Cannot read IP mode file for STMicroelectronics.X-CUBE-TOF1.3.4.3
2025-08-04 19:55:14,549 [ERROR] LogOutputStream:75 - [STDERR_REDIRECT] Aug 04, 2025 7:55:14 PM org.glassfish.grizzly.http.server.NetworkListener start
2025-08-04 19:55:14,551 [ERROR] LogOutputStream:75 - [STDERR_REDIRECT] INFO: Started listener bound to [localhost:16721]
2025-08-04 19:55:14,551 [ERROR] LogOutputStream:75 - [STDERR_REDIRECT] 
2025-08-04 19:55:14,553 [ERROR] LogOutputStream:75 - [STDERR_REDIRECT] Aug 04, 2025 7:55:14 PM org.glassfish.grizzly.http.server.HttpServer start
2025-08-04 19:55:14,554 [ERROR] LogOutputStream:75 - [STDERR_REDIRECT] INFO: [HttpServer] Started.
2025-08-04 19:55:14,555 [ERROR] LogOutputStream:75 - [STDERR_REDIRECT] 
2025-08-04 19:55:14,555 [INFO] ThirdParty:978 - Integrity check success = true
2025-08-04 19:55:14,557 [INFO] IntegrityCheckThread:100 - exiting critical section [integrity check]
2025-08-04 19:55:14,559 [INFO] IntegrityCheckThread:103 - End integrity checks thread
2025-08-04 19:55:15,177 [INFO] WebApp:191 - Connection restablished
2025-08-04 20:20:47,099 [INFO] McuFinderGlobals:63 - Set McuFinder mode to 2 (CubeIDE integrated)
2025-08-04 20:20:47,107 [INFO] MainUpdater:2872 - connection check result : 10
2025-08-04 20:20:47,109 [INFO] MainUpdater:2872 - connection check result : 10
2025-08-04 20:20:47,174 [INFO] MicroXplorer:468 - Change Database Path : 
2025-08-04 20:20:47,174 [INFO] MicroXplorer:498 - Change Database Version : DB.6.0.140
2025-08-04 20:20:47,184 [WARN] ThirdParty:871 - waiting for thirdparty lock release [close project]
2025-08-04 20:20:47,184 [INFO] ThirdParty:873 - entering critical section [close project]
2025-08-04 20:20:47,187 [INFO] ThirdParty:883 - exiting critical section [close project]
2025-08-04 20:20:47,191 [INFO] PinOutPanel:1589 - setPackage(No Configuration,No Configuration)
2025-08-04 20:20:47,235 [INFO] UtilMem:75 - Begin LoadConfig() Used Memory: 977179776 Bytes (1073741824)
2025-08-04 20:20:47,240 [INFO] MicroXplorer:468 - Change Database Path : 
2025-08-04 20:20:47,241 [INFO] MicroXplorer:498 - Change Database Version : DB.6.0.140
2025-08-04 20:20:47,241 [INFO] OpenFileManager:354 - Change cursor
2025-08-04 20:20:47,382 [INFO] Mcu:2011 - Initializing MCU STM32G473R(B-C-E)Tx STM32G473RCTx STM32G473RCT6
2025-08-04 20:20:56,189 [INFO] Context:756 - Trying to add GPIOservice into a context  which must be forbidden
2025-08-04 20:20:58,026 [INFO] ImportTextPane:218 - (OptionalMessage_ERROR) Pin53 (VP_RIF_VS_RIF1) cannot be retrieved for this MCU
2025-08-04 20:20:58,631 [INFO] RtosManager:558 - Registered RTOS mode: class=CMSIS, group=RTOS, mode=CMSIS_V1, owner=FREERTOS
2025-08-04 20:20:58,631 [INFO] RtosManager:558 - Registered RTOS mode: class=CMSIS, group=RTOS2, mode=CMSIS_V2, owner=FREERTOS
2025-08-04 20:20:58,631 [INFO] RtosManager:558 - Registered RTOS mode: class=RTOS, group=Core, mode=CMSIS_V1, owner=FREERTOS
2025-08-04 20:20:58,631 [INFO] RtosManager:558 - Registered RTOS mode: class=RTOS, group=Core, mode=CMSIS_V2, owner=FREERTOS
2025-08-04 20:20:58,632 [WARN] ModelIntegratedComponent:184 - Missing modes for component STMicroelectronics:FreeRTOS:0.0.1:STMicroelectronics:RTOS:FreeRTOS:Core:::10.2.0:
2025-08-04 20:20:58,711 [WARN] ModelIntegratedComponent:63 - No mode defined for component null
2025-08-04 20:20:58,711 [WARN] ModelIntegratedComponent:63 - No mode defined for component null
2025-08-04 20:20:58,711 [WARN] ModelIntegratedComponent:63 - No mode defined for component null
2025-08-04 20:20:58,712 [WARN] ModelIntegratedComponent:63 - No mode defined for component null
2025-08-04 20:20:58,712 [WARN] ModelIntegratedComponent:63 - No mode defined for component null
2025-08-04 20:20:58,715 [WARN] ModelIntegratedComponent:63 - No mode defined for component null
2025-08-04 20:20:58,715 [WARN] ModelIntegratedComponent:63 - No mode defined for component null
2025-08-04 20:20:58,715 [WARN] ModelIntegratedComponent:63 - No mode defined for component null
2025-08-04 20:20:58,716 [WARN] ModelIntegratedComponent:63 - No mode defined for component null
2025-08-04 20:20:58,716 [WARN] ModelIntegratedComponent:63 - No mode defined for component null
2025-08-04 20:20:58,716 [WARN] ModelIntegratedComponent:63 - No mode defined for component null
2025-08-04 20:20:58,716 [WARN] ModelIntegratedComponent:63 - No mode defined for component null
2025-08-04 20:20:58,717 [WARN] ModelIntegratedComponent:63 - No mode defined for component null
2025-08-04 20:20:58,719 [WARN] ModelIntegratedComponent:63 - No mode defined for component null
2025-08-04 20:20:58,719 [WARN] ModelIntegratedComponent:63 - No mode defined for component null
2025-08-04 20:20:58,720 [WARN] ModelIntegratedComponent:63 - No mode defined for component null
2025-08-04 20:20:58,722 [WARN] ModelIntegratedComponent:63 - No mode defined for component null
2025-08-04 20:20:58,722 [WARN] ModelIntegratedComponent:63 - No mode defined for component null
2025-08-04 20:20:58,723 [WARN] ModelIntegratedComponent:63 - No mode defined for component null
2025-08-04 20:20:58,723 [WARN] ModelIntegratedComponent:63 - No mode defined for component null
2025-08-04 20:20:58,723 [WARN] ModelIntegratedComponent:63 - No mode defined for component null
2025-08-04 20:20:58,723 [WARN] ModelIntegratedComponent:63 - No mode defined for component null
2025-08-04 20:20:58,724 [WARN] ModelIntegratedComponent:63 - No mode defined for component null
2025-08-04 20:20:58,724 [WARN] ModelIntegratedComponent:63 - No mode defined for component null
2025-08-04 20:20:58,724 [WARN] ModelIntegratedComponent:63 - No mode defined for component null
2025-08-04 20:20:58,724 [WARN] ModelIntegratedComponent:63 - No mode defined for component null
2025-08-04 20:20:58,724 [WARN] ModelIntegratedComponent:63 - No mode defined for component null
2025-08-04 20:20:58,724 [WARN] ModelIntegratedComponent:63 - No mode defined for component null
2025-08-04 20:20:58,724 [WARN] ModelIntegratedComponent:63 - No mode defined for component null
2025-08-04 20:20:58,724 [WARN] ModelIntegratedComponent:63 - No mode defined for component null
2025-08-04 20:20:58,724 [WARN] ModelIntegratedComponent:63 - No mode defined for component null
2025-08-04 20:20:58,724 [WARN] ModelIntegratedComponent:63 - No mode defined for component null
2025-08-04 20:20:58,724 [WARN] ModelIntegratedComponent:63 - No mode defined for component null
2025-08-04 20:20:58,725 [WARN] ModelIntegratedComponent:63 - No mode defined for component null
2025-08-04 20:20:58,725 [WARN] ModelIntegratedComponent:63 - No mode defined for component null
2025-08-04 20:20:58,725 [WARN] ModelPack:524 - Component already loaded: STMicroelectronics:HAL Drivers:0.0.0:STMicroelectronics:Device:STMicro_Driver:XSPI:HAL::0.0.1:HAL_XSPI
2025-08-04 20:20:59,114 [INFO] ThirdPartyModel:298 - Start build external matchings
2025-08-04 20:21:00,924 [INFO] ThirdPartyModel:316 - End build external matchings
2025-08-04 20:21:00,968 [INFO] RtosManager:967 - Current active RTOS is FREERTOS [Cortex-M4NS]
2025-08-04 20:21:00,988 [INFO] ImportTextPane:218 - (OptionalMessage_ERROR) IP (ADC1) : Parameter (CommonPathInternal) has invalid value (null|null|null|null)
2025-08-04 20:21:00,990 [INFO] ImportTextPane:218 - (OptionalMessage_ERROR) IP (ADC2) : Parameter (CommonPathInternal) has invalid value (null|null|null|null)
2025-08-04 20:21:00,993 [INFO] ImportTextPane:218 - (OptionalMessage_ERROR) IP (DMA) : Parameter (Instance) has Id (ADC1) currently not set
2025-08-04 20:21:00,994 [INFO] ImportTextPane:218 - (OptionalMessage_ERROR) IP (DMA) : Parameter (Request) has Id (ADC1) currently not set
2025-08-04 20:21:00,995 [INFO] ImportTextPane:218 - (OptionalMessage_ERROR) IP (DMA) : Parameter (Direction) has Id (ADC1) currently not set
2025-08-04 20:21:00,995 [INFO] ImportTextPane:218 - (OptionalMessage_ERROR) IP (DMA) : Parameter (PeriphInc) has Id (ADC1) currently not set
2025-08-04 20:21:00,996 [INFO] ImportTextPane:218 - (OptionalMessage_ERROR) IP (DMA) : Parameter (MemInc) has Id (ADC1) currently not set
2025-08-04 20:21:00,998 [INFO] ImportTextPane:218 - (OptionalMessage_ERROR) IP (DMA) : Parameter (PeriphDataAlignment) has Id (ADC1) currently not set
2025-08-04 20:21:01,000 [INFO] ImportTextPane:218 - (OptionalMessage_ERROR) IP (DMA) : Parameter (MemDataAlignment) has Id (ADC1) currently not set
2025-08-04 20:21:01,000 [INFO] ImportTextPane:218 - (OptionalMessage_ERROR) IP (DMA) : Parameter (Mode) has Id (ADC1) currently not set
2025-08-04 20:21:01,000 [INFO] ImportTextPane:218 - (OptionalMessage_ERROR) IP (DMA) : Parameter (Priority) has Id (ADC1) currently not set
2025-08-04 20:21:01,000 [INFO] ImportTextPane:218 - (OptionalMessage_ERROR) IP (DMA) : Parameter (SignalID) has Id (ADC1) currently not set
2025-08-04 20:21:01,001 [INFO] ImportTextPane:218 - (OptionalMessage_ERROR) IP (DMA) : Parameter (Polarity) has Id (ADC1) currently not set
2025-08-04 20:21:01,001 [INFO] ImportTextPane:218 - (OptionalMessage_ERROR) IP (DMA) : Parameter (RequestNumber) has Id (ADC1) currently not set
2025-08-04 20:21:01,001 [INFO] ImportTextPane:218 - (OptionalMessage_ERROR) IP (DMA) : Parameter (SyncSignalID) has Id (ADC1) currently not set
2025-08-04 20:21:01,001 [INFO] ImportTextPane:218 - (OptionalMessage_ERROR) IP (DMA) : Parameter (SyncPolarity) has Id (ADC1) currently not set
2025-08-04 20:21:01,002 [INFO] ImportTextPane:218 - (OptionalMessage_ERROR) IP (DMA) : Parameter (SyncEnable) has Id (ADC1) currently not set
2025-08-04 20:21:01,002 [INFO] ImportTextPane:218 - (OptionalMessage_ERROR) IP (DMA) : Parameter (EventEnable) has Id (ADC1) currently not set
2025-08-04 20:21:01,002 [INFO] ImportTextPane:218 - (OptionalMessage_ERROR) IP (DMA) : Parameter (SyncRequestNumber) has Id (ADC1) currently not set
2025-08-04 20:21:01,002 [INFO] ImportTextPane:218 - (OptionalMessage_ERROR) IP (DMA) : Parameter (Instance) has Id (ADC2) currently not set
2025-08-04 20:21:01,002 [INFO] ImportTextPane:218 - (OptionalMessage_ERROR) IP (DMA) : Parameter (Request) has Id (ADC2) currently not set
2025-08-04 20:21:01,003 [INFO] ImportTextPane:218 - (OptionalMessage_ERROR) IP (DMA) : Parameter (Direction) has Id (ADC2) currently not set
2025-08-04 20:21:01,003 [INFO] ImportTextPane:218 - (OptionalMessage_ERROR) IP (DMA) : Parameter (PeriphInc) has Id (ADC2) currently not set
2025-08-04 20:21:01,003 [INFO] ImportTextPane:218 - (OptionalMessage_ERROR) IP (DMA) : Parameter (MemInc) has Id (ADC2) currently not set
2025-08-04 20:21:01,003 [INFO] ImportTextPane:218 - (OptionalMessage_ERROR) IP (DMA) : Parameter (PeriphDataAlignment) has Id (ADC2) currently not set
2025-08-04 20:21:01,003 [INFO] ImportTextPane:218 - (OptionalMessage_ERROR) IP (DMA) : Parameter (MemDataAlignment) has Id (ADC2) currently not set
2025-08-04 20:21:01,003 [INFO] ImportTextPane:218 - (OptionalMessage_ERROR) IP (DMA) : Parameter (Mode) has Id (ADC2) currently not set
2025-08-04 20:21:01,004 [INFO] ImportTextPane:218 - (OptionalMessage_ERROR) IP (DMA) : Parameter (Priority) has Id (ADC2) currently not set
2025-08-04 20:21:01,004 [INFO] ImportTextPane:218 - (OptionalMessage_ERROR) IP (DMA) : Parameter (SignalID) has Id (ADC2) currently not set
2025-08-04 20:21:01,004 [INFO] ImportTextPane:218 - (OptionalMessage_ERROR) IP (DMA) : Parameter (Polarity) has Id (ADC2) currently not set
2025-08-04 20:21:01,004 [INFO] ImportTextPane:218 - (OptionalMessage_ERROR) IP (DMA) : Parameter (RequestNumber) has Id (ADC2) currently not set
2025-08-04 20:21:01,004 [INFO] ImportTextPane:218 - (OptionalMessage_ERROR) IP (DMA) : Parameter (SyncSignalID) has Id (ADC2) currently not set
2025-08-04 20:21:01,004 [INFO] ImportTextPane:218 - (OptionalMessage_ERROR) IP (DMA) : Parameter (SyncPolarity) has Id (ADC2) currently not set
2025-08-04 20:21:01,005 [INFO] ImportTextPane:218 - (OptionalMessage_ERROR) IP (DMA) : Parameter (SyncEnable) has Id (ADC2) currently not set
2025-08-04 20:21:01,005 [INFO] ImportTextPane:218 - (OptionalMessage_ERROR) IP (DMA) : Parameter (EventEnable) has Id (ADC2) currently not set
2025-08-04 20:21:01,005 [INFO] ImportTextPane:218 - (OptionalMessage_ERROR) IP (DMA) : Parameter (SyncRequestNumber) has Id (ADC2) currently not set
2025-08-04 20:21:01,006 [WARN] IP:2250 - MessageRAMOffset not found: check if there is a RefParameter without a condition.
2025-08-04 20:21:01,006 [WARN] IP:2250 - RxFifo0ElmtsNbr not found: check if there is a RefParameter without a condition.
2025-08-04 20:21:01,006 [WARN] IP:2250 - RxFifo0ElmtSize not found: check if there is a RefParameter without a condition.
2025-08-04 20:21:01,006 [WARN] IP:2250 - RxFifo1ElmtsNbr not found: check if there is a RefParameter without a condition.
2025-08-04 20:21:01,006 [WARN] IP:2250 - RxFifo1ElmtSize not found: check if there is a RefParameter without a condition.
2025-08-04 20:21:01,006 [WARN] IP:2250 - RxBuffersNbr not found: check if there is a RefParameter without a condition.
2025-08-04 20:21:01,007 [WARN] IP:2250 - RxBufferSize not found: check if there is a RefParameter without a condition.
2025-08-04 20:21:01,007 [WARN] IP:2250 - TxEventsNbr not found: check if there is a RefParameter without a condition.
2025-08-04 20:21:01,007 [WARN] IP:2250 - TxBuffersNbr not found: check if there is a RefParameter without a condition.
2025-08-04 20:21:01,007 [WARN] IP:2250 - TxFifoQueueElmtsNbr not found: check if there is a RefParameter without a condition.
2025-08-04 20:21:01,007 [WARN] IP:2250 - TxElmtSize not found: check if there is a RefParameter without a condition.
2025-08-04 20:21:01,007 [WARN] IP:2250 - ClockCalibrationCCU not found: check if there is a RefParameter without a condition.
2025-08-04 20:21:01,008 [WARN] IP:2250 - ClockDividerCCU not found: check if there is a RefParameter without a condition.
2025-08-04 20:21:01,008 [WARN] IP:2250 - MinOscClkPeriodsCCU not found: check if there is a RefParameter without a condition.
2025-08-04 20:21:01,008 [WARN] IP:2250 - TimeQuantaPerBitTimeCCU not found: check if there is a RefParameter without a condition.
2025-08-04 20:21:01,008 [WARN] IP:2250 - WatchdogStartValueCCU not found: check if there is a RefParameter without a condition.
2025-08-04 20:21:01,039 [INFO] ImportTextPane:218 - (OptionalMessage_ERROR) IP (RCC) : Invalid parameter (FamilyName)
2025-08-04 20:21:01,832 [INFO] ApiDb:581 - Connected to CubeFinder SQLite database (C:\Users\pwlub\.stmcufinder\plugins\mcufinder\mcu\cube-finder-db.db)
2025-08-04 20:21:02,036 [INFO] ApiDb:668 - CubeFinder database Data Model version=2.1
2025-08-04 20:21:02,036 [INFO] ApiDb:669 - CubeFinder database Configuration version=3.0.39
2025-08-04 20:21:02,037 [INFO] ApiDb:670 - CubeFinder database generation date=2025-03-24 (1742811287)
2025-08-04 20:21:02,037 [INFO] ApiDb:671 - CubeFinder database FW Pack versions=[FP-ATR-ASTRA1_V2.0.0, FP-SNS-FLIGHT1_V5.0.2, FP-SNS-MOTENV1_V5.0.0, FP-SNS-MOTENVWB1_V1.4.0, FP-SNS-SMARTAG2_V1.2.0, FP-SNS-STBOX1_V2.0.0, STM32Cube_FW_C0_V1.4.0, STM32Cube_FW_F4_V1.28.1, STM32Cube_FW_F7_V1.17.2, STM32Cube_FW_G0_V1.6.2, STM32Cube_FW_G4_V1.6.1, STM32Cube_FW_H5_V1.5.0, STM32Cube_FW_H7RS_V1.2.0, STM32Cube_FW_H7_V1.12.1, STM32Cube_FW_L0_V1.12.2, STM32Cube_FW_L4_V1.18.1, STM32Cube_FW_L5_V1.5.1, STM32Cube_FW_N6_V1.1.0, STM32Cube_FW_U0_V1.2.0, STM32Cube_FW_U3_V1.1.0, STM32Cube_FW_U5_V1.7.0, STM32Cube_FW_WB0_V1.2.0, STM32Cube_FW_WBA_V1.6.0, STM32Cube_FW_WB_V1.22.0, STM32Cube_FW_WL3_V1.1.0, STM32Cube_FW_WL_V1.3.1, X-CUBE-ALGOBUILD_V1.4.0, X-CUBE-ALS_V1.0.2, X-CUBE-AZRTOS-F4_V1.1.0, X-CUBE-AZRTOS-F7_V1.1.0, X-CUBE-AZRTOS-G0_V1.1.0, X-CUBE-AZRTOS-G4_V2.0.0, X-CUBE-AZRTOS-H7RS_V1.0.0, X-CUBE-AZRTOS-H7_V3.3.0, X-CUBE-AZRTOS-L4_V2.0.0, X-CUBE-AZRTOS-L5_V2.0.0, X-CUBE-AZRTOS-WB_V2.0.0, X-CUBE-AZRTOS-WL_V2.0.0, X-CUBE-BLE1_V7.1.0, X-CUBE-BLE2_V3.3.0, X-CUBE-BLEMGR_V4.0.0, X-CUBE-EEPRMA1_V5.1.0, X-CUBE-FREERTOS_V1.3.0, X-CUBE-GNSS1_V6.0.0, X-CUBE-MEMS1_V11.1.0, X-CUBE-NFC4_V3.0.0, X-CUBE-NFC7_V1.0.1, X-CUBE-SFXS2LP1_V4.0.0, X-CUBE-SUBG2_V5.0.0, X-CUBE-TOF1_V3.4.2]
2025-08-04 20:21:02,296 [INFO] DbBoardsSqlite:226 - include board P-NUCLEO-WB55-NUCLEO as a kit item of type 'Nucleo-64'
2025-08-04 20:21:02,297 [INFO] DbBoardsSqlite:226 - include board P-NUCLEO-WB55-USBDONGLE as a kit item of type 'Nucleo USB Dongle'
2025-08-04 20:21:02,299 [INFO] DbBoardsSqlite:226 - include board STEVAL-IDP005V1 as a kit item of type 'Evaluation Board'
2025-08-04 20:21:02,299 [INFO] DbBoardsSqlite:226 - include board STEVAL-IDP005V2 as a kit item of type 'Evaluation Board'
2025-08-04 20:21:03,712 [INFO] ApiDb:240 - Found 895 in-development CPN: [B-G473E-ZEST1S, B-WB1M-WPAN1, B-WBA5M-WPAN, B-WL5M-SUBG1, NUCLEO-C031C6, NUCLEO-C051C8, NUCLEO-C071RB, NUCLEO-C092RC, NUCLEO-H503RB, NUCLEO-H533RE, NUCLEO-H563ZI, NUCLEO-H7S3L8, NUCLEO-N657X0-Q, NUCLEO-U031R8, NUCLEO-U083RC, NUCLEO-U385RG-Q, NUCLEO-U545RE-Q, NUCLEO-U5A5ZJ-Q, NUCLEO-WB05KZ, NUCLEO-WB07CC, NUCLEO-WB09KE, NUCLEO-WBA52CG, NUCLEO-WBA55CG, NUCLEO-WBA65RI, NUCLEO-WL33CC1, NUCLEO-WL33CC2, STEVAL-PROTEUS1, STEVAL-SMARTAG2, STEVAL-STWINBX1, STM320518-EVAL, STM32C0116-DK, STM32C011D6Y3TR, STM32C011D6Y6TR, STM32C011F4P3, STM32C011F4P6, STM32C011F4U3, STM32C011F4U6TR, STM32C011F6P3, STM32C011F6P6, STM32C011F6U3, STM32C011F6U6TR, STM32C011J4M3, STM32C011J4M6, STM32C011J6M3, STM32C011J6M6, STM32C0316-DK, STM32C031C4T3, STM32C031C4T6, STM32C031C4U3, STM32C031C4U6, STM32C031C6T3, STM32C031C6T6, STM32C031C6U3, STM32C031C6U6, STM32C031F4P3, STM32C031F4P6, STM32C031F6P3, STM32C031F6P6, STM32C031G4U3, STM32C031G4U6, STM32C031G6U3, STM32C031G6U6, STM32C031K4T3, STM32C031K4T6, STM32C031K4U3, STM32C031K4U6, STM32C031K6T3, STM32C031K6T6, STM32C031K6U3, STM32C031K6U6, STM32C051C6T6, STM32C051C6U6, STM32C051C8T6, STM32C051C8U6, STM32C051D8Y6TR, STM32C051F6P6, STM32C051F8P6, STM32C051G6U6, STM32C051G8U6, STM32C051K6T6, STM32C051K6U6, STM32C051K8T6, STM32C071C8T6, STM32C071C8T6N, STM32C071C8U6, STM32C071C8U6N, STM32C071CBT6, STM32C071CBT6N, STM32C071CBU6, STM32C071CBU6N, STM32C071F8P6, STM32C071F8P6N, STM32C071FBP6, STM32C071FBP6N, STM32C071FBY6TR, STM32C071G8U6, STM32C071G8U6N, STM32C071GBU6, STM32C071GBU6N, STM32C071K8T6, STM32C071K8T6N, STM32C071K8U6, STM32C071K8U6N, STM32C071KBT6, STM32C071KBT6N, STM32C071KBU6, STM32C071KBU6N, STM32C071R8T6, STM32C071R8T6N, STM32C071RBI6N, STM32C071RBT6, STM32C071RBT6N, STM32C091CBT6, STM32C091CBU6, STM32C091CCT6, STM32C091CCU6, STM32C091ECY6TR, STM32C091FBP6, STM32C091FCP6, STM32C091GBU6, STM32C091GCU6, STM32C091KBT6, STM32C091KBU6, STM32C091KCT6, STM32C091KCU6, STM32C091RBT6, STM32C091RCI6, STM32C091RCT6, STM32C092CBT6, STM32C092CBU6, STM32C092CCT6, STM32C092CCU6, STM32C092ECY6TR, STM32C092FBP6, STM32C092FCP6, STM32C092GBU6, STM32C092GCU6, STM32C092KBT6, STM32C092KBU6, STM32C092KCT6, STM32C092KCU6, STM32C092RBT6, STM32C092RCI6, STM32C092RCT6, STM32G071K8TXN, STM32G071K8UXN, STM32G081GBU6N, STM32G081KBT6N, STM32G081KBUXN, STM32G0B1CCT6N, STM32G0B1KCT6, STM32G0B1NEY6TR, STM32G0B1RCT6N, STM32G0C1CCT6, STM32G0C1CCT6N, STM32G0C1CCU6N, STM32G0C1CET6N, STM32G0C1CEU6N, STM32G0C1KCT6, STM32G0C1NEY6TR, STM32G0C1RCI6N, STM32G0C1RCT6N, STM32G0C1REI6N, STM32G0C1RET6N, STM32G0C1VCI6, STM32G0C1VEI6, STM32G411C6T3, STM32G411C6T6, STM32G411C6U3, STM32G411C6U6, STM32G411C8T3, STM32G411C8T6, STM32G411C8U3, STM32G411C8U6, STM32G411CBT3, STM32G411CBT6, STM32G411CBU3, STM32G411CBU6, STM32G411CCT3, STM32G411CCT6, STM32G411CCU3, STM32G411CCU6, STM32G411K6T3, STM32G411K6T6, STM32G411K6U3, STM32G411K6U6, STM32G411K8T3, STM32G411K8T6, STM32G411K8U3, STM32G411K8U6, STM32G411KBT3, STM32G411KBT6, STM32G411KBU3, STM32G411KBU6, STM32G411M6T3, STM32G411M6T6, STM32G411M8T3, STM32G411M8T6, STM32G411MBT3, STM32G411MBT6, STM32G411MCT3, STM32G411MCT6, STM32G411R6T3, STM32G411R6T6, STM32G411R8T3, STM32G411R8T6, STM32G411RBT3, STM32G411RBT6, STM32G411RCT3, STM32G411RCT6, STM32G414CBT3, STM32G414CBT6, STM32G414CBU3, STM32G414CBU6, STM32G414CCT3, STM32G414CCT6, STM32G414CCU3, STM32G414CCU6, STM32G414MBT3, STM32G414MBT6, STM32G414MCT3, STM32G414MCT6, STM32G414RBT3, STM32G414RBT6, STM32G414RCT3, STM32G414RCT6, STM32G414VBT3, STM32G414VBT6, STM32G414VCT3, STM32G414VCT6, STM32G431CBT3Z, STM32G431RBT3Z, STM32G471CCT6, STM32G471CCU6, STM32G471CET3, STM32G471CET6, STM32G471CEU3, STM32G471CEU6, STM32G471MCT6, STM32G471MET3, STM32G471MET6, STM32G471MEY6TR, STM32G471QCT6, STM32G471QET3, STM32G471RCT6, STM32G471RET3, STM32G471RET6, STM32G471VCH6, STM32G471VCI6, STM32G471VCT6, STM32G471VEH3, STM32G471VEH6, STM32G471VEI3, STM32G471VEI6, STM32G471VET3, STM32G471VET6, STM32G473QET3Z, STM32G473RET3Z, STM32G474CCT6, STM32G491RET3Z, STM32H503CBT6, STM32H503CBU6, STM32H503EBY6TR, STM32H503KBU6, STM32H503RBT6, STM32H523CCT6, STM32H523CCU6, STM32H523CET6, STM32H523CEU6, STM32H523HEY6TR, STM32H523RCT6, STM32H523RET6, STM32H523VCI6, STM32H523VCT6, STM32H523VEI6, STM32H523VET6, STM32H523ZCJ6, STM32H523ZCT6, STM32H523ZEJ6, STM32H523ZET6, STM32H533CET6, STM32H533CEU6, STM32H533HEY6TR, STM32H533RET6, STM32H533VEI6, STM32H533VET6, STM32H533ZEJ6, STM32H533ZET6, STM32H562AGI6, STM32H562AII6, STM32H562IGK6, STM32H562IGT6, STM32H562IIK6, STM32H562IIT6, STM32H562RGT6, STM32H562RGV6, STM32H562RIT6, STM32H562RIV6, STM32H562VGT6, STM32H562VIT6, STM32H562ZGT6, STM32H562ZIT6, STM32H563AGI6, STM32H563AII3Q, STM32H563AII6, STM32H563IGK6, STM32H563IGT6, STM32H563IIK3Q, STM32H563IIK6, STM32H563IIT3Q, STM32H563IIT6, STM32H563MIY3QTR, STM32H563RGT6, STM32H563RGV6, STM32H563RIT6, STM32H563RIV6, STM32H563VGT6, STM32H563VIT3Q, STM32H563VIT6, STM32H563ZGT6, STM32H563ZIT3Q, STM32H563ZIT6, STM32H573AII3Q, STM32H573AII6, STM32H573I-DK, STM32H573IIK3Q, STM32H573IIK6, STM32H573IIT3Q, STM32H573IIT6, STM32H573MIY3QTR, STM32H573RIT6, STM32H573RIV6, STM32H573VIT3Q, STM32H573VIT6, STM32H573ZIT3Q, STM32H573ZIT6, STM32H7R3A8I6, STM32H7R3I8K6, STM32H7R3I8T6, STM32H7R3L8H6, STM32H7R3L8H6H, STM32H7R3R8V6, STM32H7R3V8H6, STM32H7R3V8T6, STM32H7R3V8Y6TR, STM32H7R3Z8J6, STM32H7R3Z8T6, STM32H7R7A8I6, STM32H7R7I8K6, STM32H7R7I8T6, STM32H7R7L8H6, STM32H7R7L8H6H, STM32H7R7Z8J6, STM32H7S3A8I6, STM32H7S3I8K6, STM32H7S3I8T6, STM32H7S3L8H6, STM32H7S3L8H6H, STM32H7S3R8V6, STM32H7S3V8H6, STM32H7S3V8T6, STM32H7S3V8Y6TR, STM32H7S3Z8J6, STM32H7S3Z8T6, STM32H7S78-DK, STM32H7S7A8I6, STM32H7S7I8K6, STM32H7S7I8T6, STM32H7S7L8H6, STM32H7S7L8H6H, STM32H7S7Z8J6, STM32L4R5QGI6STR, STM32MP131AAE3, STM32MP131AAF3, STM32MP131AAG3, STM32MP131CAE3, STM32MP131CAF3, STM32MP131CAG3, STM32MP131DAE7, STM32MP131DAF7, STM32MP131DAG7, STM32MP131FAE7, STM32MP131FAF7, STM32MP131FAG7, STM32MP133AAE3, STM32MP133AAF3, STM32MP133AAG3, STM32MP133CAE3, STM32MP133CAF3, STM32MP133CAG3, STM32MP133DAE7, STM32MP133DAF7, STM32MP133DAG7, STM32MP133FAE7, STM32MP133FAF7, STM32MP133FAG7, STM32MP135AAE3, STM32MP135AAF3, STM32MP135AAG3, STM32MP135CAE3, STM32MP135CAF3, STM32MP135CAG3, STM32MP135DAE7, STM32MP135DAF7, STM32MP135DAG7, STM32MP135F-DK, STM32MP135FAE7, STM32MP135FAF7, STM32MP135FAF7T, STM32MP135FAF7U, STM32MP135FAG7, STM32MP231AAJ3, STM32MP231AAK3, STM32MP231AAL3, STM32MP231CAJ3, STM32MP231CAK3, STM32MP231CAL3, STM32MP231DAJ3, STM32MP231DAK3, STM32MP231DAL3, STM32MP231FAJ3, STM32MP231FAK3, STM32MP231FAL3, STM32MP233AAJ3, STM32MP233AAK3, STM32MP233AAL3, STM32MP233CAJ3, STM32MP233CAK3, STM32MP233CAL3, STM32MP233DAJ3, STM32MP233DAK3, STM32MP233DAL3, STM32MP233FAJ3, STM32MP233FAK3, STM32MP233FAL3, STM32MP235AAJ3, STM32MP235AAK3, STM32MP235AAL3, STM32MP235CAJ3, STM32MP235CAK3, STM32MP235CAL3, STM32MP235DAJ3, STM32MP235DAK3, STM32MP235DAL3, STM32MP235FAJ3, STM32MP235FAK3, STM32MP235FAL3, STM32MP251AAI3, STM32MP251AAJ3, STM32MP251AAK3, STM32MP251AAL3, STM32MP251CAI3, STM32MP251CAJ3, STM32MP251CAK3, STM32MP251CAL3, STM32MP251DAI3, STM32MP251DAJ3, STM32MP251DAK3, STM32MP251DAL3, STM32MP251FAI3, STM32MP251FAJ3, STM32MP251FAK3, STM32MP251FAL3, STM32MP253AAI3, STM32MP253AAJ3, STM32MP253AAK3, STM32MP253AAL3, STM32MP253CAI3, STM32MP253CAJ3, STM32MP253CAK3, STM32MP253CAL3, STM32MP253DAI3, STM32MP253DAJ3, STM32MP253DAK3, STM32MP253DAL3, STM32MP253FAI3, STM32MP253FAJ3, STM32MP253FAK3, STM32MP253FAL3, STM32MP255AAI3, STM32MP255AAJ3, STM32MP255AAK3, STM32MP255AAL3, STM32MP255CAI3, STM32MP255CAJ3, STM32MP255CAK3, STM32MP255CAL3, STM32MP255DAI3, STM32MP255DAJ3, STM32MP255DAK3, STM32MP255DAL3, STM32MP255FAI3, STM32MP255FAJ3, STM32MP255FAK3, STM32MP255FAL3, STM32MP257AAI3, STM32MP257AAJ3, STM32MP257AAK3, STM32MP257AAL3, STM32MP257CAI3, STM32MP257CAJ3, STM32MP257CAK3, STM32MP257CAL3, STM32MP257DAI3, STM32MP257DAJ3, STM32MP257DAK3, STM32MP257DAL3, STM32MP257F-DK, STM32MP257F-EV1, STM32MP257FAI3, STM32MP257FAJ3, STM32MP257FAK3, STM32MP257FAL3, STM32N645A0H3Q, STM32N645B0H3Q, STM32N645I0H3Q, STM32N645L0H3Q, STM32N645X0H3Q, STM32N645Z0H3Q, STM32N647A0H3Q, STM32N647B0H3Q, STM32N647I0H3Q, STM32N647L0H3Q, STM32N647X0H3Q, STM32N647Z0H3Q, STM32N655A0H3Q, STM32N655B0H3Q, STM32N655I0H3Q, STM32N655L0H3Q, STM32N655X0H3Q, STM32N655Z0H3Q, STM32N6570-DK, STM32N657A0H3Q, STM32N657B0H3Q, STM32N657I0H3Q, STM32N657L0H3Q, STM32N657X0H3Q, STM32N657Z0H3Q, STM32U031C6T6, STM32U031C6U6, STM32U031C8T6, STM32U031C8U6, STM32U031F4P6, STM32U031F6P6, STM32U031F8P6, STM32U031G6Y6TR, STM32U031G8Y6TR, STM32U031K4U6, STM32U031K6U6, STM32U031K8U6, STM32U031R6I6, STM32U031R6T6, STM32U031R8I6, STM32U031R8T6, STM32U073C8T6, STM32U073C8U6, STM32U073CBT6, STM32U073CBU6, STM32U073CCT6, STM32U073CCU6, STM32U073H8Y6TR, STM32U073HBY6TR, STM32U073HCY6TR, STM32U073K8U6, STM32U073KBU6, STM32U073KCU6, STM32U073M8I6, STM32U073M8T6, STM32U073MBI6, STM32U073MBT6, STM32U073MCI6, STM32U073MCT6, STM32U073R8I6, STM32U073R8T6, STM32U073RBI6, STM32U073RBT6, STM32U073RCI6, STM32U073RCT6, STM32U083C-DK, STM32U083CCT6, STM32U083CCU6, STM32U083HCY6TR, STM32U083KCU6, STM32U083MCI6, STM32U083MCT6, STM32U083RCI6, STM32U083RCT6, STM32U375CET6, STM32U375CET6Q, STM32U375CEU6, STM32U375CEU6Q, STM32U375CEY6QTR, STM32U375CGT6, STM32U375CGT6Q, STM32U375CGU6, STM32U375CGU6Q, STM32U375CGY6QTR, STM32U375KEU6, STM32U375KGU6, STM32U375REI6, STM32U375REI6Q, STM32U375RET6, STM32U375RET6Q, STM32U375REY6GTR, STM32U375REY6QTR, STM32U375RGI6, STM32U375RGI6Q, STM32U375RGT6, STM32U375RGT6Q, STM32U375RGY6GTR, STM32U375RGY6QTR, STM32U375VEI6, STM32U375VEI6Q, STM32U375VET6, STM32U375VET6Q, STM32U375VGI6, STM32U375VGI6Q, STM32U375VGT6, STM32U375VGT6Q, STM32U385CGT6, STM32U385CGT6Q, STM32U385CGU6, STM32U385CGU6Q, STM32U385CGY6QTR, STM32U385KGU6, STM32U385RGI6, STM32U385RGI6Q, STM32U385RGT6, STM32U385RGT6Q, STM32U385RGY6GTR, STM32U385RGY6QTR, STM32U385VGI6, STM32U385VGI6Q, STM32U385VGT6, STM32U385VGT6Q, STM32U535CBT6, STM32U535CBT6Q, STM32U535CBU6, STM32U535CBU6Q, STM32U535CCT6, STM32U535CCT6Q, STM32U535CCU6, STM32U535CCU6Q, STM32U535CET6, STM32U535CET6Q, STM32U535CEU6, STM32U535CEU6Q, STM32U535JEY6QTR, STM32U535NCY6QTR, STM32U535NEY6QTR, STM32U535RBI6, STM32U535RBI6Q, STM32U535RBT6, STM32U535RBT6Q, STM32U535RCI6, STM32U535RCI6Q, STM32U535RCT6, STM32U535RCT6Q, STM32U535REI6, STM32U535REI6Q, STM32U535RET6, STM32U535RET6Q, STM32U535VCI6, STM32U535VCI6Q, STM32U535VCT6, STM32U535VCT6Q, STM32U535VEI6, STM32U535VEI6Q, STM32U535VET6, STM32U535VET6Q, STM32U545CET6, STM32U545CET6Q, STM32U545CEU6, STM32U545CEU6Q, STM32U545JEY6QTR, STM32U545NEY6QTR, STM32U545REI6, STM32U545REI6Q, STM32U545RET6, STM32U545RET6Q, STM32U545VEI6, STM32U545VEI6Q, STM32U545VET6, STM32U545VET6Q, STM32U595AIH6, STM32U595AIH6Q, STM32U595AJH6, STM32U595AJH6Q, STM32U595QII6, STM32U595QII6Q, STM32U595QJI6, STM32U595QJI6Q, STM32U595RIT6, STM32U595RIT6Q, STM32U595RJT6, STM32U595RJT6Q, STM32U595VIT6, STM32U595VIT6Q, STM32U595VJT6, STM32U595VJT6Q, STM32U595ZIT6, STM32U595ZIT6Q, STM32U595ZIY6QTR, STM32U595ZJT6, STM32U595ZJT6Q, STM32U595ZJY6QTR, STM32U599BJY6QTR, STM32U599NIH6Q, STM32U599NJH6Q, STM32U599VIT6Q, STM32U599VJT6, STM32U599VJT6Q, STM32U599ZIT6Q, STM32U599ZIY6QTR, STM32U599ZJT6Q, STM32U599ZJY6QTR, STM32U5A5AJH6, STM32U5A5AJH6Q, STM32U5A5QII3Q , STM32U5A5QJI6, STM32U5A5QJI6Q, STM32U5A5RJT6, STM32U5A5RJT6Q, STM32U5A5VJT6, STM32U5A5VJT6Q, STM32U5A5ZJT6, STM32U5A5ZJT6Q, STM32U5A5ZJY6QTR, STM32U5A9BJY6QTR, STM32U5A9J-DK, STM32U5A9NJH6Q, STM32U5A9VJT6Q, STM32U5A9ZJT6Q, STM32U5A9ZJY6QTR, STM32U5F7VIT6, STM32U5F7VIT6Q, STM32U5F7VJT6, STM32U5F7VJT6Q, STM32U5F9BJY6QTR, STM32U5F9NJH6Q, STM32U5F9VIT6Q, STM32U5F9VJT6Q, STM32U5F9ZIJ6QTR, STM32U5F9ZIT6Q, STM32U5F9ZJJ6QTR, STM32U5F9ZJT6Q, STM32U5G7VJT6, STM32U5G7VJT6Q, STM32U5G9BJY6QTR, STM32U5G9J-DK1, STM32U5G9J-DK2, STM32U5G9NJH6Q, STM32U5G9VJT6Q, STM32U5G9ZJJ6QTR, STM32U5G9ZJT6Q, STM32WB05KZV6TR, STM32WB05KZV7TR, STM32WB05TZF6TR, STM32WB05TZF7TR, STM32WB06CCF6TR, STM32WB06CCF7TR, STM32WB06CCV6TR, STM32WB06CCV7TR, STM32WB06KCV6TR, STM32WB06KCV7TR, STM32WB07CCF6TR, STM32WB07CCF7TR, STM32WB07CCV6TR, STM32WB07CCV7TR, STM32WB07KCV6TR, STM32WB07KCV7TR, STM32WB09KEV6TR, STM32WB09KEV7TR, STM32WB09TEF6TR, STM32WB09TEF7TR, STM32WB1MMCH6, STM32WBA50KGU6, STM32WBA50KGU6TR, STM32WBA52CEU6, STM32WBA52CEU6TR, STM32WBA52CEU7, STM32WBA52CEU7TR, STM32WBA52CGU6, STM32WBA52CGU6TR, STM32WBA52CGU6U, STM32WBA52CGU7, STM32WBA52CGU7TR, STM32WBA52KEU6, STM32WBA52KEU6TR, STM32WBA52KGU6, STM32WBA52KGU6TR, STM32WBA54CEU6, STM32WBA54CEU6TR, STM32WBA54CEU7, STM32WBA54CEU7TR, STM32WBA54CGU6, STM32WBA54CGU6TR, STM32WBA54CGU7, STM32WBA54CGU7TR, STM32WBA54KEU6, STM32WBA54KEU6TR, STM32WBA54KEU7, STM32WBA54KEU7TR, STM32WBA54KGU6, STM32WBA54KGU6TR, STM32WBA54KGU7, STM32WBA54KGU7TR, STM32WBA55CEU6, STM32WBA55CEU6TR, STM32WBA55CEU7, STM32WBA55CEU7TR, STM32WBA55CGU6, STM32WBA55CGU6TR, STM32WBA55CGU6U, STM32WBA55CGU7, STM32WBA55CGU7TR, STM32WBA55G-DK1, STM32WBA55HEF6, STM32WBA55HEF7, STM32WBA55HGF6, STM32WBA55HGF7, STM32WBA55UEI6, STM32WBA55UEI6TR, STM32WBA55UEI7, STM32WBA55UEI7TR, STM32WBA55UGI6, STM32WBA55UGI6TR, STM32WBA55UGI7, STM32WBA55UGI7TR, STM32WBA5MJGH6TR, STM32WBA62CGU6, STM32WBA62CIU6, STM32WBA62MGF6, STM32WBA62MIF6, STM32WBA62PGI6, STM32WBA62PII6, STM32WBA63CGU6, STM32WBA63CGU7, STM32WBA63CIU6, STM32WBA63CIU7, STM32WBA64CGU6, STM32WBA64CGU7, STM32WBA64CIU6, STM32WBA64CIU7, STM32WBA65CGU6, STM32WBA65CGU7, STM32WBA65CIU6, STM32WBA65CIU7, STM32WBA65I-DK1, STM32WBA65MGF6, STM32WBA65MGF7, STM32WBA65MIF6, STM32WBA65MIF7, STM32WBA65PGI6, STM32WBA65PGI7, STM32WBA65PII6, STM32WBA65PII7, STM32WBA65RGV6, STM32WBA65RGV7, STM32WBA65RIV6, STM32WBA65RIV7, STM32WL30K8V6, STM32WL30KBV6, STM32WL31C8V6, STM32WL31CBV6, STM32WL31K8V6, STM32WL31KBV6, STM32WL33C8V6, STM32WL33C8V6TR, STM32WL33C8V7, STM32WL33C8V7TR, STM32WL33CBV6, STM32WL33CBV6TR, STM32WL33CBV7, STM32WL33CBV7TR, STM32WL33CCV6, STM32WL33CCV6TR, STM32WL33CCV7, STM32WL33CCV7A, STM32WL33CCV7ATR, STM32WL33CCV7TR, STM32WL33K8V6, STM32WL33K8V6TR, STM32WL33K8V7, STM32WL33K8V7TR, STM32WL33KBV6, STM32WL33KBV6TR, STM32WL33KBV7, STM32WL33KBV7TR, STM32WL33KCV6, STM32WL33KCV6TR, STM32WL33KCV7, STM32WL33KCV7TR, STM32WL5MOCH6, STM32WL5MOCH6TR]
2025-08-04 20:21:04,189 [INFO] BoardInfo:889 - No configuration file found for board P-NUCLEO-WB55
2025-08-04 20:21:04,191 [INFO] DbBoards:161 - Kit is not supported: P-NUCLEO-WB55
2025-08-04 20:21:04,203 [INFO] BoardInfo:889 - No configuration file found for board STEVAL-BFA001V1B
2025-08-04 20:21:04,205 [INFO] DbBoards:161 - Kit is not supported: STEVAL-BFA001V1B
2025-08-04 20:21:04,207 [INFO] BoardInfo:889 - No configuration file found for board STEVAL-BFA001V2B
2025-08-04 20:21:04,210 [INFO] DbBoards:161 - Kit is not supported: STEVAL-BFA001V2B
2025-08-04 20:21:04,560 [INFO] DbBoards:168 - Found 211 boards, 208 are supported
2025-08-04 20:21:04,560 [INFO] DbBoards:169 - Found 211 boards, 43 of them is supported for  Bsp
2025-08-04 20:21:04,569 [INFO] ApiDb:668 - CubeFinder database Data Model version=2.1
2025-08-04 20:21:04,569 [INFO] ApiDb:669 - CubeFinder database Configuration version=3.0.39
2025-08-04 20:21:04,569 [INFO] ApiDb:670 - CubeFinder database generation date=2025-03-24 (1742811287)
2025-08-04 20:21:04,569 [INFO] ApiDb:671 - CubeFinder database FW Pack versions=[FP-ATR-ASTRA1_V2.0.0, FP-SNS-FLIGHT1_V5.0.2, FP-SNS-MOTENV1_V5.0.0, FP-SNS-MOTENVWB1_V1.4.0, FP-SNS-SMARTAG2_V1.2.0, FP-SNS-STBOX1_V2.0.0, STM32Cube_FW_C0_V1.4.0, STM32Cube_FW_F4_V1.28.1, STM32Cube_FW_F7_V1.17.2, STM32Cube_FW_G0_V1.6.2, STM32Cube_FW_G4_V1.6.1, STM32Cube_FW_H5_V1.5.0, STM32Cube_FW_H7RS_V1.2.0, STM32Cube_FW_H7_V1.12.1, STM32Cube_FW_L0_V1.12.2, STM32Cube_FW_L4_V1.18.1, STM32Cube_FW_L5_V1.5.1, STM32Cube_FW_N6_V1.1.0, STM32Cube_FW_U0_V1.2.0, STM32Cube_FW_U3_V1.1.0, STM32Cube_FW_U5_V1.7.0, STM32Cube_FW_WB0_V1.2.0, STM32Cube_FW_WBA_V1.6.0, STM32Cube_FW_WB_V1.22.0, STM32Cube_FW_WL3_V1.1.0, STM32Cube_FW_WL_V1.3.1, X-CUBE-ALGOBUILD_V1.4.0, X-CUBE-ALS_V1.0.2, X-CUBE-AZRTOS-F4_V1.1.0, X-CUBE-AZRTOS-F7_V1.1.0, X-CUBE-AZRTOS-G0_V1.1.0, X-CUBE-AZRTOS-G4_V2.0.0, X-CUBE-AZRTOS-H7RS_V1.0.0, X-CUBE-AZRTOS-H7_V3.3.0, X-CUBE-AZRTOS-L4_V2.0.0, X-CUBE-AZRTOS-L5_V2.0.0, X-CUBE-AZRTOS-WB_V2.0.0, X-CUBE-AZRTOS-WL_V2.0.0, X-CUBE-BLE1_V7.1.0, X-CUBE-BLE2_V3.3.0, X-CUBE-BLEMGR_V4.0.0, X-CUBE-EEPRMA1_V5.1.0, X-CUBE-FREERTOS_V1.3.0, X-CUBE-GNSS1_V6.0.0, X-CUBE-MEMS1_V11.1.0, X-CUBE-NFC4_V3.0.0, X-CUBE-NFC7_V1.0.1, X-CUBE-SFXS2LP1_V4.0.0, X-CUBE-SUBG2_V5.0.0, X-CUBE-TOF1_V3.4.2]
2025-08-04 20:21:07,360 [INFO] ApiDb:240 - Found 895 in-development CPN: [B-G473E-ZEST1S, B-WB1M-WPAN1, B-WBA5M-WPAN, B-WL5M-SUBG1, NUCLEO-C031C6, NUCLEO-C051C8, NUCLEO-C071RB, NUCLEO-C092RC, NUCLEO-H503RB, NUCLEO-H533RE, NUCLEO-H563ZI, NUCLEO-H7S3L8, NUCLEO-N657X0-Q, NUCLEO-U031R8, NUCLEO-U083RC, NUCLEO-U385RG-Q, NUCLEO-U545RE-Q, NUCLEO-U5A5ZJ-Q, NUCLEO-WB05KZ, NUCLEO-WB07CC, NUCLEO-WB09KE, NUCLEO-WBA52CG, NUCLEO-WBA55CG, NUCLEO-WBA65RI, NUCLEO-WL33CC1, NUCLEO-WL33CC2, STEVAL-PROTEUS1, STEVAL-SMARTAG2, STEVAL-STWINBX1, STM320518-EVAL, STM32C0116-DK, STM32C011D6Y3TR, STM32C011D6Y6TR, STM32C011F4P3, STM32C011F4P6, STM32C011F4U3, STM32C011F4U6TR, STM32C011F6P3, STM32C011F6P6, STM32C011F6U3, STM32C011F6U6TR, STM32C011J4M3, STM32C011J4M6, STM32C011J6M3, STM32C011J6M6, STM32C0316-DK, STM32C031C4T3, STM32C031C4T6, STM32C031C4U3, STM32C031C4U6, STM32C031C6T3, STM32C031C6T6, STM32C031C6U3, STM32C031C6U6, STM32C031F4P3, STM32C031F4P6, STM32C031F6P3, STM32C031F6P6, STM32C031G4U3, STM32C031G4U6, STM32C031G6U3, STM32C031G6U6, STM32C031K4T3, STM32C031K4T6, STM32C031K4U3, STM32C031K4U6, STM32C031K6T3, STM32C031K6T6, STM32C031K6U3, STM32C031K6U6, STM32C051C6T6, STM32C051C6U6, STM32C051C8T6, STM32C051C8U6, STM32C051D8Y6TR, STM32C051F6P6, STM32C051F8P6, STM32C051G6U6, STM32C051G8U6, STM32C051K6T6, STM32C051K6U6, STM32C051K8T6, STM32C071C8T6, STM32C071C8T6N, STM32C071C8U6, STM32C071C8U6N, STM32C071CBT6, STM32C071CBT6N, STM32C071CBU6, STM32C071CBU6N, STM32C071F8P6, STM32C071F8P6N, STM32C071FBP6, STM32C071FBP6N, STM32C071FBY6TR, STM32C071G8U6, STM32C071G8U6N, STM32C071GBU6, STM32C071GBU6N, STM32C071K8T6, STM32C071K8T6N, STM32C071K8U6, STM32C071K8U6N, STM32C071KBT6, STM32C071KBT6N, STM32C071KBU6, STM32C071KBU6N, STM32C071R8T6, STM32C071R8T6N, STM32C071RBI6N, STM32C071RBT6, STM32C071RBT6N, STM32C091CBT6, STM32C091CBU6, STM32C091CCT6, STM32C091CCU6, STM32C091ECY6TR, STM32C091FBP6, STM32C091FCP6, STM32C091GBU6, STM32C091GCU6, STM32C091KBT6, STM32C091KBU6, STM32C091KCT6, STM32C091KCU6, STM32C091RBT6, STM32C091RCI6, STM32C091RCT6, STM32C092CBT6, STM32C092CBU6, STM32C092CCT6, STM32C092CCU6, STM32C092ECY6TR, STM32C092FBP6, STM32C092FCP6, STM32C092GBU6, STM32C092GCU6, STM32C092KBT6, STM32C092KBU6, STM32C092KCT6, STM32C092KCU6, STM32C092RBT6, STM32C092RCI6, STM32C092RCT6, STM32G071K8TXN, STM32G071K8UXN, STM32G081GBU6N, STM32G081KBT6N, STM32G081KBUXN, STM32G0B1CCT6N, STM32G0B1KCT6, STM32G0B1NEY6TR, STM32G0B1RCT6N, STM32G0C1CCT6, STM32G0C1CCT6N, STM32G0C1CCU6N, STM32G0C1CET6N, STM32G0C1CEU6N, STM32G0C1KCT6, STM32G0C1NEY6TR, STM32G0C1RCI6N, STM32G0C1RCT6N, STM32G0C1REI6N, STM32G0C1RET6N, STM32G0C1VCI6, STM32G0C1VEI6, STM32G411C6T3, STM32G411C6T6, STM32G411C6U3, STM32G411C6U6, STM32G411C8T3, STM32G411C8T6, STM32G411C8U3, STM32G411C8U6, STM32G411CBT3, STM32G411CBT6, STM32G411CBU3, STM32G411CBU6, STM32G411CCT3, STM32G411CCT6, STM32G411CCU3, STM32G411CCU6, STM32G411K6T3, STM32G411K6T6, STM32G411K6U3, STM32G411K6U6, STM32G411K8T3, STM32G411K8T6, STM32G411K8U3, STM32G411K8U6, STM32G411KBT3, STM32G411KBT6, STM32G411KBU3, STM32G411KBU6, STM32G411M6T3, STM32G411M6T6, STM32G411M8T3, STM32G411M8T6, STM32G411MBT3, STM32G411MBT6, STM32G411MCT3, STM32G411MCT6, STM32G411R6T3, STM32G411R6T6, STM32G411R8T3, STM32G411R8T6, STM32G411RBT3, STM32G411RBT6, STM32G411RCT3, STM32G411RCT6, STM32G414CBT3, STM32G414CBT6, STM32G414CBU3, STM32G414CBU6, STM32G414CCT3, STM32G414CCT6, STM32G414CCU3, STM32G414CCU6, STM32G414MBT3, STM32G414MBT6, STM32G414MCT3, STM32G414MCT6, STM32G414RBT3, STM32G414RBT6, STM32G414RCT3, STM32G414RCT6, STM32G414VBT3, STM32G414VBT6, STM32G414VCT3, STM32G414VCT6, STM32G431CBT3Z, STM32G431RBT3Z, STM32G471CCT6, STM32G471CCU6, STM32G471CET3, STM32G471CET6, STM32G471CEU3, STM32G471CEU6, STM32G471MCT6, STM32G471MET3, STM32G471MET6, STM32G471MEY6TR, STM32G471QCT6, STM32G471QET3, STM32G471RCT6, STM32G471RET3, STM32G471RET6, STM32G471VCH6, STM32G471VCI6, STM32G471VCT6, STM32G471VEH3, STM32G471VEH6, STM32G471VEI3, STM32G471VEI6, STM32G471VET3, STM32G471VET6, STM32G473QET3Z, STM32G473RET3Z, STM32G474CCT6, STM32G491RET3Z, STM32H503CBT6, STM32H503CBU6, STM32H503EBY6TR, STM32H503KBU6, STM32H503RBT6, STM32H523CCT6, STM32H523CCU6, STM32H523CET6, STM32H523CEU6, STM32H523HEY6TR, STM32H523RCT6, STM32H523RET6, STM32H523VCI6, STM32H523VCT6, STM32H523VEI6, STM32H523VET6, STM32H523ZCJ6, STM32H523ZCT6, STM32H523ZEJ6, STM32H523ZET6, STM32H533CET6, STM32H533CEU6, STM32H533HEY6TR, STM32H533RET6, STM32H533VEI6, STM32H533VET6, STM32H533ZEJ6, STM32H533ZET6, STM32H562AGI6, STM32H562AII6, STM32H562IGK6, STM32H562IGT6, STM32H562IIK6, STM32H562IIT6, STM32H562RGT6, STM32H562RGV6, STM32H562RIT6, STM32H562RIV6, STM32H562VGT6, STM32H562VIT6, STM32H562ZGT6, STM32H562ZIT6, STM32H563AGI6, STM32H563AII3Q, STM32H563AII6, STM32H563IGK6, STM32H563IGT6, STM32H563IIK3Q, STM32H563IIK6, STM32H563IIT3Q, STM32H563IIT6, STM32H563MIY3QTR, STM32H563RGT6, STM32H563RGV6, STM32H563RIT6, STM32H563RIV6, STM32H563VGT6, STM32H563VIT3Q, STM32H563VIT6, STM32H563ZGT6, STM32H563ZIT3Q, STM32H563ZIT6, STM32H573AII3Q, STM32H573AII6, STM32H573I-DK, STM32H573IIK3Q, STM32H573IIK6, STM32H573IIT3Q, STM32H573IIT6, STM32H573MIY3QTR, STM32H573RIT6, STM32H573RIV6, STM32H573VIT3Q, STM32H573VIT6, STM32H573ZIT3Q, STM32H573ZIT6, STM32H7R3A8I6, STM32H7R3I8K6, STM32H7R3I8T6, STM32H7R3L8H6, STM32H7R3L8H6H, STM32H7R3R8V6, STM32H7R3V8H6, STM32H7R3V8T6, STM32H7R3V8Y6TR, STM32H7R3Z8J6, STM32H7R3Z8T6, STM32H7R7A8I6, STM32H7R7I8K6, STM32H7R7I8T6, STM32H7R7L8H6, STM32H7R7L8H6H, STM32H7R7Z8J6, STM32H7S3A8I6, STM32H7S3I8K6, STM32H7S3I8T6, STM32H7S3L8H6, STM32H7S3L8H6H, STM32H7S3R8V6, STM32H7S3V8H6, STM32H7S3V8T6, STM32H7S3V8Y6TR, STM32H7S3Z8J6, STM32H7S3Z8T6, STM32H7S78-DK, STM32H7S7A8I6, STM32H7S7I8K6, STM32H7S7I8T6, STM32H7S7L8H6, STM32H7S7L8H6H, STM32H7S7Z8J6, STM32L4R5QGI6STR, STM32MP131AAE3, STM32MP131AAF3, STM32MP131AAG3, STM32MP131CAE3, STM32MP131CAF3, STM32MP131CAG3, STM32MP131DAE7, STM32MP131DAF7, STM32MP131DAG7, STM32MP131FAE7, STM32MP131FAF7, STM32MP131FAG7, STM32MP133AAE3, STM32MP133AAF3, STM32MP133AAG3, STM32MP133CAE3, STM32MP133CAF3, STM32MP133CAG3, STM32MP133DAE7, STM32MP133DAF7, STM32MP133DAG7, STM32MP133FAE7, STM32MP133FAF7, STM32MP133FAG7, STM32MP135AAE3, STM32MP135AAF3, STM32MP135AAG3, STM32MP135CAE3, STM32MP135CAF3, STM32MP135CAG3, STM32MP135DAE7, STM32MP135DAF7, STM32MP135DAG7, STM32MP135F-DK, STM32MP135FAE7, STM32MP135FAF7, STM32MP135FAF7T, STM32MP135FAF7U, STM32MP135FAG7, STM32MP231AAJ3, STM32MP231AAK3, STM32MP231AAL3, STM32MP231CAJ3, STM32MP231CAK3, STM32MP231CAL3, STM32MP231DAJ3, STM32MP231DAK3, STM32MP231DAL3, STM32MP231FAJ3, STM32MP231FAK3, STM32MP231FAL3, STM32MP233AAJ3, STM32MP233AAK3, STM32MP233AAL3, STM32MP233CAJ3, STM32MP233CAK3, STM32MP233CAL3, STM32MP233DAJ3, STM32MP233DAK3, STM32MP233DAL3, STM32MP233FAJ3, STM32MP233FAK3, STM32MP233FAL3, STM32MP235AAJ3, STM32MP235AAK3, STM32MP235AAL3, STM32MP235CAJ3, STM32MP235CAK3, STM32MP235CAL3, STM32MP235DAJ3, STM32MP235DAK3, STM32MP235DAL3, STM32MP235FAJ3, STM32MP235FAK3, STM32MP235FAL3, STM32MP251AAI3, STM32MP251AAJ3, STM32MP251AAK3, STM32MP251AAL3, STM32MP251CAI3, STM32MP251CAJ3, STM32MP251CAK3, STM32MP251CAL3, STM32MP251DAI3, STM32MP251DAJ3, STM32MP251DAK3, STM32MP251DAL3, STM32MP251FAI3, STM32MP251FAJ3, STM32MP251FAK3, STM32MP251FAL3, STM32MP253AAI3, STM32MP253AAJ3, STM32MP253AAK3, STM32MP253AAL3, STM32MP253CAI3, STM32MP253CAJ3, STM32MP253CAK3, STM32MP253CAL3, STM32MP253DAI3, STM32MP253DAJ3, STM32MP253DAK3, STM32MP253DAL3, STM32MP253FAI3, STM32MP253FAJ3, STM32MP253FAK3, STM32MP253FAL3, STM32MP255AAI3, STM32MP255AAJ3, STM32MP255AAK3, STM32MP255AAL3, STM32MP255CAI3, STM32MP255CAJ3, STM32MP255CAK3, STM32MP255CAL3, STM32MP255DAI3, STM32MP255DAJ3, STM32MP255DAK3, STM32MP255DAL3, STM32MP255FAI3, STM32MP255FAJ3, STM32MP255FAK3, STM32MP255FAL3, STM32MP257AAI3, STM32MP257AAJ3, STM32MP257AAK3, STM32MP257AAL3, STM32MP257CAI3, STM32MP257CAJ3, STM32MP257CAK3, STM32MP257CAL3, STM32MP257DAI3, STM32MP257DAJ3, STM32MP257DAK3, STM32MP257DAL3, STM32MP257F-DK, STM32MP257F-EV1, STM32MP257FAI3, STM32MP257FAJ3, STM32MP257FAK3, STM32MP257FAL3, STM32N645A0H3Q, STM32N645B0H3Q, STM32N645I0H3Q, STM32N645L0H3Q, STM32N645X0H3Q, STM32N645Z0H3Q, STM32N647A0H3Q, STM32N647B0H3Q, STM32N647I0H3Q, STM32N647L0H3Q, STM32N647X0H3Q, STM32N647Z0H3Q, STM32N655A0H3Q, STM32N655B0H3Q, STM32N655I0H3Q, STM32N655L0H3Q, STM32N655X0H3Q, STM32N655Z0H3Q, STM32N6570-DK, STM32N657A0H3Q, STM32N657B0H3Q, STM32N657I0H3Q, STM32N657L0H3Q, STM32N657X0H3Q, STM32N657Z0H3Q, STM32U031C6T6, STM32U031C6U6, STM32U031C8T6, STM32U031C8U6, STM32U031F4P6, STM32U031F6P6, STM32U031F8P6, STM32U031G6Y6TR, STM32U031G8Y6TR, STM32U031K4U6, STM32U031K6U6, STM32U031K8U6, STM32U031R6I6, STM32U031R6T6, STM32U031R8I6, STM32U031R8T6, STM32U073C8T6, STM32U073C8U6, STM32U073CBT6, STM32U073CBU6, STM32U073CCT6, STM32U073CCU6, STM32U073H8Y6TR, STM32U073HBY6TR, STM32U073HCY6TR, STM32U073K8U6, STM32U073KBU6, STM32U073KCU6, STM32U073M8I6, STM32U073M8T6, STM32U073MBI6, STM32U073MBT6, STM32U073MCI6, STM32U073MCT6, STM32U073R8I6, STM32U073R8T6, STM32U073RBI6, STM32U073RBT6, STM32U073RCI6, STM32U073RCT6, STM32U083C-DK, STM32U083CCT6, STM32U083CCU6, STM32U083HCY6TR, STM32U083KCU6, STM32U083MCI6, STM32U083MCT6, STM32U083RCI6, STM32U083RCT6, STM32U375CET6, STM32U375CET6Q, STM32U375CEU6, STM32U375CEU6Q, STM32U375CEY6QTR, STM32U375CGT6, STM32U375CGT6Q, STM32U375CGU6, STM32U375CGU6Q, STM32U375CGY6QTR, STM32U375KEU6, STM32U375KGU6, STM32U375REI6, STM32U375REI6Q, STM32U375RET6, STM32U375RET6Q, STM32U375REY6GTR, STM32U375REY6QTR, STM32U375RGI6, STM32U375RGI6Q, STM32U375RGT6, STM32U375RGT6Q, STM32U375RGY6GTR, STM32U375RGY6QTR, STM32U375VEI6, STM32U375VEI6Q, STM32U375VET6, STM32U375VET6Q, STM32U375VGI6, STM32U375VGI6Q, STM32U375VGT6, STM32U375VGT6Q, STM32U385CGT6, STM32U385CGT6Q, STM32U385CGU6, STM32U385CGU6Q, STM32U385CGY6QTR, STM32U385KGU6, STM32U385RGI6, STM32U385RGI6Q, STM32U385RGT6, STM32U385RGT6Q, STM32U385RGY6GTR, STM32U385RGY6QTR, STM32U385VGI6, STM32U385VGI6Q, STM32U385VGT6, STM32U385VGT6Q, STM32U535CBT6, STM32U535CBT6Q, STM32U535CBU6, STM32U535CBU6Q, STM32U535CCT6, STM32U535CCT6Q, STM32U535CCU6, STM32U535CCU6Q, STM32U535CET6, STM32U535CET6Q, STM32U535CEU6, STM32U535CEU6Q, STM32U535JEY6QTR, STM32U535NCY6QTR, STM32U535NEY6QTR, STM32U535RBI6, STM32U535RBI6Q, STM32U535RBT6, STM32U535RBT6Q, STM32U535RCI6, STM32U535RCI6Q, STM32U535RCT6, STM32U535RCT6Q, STM32U535REI6, STM32U535REI6Q, STM32U535RET6, STM32U535RET6Q, STM32U535VCI6, STM32U535VCI6Q, STM32U535VCT6, STM32U535VCT6Q, STM32U535VEI6, STM32U535VEI6Q, STM32U535VET6, STM32U535VET6Q, STM32U545CET6, STM32U545CET6Q, STM32U545CEU6, STM32U545CEU6Q, STM32U545JEY6QTR, STM32U545NEY6QTR, STM32U545REI6, STM32U545REI6Q, STM32U545RET6, STM32U545RET6Q, STM32U545VEI6, STM32U545VEI6Q, STM32U545VET6, STM32U545VET6Q, STM32U595AIH6, STM32U595AIH6Q, STM32U595AJH6, STM32U595AJH6Q, STM32U595QII6, STM32U595QII6Q, STM32U595QJI6, STM32U595QJI6Q, STM32U595RIT6, STM32U595RIT6Q, STM32U595RJT6, STM32U595RJT6Q, STM32U595VIT6, STM32U595VIT6Q, STM32U595VJT6, STM32U595VJT6Q, STM32U595ZIT6, STM32U595ZIT6Q, STM32U595ZIY6QTR, STM32U595ZJT6, STM32U595ZJT6Q, STM32U595ZJY6QTR, STM32U599BJY6QTR, STM32U599NIH6Q, STM32U599NJH6Q, STM32U599VIT6Q, STM32U599VJT6, STM32U599VJT6Q, STM32U599ZIT6Q, STM32U599ZIY6QTR, STM32U599ZJT6Q, STM32U599ZJY6QTR, STM32U5A5AJH6, STM32U5A5AJH6Q, STM32U5A5QII3Q , STM32U5A5QJI6, STM32U5A5QJI6Q, STM32U5A5RJT6, STM32U5A5RJT6Q, STM32U5A5VJT6, STM32U5A5VJT6Q, STM32U5A5ZJT6, STM32U5A5ZJT6Q, STM32U5A5ZJY6QTR, STM32U5A9BJY6QTR, STM32U5A9J-DK, STM32U5A9NJH6Q, STM32U5A9VJT6Q, STM32U5A9ZJT6Q, STM32U5A9ZJY6QTR, STM32U5F7VIT6, STM32U5F7VIT6Q, STM32U5F7VJT6, STM32U5F7VJT6Q, STM32U5F9BJY6QTR, STM32U5F9NJH6Q, STM32U5F9VIT6Q, STM32U5F9VJT6Q, STM32U5F9ZIJ6QTR, STM32U5F9ZIT6Q, STM32U5F9ZJJ6QTR, STM32U5F9ZJT6Q, STM32U5G7VJT6, STM32U5G7VJT6Q, STM32U5G9BJY6QTR, STM32U5G9J-DK1, STM32U5G9J-DK2, STM32U5G9NJH6Q, STM32U5G9VJT6Q, STM32U5G9ZJJ6QTR, STM32U5G9ZJT6Q, STM32WB05KZV6TR, STM32WB05KZV7TR, STM32WB05TZF6TR, STM32WB05TZF7TR, STM32WB06CCF6TR, STM32WB06CCF7TR, STM32WB06CCV6TR, STM32WB06CCV7TR, STM32WB06KCV6TR, STM32WB06KCV7TR, STM32WB07CCF6TR, STM32WB07CCF7TR, STM32WB07CCV6TR, STM32WB07CCV7TR, STM32WB07KCV6TR, STM32WB07KCV7TR, STM32WB09KEV6TR, STM32WB09KEV7TR, STM32WB09TEF6TR, STM32WB09TEF7TR, STM32WB1MMCH6, STM32WBA50KGU6, STM32WBA50KGU6TR, STM32WBA52CEU6, STM32WBA52CEU6TR, STM32WBA52CEU7, STM32WBA52CEU7TR, STM32WBA52CGU6, STM32WBA52CGU6TR, STM32WBA52CGU6U, STM32WBA52CGU7, STM32WBA52CGU7TR, STM32WBA52KEU6, STM32WBA52KEU6TR, STM32WBA52KGU6, STM32WBA52KGU6TR, STM32WBA54CEU6, STM32WBA54CEU6TR, STM32WBA54CEU7, STM32WBA54CEU7TR, STM32WBA54CGU6, STM32WBA54CGU6TR, STM32WBA54CGU7, STM32WBA54CGU7TR, STM32WBA54KEU6, STM32WBA54KEU6TR, STM32WBA54KEU7, STM32WBA54KEU7TR, STM32WBA54KGU6, STM32WBA54KGU6TR, STM32WBA54KGU7, STM32WBA54KGU7TR, STM32WBA55CEU6, STM32WBA55CEU6TR, STM32WBA55CEU7, STM32WBA55CEU7TR, STM32WBA55CGU6, STM32WBA55CGU6TR, STM32WBA55CGU6U, STM32WBA55CGU7, STM32WBA55CGU7TR, STM32WBA55G-DK1, STM32WBA55HEF6, STM32WBA55HEF7, STM32WBA55HGF6, STM32WBA55HGF7, STM32WBA55UEI6, STM32WBA55UEI6TR, STM32WBA55UEI7, STM32WBA55UEI7TR, STM32WBA55UGI6, STM32WBA55UGI6TR, STM32WBA55UGI7, STM32WBA55UGI7TR, STM32WBA5MJGH6TR, STM32WBA62CGU6, STM32WBA62CIU6, STM32WBA62MGF6, STM32WBA62MIF6, STM32WBA62PGI6, STM32WBA62PII6, STM32WBA63CGU6, STM32WBA63CGU7, STM32WBA63CIU6, STM32WBA63CIU7, STM32WBA64CGU6, STM32WBA64CGU7, STM32WBA64CIU6, STM32WBA64CIU7, STM32WBA65CGU6, STM32WBA65CGU7, STM32WBA65CIU6, STM32WBA65CIU7, STM32WBA65I-DK1, STM32WBA65MGF6, STM32WBA65MGF7, STM32WBA65MIF6, STM32WBA65MIF7, STM32WBA65PGI6, STM32WBA65PGI7, STM32WBA65PII6, STM32WBA65PII7, STM32WBA65RGV6, STM32WBA65RGV7, STM32WBA65RIV6, STM32WBA65RIV7, STM32WL30K8V6, STM32WL30KBV6, STM32WL31C8V6, STM32WL31CBV6, STM32WL31K8V6, STM32WL31KBV6, STM32WL33C8V6, STM32WL33C8V6TR, STM32WL33C8V7, STM32WL33C8V7TR, STM32WL33CBV6, STM32WL33CBV6TR, STM32WL33CBV7, STM32WL33CBV7TR, STM32WL33CCV6, STM32WL33CCV6TR, STM32WL33CCV7, STM32WL33CCV7A, STM32WL33CCV7ATR, STM32WL33CCV7TR, STM32WL33K8V6, STM32WL33K8V6TR, STM32WL33K8V7, STM32WL33K8V7TR, STM32WL33KBV6, STM32WL33KBV6TR, STM32WL33KBV7, STM32WL33KBV7TR, STM32WL33KCV6, STM32WL33KCV6TR, STM32WL33KCV7, STM32WL33KCV7TR, STM32WL5MOCH6, STM32WL5MOCH6TR]
2025-08-04 20:21:07,367 [INFO] DbMcus:218 - Found 4686 MCUs, 4686 are supported
2025-08-04 20:21:07,371 [INFO] ApiDb:423 - Load user favorites file C:\Users\pwlub/.stm32cubeide/favorites.mcus.txt: 0 item(s)
2025-08-04 20:21:07,371 [INFO] ApiDb:427 - User favorites MCUs=[]
2025-08-04 20:21:07,371 [INFO] DbMcus:224 - Set 0 / 0 favorites MCUs
2025-08-04 20:21:08,491 [INFO] ApiDb:414 - User favorites file not found: C:\Users\pwlub/.stm32cubeide/favorites.boards.txt
2025-08-04 20:21:08,491 [INFO] DbBoards:198 - Set 0 / 0 favorites Boards
2025-08-04 20:21:08,573 [INFO] UtilMem:75 - End LoadConfig() Used Memory: 949133288 Bytes (1073741824)
2025-08-04 20:21:08,810 [WARN] ThirdParty:833 - waiting for thirdparty lock release [change project]
2025-08-04 20:21:08,811 [INFO] ThirdParty:835 - entering critical section [change project]
2025-08-04 20:21:08,812 [INFO] ThirdParty:1030 - CMSIS Pack Vendor :STMicroelectronics X-CUBE-PM33A1 1.0.0
2025-08-04 20:21:08,812 [INFO] ThirdParty:1030 - CMSIS Pack Vendor :STMicroelectronics USBPD 4.1
2025-08-04 20:21:08,812 [INFO] ThirdParty:1030 - CMSIS Pack Vendor :STMicroelectronics X-CUBE-AZRTOS-H7 3.3.0
2025-08-04 20:21:08,812 [INFO] ThirdParty:1030 - CMSIS Pack Vendor :STMicroelectronics X-CUBE-NFC9 1.0.0
2025-08-04 20:21:08,813 [INFO] ThirdParty:1030 - CMSIS Pack Vendor :STMicroelectronics USB_HOST 2.0.0
2025-08-04 20:21:08,813 [INFO] ThirdParty:1030 - CMSIS Pack Vendor :STMicroelectronics FP-SNS-MOTENVWB1 1.4.0
2025-08-04 20:21:08,813 [INFO] ThirdParty:1030 - CMSIS Pack Vendor :STMicroelectronics X-CUBE-AZRTOS-F4 1.1.0
2025-08-04 20:21:08,813 [INFO] ThirdParty:1030 - CMSIS Pack Vendor :STMicroelectronics LIBJPEG 8.0.0
2025-08-04 20:21:08,813 [INFO] ThirdParty:1030 - CMSIS Pack Vendor :STMicroelectronics FP-ATR-ASTRA1 2.0.2
2025-08-04 20:21:08,813 [INFO] ThirdParty:1030 - CMSIS Pack Vendor :STMicroelectronics X-CUBE-BLE1 7.1.0
2025-08-04 20:21:08,813 [INFO] ThirdParty:1030 - CMSIS Pack Vendor :Avnet-IotConnect X-CUBE-IoTC-DA16k-PMOD 1.0.0
2025-08-04 20:21:08,813 [INFO] ThirdParty:1030 - CMSIS Pack Vendor :STMicroelectronics X-CUBE-SMBUS 2.1.0
2025-08-04 20:21:08,813 [INFO] ThirdParty:1030 - CMSIS Pack Vendor :STMicroelectronics X-CUBE-WB05N 1.1.0
2025-08-04 20:21:08,813 [INFO] ThirdParty:1030 - CMSIS Pack Vendor :STMicroelectronics USB_DEVICE 3.0.0
2025-08-04 20:21:08,813 [INFO] ThirdParty:1030 - CMSIS Pack Vendor :STMicroelectronics X-CUBE-ISPU 2.1.0
2025-08-04 20:21:08,813 [INFO] ThirdParty:1030 - CMSIS Pack Vendor :STMicroelectronics X-CUBE-EEPRMA1 5.2.0
2025-08-04 20:21:08,813 [INFO] ThirdParty:1030 - CMSIS Pack Vendor :STMicroelectronics X-CUBE-BLEMGR 4.1.0
2025-08-04 20:21:08,814 [INFO] ThirdParty:1030 - CMSIS Pack Vendor :STMicroelectronics X-CUBE-AZRTOS-WB 2.0.0
2025-08-04 20:21:08,814 [INFO] ThirdParty:1030 - CMSIS Pack Vendor :STMicroelectronics X-CUBE-ST60 1.0.0
2025-08-04 20:21:08,814 [INFO] ThirdParty:1030 - CMSIS Pack Vendor :STMicroelectronics X-CUBE-GNSS1 7.0.1
2025-08-04 20:21:08,814 [INFO] ThirdParty:1030 - CMSIS Pack Vendor :STMicroelectronics X-CUBE-NFC12 1.0.0
2025-08-04 20:21:08,814 [INFO] ThirdParty:1030 - CMSIS Pack Vendor :STMicroelectronics X-CUBE-AZRTOS-F7 1.1.0
2025-08-04 20:21:08,814 [INFO] ThirdParty:1030 - CMSIS Pack Vendor :STMicroelectronics X-CUBE-AZRTOS-L5 2.0.0
2025-08-04 20:21:08,814 [INFO] ThirdParty:1030 - CMSIS Pack Vendor :STMicroelectronics X-CUBE-TOUCHGFX 4.25.0
2025-08-04 20:21:08,814 [INFO] ThirdParty:1030 - CMSIS Pack Vendor :STMicroelectronics USB_DEVICE 2.0.0
2025-08-04 20:21:08,814 [INFO] ThirdParty:1030 - CMSIS Pack Vendor :STMicroelectronics X-CUBE-NFC6 3.1.0
2025-08-04 20:21:08,814 [INFO] ThirdParty:1030 - CMSIS Pack Vendor :STMicroelectronics X-CUBE-AI 10.1.0
2025-08-04 20:21:08,814 [INFO] ThirdParty:1030 - CMSIS Pack Vendor :STMicroelectronics FP-SNS-STBOX1 2.0.0
2025-08-04 20:21:08,814 [INFO] ThirdParty:1030 - CMSIS Pack Vendor :STMicroelectronics X-CUBE-MEMS1 11.2.0
2025-08-04 20:21:08,814 [INFO] ThirdParty:1030 - CMSIS Pack Vendor :STMicroelectronics FreeRTOS 0.0.1
2025-08-04 20:21:08,814 [INFO] ThirdParty:1030 - CMSIS Pack Vendor :STMicroelectronics X-CUBE-AZRTOS-G0 1.1.0
2025-08-04 20:21:08,814 [INFO] ThirdParty:1030 - CMSIS Pack Vendor :STMicroelectronics X-CUBE-SAFEA1 1.2.2
2025-08-04 20:21:08,814 [INFO] ThirdParty:1030 - CMSIS Pack Vendor :STMicroelectronics X-CUBE-NFC4 3.0.0
2025-08-04 20:21:08,814 [INFO] ThirdParty:1030 - CMSIS Pack Vendor :STMicroelectronics X-CUBE-DPower 1.2.0
2025-08-04 20:21:08,814 [INFO] ThirdParty:1030 - CMSIS Pack Vendor :STMicroelectronics X-CUBE-SUBG2 5.0.0
2025-08-04 20:21:08,815 [INFO] ThirdParty:1030 - CMSIS Pack Vendor :STMicroelectronics STM32_WPAN 1.0.0
2025-08-04 20:21:08,815 [INFO] ThirdParty:1030 - CMSIS Pack Vendor :EmbeddedOffice I-CUBE-FS-RTOS 1.0.1
2025-08-04 20:21:08,815 [INFO] ThirdParty:1030 - CMSIS Pack Vendor :STMicroelectronics lwIP 2.0.3
2025-08-04 20:21:08,815 [INFO] ThirdParty:1030 - CMSIS Pack Vendor :Cesanta I-CUBE-Mongoose 7.13.0
2025-08-04 20:21:08,815 [INFO] ThirdParty:1030 - CMSIS Pack Vendor :STMicroelectronics USB_HOST 1.0.0
2025-08-04 20:21:08,815 [INFO] ThirdParty:1030 - CMSIS Pack Vendor :Infineon AIROC-Wi-Fi-Bluetooth-STM32 1.7.0
2025-08-04 20:21:08,815 [INFO] ThirdParty:1030 - CMSIS Pack Vendor :STMicroelectronics X-CUBE-AZRTOS-G4 2.0.0
2025-08-04 20:21:08,815 [INFO] ThirdParty:1030 - CMSIS Pack Vendor :STMicroelectronics X-CUBE-WB05N 2.0.0
2025-08-04 20:21:08,815 [INFO] ThirdParty:1030 - CMSIS Pack Vendor :STMicroelectronics PDM2PCM 3.1.0
2025-08-04 20:21:08,815 [INFO] ThirdParty:1030 - CMSIS Pack Vendor :STMicroelectronics PDM2PCM 3.3.0
2025-08-04 20:21:08,815 [INFO] ThirdParty:1030 - CMSIS Pack Vendor :wolfSSL I-CUBE-wolfTPM 3.8.0
2025-08-04 20:21:08,815 [INFO] ThirdParty:1030 - CMSIS Pack Vendor :STMicroelectronics X-CUBE-AZRTOS-H7 3.4.0
2025-08-04 20:21:08,815 [INFO] ThirdParty:1030 - CMSIS Pack Vendor :STMicroelectronics X-CUBE-DISPLAY 3.0.0
2025-08-04 20:21:08,815 [INFO] ThirdParty:1030 - CMSIS Pack Vendor :wolfSSL I-CUBE-wolfSSH 1.4.20
2025-08-04 20:21:08,815 [INFO] ThirdParty:1030 - CMSIS Pack Vendor :STMicroelectronics X-CUBE-NFC7 2.0.0
2025-08-04 20:21:08,815 [INFO] ThirdParty:1030 - CMSIS Pack Vendor :STMicroelectronics X-CUBE-TCPP 4.2.0
2025-08-04 20:21:08,815 [INFO] ThirdParty:1030 - CMSIS Pack Vendor :RealThread X-CUBE-RT-Thread_Nano 4.1.1
2025-08-04 20:21:08,816 [INFO] ThirdParty:1030 - CMSIS Pack Vendor :STMicroelectronics FP-ATR-SIGFOX1 3.2.0
2025-08-04 20:21:08,816 [INFO] ThirdParty:1030 - CMSIS Pack Vendor :STMicroelectronics X-CUBE-NFC10 1.0.0
2025-08-04 20:21:08,816 [INFO] ThirdParty:1030 - CMSIS Pack Vendor :STMicroelectronics X-CUBE-BLEMGR 4.0.0
2025-08-04 20:21:08,816 [INFO] ThirdParty:1030 - CMSIS Pack Vendor :STMicroelectronics X-CUBE-EEPRMA1 5.1.0
2025-08-04 20:21:08,816 [INFO] ThirdParty:1030 - CMSIS Pack Vendor :STMicroelectronics X-CUBE-FREERTOS 1.3.1
2025-08-04 20:21:08,816 [INFO] ThirdParty:1030 - CMSIS Pack Vendor :STMicroelectronics HAL Drivers 0.0.0
2025-08-04 20:21:08,816 [INFO] ThirdParty:1030 - CMSIS Pack Vendor :STMicroelectronics MBEDTLS 2.16.2
2025-08-04 20:21:08,816 [INFO] ThirdParty:1030 - CMSIS Pack Vendor :STMicroelectronics X-CUBE-IPS 3.1.0
2025-08-04 20:21:08,819 [INFO] ThirdParty:1030 - CMSIS Pack Vendor :STMicroelectronics X-CUBE-ALS 1.0.2
2025-08-04 20:21:08,819 [INFO] ThirdParty:1030 - CMSIS Pack Vendor :emotas I-CUBE-CANOPEN 1.3.0
2025-08-04 20:21:08,819 [INFO] ThirdParty:1030 - CMSIS Pack Vendor :STMicroelectronics X-CUBE-FREERTOS 1.3.0
2025-08-04 20:21:08,819 [INFO] ThirdParty:1030 - CMSIS Pack Vendor :STMicroelectronics X-CUBE-NFC7 1.0.1
2025-08-04 20:21:08,820 [INFO] ThirdParty:1030 - CMSIS Pack Vendor :STMicroelectronics MBEDTLS 2.14.1
2025-08-04 20:21:08,820 [INFO] ThirdParty:1030 - CMSIS Pack Vendor :ITTIA_DB I-CUBE-ITTIADB 8.9.0
2025-08-04 20:21:08,820 [INFO] ThirdParty:1030 - CMSIS Pack Vendor :portGmbH I-Cube-SoM-uGOAL 1.1.0
2025-08-04 20:21:08,820 [INFO] ThirdParty:1030 - CMSIS Pack Vendor :quantropi X-CUBE-qispace-sdk-base 2.0.0
2025-08-04 20:21:08,820 [INFO] ThirdParty:1030 - CMSIS Pack Vendor :STMicroelectronics X-CUBE-AI 10.0.0
2025-08-04 20:21:08,820 [INFO] ThirdParty:1030 - CMSIS Pack Vendor :STMicroelectronics X-CUBE-ST67W61 1.0.0
2025-08-04 20:21:08,820 [INFO] ThirdParty:1030 - CMSIS Pack Vendor :STMicroelectronics FP-SNS-STAIOTCFT 1.0.0
2025-08-04 20:21:08,820 [INFO] ThirdParty:1030 - CMSIS Pack Vendor :STMicroelectronics ThreadX 1.0.0
2025-08-04 20:21:08,821 [INFO] ThirdParty:1030 - CMSIS Pack Vendor :STMicroelectronics FP-SNS-SMARTAG2 1.2.0
2025-08-04 20:21:08,821 [INFO] ThirdParty:1030 - CMSIS Pack Vendor :STMicroelectronics FP-SNS-FLIGHT1 5.1.0
2025-08-04 20:21:08,821 [INFO] ThirdParty:1030 - CMSIS Pack Vendor :STMicroelectronics X-CUBE-MEMS1 11.1.0
2025-08-04 20:21:08,821 [INFO] ThirdParty:1030 - CMSIS Pack Vendor :STMicroelectronics X-CUBE-AZRTOS-WL 2.0.0
2025-08-04 20:21:08,821 [INFO] ThirdParty:1030 - CMSIS Pack Vendor :SEGGER I-CUBE-embOS 1.3.1
2025-08-04 20:21:08,821 [INFO] ThirdParty:1030 - CMSIS Pack Vendor :STMicroelectronics X-CUBE-ALGOBUILD 1.4.0
2025-08-04 20:21:08,821 [INFO] ThirdParty:1030 - CMSIS Pack Vendor :STMicroelectronics X-CUBE-MEMS1 11.3.0
2025-08-04 20:21:08,821 [INFO] ThirdParty:1030 - CMSIS Pack Vendor :STMicroelectronics FP-SNS-MOTENV1 5.0.0
2025-08-04 20:21:08,821 [INFO] ThirdParty:1030 - CMSIS Pack Vendor :STMicroelectronics USB_DEVICE 1.0.0
2025-08-04 20:21:08,821 [INFO] ThirdParty:1030 - CMSIS Pack Vendor :STMicroelectronics X-CUBE-AZRTOS-H7RS 1.0.0
2025-08-04 20:21:08,821 [INFO] ThirdParty:1030 - CMSIS Pack Vendor :STMicroelectronics X-CUBE-AZRTOS-L4 2.0.0
2025-08-04 20:21:08,822 [INFO] ThirdParty:1030 - CMSIS Pack Vendor :STMicroelectronics ThreadX 0.0.2
2025-08-04 20:21:08,822 [INFO] ThirdParty:1030 - CMSIS Pack Vendor :WES I-CUBE-Cesium 1.3.0
2025-08-04 20:21:08,822 [INFO] ThirdParty:1030 - CMSIS Pack Vendor :STMicroelectronics lwIP 2.1.2
2025-08-04 20:21:08,822 [INFO] ThirdParty:1030 - CMSIS Pack Vendor :STMicroelectronics X-CUBE-SFXS2LP1 4.0.0
2025-08-04 20:21:08,822 [INFO] ThirdParty:1030 - CMSIS Pack Vendor :STMicroelectronics X-CUBE-BLE2 3.3.0
2025-08-04 20:21:08,822 [INFO] ThirdParty:1030 - CMSIS Pack Vendor :STMicroelectronics X-CUBE-TOF1 3.4.2
2025-08-04 20:21:08,822 [INFO] ThirdParty:1030 - CMSIS Pack Vendor :STMicroelectronics X-CUBE-TOF1 3.4.3
2025-08-04 20:21:08,822 [INFO] ThirdParty:1030 - CMSIS Pack Vendor :STMicroelectronics PDM2PCM 3.2.0
2025-08-04 20:21:08,822 [INFO] ThirdParty:841 - exiting critical section [change project]
2025-08-04 20:21:10,518 [INFO] PinOutPanel:1589 - setPackage(No Configuration,No Configuration)
2025-08-04 20:21:10,521 [INFO] PinOutPanel:1589 - setPackage(STM32G473RCTx,LQFP64)
2025-08-04 20:21:13,240 [INFO] UtilMem:75 - Before build in PCC Used Memory: 801636352 Bytes (1073741824)
2025-08-04 20:21:16,363 [INFO] UtilMem:75 - After build in PCC Used Memory: 986029888 Bytes (1073741824)
2025-08-04 20:21:16,504 [INFO] ApiDbMcu:508 - Load IP Config File for FREERTOS
2025-08-04 20:21:16,665 [INFO] IPUIPlugin:80 - create IPUIPlugin
2025-08-04 20:21:16,666 [INFO] IPUIPlugin:80 - create IPUIPlugin
2025-08-04 20:21:16,668 [INFO] IPUIPlugin:80 - create IPUIPlugin
2025-08-04 20:21:16,668 [INFO] IPUIPlugin:80 - create IPUIPlugin
2025-08-04 20:21:16,668 [INFO] IPUIPlugin:80 - create IPUIPlugin
2025-08-04 20:21:16,668 [INFO] IPUIPlugin:80 - create IPUIPlugin
2025-08-04 20:21:16,668 [INFO] IPUIPlugin:80 - create IPUIPlugin
2025-08-04 20:21:16,669 [INFO] IPUIPlugin:80 - create IPUIPlugin
2025-08-04 20:21:16,669 [INFO] IPUIPlugin:80 - create IPUIPlugin
2025-08-04 20:21:16,669 [INFO] IPUIPlugin:80 - create IPUIPlugin
2025-08-04 20:21:16,669 [INFO] IPUIPlugin:80 - create IPUIPlugin
2025-08-04 20:21:16,669 [INFO] IPUIPlugin:80 - create IPUIPlugin
2025-08-04 20:21:16,670 [INFO] IPUIPlugin:80 - create IPUIPlugin
2025-08-04 20:21:16,670 [INFO] IPUIPlugin:80 - create IPUIPlugin
2025-08-04 20:21:16,671 [INFO] IPUIPlugin:80 - create IPUIPlugin
2025-08-04 20:21:16,671 [INFO] IPUIPlugin:80 - create IPUIPlugin
2025-08-04 20:21:16,672 [INFO] IPUIPlugin:80 - create IPUIPlugin
2025-08-04 20:21:16,672 [INFO] IPUIPlugin:80 - create IPUIPlugin
2025-08-04 20:21:16,673 [INFO] IPUIPlugin:80 - create IPUIPlugin
2025-08-04 20:21:16,673 [INFO] IPUIPlugin:80 - create IPUIPlugin
2025-08-04 20:21:16,673 [INFO] IPUIPlugin:80 - create IPUIPlugin
2025-08-04 20:21:16,673 [INFO] IPUIPlugin:80 - create IPUIPlugin
2025-08-04 20:21:16,673 [INFO] IPUIPlugin:80 - create IPUIPlugin
2025-08-04 20:21:16,674 [INFO] IPUIPlugin:80 - create IPUIPlugin
2025-08-04 20:21:16,674 [INFO] IPUIPlugin:80 - create IPUIPlugin
2025-08-04 20:21:16,674 [INFO] IPUIPlugin:80 - create IPUIPlugin
2025-08-04 20:21:16,675 [INFO] IPUIPlugin:80 - create IPUIPlugin
2025-08-04 20:21:16,675 [INFO] IPUIPlugin:80 - create IPUIPlugin
2025-08-04 20:21:16,676 [INFO] IPUIPlugin:80 - create IPUIPlugin
2025-08-04 20:21:16,676 [INFO] IPUIPlugin:80 - create IPUIPlugin
2025-08-04 20:21:16,676 [INFO] IPUIPlugin:80 - create IPUIPlugin
2025-08-04 20:21:16,676 [INFO] IPUIPlugin:80 - create IPUIPlugin
2025-08-04 20:21:16,677 [INFO] IPUIPlugin:80 - create IPUIPlugin
2025-08-04 20:21:16,677 [INFO] IPUIPlugin:80 - create IPUIPlugin
2025-08-04 20:21:16,678 [INFO] IPUIPlugin:80 - create IPUIPlugin
2025-08-04 20:21:16,679 [INFO] IPUIPlugin:80 - create IPUIPlugin
2025-08-04 20:21:16,679 [INFO] IPUIPlugin:80 - create IPUIPlugin
2025-08-04 20:21:16,680 [INFO] IPUIPlugin:80 - create IPUIPlugin
2025-08-04 20:21:16,680 [INFO] IPUIPlugin:80 - create IPUIPlugin
2025-08-04 20:21:16,681 [INFO] IPUIPlugin:80 - create IPUIPlugin
2025-08-04 20:21:16,681 [INFO] IPUIPlugin:80 - create IPUIPlugin
2025-08-04 20:21:16,681 [INFO] IPUIPlugin:80 - create IPUIPlugin
2025-08-04 20:21:16,682 [INFO] IPUIPlugin:80 - create IPUIPlugin
2025-08-04 20:21:16,682 [INFO] IPUIPlugin:80 - create IPUIPlugin
2025-08-04 20:21:16,683 [INFO] IPUIPlugin:80 - create IPUIPlugin
2025-08-04 20:21:16,683 [INFO] IPUIPlugin:80 - create IPUIPlugin
2025-08-04 20:21:16,684 [INFO] IPUIPlugin:80 - create IPUIPlugin
2025-08-04 20:21:16,684 [INFO] IPUIPlugin:80 - create IPUIPlugin
2025-08-04 20:21:16,685 [INFO] IPUIPlugin:80 - create IPUIPlugin
2025-08-04 20:21:16,685 [INFO] IPUIPlugin:80 - create IPUIPlugin
2025-08-04 20:21:16,686 [INFO] IPUIPlugin:80 - create IPUIPlugin
2025-08-04 20:21:16,686 [INFO] IPUIPlugin:80 - create IPUIPlugin
2025-08-04 20:21:16,687 [INFO] IPUIPlugin:80 - create IPUIPlugin
2025-08-04 20:21:16,688 [INFO] IPUIPlugin:80 - create IPUIPlugin
2025-08-04 20:21:16,688 [INFO] IPUIPlugin:80 - create IPUIPlugin
2025-08-04 20:21:16,689 [INFO] IPUIPlugin:80 - create IPUIPlugin
2025-08-04 20:21:16,689 [INFO] IPUIPlugin:80 - create IPUIPlugin
2025-08-04 20:21:16,690 [INFO] IPUIPlugin:80 - create IPUIPlugin
2025-08-04 20:21:16,690 [INFO] IPUIPlugin:80 - create IPUIPlugin
2025-08-04 20:21:16,691 [INFO] IPUIPlugin:80 - create IPUIPlugin
2025-08-04 20:21:16,691 [INFO] IPUIPlugin:80 - create IPUIPlugin
2025-08-04 20:21:16,692 [INFO] IPUIPlugin:80 - create IPUIPlugin
2025-08-04 20:21:16,692 [INFO] IPUIPlugin:80 - create IPUIPlugin
2025-08-04 20:21:16,693 [INFO] IPUIPlugin:80 - create IPUIPlugin
2025-08-04 20:21:16,694 [INFO] IPUIPlugin:80 - create IPUIPlugin
2025-08-04 20:21:16,695 [INFO] IPUIPlugin:80 - create IPUIPlugin
2025-08-04 20:21:16,696 [INFO] IPUIPlugin:80 - create IPUIPlugin
2025-08-04 20:21:16,697 [INFO] IPUIPlugin:80 - create IPUIPlugin
2025-08-04 20:21:16,698 [INFO] IPUIPlugin:80 - create IPUIPlugin
2025-08-04 20:21:16,699 [INFO] IPUIPlugin:80 - create IPUIPlugin
2025-08-04 20:21:16,700 [INFO] IPUIPlugin:80 - create IPUIPlugin
2025-08-04 20:21:16,701 [INFO] IPUIPlugin:80 - create IPUIPlugin
2025-08-04 20:21:16,702 [INFO] IPUIPlugin:80 - create IPUIPlugin
2025-08-04 20:21:16,703 [INFO] IPUIPlugin:80 - create IPUIPlugin
2025-08-04 20:21:16,704 [INFO] IPUIPlugin:80 - create IPUIPlugin
2025-08-04 20:21:16,705 [INFO] IPUIPlugin:80 - create IPUIPlugin
2025-08-04 20:21:16,724 [WARN] IP:2250 - MessageRAMOffset not found: check if there is a RefParameter without a condition.
2025-08-04 20:21:16,725 [WARN] IP:2250 - RxFifo0ElmtsNbr not found: check if there is a RefParameter without a condition.
2025-08-04 20:21:16,725 [WARN] IP:2250 - RxFifo0ElmtSize not found: check if there is a RefParameter without a condition.
2025-08-04 20:21:16,725 [WARN] IP:2250 - RxFifo1ElmtsNbr not found: check if there is a RefParameter without a condition.
2025-08-04 20:21:16,725 [WARN] IP:2250 - RxFifo1ElmtSize not found: check if there is a RefParameter without a condition.
2025-08-04 20:21:16,725 [WARN] IP:2250 - RxBuffersNbr not found: check if there is a RefParameter without a condition.
2025-08-04 20:21:16,725 [WARN] IP:2250 - RxBufferSize not found: check if there is a RefParameter without a condition.
2025-08-04 20:21:16,725 [WARN] IP:2250 - TxEventsNbr not found: check if there is a RefParameter without a condition.
2025-08-04 20:21:16,725 [WARN] IP:2250 - TxBuffersNbr not found: check if there is a RefParameter without a condition.
2025-08-04 20:21:16,725 [WARN] IP:2250 - TxFifoQueueElmtsNbr not found: check if there is a RefParameter without a condition.
2025-08-04 20:21:16,726 [WARN] IP:2250 - TxElmtSize not found: check if there is a RefParameter without a condition.
2025-08-04 20:21:16,726 [WARN] IP:2250 - ClockCalibrationCCU not found: check if there is a RefParameter without a condition.
2025-08-04 20:21:16,726 [WARN] IP:2250 - ClockDividerCCU not found: check if there is a RefParameter without a condition.
2025-08-04 20:21:16,726 [WARN] IP:2250 - MinOscClkPeriodsCCU not found: check if there is a RefParameter without a condition.
2025-08-04 20:21:16,726 [WARN] IP:2250 - TimeQuantaPerBitTimeCCU not found: check if there is a RefParameter without a condition.
2025-08-04 20:21:16,726 [WARN] IP:2250 - WatchdogStartValueCCU not found: check if there is a RefParameter without a condition.
2025-08-04 20:21:16,736 [INFO] LogOutputStream:77 - [STDOUT_REDIRECT] Nominal 
2025-08-04 20:21:16,737 [INFO] Can:71 - Can Add PropertyChangeListener com.st.microxplorer.plugins.ip.can.Can@594db18e
2025-08-04 20:21:16,804 [WARN] FreeRTOS:1023 - Null or empty value: should not occur! (nothing added to the table)
2025-08-04 20:21:17,288 [INFO] CADModel:165 - CPN selected for project levelSTM32G473RCT6
2025-08-04 20:21:17,288 [INFO] CADModel:114 - Register for checkConnection events
2025-08-04 20:21:17,293 [INFO] RtosManager:725 - Active RTOS found at IOC load: FREERTOS [Cortex-M4NS]
2025-08-04 20:21:17,380 [INFO] OpenFileManager:385 - Restore cursor
2025-08-04 20:21:18,033 [WARN] IP:2250 - MessageRAMOffset not found: check if there is a RefParameter without a condition.
2025-08-04 20:21:18,033 [WARN] IP:2250 - RxFifo0ElmtsNbr not found: check if there is a RefParameter without a condition.
2025-08-04 20:21:18,033 [WARN] IP:2250 - RxFifo0ElmtSize not found: check if there is a RefParameter without a condition.
2025-08-04 20:21:18,033 [WARN] IP:2250 - RxFifo1ElmtsNbr not found: check if there is a RefParameter without a condition.
2025-08-04 20:21:18,034 [WARN] IP:2250 - RxFifo1ElmtSize not found: check if there is a RefParameter without a condition.
2025-08-04 20:21:18,034 [WARN] IP:2250 - RxBuffersNbr not found: check if there is a RefParameter without a condition.
2025-08-04 20:21:18,034 [WARN] IP:2250 - RxBufferSize not found: check if there is a RefParameter without a condition.
2025-08-04 20:21:18,034 [WARN] IP:2250 - TxEventsNbr not found: check if there is a RefParameter without a condition.
2025-08-04 20:21:18,034 [WARN] IP:2250 - TxBuffersNbr not found: check if there is a RefParameter without a condition.
2025-08-04 20:21:18,034 [WARN] IP:2250 - TxFifoQueueElmtsNbr not found: check if there is a RefParameter without a condition.
2025-08-04 20:21:18,034 [WARN] IP:2250 - TxElmtSize not found: check if there is a RefParameter without a condition.
2025-08-04 20:21:18,034 [WARN] IP:2250 - ClockCalibrationCCU not found: check if there is a RefParameter without a condition.
2025-08-04 20:21:18,034 [WARN] IP:2250 - ClockDividerCCU not found: check if there is a RefParameter without a condition.
2025-08-04 20:21:18,034 [WARN] IP:2250 - MinOscClkPeriodsCCU not found: check if there is a RefParameter without a condition.
2025-08-04 20:21:18,035 [WARN] IP:2250 - TimeQuantaPerBitTimeCCU not found: check if there is a RefParameter without a condition.
2025-08-04 20:21:18,035 [WARN] IP:2250 - WatchdogStartValueCCU not found: check if there is a RefParameter without a condition.
2025-08-04 20:21:57,310 [INFO] UtilMem:75 - End SaveConfig() Used Memory: 937953280 Bytes (1073741824)
2025-08-04 20:21:58,964 [INFO] BlockDiagram:2775 - set Specific Code input for plugin: SPI
2025-08-04 20:21:58,964 [INFO] BlockDiagram:2775 - set Specific Code input for plugin: FREERTOS
2025-08-04 20:21:58,964 [INFO] BlockDiagram:2775 - set Specific Code input for plugin: IWDG
2025-08-04 20:21:58,965 [INFO] BlockDiagram:2775 - set Specific Code input for plugin: DAC
2025-08-04 20:21:58,965 [INFO] BlockDiagram:2775 - set Specific Code input for plugin: ADC
2025-08-04 20:21:58,965 [INFO] BlockDiagram:2775 - set Specific Code input for plugin: SYS
2025-08-04 20:21:58,965 [INFO] BlockDiagram:2775 - set Specific Code input for plugin: ADC
2025-08-04 20:21:58,965 [INFO] BlockDiagram:2775 - set Specific Code input for plugin: RCC
2025-08-04 20:21:58,965 [INFO] BlockDiagram:2775 - set Specific Code input for plugin: I2C
2025-08-04 20:21:58,965 [INFO] BlockDiagram:2775 - set Specific Code input for plugin: I2C
2025-08-04 20:21:58,965 [INFO] BlockDiagram:2775 - set Specific Code input for plugin: I2C
2025-08-04 20:21:58,965 [INFO] BlockDiagram:2775 - set Specific Code input for plugin: NVIC
2025-08-04 20:21:58,965 [INFO] BlockDiagram:2775 - set Specific Code input for plugin: USART
2025-08-04 20:21:58,965 [INFO] BlockDiagram:2775 - set Specific Code input for plugin: DMA
2025-08-04 20:21:58,973 [INFO] BlockDiagram:2775 - set Specific Code input for plugin: GPIO
2025-08-04 20:21:58,973 [INFO] BlockDiagram:2775 - set Specific Code input for plugin: FDCAN
2025-08-04 20:21:58,975 [INFO] CodeGenerator:882 - code generatio: config db path: C:\ST\STM32CubeIDE_1.18.0\STM32CubeIDE\plugins\com.st.stm32cube.common.mx_6.14.0.202502271554\\db\
2025-08-04 20:21:59,092 [WARN] IP:2250 - MessageRAMOffset not found: check if there is a RefParameter without a condition.
2025-08-04 20:21:59,092 [WARN] IP:2250 - RxFifo0ElmtsNbr not found: check if there is a RefParameter without a condition.
2025-08-04 20:21:59,092 [WARN] IP:2250 - RxFifo0ElmtSize not found: check if there is a RefParameter without a condition.
2025-08-04 20:21:59,092 [WARN] IP:2250 - RxFifo1ElmtsNbr not found: check if there is a RefParameter without a condition.
2025-08-04 20:21:59,092 [WARN] IP:2250 - RxFifo1ElmtSize not found: check if there is a RefParameter without a condition.
2025-08-04 20:21:59,092 [WARN] IP:2250 - RxBuffersNbr not found: check if there is a RefParameter without a condition.
2025-08-04 20:21:59,092 [WARN] IP:2250 - RxBufferSize not found: check if there is a RefParameter without a condition.
2025-08-04 20:21:59,093 [WARN] IP:2250 - TxEventsNbr not found: check if there is a RefParameter without a condition.
2025-08-04 20:21:59,093 [WARN] IP:2250 - TxBuffersNbr not found: check if there is a RefParameter without a condition.
2025-08-04 20:21:59,093 [WARN] IP:2250 - TxFifoQueueElmtsNbr not found: check if there is a RefParameter without a condition.
2025-08-04 20:21:59,093 [WARN] IP:2250 - TxElmtSize not found: check if there is a RefParameter without a condition.
2025-08-04 20:21:59,093 [WARN] IP:2250 - ClockCalibrationCCU not found: check if there is a RefParameter without a condition.
2025-08-04 20:21:59,093 [WARN] IP:2250 - ClockDividerCCU not found: check if there is a RefParameter without a condition.
2025-08-04 20:21:59,093 [WARN] IP:2250 - MinOscClkPeriodsCCU not found: check if there is a RefParameter without a condition.
2025-08-04 20:21:59,093 [WARN] IP:2250 - TimeQuantaPerBitTimeCCU not found: check if there is a RefParameter without a condition.
2025-08-04 20:21:59,093 [WARN] IP:2250 - WatchdogStartValueCCU not found: check if there is a RefParameter without a condition.
2025-08-04 20:21:59,694 [INFO] CodeEngine:263 - oldGeneratedFile, C:\Users\pwlub\Desktop\PUTM_EV_REARBOX_2024\firmware\MXTmpFiles\license.tmp_save
2025-08-04 20:22:00,721 [INFO] CodeEngine:287 - Generated code: C:\Users\pwlub\Desktop\PUTM_EV_REARBOX_2024\firmware\MXTmpFiles\license.tmp
2025-08-04 20:22:01,281 [INFO] CodeEngine:263 - oldGeneratedFile, C:\Users\pwlub\Desktop\PUTM_EV_REARBOX_2024\firmware\Core\Src\gpio.c_save
2025-08-04 20:22:01,852 [INFO] CodeEngine:287 - Generated code: C:\Users\pwlub\Desktop\PUTM_EV_REARBOX_2024\firmware\Core\Src\gpio.c
2025-08-04 20:22:01,888 [INFO] CodeEngine:263 - oldGeneratedFile, C:\Users\pwlub\Desktop\PUTM_EV_REARBOX_2024\firmware\Core\Inc\gpio.h_save
2025-08-04 20:22:02,143 [INFO] CodeEngine:287 - Generated code: C:\Users\pwlub\Desktop\PUTM_EV_REARBOX_2024\firmware\Core\Inc\gpio.h
2025-08-04 20:22:07,140 [INFO] Middleware:1452 - No code input for Bsp Dependency
2025-08-04 20:22:07,156 [INFO] CodeEngine:263 - oldGeneratedFile, C:\Users\pwlub\Desktop\PUTM_EV_REARBOX_2024\firmware\MXTmpFiles\rtos_inc.tmp_save
2025-08-04 20:22:07,426 [INFO] CodeEngine:287 - Generated code: C:\Users\pwlub\Desktop\PUTM_EV_REARBOX_2024\firmware\MXTmpFiles\rtos_inc.tmp
2025-08-04 20:22:07,439 [INFO] CodeEngine:263 - oldGeneratedFile, C:\Users\pwlub\Desktop\PUTM_EV_REARBOX_2024\firmware\MXTmpFiles\rtos_kernelInit.tmp_save
2025-08-04 20:22:07,706 [INFO] CodeEngine:287 - Generated code: C:\Users\pwlub\Desktop\PUTM_EV_REARBOX_2024\firmware\MXTmpFiles\rtos_kernelInit.tmp
2025-08-04 20:22:07,715 [INFO] CodeEngine:263 - oldGeneratedFile, C:\Users\pwlub\Desktop\PUTM_EV_REARBOX_2024\firmware\MXTmpFiles\rtos_kernelStart.tmp_save
2025-08-04 20:22:07,964 [INFO] CodeEngine:287 - Generated code: C:\Users\pwlub\Desktop\PUTM_EV_REARBOX_2024\firmware\MXTmpFiles\rtos_kernelStart.tmp
2025-08-04 20:22:07,973 [INFO] CodeEngine:263 - oldGeneratedFile, C:\Users\pwlub\Desktop\PUTM_EV_REARBOX_2024\firmware\MXTmpFiles\rtos_typedefs.tmp_save
2025-08-04 20:22:08,123 [INFO] CodeEngine:287 - Generated code: C:\Users\pwlub\Desktop\PUTM_EV_REARBOX_2024\firmware\MXTmpFiles\rtos_typedefs.tmp
2025-08-04 20:22:08,133 [INFO] CodeEngine:263 - oldGeneratedFile, C:\Users\pwlub\Desktop\PUTM_EV_REARBOX_2024\firmware\MXTmpFiles\rtos_vars.tmp_save
2025-08-04 20:22:08,317 [INFO] CodeEngine:287 - Generated code: C:\Users\pwlub\Desktop\PUTM_EV_REARBOX_2024\firmware\MXTmpFiles\rtos_vars.tmp
2025-08-04 20:22:08,325 [INFO] CodeEngine:263 - oldGeneratedFile, C:\Users\pwlub\Desktop\PUTM_EV_REARBOX_2024\firmware\MXTmpFiles\rtos_pfp.tmp_save
2025-08-04 20:22:08,446 [INFO] CodeEngine:287 - Generated code: C:\Users\pwlub\Desktop\PUTM_EV_REARBOX_2024\firmware\MXTmpFiles\rtos_pfp.tmp
2025-08-04 20:22:08,453 [INFO] CodeEngine:263 - oldGeneratedFile, C:\Users\pwlub\Desktop\PUTM_EV_REARBOX_2024\firmware\MXTmpFiles\rtos_obj_creat.tmp_save
2025-08-04 20:22:08,604 [INFO] CodeEngine:287 - Generated code: C:\Users\pwlub\Desktop\PUTM_EV_REARBOX_2024\firmware\MXTmpFiles\rtos_obj_creat.tmp
2025-08-04 20:22:08,613 [INFO] CodeEngine:263 - oldGeneratedFile, C:\Users\pwlub\Desktop\PUTM_EV_REARBOX_2024\firmware\MXTmpFiles\rtos_default_thread.tmp_save
2025-08-04 20:22:08,777 [INFO] CodeEngine:287 - Generated code: C:\Users\pwlub\Desktop\PUTM_EV_REARBOX_2024\firmware\MXTmpFiles\rtos_default_thread.tmp
2025-08-04 20:22:08,801 [INFO] CodeEngine:263 - oldGeneratedFile, C:\Users\pwlub\Desktop\PUTM_EV_REARBOX_2024\firmware\MXTmpFiles\rtos_threads.tmp_save
2025-08-04 20:22:08,950 [INFO] CodeEngine:287 - Generated code: C:\Users\pwlub\Desktop\PUTM_EV_REARBOX_2024\firmware\MXTmpFiles\rtos_threads.tmp
2025-08-04 20:22:09,000 [INFO] Middleware:1452 - No code input for Bsp Dependency
2025-08-04 20:22:09,014 [INFO] CodeEngine:263 - oldGeneratedFile, C:\Users\pwlub\Desktop\PUTM_EV_REARBOX_2024\firmware\MXTmpFiles\rtos_inc.tmp_save
2025-08-04 20:22:09,171 [INFO] CodeEngine:287 - Generated code: C:\Users\pwlub\Desktop\PUTM_EV_REARBOX_2024\firmware\MXTmpFiles\rtos_inc.tmp
2025-08-04 20:22:09,189 [INFO] CodeEngine:263 - oldGeneratedFile, C:\Users\pwlub\Desktop\PUTM_EV_REARBOX_2024\firmware\MXTmpFiles\rtos_kernelInit.tmp_save
2025-08-04 20:22:09,301 [INFO] CodeEngine:287 - Generated code: C:\Users\pwlub\Desktop\PUTM_EV_REARBOX_2024\firmware\MXTmpFiles\rtos_kernelInit.tmp
2025-08-04 20:22:09,319 [INFO] CodeEngine:263 - oldGeneratedFile, C:\Users\pwlub\Desktop\PUTM_EV_REARBOX_2024\firmware\MXTmpFiles\rtos_kernelStart.tmp_save
2025-08-04 20:22:09,433 [INFO] CodeEngine:287 - Generated code: C:\Users\pwlub\Desktop\PUTM_EV_REARBOX_2024\firmware\MXTmpFiles\rtos_kernelStart.tmp
2025-08-04 20:22:09,451 [INFO] CodeEngine:263 - oldGeneratedFile, C:\Users\pwlub\Desktop\PUTM_EV_REARBOX_2024\firmware\MXTmpFiles\rtos_typedefs.tmp_save
2025-08-04 20:22:09,558 [INFO] CodeEngine:287 - Generated code: C:\Users\pwlub\Desktop\PUTM_EV_REARBOX_2024\firmware\MXTmpFiles\rtos_typedefs.tmp
2025-08-04 20:22:09,577 [INFO] CodeEngine:263 - oldGeneratedFile, C:\Users\pwlub\Desktop\PUTM_EV_REARBOX_2024\firmware\MXTmpFiles\rtos_vars.tmp_save
2025-08-04 20:22:09,692 [INFO] CodeEngine:287 - Generated code: C:\Users\pwlub\Desktop\PUTM_EV_REARBOX_2024\firmware\MXTmpFiles\rtos_vars.tmp
2025-08-04 20:22:09,701 [INFO] CodeEngine:263 - oldGeneratedFile, C:\Users\pwlub\Desktop\PUTM_EV_REARBOX_2024\firmware\MXTmpFiles\rtos_pfp.tmp_save
2025-08-04 20:22:09,801 [INFO] CodeEngine:287 - Generated code: C:\Users\pwlub\Desktop\PUTM_EV_REARBOX_2024\firmware\MXTmpFiles\rtos_pfp.tmp
2025-08-04 20:22:09,828 [INFO] CodeEngine:263 - oldGeneratedFile, C:\Users\pwlub\Desktop\PUTM_EV_REARBOX_2024\firmware\MXTmpFiles\rtos_obj_creat.tmp_save
2025-08-04 20:22:09,951 [INFO] CodeEngine:287 - Generated code: C:\Users\pwlub\Desktop\PUTM_EV_REARBOX_2024\firmware\MXTmpFiles\rtos_obj_creat.tmp
2025-08-04 20:22:09,959 [INFO] CodeEngine:263 - oldGeneratedFile, C:\Users\pwlub\Desktop\PUTM_EV_REARBOX_2024\firmware\MXTmpFiles\rtos_default_thread.tmp_save
2025-08-04 20:22:10,066 [INFO] CodeEngine:287 - Generated code: C:\Users\pwlub\Desktop\PUTM_EV_REARBOX_2024\firmware\MXTmpFiles\rtos_default_thread.tmp
2025-08-04 20:22:10,072 [INFO] CodeEngine:263 - oldGeneratedFile, C:\Users\pwlub\Desktop\PUTM_EV_REARBOX_2024\firmware\MXTmpFiles\rtos_threads.tmp_save
2025-08-04 20:22:10,172 [INFO] CodeEngine:287 - Generated code: C:\Users\pwlub\Desktop\PUTM_EV_REARBOX_2024\firmware\MXTmpFiles\rtos_threads.tmp
2025-08-04 20:22:10,195 [INFO] CodeEngine:263 - oldGeneratedFile, C:\Users\pwlub\Desktop\PUTM_EV_REARBOX_2024\firmware\Core\Inc\FreeRTOSConfig.h_save
2025-08-04 20:22:10,481 [INFO] CodeEngine:287 - Generated code: C:\Users\pwlub\Desktop\PUTM_EV_REARBOX_2024\firmware\Core\Inc\FreeRTOSConfig.h
2025-08-04 20:22:10,506 [INFO] CodeEngine:263 - oldGeneratedFile, C:\Users\pwlub\Desktop\PUTM_EV_REARBOX_2024\firmware\Core\Src\app_freertos.c_save
2025-08-04 20:22:10,676 [INFO] CodeEngine:287 - Generated code: C:\Users\pwlub\Desktop\PUTM_EV_REARBOX_2024\firmware\Core\Src\app_freertos.c
2025-08-04 20:22:10,715 [INFO] CodeEngine:263 - oldGeneratedFile, C:\Users\pwlub\Desktop\PUTM_EV_REARBOX_2024\firmware\Core\Src\adc.c_save
2025-08-04 20:22:11,125 [INFO] CodeEngine:287 - Generated code: C:\Users\pwlub\Desktop\PUTM_EV_REARBOX_2024\firmware\Core\Src\adc.c
2025-08-04 20:22:11,172 [INFO] CodeEngine:263 - oldGeneratedFile, C:\Users\pwlub\Desktop\PUTM_EV_REARBOX_2024\firmware\Core\Inc\adc.h_save
2025-08-04 20:22:11,385 [INFO] CodeEngine:287 - Generated code: C:\Users\pwlub\Desktop\PUTM_EV_REARBOX_2024\firmware\Core\Inc\adc.h
2025-08-04 20:22:11,423 [INFO] CodeEngine:263 - oldGeneratedFile, C:\Users\pwlub\Desktop\PUTM_EV_REARBOX_2024\firmware\Core\Src\dac.c_save
2025-08-04 20:22:11,693 [INFO] CodeEngine:287 - Generated code: C:\Users\pwlub\Desktop\PUTM_EV_REARBOX_2024\firmware\Core\Src\dac.c
2025-08-04 20:22:11,734 [INFO] CodeEngine:263 - oldGeneratedFile, C:\Users\pwlub\Desktop\PUTM_EV_REARBOX_2024\firmware\Core\Inc\dac.h_save
2025-08-04 20:22:11,924 [INFO] CodeEngine:287 - Generated code: C:\Users\pwlub\Desktop\PUTM_EV_REARBOX_2024\firmware\Core\Inc\dac.h
2025-08-04 20:22:12,082 [INFO] CodeEngine:263 - oldGeneratedFile, C:\Users\pwlub\Desktop\PUTM_EV_REARBOX_2024\firmware\Core\Src\dma.c_save
2025-08-04 20:22:12,244 [INFO] CodeEngine:287 - Generated code: C:\Users\pwlub\Desktop\PUTM_EV_REARBOX_2024\firmware\Core\Src\dma.c
2025-08-04 20:22:12,269 [INFO] CodeEngine:263 - oldGeneratedFile, C:\Users\pwlub\Desktop\PUTM_EV_REARBOX_2024\firmware\Core\Inc\dma.h_save
2025-08-04 20:22:12,455 [INFO] CodeEngine:287 - Generated code: C:\Users\pwlub\Desktop\PUTM_EV_REARBOX_2024\firmware\Core\Inc\dma.h
2025-08-04 20:22:12,494 [INFO] CodeEngine:263 - oldGeneratedFile, C:\Users\pwlub\Desktop\PUTM_EV_REARBOX_2024\firmware\Core\Src\fdcan.c_save
2025-08-04 20:22:12,704 [INFO] CodeEngine:287 - Generated code: C:\Users\pwlub\Desktop\PUTM_EV_REARBOX_2024\firmware\Core\Src\fdcan.c
2025-08-04 20:22:12,711 [INFO] CodeEngine:263 - oldGeneratedFile, C:\Users\pwlub\Desktop\PUTM_EV_REARBOX_2024\firmware\Core\Inc\fdcan.h_save
2025-08-04 20:22:12,881 [INFO] CodeEngine:287 - Generated code: C:\Users\pwlub\Desktop\PUTM_EV_REARBOX_2024\firmware\Core\Inc\fdcan.h
2025-08-04 20:22:12,919 [INFO] CodeEngine:263 - oldGeneratedFile, C:\Users\pwlub\Desktop\PUTM_EV_REARBOX_2024\firmware\Core\Src\i2c.c_save
2025-08-04 20:22:13,146 [INFO] CodeEngine:287 - Generated code: C:\Users\pwlub\Desktop\PUTM_EV_REARBOX_2024\firmware\Core\Src\i2c.c
2025-08-04 20:22:13,164 [INFO] CodeEngine:263 - oldGeneratedFile, C:\Users\pwlub\Desktop\PUTM_EV_REARBOX_2024\firmware\Core\Inc\i2c.h_save
2025-08-04 20:22:13,325 [INFO] CodeEngine:287 - Generated code: C:\Users\pwlub\Desktop\PUTM_EV_REARBOX_2024\firmware\Core\Inc\i2c.h
2025-08-04 20:22:13,357 [INFO] CodeEngine:263 - oldGeneratedFile, C:\Users\pwlub\Desktop\PUTM_EV_REARBOX_2024\firmware\Core\Src\iwdg.c_save
2025-08-04 20:22:13,541 [INFO] CodeEngine:287 - Generated code: C:\Users\pwlub\Desktop\PUTM_EV_REARBOX_2024\firmware\Core\Src\iwdg.c
2025-08-04 20:22:13,549 [INFO] CodeEngine:263 - oldGeneratedFile, C:\Users\pwlub\Desktop\PUTM_EV_REARBOX_2024\firmware\Core\Inc\iwdg.h_save
2025-08-04 20:22:13,706 [INFO] CodeEngine:287 - Generated code: C:\Users\pwlub\Desktop\PUTM_EV_REARBOX_2024\firmware\Core\Inc\iwdg.h
2025-08-04 20:22:13,739 [INFO] CodeEngine:263 - oldGeneratedFile, C:\Users\pwlub\Desktop\PUTM_EV_REARBOX_2024\firmware\Core\Src\spi.c_save
2025-08-04 20:22:13,942 [INFO] CodeEngine:287 - Generated code: C:\Users\pwlub\Desktop\PUTM_EV_REARBOX_2024\firmware\Core\Src\spi.c
2025-08-04 20:22:13,951 [INFO] CodeEngine:263 - oldGeneratedFile, C:\Users\pwlub\Desktop\PUTM_EV_REARBOX_2024\firmware\Core\Inc\spi.h_save
2025-08-04 20:22:14,094 [INFO] CodeEngine:287 - Generated code: C:\Users\pwlub\Desktop\PUTM_EV_REARBOX_2024\firmware\Core\Inc\spi.h
2025-08-04 20:22:14,133 [INFO] CodeEngine:263 - oldGeneratedFile, C:\Users\pwlub\Desktop\PUTM_EV_REARBOX_2024\firmware\Core\Src\usart.c_save
2025-08-04 20:22:14,331 [INFO] CodeEngine:287 - Generated code: C:\Users\pwlub\Desktop\PUTM_EV_REARBOX_2024\firmware\Core\Src\usart.c
2025-08-04 20:22:14,338 [INFO] CodeEngine:263 - oldGeneratedFile, C:\Users\pwlub\Desktop\PUTM_EV_REARBOX_2024\firmware\Core\Inc\usart.h_save
2025-08-04 20:22:14,490 [INFO] CodeEngine:287 - Generated code: C:\Users\pwlub\Desktop\PUTM_EV_REARBOX_2024\firmware\Core\Inc\usart.h
2025-08-04 20:22:14,535 [INFO] CodeEngine:263 - oldGeneratedFile, C:\Users\pwlub\Desktop\PUTM_EV_REARBOX_2024\firmware\Core\Src\stm32g4xx_it.c_save
2025-08-04 20:22:14,819 [INFO] CodeEngine:287 - Generated code: C:\Users\pwlub\Desktop\PUTM_EV_REARBOX_2024\firmware\Core\Src\stm32g4xx_it.c
2025-08-04 20:22:14,852 [INFO] CodeEngine:263 - oldGeneratedFile, C:\Users\pwlub\Desktop\PUTM_EV_REARBOX_2024\firmware\Core\Inc\stm32g4xx_it.h_save
2025-08-04 20:22:15,018 [INFO] CodeEngine:287 - Generated code: C:\Users\pwlub\Desktop\PUTM_EV_REARBOX_2024\firmware\Core\Inc\stm32g4xx_it.h
2025-08-04 20:22:15,068 [INFO] CodeEngine:263 - oldGeneratedFile, C:\Users\pwlub\Desktop\PUTM_EV_REARBOX_2024\firmware\Core\Src\stm32g4xx_hal_msp.c_save
2025-08-04 20:22:15,278 [INFO] CodeEngine:287 - Generated code: C:\Users\pwlub\Desktop\PUTM_EV_REARBOX_2024\firmware\Core\Src\stm32g4xx_hal_msp.c
2025-08-04 20:22:15,291 [INFO] CodeEngine:263 - oldGeneratedFile, C:\Users\pwlub\Desktop\PUTM_EV_REARBOX_2024\firmware\MXTmpFiles\system.tmp_save
2025-08-04 20:22:15,438 [INFO] CodeEngine:287 - Generated code: C:\Users\pwlub\Desktop\PUTM_EV_REARBOX_2024\firmware\MXTmpFiles\system.tmp
2025-08-04 20:22:15,459 [INFO] CodeEngine:263 - oldGeneratedFile, C:\Users\pwlub\Desktop\PUTM_EV_REARBOX_2024\firmware\Core\Src\stm32g4xx_hal_timebase_tim.c_save
2025-08-04 20:22:15,619 [INFO] CodeEngine:287 - Generated code: C:\Users\pwlub\Desktop\PUTM_EV_REARBOX_2024\firmware\Core\Src\stm32g4xx_hal_timebase_tim.c
2025-08-04 20:22:15,656 [INFO] CodeEngine:319 - oldGeneratedFile, C:\Users\pwlub\Desktop\PUTM_EV_REARBOX_2024\firmware\Core\Inc\stm32g4xx_hal_conf.h_save
2025-08-04 20:22:15,821 [INFO] CodeEngine:343 - Generated code: C:\Users\pwlub\Desktop\PUTM_EV_REARBOX_2024\firmware\Core\Inc\stm32g4xx_hal_conf.h
2025-08-04 20:22:15,898 [WARN] IPConfigManager:3174 - Warning: the RefConfig RCC_CommonPeriphClockConfig is not available in your config.xml file
2025-08-04 20:22:15,919 [INFO] ApiDbMcu:508 - Load IP Config File for ADC1
2025-08-04 20:22:15,926 [INFO] ApiDbMcu:508 - Load IP Config File for ADC2
2025-08-04 20:22:15,931 [INFO] ApiDbMcu:508 - Load IP Config File for DAC1
2025-08-04 20:22:15,942 [INFO] ApiDbMcu:508 - Load IP Config File for FDCAN1
2025-08-04 20:22:15,949 [INFO] ApiDbMcu:508 - Load IP Config File for I2C1
2025-08-04 20:22:15,955 [INFO] ApiDbMcu:508 - Load IP Config File for I2C2
2025-08-04 20:22:15,961 [INFO] ApiDbMcu:508 - Load IP Config File for I2C3
2025-08-04 20:22:15,964 [INFO] ApiDbMcu:508 - Load IP Config File for IWDG
2025-08-04 20:22:15,969 [INFO] ApiDbMcu:508 - Load IP Config File for SPI3
2025-08-04 20:22:16,021 [INFO] ApiDbMcu:508 - Load IP Config File for USART3
2025-08-04 20:22:16,026 [INFO] ApiDbMcu:508 - Load IP Config File for RCC
2025-08-04 20:22:16,074 [INFO] CodeEngine:263 - oldGeneratedFile, C:\Users\pwlub\Desktop\PUTM_EV_REARBOX_2024\firmware\Core\Inc\main.h_save
2025-08-04 20:22:16,385 [INFO] CodeEngine:287 - Generated code: C:\Users\pwlub\Desktop\PUTM_EV_REARBOX_2024\firmware\Core\Inc\main.h
2025-08-04 20:22:16,409 [INFO] CodeEngine:263 - oldGeneratedFile, C:\Users\pwlub\Desktop\PUTM_EV_REARBOX_2024\firmware\Core\Src\main.c_save
2025-08-04 20:22:16,709 [INFO] CodeEngine:287 - Generated code: C:\Users\pwlub\Desktop\PUTM_EV_REARBOX_2024\firmware\Core\Src\main.c
2025-08-04 20:22:17,723 [INFO] ProjectBuilder:3324 - Time for Copy HAL[1] : 601mS.
2025-08-04 20:22:17,740 [INFO] ProjectBuilder:4912 - Project Generator version: 4.6.0-B36
2025-08-04 20:22:17,925 [INFO] ConfigFileManager:1590 - The Die is : DIE469
2025-08-04 20:22:17,934 [INFO] ApiDbMcu:508 - Load IP Config File for FATFS
2025-08-04 20:22:17,953 [INFO] ApiDbMcu:508 - Load IP Config File for USBPD
2025-08-04 20:22:17,981 [INFO] ApiDbMcu:508 - Load IP Config File for USB_DEVICE
2025-08-04 20:22:18,966 [INFO] LogOutputStream:77 - [STDOUT_REDIRECT] 
2025-08-04 20:22:23,694 [INFO] ProjectBuilder:5191 - Time for Generating toolchain IDE Files: 5953mS.
2025-08-04 20:22:23,695 [INFO] ProjectBuilder:3181 - Time for Copy CMSIS : 1mS.
2025-08-04 20:22:23,706 [INFO] ProjectBuilder:3181 - Time for Copy CMSIS : 0mS.
2025-08-04 20:28:27,243 [INFO] MainUpdater:2872 - connection check result : 10
2025-08-04 20:28:27,244 [INFO] MainUpdater:2872 - connection check result : 10
2025-08-04 20:28:27,453 [INFO] LogOutputStream:77 - [STDOUT_REDIRECT] Nominal 
2025-08-04 20:28:27,508 [INFO] I2cTimingTraitement:330 - 0x30D29DE4
2025-08-04 20:28:28,200 [INFO] I2cTimingTraitement:330 - 0x30D29DE4
2025-08-04 20:28:28,839 [INFO] I2cTimingTraitement:330 - 0xD0E32C34
2025-08-04 20:28:28,848 [INFO] MicroXplorer:468 - Change Database Path : 
2025-08-04 20:28:28,848 [INFO] MicroXplorer:498 - Change Database Version : DB.6.0.140
2025-08-04 20:28:28,889 [ERROR] ProjectManagerView:394 - 
java.lang.NullPointerException: Cannot invoke "javax.swing.JTextField.getText()" because the return value of "java.util.List.get(int)" is null
	at com.st.microxplorer.plugins.projectmanager.gui.ProjectChoiceTab$9.caretUpdate(ProjectChoiceTab.java:2678) ~[filemanager.jar:?]
	at javax.swing.text.JTextComponent.fireCaretUpdate(JTextComponent.java:408) ~[?:?]
	at javax.swing.text.JTextComponent$MutableCaretEvent.fire(JTextComponent.java:4484) ~[?:?]
	at javax.swing.text.JTextComponent$MutableCaretEvent.stateChanged(JTextComponent.java:4506) ~[?:?]
	at javax.swing.text.DefaultCaret.fireStateChanged(DefaultCaret.java:857) ~[?:?]
	at javax.swing.text.DefaultCaret.changeCaretPosition(DefaultCaret.java:1343) ~[?:?]
	at javax.swing.text.DefaultCaret.handleSetDot(DefaultCaret.java:1242) ~[?:?]
	at javax.swing.text.DefaultCaret.setDot(DefaultCaret.java:1223) ~[?:?]
	at javax.swing.text.DefaultCaret$Handler.insertUpdate(DefaultCaret.java:1819) ~[?:?]
	at javax.swing.text.AbstractDocument.fireInsertUpdate(AbstractDocument.java:227) ~[?:?]
	at javax.swing.text.AbstractDocument.handleInsertString(AbstractDocument.java:781) ~[?:?]
	at javax.swing.text.AbstractDocument.insertString(AbstractDocument.java:740) ~[?:?]
	at javax.swing.text.PlainDocument.insertString(PlainDocument.java:131) ~[?:?]
	at javax.swing.text.AbstractDocument.replace(AbstractDocument.java:699) ~[?:?]
	at javax.swing.text.JTextComponent.setText(JTextComponent.java:1725) ~[?:?]
	at com.st.microxplorer.plugins.projectmanager.gui.ProjectChoiceTab.createHeapStackFields(ProjectChoiceTab.java:979) ~[filemanager.jar:?]
	at com.st.microxplorer.plugins.projectmanager.gui.ProjectChoiceTab.buildLinkSettingsPanel(ProjectChoiceTab.java:3766) ~[filemanager.jar:?]
	at com.st.microxplorer.plugins.projectmanager.gui.ProjectChoiceTab.defineWindowsFields(ProjectChoiceTab.java:1962) ~[filemanager.jar:?]
	at com.st.microxplorer.plugins.projectmanager.gui.ProjectChoiceTab.updateSettings(ProjectChoiceTab.java:555) ~[filemanager.jar:?]
	at com.st.microxplorer.plugins.projectmanager.gui.ProjectSettingsPanel.UpdateDialog(ProjectSettingsPanel.java:245) ~[filemanager.jar:?]
	at com.st.microxplorer.plugins.projectmanager.ProjectManagerView.propertyChange(ProjectManagerView.java:391) ~[filemanager.jar:?]
	at java.beans.PropertyChangeSupport.fire(PropertyChangeSupport.java:343) ~[?:?]
	at java.beans.PropertyChangeSupport.firePropertyChange(PropertyChangeSupport.java:335) ~[?:?]
	at java.beans.PropertyChangeSupport.firePropertyChange(PropertyChangeSupport.java:268) ~[?:?]
	at com.st.microxplorer.util.MXPropertyChangeSupport.firePropertyChange(MXPropertyChangeSupport.java:54) ~[STM32CubeMX.jar:?]
	at com.st.microxplorer.mxsystem.MxSystem.closeConfig(MxSystem.java:899) ~[STM32CubeMX.jar:?]
	at com.st.microxplorer.maingui.MainPanel.closeConfig(MainPanel.java:789) ~[STM32CubeMX.jar:?]
	at com.st.microxplorer.plugins.filemanager.engine.OpenFileManager.loadConfigurationFile(OpenFileManager.java:287) ~[filemanager.jar:?]
	at com.st.microxplorer.plugins.filemanager.engine.MainFileManager.userLoadConfig(MainFileManager.java:341) ~[filemanager.jar:?]
	at com.st.microxplorer.plugins.filemanager.engine.MainFileManager.userLoadConfig(MainFileManager.java:319) ~[filemanager.jar:?]
	at com.st.microxplorer.plugins.filemanager.FileManagerView.getSpecificTask(FileManagerView.java:246) ~[filemanager.jar:?]
	at com.st.stm32cube.common.mx.editor.CubeMxEditor.getMxTabbedPaneInstance(CubeMxEditor.java:1198) ~[com.st.stm32cube.common.mx_6.14.0.202502271554/:?]
	at com.st.stm32cube.common.mx.editor.CubeMxEditor$12$1.createSwingComponent(CubeMxEditor.java:1068) ~[com.st.stm32cube.common.mx_6.14.0.202502271554/:?]
	at com.st.stm32cube.common.mx.oss.core.awtswtbridge.EmbeddedSwingComposite.doComponentCreation(EmbeddedSwingComposite.java:492) ~[com.st.stm32cube.common.mx.oss_6.14.0.202502271554/:?]
	at com.st.stm32cube.common.mx.oss.core.awtswtbridge.EmbeddedSwingComposite$4.run(EmbeddedSwingComposite.java:291) ~[com.st.stm32cube.common.mx.oss_6.14.0.202502271554/:?]
	at com.st.stm32cube.common.mx.oss.core.awtswtbridge.AwtEnvironment$2.run(AwtEnvironment.java:166) ~[com.st.stm32cube.common.mx.oss_6.14.0.202502271554/:?]
	at java.awt.event.InvocationEvent.dispatch(InvocationEvent.java:318) ~[?:?]
	at java.awt.EventQueue.dispatchEventImpl(EventQueue.java:773) ~[?:?]
	at java.awt.EventQueue$4.run(EventQueue.java:720) ~[?:?]
	at java.awt.EventQueue$4.run(EventQueue.java:714) ~[?:?]
	at java.security.AccessController.doPrivileged(AccessController.java:400) ~[?:?]
	at java.security.ProtectionDomain$JavaSecurityAccessImpl.doIntersectionPrivilege(ProtectionDomain.java:87) ~[?:?]
	at java.awt.EventQueue.dispatchEvent(EventQueue.java:742) ~[?:?]
	at java.awt.EventDispatchThread.pumpOneEventForFilters(EventDispatchThread.java:203) ~[?:?]
	at java.awt.EventDispatchThread.pumpEventsForFilter(EventDispatchThread.java:124) ~[?:?]
	at java.awt.EventDispatchThread.pumpEventsForHierarchy(EventDispatchThread.java:113) ~[?:?]
	at java.awt.EventDispatchThread.pumpEvents(EventDispatchThread.java:109) ~[?:?]
	at java.awt.EventDispatchThread.pumpEvents(EventDispatchThread.java:101) ~[?:?]
	at java.awt.EventDispatchThread.run(EventDispatchThread.java:90) ~[?:?]
2025-08-04 20:28:28,911 [WARN] ThirdParty:871 - waiting for thirdparty lock release [close project]
2025-08-04 20:28:28,911 [INFO] ThirdParty:873 - entering critical section [close project]
2025-08-04 20:28:28,911 [INFO] ThirdParty:883 - exiting critical section [close project]
2025-08-04 20:28:28,914 [INFO] PinOutPanel:1589 - setPackage(No Configuration,No Configuration)
2025-08-04 20:28:28,932 [INFO] UtilMem:75 - Begin LoadConfig() Used Memory: 763887616 Bytes (1073741824)
2025-08-04 20:28:28,933 [INFO] MicroXplorer:468 - Change Database Path : 
2025-08-04 20:28:28,933 [INFO] MicroXplorer:498 - Change Database Version : DB.6.0.140
2025-08-04 20:28:28,934 [INFO] OpenFileManager:354 - Change cursor
2025-08-04 20:28:29,006 [INFO] RulesReader:64 - Compatibility file has been processed (301 Rules)
2025-08-04 20:28:29,018 [INFO] Mcu:2011 - Initializing MCU STM32G473R(B-C-E)Tx STM32G473RCTx STM32G473RCT6
2025-08-04 20:28:37,324 [INFO] Context:756 - Trying to add GPIOservice into a context  which must be forbidden
2025-08-04 20:28:39,295 [INFO] ImportTextPane:218 - (OptionalMessage_ERROR) Pin53 (VP_RIF_VS_RIF1) cannot be retrieved for this MCU
2025-08-04 20:28:39,696 [INFO] RtosManager:558 - Registered RTOS mode: class=CMSIS, group=RTOS, mode=CMSIS_V1, owner=FREERTOS
2025-08-04 20:28:39,697 [INFO] RtosManager:558 - Registered RTOS mode: class=CMSIS, group=RTOS2, mode=CMSIS_V2, owner=FREERTOS
2025-08-04 20:28:39,697 [INFO] RtosManager:558 - Registered RTOS mode: class=RTOS, group=Core, mode=CMSIS_V1, owner=FREERTOS
2025-08-04 20:28:39,697 [INFO] RtosManager:558 - Registered RTOS mode: class=RTOS, group=Core, mode=CMSIS_V2, owner=FREERTOS
2025-08-04 20:28:39,697 [WARN] ModelIntegratedComponent:184 - Missing modes for component STMicroelectronics:FreeRTOS:0.0.1:STMicroelectronics:RTOS:FreeRTOS:Core:::10.2.0:
2025-08-04 20:28:39,733 [WARN] ModelIntegratedComponent:63 - No mode defined for component null
2025-08-04 20:28:39,733 [WARN] ModelIntegratedComponent:63 - No mode defined for component null
2025-08-04 20:28:39,733 [WARN] ModelIntegratedComponent:63 - No mode defined for component null
2025-08-04 20:28:39,733 [WARN] ModelIntegratedComponent:63 - No mode defined for component null
2025-08-04 20:28:39,733 [WARN] ModelIntegratedComponent:63 - No mode defined for component null
2025-08-04 20:28:39,733 [WARN] ModelIntegratedComponent:63 - No mode defined for component null
2025-08-04 20:28:39,734 [WARN] ModelIntegratedComponent:63 - No mode defined for component null
2025-08-04 20:28:39,736 [WARN] ModelIntegratedComponent:63 - No mode defined for component null
2025-08-04 20:28:39,738 [WARN] ModelIntegratedComponent:63 - No mode defined for component null
2025-08-04 20:28:39,738 [WARN] ModelIntegratedComponent:63 - No mode defined for component null
2025-08-04 20:28:39,738 [WARN] ModelIntegratedComponent:63 - No mode defined for component null
2025-08-04 20:28:39,738 [WARN] ModelIntegratedComponent:63 - No mode defined for component null
2025-08-04 20:28:39,739 [WARN] ModelIntegratedComponent:63 - No mode defined for component null
2025-08-04 20:28:39,739 [WARN] ModelIntegratedComponent:63 - No mode defined for component null
2025-08-04 20:28:39,742 [WARN] ModelIntegratedComponent:63 - No mode defined for component null
2025-08-04 20:28:39,744 [WARN] ModelIntegratedComponent:63 - No mode defined for component null
2025-08-04 20:28:39,744 [WARN] ModelIntegratedComponent:63 - No mode defined for component null
2025-08-04 20:28:39,744 [WARN] ModelIntegratedComponent:63 - No mode defined for component null
2025-08-04 20:28:39,745 [WARN] ModelIntegratedComponent:63 - No mode defined for component null
2025-08-04 20:28:39,745 [WARN] ModelIntegratedComponent:63 - No mode defined for component null
2025-08-04 20:28:39,745 [WARN] ModelIntegratedComponent:63 - No mode defined for component null
2025-08-04 20:28:39,746 [WARN] ModelIntegratedComponent:63 - No mode defined for component null
2025-08-04 20:28:39,746 [WARN] ModelIntegratedComponent:63 - No mode defined for component null
2025-08-04 20:28:39,746 [WARN] ModelIntegratedComponent:63 - No mode defined for component null
2025-08-04 20:28:39,746 [WARN] ModelIntegratedComponent:63 - No mode defined for component null
2025-08-04 20:28:39,746 [WARN] ModelIntegratedComponent:63 - No mode defined for component null
2025-08-04 20:28:39,746 [WARN] ModelIntegratedComponent:63 - No mode defined for component null
2025-08-04 20:28:39,746 [WARN] ModelIntegratedComponent:63 - No mode defined for component null
2025-08-04 20:28:39,746 [WARN] ModelIntegratedComponent:63 - No mode defined for component null
2025-08-04 20:28:39,746 [WARN] ModelIntegratedComponent:63 - No mode defined for component null
2025-08-04 20:28:39,747 [WARN] ModelIntegratedComponent:63 - No mode defined for component null
2025-08-04 20:28:39,747 [WARN] ModelIntegratedComponent:63 - No mode defined for component null
2025-08-04 20:28:39,747 [WARN] ModelIntegratedComponent:63 - No mode defined for component null
2025-08-04 20:28:39,747 [WARN] ModelIntegratedComponent:63 - No mode defined for component null
2025-08-04 20:28:39,747 [WARN] ModelIntegratedComponent:63 - No mode defined for component null
2025-08-04 20:28:39,748 [WARN] ModelPack:524 - Component already loaded: STMicroelectronics:HAL Drivers:0.0.0:STMicroelectronics:Device:STMicro_Driver:XSPI:HAL::0.0.1:HAL_XSPI
2025-08-04 20:28:40,132 [INFO] ThirdPartyModel:298 - Start build external matchings
2025-08-04 20:28:41,708 [INFO] ThirdPartyModel:316 - End build external matchings
2025-08-04 20:28:41,767 [INFO] RtosManager:967 - Current active RTOS is FREERTOS [Cortex-M4NS]
2025-08-04 20:28:41,780 [INFO] ImportTextPane:218 - (OptionalMessage_ERROR) IP (ADC1) : Parameter (CommonPathInternal) has invalid value (null|null|null|null)
2025-08-04 20:28:41,782 [INFO] ImportTextPane:218 - (OptionalMessage_ERROR) IP (ADC2) : Parameter (CommonPathInternal) has invalid value (null|null|null|null)
2025-08-04 20:28:41,785 [INFO] ImportTextPane:218 - (OptionalMessage_ERROR) IP (DMA) : Parameter (Instance) has Id (ADC1) currently not set
2025-08-04 20:28:41,785 [INFO] ImportTextPane:218 - (OptionalMessage_ERROR) IP (DMA) : Parameter (Request) has Id (ADC1) currently not set
2025-08-04 20:28:41,786 [INFO] ImportTextPane:218 - (OptionalMessage_ERROR) IP (DMA) : Parameter (Direction) has Id (ADC1) currently not set
2025-08-04 20:28:41,786 [INFO] ImportTextPane:218 - (OptionalMessage_ERROR) IP (DMA) : Parameter (PeriphInc) has Id (ADC1) currently not set
2025-08-04 20:28:41,786 [INFO] ImportTextPane:218 - (OptionalMessage_ERROR) IP (DMA) : Parameter (MemInc) has Id (ADC1) currently not set
2025-08-04 20:28:41,788 [INFO] ImportTextPane:218 - (OptionalMessage_ERROR) IP (DMA) : Parameter (PeriphDataAlignment) has Id (ADC1) currently not set
2025-08-04 20:28:41,790 [INFO] ImportTextPane:218 - (OptionalMessage_ERROR) IP (DMA) : Parameter (MemDataAlignment) has Id (ADC1) currently not set
2025-08-04 20:28:41,790 [INFO] ImportTextPane:218 - (OptionalMessage_ERROR) IP (DMA) : Parameter (Mode) has Id (ADC1) currently not set
2025-08-04 20:28:41,791 [INFO] ImportTextPane:218 - (OptionalMessage_ERROR) IP (DMA) : Parameter (Priority) has Id (ADC1) currently not set
2025-08-04 20:28:41,791 [INFO] ImportTextPane:218 - (OptionalMessage_ERROR) IP (DMA) : Parameter (SignalID) has Id (ADC1) currently not set
2025-08-04 20:28:41,791 [INFO] ImportTextPane:218 - (OptionalMessage_ERROR) IP (DMA) : Parameter (Polarity) has Id (ADC1) currently not set
2025-08-04 20:28:41,791 [INFO] ImportTextPane:218 - (OptionalMessage_ERROR) IP (DMA) : Parameter (RequestNumber) has Id (ADC1) currently not set
2025-08-04 20:28:41,792 [INFO] ImportTextPane:218 - (OptionalMessage_ERROR) IP (DMA) : Parameter (SyncSignalID) has Id (ADC1) currently not set
2025-08-04 20:28:41,792 [INFO] ImportTextPane:218 - (OptionalMessage_ERROR) IP (DMA) : Parameter (SyncPolarity) has Id (ADC1) currently not set
2025-08-04 20:28:41,792 [INFO] ImportTextPane:218 - (OptionalMessage_ERROR) IP (DMA) : Parameter (SyncEnable) has Id (ADC1) currently not set
2025-08-04 20:28:41,792 [INFO] ImportTextPane:218 - (OptionalMessage_ERROR) IP (DMA) : Parameter (EventEnable) has Id (ADC1) currently not set
2025-08-04 20:28:41,793 [INFO] ImportTextPane:218 - (OptionalMessage_ERROR) IP (DMA) : Parameter (SyncRequestNumber) has Id (ADC1) currently not set
2025-08-04 20:28:41,793 [INFO] ImportTextPane:218 - (OptionalMessage_ERROR) IP (DMA) : Parameter (Instance) has Id (ADC2) currently not set
2025-08-04 20:28:41,793 [INFO] ImportTextPane:218 - (OptionalMessage_ERROR) IP (DMA) : Parameter (Request) has Id (ADC2) currently not set
2025-08-04 20:28:41,794 [INFO] ImportTextPane:218 - (OptionalMessage_ERROR) IP (DMA) : Parameter (Direction) has Id (ADC2) currently not set
2025-08-04 20:28:41,794 [INFO] ImportTextPane:218 - (OptionalMessage_ERROR) IP (DMA) : Parameter (PeriphInc) has Id (ADC2) currently not set
2025-08-04 20:28:41,794 [INFO] ImportTextPane:218 - (OptionalMessage_ERROR) IP (DMA) : Parameter (MemInc) has Id (ADC2) currently not set
2025-08-04 20:28:41,794 [INFO] ImportTextPane:218 - (OptionalMessage_ERROR) IP (DMA) : Parameter (PeriphDataAlignment) has Id (ADC2) currently not set
2025-08-04 20:28:41,794 [INFO] ImportTextPane:218 - (OptionalMessage_ERROR) IP (DMA) : Parameter (MemDataAlignment) has Id (ADC2) currently not set
2025-08-04 20:28:41,794 [INFO] ImportTextPane:218 - (OptionalMessage_ERROR) IP (DMA) : Parameter (Mode) has Id (ADC2) currently not set
2025-08-04 20:28:41,794 [INFO] ImportTextPane:218 - (OptionalMessage_ERROR) IP (DMA) : Parameter (Priority) has Id (ADC2) currently not set
2025-08-04 20:28:41,794 [INFO] ImportTextPane:218 - (OptionalMessage_ERROR) IP (DMA) : Parameter (SignalID) has Id (ADC2) currently not set
2025-08-04 20:28:41,795 [INFO] ImportTextPane:218 - (OptionalMessage_ERROR) IP (DMA) : Parameter (Polarity) has Id (ADC2) currently not set
2025-08-04 20:28:41,795 [INFO] ImportTextPane:218 - (OptionalMessage_ERROR) IP (DMA) : Parameter (RequestNumber) has Id (ADC2) currently not set
2025-08-04 20:28:41,795 [INFO] ImportTextPane:218 - (OptionalMessage_ERROR) IP (DMA) : Parameter (SyncSignalID) has Id (ADC2) currently not set
2025-08-04 20:28:41,795 [INFO] ImportTextPane:218 - (OptionalMessage_ERROR) IP (DMA) : Parameter (SyncPolarity) has Id (ADC2) currently not set
2025-08-04 20:28:41,795 [INFO] ImportTextPane:218 - (OptionalMessage_ERROR) IP (DMA) : Parameter (SyncEnable) has Id (ADC2) currently not set
2025-08-04 20:28:41,795 [INFO] ImportTextPane:218 - (OptionalMessage_ERROR) IP (DMA) : Parameter (EventEnable) has Id (ADC2) currently not set
2025-08-04 20:28:41,795 [INFO] ImportTextPane:218 - (OptionalMessage_ERROR) IP (DMA) : Parameter (SyncRequestNumber) has Id (ADC2) currently not set
2025-08-04 20:28:41,796 [WARN] IP:2250 - MessageRAMOffset not found: check if there is a RefParameter without a condition.
2025-08-04 20:28:41,796 [WARN] IP:2250 - RxFifo0ElmtsNbr not found: check if there is a RefParameter without a condition.
2025-08-04 20:28:41,796 [WARN] IP:2250 - RxFifo0ElmtSize not found: check if there is a RefParameter without a condition.
2025-08-04 20:28:41,796 [WARN] IP:2250 - RxFifo1ElmtsNbr not found: check if there is a RefParameter without a condition.
2025-08-04 20:28:41,796 [WARN] IP:2250 - RxFifo1ElmtSize not found: check if there is a RefParameter without a condition.
2025-08-04 20:28:41,796 [WARN] IP:2250 - RxBuffersNbr not found: check if there is a RefParameter without a condition.
2025-08-04 20:28:41,796 [WARN] IP:2250 - RxBufferSize not found: check if there is a RefParameter without a condition.
2025-08-04 20:28:41,797 [WARN] IP:2250 - TxEventsNbr not found: check if there is a RefParameter without a condition.
2025-08-04 20:28:41,797 [WARN] IP:2250 - TxBuffersNbr not found: check if there is a RefParameter without a condition.
2025-08-04 20:28:41,797 [WARN] IP:2250 - TxFifoQueueElmtsNbr not found: check if there is a RefParameter without a condition.
2025-08-04 20:28:41,797 [WARN] IP:2250 - TxElmtSize not found: check if there is a RefParameter without a condition.
2025-08-04 20:28:41,797 [WARN] IP:2250 - ClockCalibrationCCU not found: check if there is a RefParameter without a condition.
2025-08-04 20:28:41,797 [WARN] IP:2250 - ClockDividerCCU not found: check if there is a RefParameter without a condition.
2025-08-04 20:28:41,797 [WARN] IP:2250 - MinOscClkPeriodsCCU not found: check if there is a RefParameter without a condition.
2025-08-04 20:28:41,798 [WARN] IP:2250 - TimeQuantaPerBitTimeCCU not found: check if there is a RefParameter without a condition.
2025-08-04 20:28:41,798 [WARN] IP:2250 - WatchdogStartValueCCU not found: check if there is a RefParameter without a condition.
2025-08-04 20:28:41,810 [INFO] ImportTextPane:218 - (OptionalMessage_ERROR) IP (RCC) : Invalid parameter (FamilyName)
2025-08-04 20:28:42,537 [INFO] UtilMem:75 - End LoadConfig() Used Memory: 757360096 Bytes (1073741824)
2025-08-04 20:28:42,603 [WARN] ThirdParty:833 - waiting for thirdparty lock release [change project]
2025-08-04 20:28:42,604 [INFO] ThirdParty:835 - entering critical section [change project]
2025-08-04 20:28:42,605 [INFO] ThirdParty:1030 - CMSIS Pack Vendor :STMicroelectronics X-CUBE-PM33A1 1.0.0
2025-08-04 20:28:42,606 [INFO] ThirdParty:1030 - CMSIS Pack Vendor :STMicroelectronics USBPD 4.1
2025-08-04 20:28:42,607 [INFO] ThirdParty:1030 - CMSIS Pack Vendor :STMicroelectronics X-CUBE-AZRTOS-H7 3.3.0
2025-08-04 20:28:42,609 [INFO] ThirdParty:1030 - CMSIS Pack Vendor :STMicroelectronics X-CUBE-NFC9 1.0.0
2025-08-04 20:28:42,609 [INFO] ThirdParty:1030 - CMSIS Pack Vendor :STMicroelectronics USB_HOST 2.0.0
2025-08-04 20:28:42,610 [INFO] ThirdParty:1030 - CMSIS Pack Vendor :STMicroelectronics FP-SNS-MOTENVWB1 1.4.0
2025-08-04 20:28:42,610 [INFO] ThirdParty:1030 - CMSIS Pack Vendor :STMicroelectronics X-CUBE-AZRTOS-F4 1.1.0
2025-08-04 20:28:42,611 [INFO] ThirdParty:1030 - CMSIS Pack Vendor :STMicroelectronics LIBJPEG 8.0.0
2025-08-04 20:28:42,611 [INFO] ThirdParty:1030 - CMSIS Pack Vendor :STMicroelectronics FP-ATR-ASTRA1 2.0.2
2025-08-04 20:28:42,611 [INFO] ThirdParty:1030 - CMSIS Pack Vendor :STMicroelectronics X-CUBE-BLE1 7.1.0
2025-08-04 20:28:42,611 [INFO] ThirdParty:1030 - CMSIS Pack Vendor :Avnet-IotConnect X-CUBE-IoTC-DA16k-PMOD 1.0.0
2025-08-04 20:28:42,611 [INFO] ThirdParty:1030 - CMSIS Pack Vendor :STMicroelectronics X-CUBE-SMBUS 2.1.0
2025-08-04 20:28:42,611 [INFO] ThirdParty:1030 - CMSIS Pack Vendor :STMicroelectronics X-CUBE-WB05N 1.1.0
2025-08-04 20:28:42,611 [INFO] ThirdParty:1030 - CMSIS Pack Vendor :STMicroelectronics USB_DEVICE 3.0.0
2025-08-04 20:28:42,611 [INFO] ThirdParty:1030 - CMSIS Pack Vendor :STMicroelectronics X-CUBE-ISPU 2.1.0
2025-08-04 20:28:42,611 [INFO] ThirdParty:1030 - CMSIS Pack Vendor :STMicroelectronics X-CUBE-EEPRMA1 5.2.0
2025-08-04 20:28:42,611 [INFO] ThirdParty:1030 - CMSIS Pack Vendor :STMicroelectronics X-CUBE-BLEMGR 4.1.0
2025-08-04 20:28:42,612 [INFO] ThirdParty:1030 - CMSIS Pack Vendor :STMicroelectronics X-CUBE-AZRTOS-WB 2.0.0
2025-08-04 20:28:42,612 [INFO] ThirdParty:1030 - CMSIS Pack Vendor :STMicroelectronics X-CUBE-ST60 1.0.0
2025-08-04 20:28:42,612 [INFO] ThirdParty:1030 - CMSIS Pack Vendor :STMicroelectronics X-CUBE-GNSS1 7.0.1
2025-08-04 20:28:42,612 [INFO] ThirdParty:1030 - CMSIS Pack Vendor :STMicroelectronics X-CUBE-NFC12 1.0.0
2025-08-04 20:28:42,612 [INFO] ThirdParty:1030 - CMSIS Pack Vendor :STMicroelectronics X-CUBE-AZRTOS-F7 1.1.0
2025-08-04 20:28:42,612 [INFO] ThirdParty:1030 - CMSIS Pack Vendor :STMicroelectronics X-CUBE-AZRTOS-L5 2.0.0
2025-08-04 20:28:42,612 [INFO] ThirdParty:1030 - CMSIS Pack Vendor :STMicroelectronics X-CUBE-TOUCHGFX 4.25.0
2025-08-04 20:28:42,612 [INFO] ThirdParty:1030 - CMSIS Pack Vendor :STMicroelectronics USB_DEVICE 2.0.0
2025-08-04 20:28:42,612 [INFO] ThirdParty:1030 - CMSIS Pack Vendor :STMicroelectronics X-CUBE-NFC6 3.1.0
2025-08-04 20:28:42,612 [INFO] ThirdParty:1030 - CMSIS Pack Vendor :STMicroelectronics X-CUBE-AI 10.1.0
2025-08-04 20:28:42,612 [INFO] ThirdParty:1030 - CMSIS Pack Vendor :STMicroelectronics FP-SNS-STBOX1 2.0.0
2025-08-04 20:28:42,612 [INFO] ThirdParty:1030 - CMSIS Pack Vendor :STMicroelectronics X-CUBE-MEMS1 11.2.0
2025-08-04 20:28:42,612 [INFO] ThirdParty:1030 - CMSIS Pack Vendor :STMicroelectronics FreeRTOS 0.0.1
2025-08-04 20:28:42,612 [INFO] ThirdParty:1030 - CMSIS Pack Vendor :STMicroelectronics X-CUBE-AZRTOS-G0 1.1.0
2025-08-04 20:28:42,613 [INFO] ThirdParty:1030 - CMSIS Pack Vendor :STMicroelectronics X-CUBE-SAFEA1 1.2.2
2025-08-04 20:28:42,613 [INFO] ThirdParty:1030 - CMSIS Pack Vendor :STMicroelectronics X-CUBE-NFC4 3.0.0
2025-08-04 20:28:42,613 [INFO] ThirdParty:1030 - CMSIS Pack Vendor :STMicroelectronics X-CUBE-DPower 1.2.0
2025-08-04 20:28:42,613 [INFO] ThirdParty:1030 - CMSIS Pack Vendor :STMicroelectronics X-CUBE-SUBG2 5.0.0
2025-08-04 20:28:42,613 [INFO] ThirdParty:1030 - CMSIS Pack Vendor :STMicroelectronics STM32_WPAN 1.0.0
2025-08-04 20:28:42,613 [INFO] ThirdParty:1030 - CMSIS Pack Vendor :EmbeddedOffice I-CUBE-FS-RTOS 1.0.1
2025-08-04 20:28:42,613 [INFO] ThirdParty:1030 - CMSIS Pack Vendor :STMicroelectronics lwIP 2.0.3
2025-08-04 20:28:42,613 [INFO] ThirdParty:1030 - CMSIS Pack Vendor :Cesanta I-CUBE-Mongoose 7.13.0
2025-08-04 20:28:42,613 [INFO] ThirdParty:1030 - CMSIS Pack Vendor :STMicroelectronics USB_HOST 1.0.0
2025-08-04 20:28:42,613 [INFO] ThirdParty:1030 - CMSIS Pack Vendor :Infineon AIROC-Wi-Fi-Bluetooth-STM32 1.7.0
2025-08-04 20:28:42,613 [INFO] ThirdParty:1030 - CMSIS Pack Vendor :STMicroelectronics X-CUBE-AZRTOS-G4 2.0.0
2025-08-04 20:28:42,613 [INFO] ThirdParty:1030 - CMSIS Pack Vendor :STMicroelectronics X-CUBE-WB05N 2.0.0
2025-08-04 20:28:42,613 [INFO] ThirdParty:1030 - CMSIS Pack Vendor :STMicroelectronics PDM2PCM 3.1.0
2025-08-04 20:28:42,614 [INFO] ThirdParty:1030 - CMSIS Pack Vendor :STMicroelectronics PDM2PCM 3.3.0
2025-08-04 20:28:42,614 [INFO] ThirdParty:1030 - CMSIS Pack Vendor :wolfSSL I-CUBE-wolfTPM 3.8.0
2025-08-04 20:28:42,614 [INFO] ThirdParty:1030 - CMSIS Pack Vendor :STMicroelectronics X-CUBE-AZRTOS-H7 3.4.0
2025-08-04 20:28:42,614 [INFO] ThirdParty:1030 - CMSIS Pack Vendor :STMicroelectronics X-CUBE-DISPLAY 3.0.0
2025-08-04 20:28:42,614 [INFO] ThirdParty:1030 - CMSIS Pack Vendor :wolfSSL I-CUBE-wolfSSH 1.4.20
2025-08-04 20:28:42,614 [INFO] ThirdParty:1030 - CMSIS Pack Vendor :STMicroelectronics X-CUBE-NFC7 2.0.0
2025-08-04 20:28:42,614 [INFO] ThirdParty:1030 - CMSIS Pack Vendor :STMicroelectronics X-CUBE-TCPP 4.2.0
2025-08-04 20:28:42,614 [INFO] ThirdParty:1030 - CMSIS Pack Vendor :RealThread X-CUBE-RT-Thread_Nano 4.1.1
2025-08-04 20:28:42,614 [INFO] ThirdParty:1030 - CMSIS Pack Vendor :STMicroelectronics FP-ATR-SIGFOX1 3.2.0
2025-08-04 20:28:42,614 [INFO] ThirdParty:1030 - CMSIS Pack Vendor :STMicroelectronics X-CUBE-NFC10 1.0.0
2025-08-04 20:28:42,614 [INFO] ThirdParty:1030 - CMSIS Pack Vendor :STMicroelectronics X-CUBE-BLEMGR 4.0.0
2025-08-04 20:28:42,614 [INFO] ThirdParty:1030 - CMSIS Pack Vendor :STMicroelectronics X-CUBE-EEPRMA1 5.1.0
2025-08-04 20:28:42,614 [INFO] ThirdParty:1030 - CMSIS Pack Vendor :STMicroelectronics X-CUBE-FREERTOS 1.3.1
2025-08-04 20:28:42,614 [INFO] ThirdParty:1030 - CMSIS Pack Vendor :STMicroelectronics HAL Drivers 0.0.0
2025-08-04 20:28:42,615 [INFO] ThirdParty:1030 - CMSIS Pack Vendor :STMicroelectronics MBEDTLS 2.16.2
2025-08-04 20:28:42,615 [INFO] ThirdParty:1030 - CMSIS Pack Vendor :STMicroelectronics X-CUBE-IPS 3.1.0
2025-08-04 20:28:42,615 [INFO] ThirdParty:1030 - CMSIS Pack Vendor :STMicroelectronics X-CUBE-ALS 1.0.2
2025-08-04 20:28:42,615 [INFO] ThirdParty:1030 - CMSIS Pack Vendor :emotas I-CUBE-CANOPEN 1.3.0
2025-08-04 20:28:42,615 [INFO] ThirdParty:1030 - CMSIS Pack Vendor :STMicroelectronics X-CUBE-FREERTOS 1.3.0
2025-08-04 20:28:42,615 [INFO] ThirdParty:1030 - CMSIS Pack Vendor :STMicroelectronics X-CUBE-NFC7 1.0.1
2025-08-04 20:28:42,615 [INFO] ThirdParty:1030 - CMSIS Pack Vendor :STMicroelectronics MBEDTLS 2.14.1
2025-08-04 20:28:42,615 [INFO] ThirdParty:1030 - CMSIS Pack Vendor :ITTIA_DB I-CUBE-ITTIADB 8.9.0
2025-08-04 20:28:42,615 [INFO] ThirdParty:1030 - CMSIS Pack Vendor :portGmbH I-Cube-SoM-uGOAL 1.1.0
2025-08-04 20:28:42,615 [INFO] ThirdParty:1030 - CMSIS Pack Vendor :quantropi X-CUBE-qispace-sdk-base 2.0.0
2025-08-04 20:28:42,615 [INFO] ThirdParty:1030 - CMSIS Pack Vendor :STMicroelectronics X-CUBE-AI 10.0.0
2025-08-04 20:28:42,615 [INFO] ThirdParty:1030 - CMSIS Pack Vendor :STMicroelectronics X-CUBE-ST67W61 1.0.0
2025-08-04 20:28:42,615 [INFO] ThirdParty:1030 - CMSIS Pack Vendor :STMicroelectronics FP-SNS-STAIOTCFT 1.0.0
2025-08-04 20:28:42,616 [INFO] ThirdParty:1030 - CMSIS Pack Vendor :STMicroelectronics ThreadX 1.0.0
2025-08-04 20:28:42,616 [INFO] ThirdParty:1030 - CMSIS Pack Vendor :STMicroelectronics FP-SNS-SMARTAG2 1.2.0
2025-08-04 20:28:42,616 [INFO] ThirdParty:1030 - CMSIS Pack Vendor :STMicroelectronics FP-SNS-FLIGHT1 5.1.0
2025-08-04 20:28:42,616 [INFO] ThirdParty:1030 - CMSIS Pack Vendor :STMicroelectronics X-CUBE-MEMS1 11.1.0
2025-08-04 20:28:42,616 [INFO] ThirdParty:1030 - CMSIS Pack Vendor :STMicroelectronics X-CUBE-AZRTOS-WL 2.0.0
2025-08-04 20:28:42,616 [INFO] ThirdParty:1030 - CMSIS Pack Vendor :SEGGER I-CUBE-embOS 1.3.1
2025-08-04 20:28:42,616 [INFO] ThirdParty:1030 - CMSIS Pack Vendor :STMicroelectronics X-CUBE-ALGOBUILD 1.4.0
2025-08-04 20:28:42,616 [INFO] ThirdParty:1030 - CMSIS Pack Vendor :STMicroelectronics X-CUBE-MEMS1 11.3.0
2025-08-04 20:28:42,616 [INFO] ThirdParty:1030 - CMSIS Pack Vendor :STMicroelectronics FP-SNS-MOTENV1 5.0.0
2025-08-04 20:28:42,616 [INFO] ThirdParty:1030 - CMSIS Pack Vendor :STMicroelectronics USB_DEVICE 1.0.0
2025-08-04 20:28:42,616 [INFO] ThirdParty:1030 - CMSIS Pack Vendor :STMicroelectronics X-CUBE-AZRTOS-H7RS 1.0.0
2025-08-04 20:28:42,616 [INFO] ThirdParty:1030 - CMSIS Pack Vendor :STMicroelectronics X-CUBE-AZRTOS-L4 2.0.0
2025-08-04 20:28:42,616 [INFO] ThirdParty:1030 - CMSIS Pack Vendor :STMicroelectronics ThreadX 0.0.2
2025-08-04 20:28:42,616 [INFO] ThirdParty:1030 - CMSIS Pack Vendor :WES I-CUBE-Cesium 1.3.0
2025-08-04 20:28:42,616 [INFO] ThirdParty:1030 - CMSIS Pack Vendor :STMicroelectronics lwIP 2.1.2
2025-08-04 20:28:42,617 [INFO] ThirdParty:1030 - CMSIS Pack Vendor :STMicroelectronics X-CUBE-SFXS2LP1 4.0.0
2025-08-04 20:28:42,617 [INFO] ThirdParty:1030 - CMSIS Pack Vendor :STMicroelectronics X-CUBE-BLE2 3.3.0
2025-08-04 20:28:42,617 [INFO] ThirdParty:1030 - CMSIS Pack Vendor :STMicroelectronics X-CUBE-TOF1 3.4.2
2025-08-04 20:28:42,617 [INFO] ThirdParty:1030 - CMSIS Pack Vendor :STMicroelectronics X-CUBE-TOF1 3.4.3
2025-08-04 20:28:42,617 [INFO] ThirdParty:1030 - CMSIS Pack Vendor :STMicroelectronics PDM2PCM 3.2.0
2025-08-04 20:28:42,617 [INFO] ThirdParty:841 - exiting critical section [change project]
2025-08-04 20:28:43,453 [INFO] PinOutPanel:1589 - setPackage(No Configuration,No Configuration)
2025-08-04 20:28:43,454 [INFO] PinOutPanel:1589 - setPackage(STM32G473RCTx,LQFP64)
2025-08-04 20:28:44,296 [INFO] UtilMem:75 - Before build in PCC Used Memory: 819160280 Bytes (1073741824)
2025-08-04 20:28:45,279 [INFO] UtilMem:75 - After build in PCC Used Memory: 925171024 Bytes (1073741824)
2025-08-04 20:28:45,291 [INFO] ApiDbMcu:508 - Load IP Config File for FREERTOS
2025-08-04 20:28:45,351 [INFO] IPUIPlugin:80 - create IPUIPlugin
2025-08-04 20:28:45,351 [INFO] IPUIPlugin:80 - create IPUIPlugin
2025-08-04 20:28:45,351 [INFO] IPUIPlugin:80 - create IPUIPlugin
2025-08-04 20:28:45,351 [INFO] IPUIPlugin:80 - create IPUIPlugin
2025-08-04 20:28:45,351 [INFO] IPUIPlugin:80 - create IPUIPlugin
2025-08-04 20:28:45,351 [INFO] IPUIPlugin:80 - create IPUIPlugin
2025-08-04 20:28:45,351 [INFO] IPUIPlugin:80 - create IPUIPlugin
2025-08-04 20:28:45,351 [INFO] IPUIPlugin:80 - create IPUIPlugin
2025-08-04 20:28:45,352 [INFO] IPUIPlugin:80 - create IPUIPlugin
2025-08-04 20:28:45,352 [INFO] IPUIPlugin:80 - create IPUIPlugin
2025-08-04 20:28:45,352 [INFO] IPUIPlugin:80 - create IPUIPlugin
2025-08-04 20:28:45,352 [INFO] IPUIPlugin:80 - create IPUIPlugin
2025-08-04 20:28:45,352 [INFO] IPUIPlugin:80 - create IPUIPlugin
2025-08-04 20:28:45,353 [INFO] IPUIPlugin:80 - create IPUIPlugin
2025-08-04 20:28:45,353 [INFO] IPUIPlugin:80 - create IPUIPlugin
2025-08-04 20:28:45,353 [INFO] IPUIPlugin:80 - create IPUIPlugin
2025-08-04 20:28:45,354 [INFO] IPUIPlugin:80 - create IPUIPlugin
2025-08-04 20:28:45,354 [INFO] IPUIPlugin:80 - create IPUIPlugin
2025-08-04 20:28:45,354 [INFO] IPUIPlugin:80 - create IPUIPlugin
2025-08-04 20:28:45,354 [INFO] IPUIPlugin:80 - create IPUIPlugin
2025-08-04 20:28:45,355 [INFO] IPUIPlugin:80 - create IPUIPlugin
2025-08-04 20:28:45,355 [INFO] IPUIPlugin:80 - create IPUIPlugin
2025-08-04 20:28:45,355 [INFO] IPUIPlugin:80 - create IPUIPlugin
2025-08-04 20:28:45,355 [INFO] IPUIPlugin:80 - create IPUIPlugin
2025-08-04 20:28:45,356 [INFO] IPUIPlugin:80 - create IPUIPlugin
2025-08-04 20:28:45,357 [INFO] IPUIPlugin:80 - create IPUIPlugin
2025-08-04 20:28:45,357 [INFO] IPUIPlugin:80 - create IPUIPlugin
2025-08-04 20:28:45,358 [INFO] IPUIPlugin:80 - create IPUIPlugin
2025-08-04 20:28:45,358 [INFO] IPUIPlugin:80 - create IPUIPlugin
2025-08-04 20:28:45,358 [INFO] IPUIPlugin:80 - create IPUIPlugin
2025-08-04 20:28:45,359 [INFO] IPUIPlugin:80 - create IPUIPlugin
2025-08-04 20:28:45,359 [INFO] IPUIPlugin:80 - create IPUIPlugin
2025-08-04 20:28:45,359 [INFO] IPUIPlugin:80 - create IPUIPlugin
2025-08-04 20:28:45,360 [INFO] IPUIPlugin:80 - create IPUIPlugin
2025-08-04 20:28:45,360 [INFO] IPUIPlugin:80 - create IPUIPlugin
2025-08-04 20:28:45,361 [INFO] IPUIPlugin:80 - create IPUIPlugin
2025-08-04 20:28:45,362 [INFO] IPUIPlugin:80 - create IPUIPlugin
2025-08-04 20:28:45,362 [INFO] IPUIPlugin:80 - create IPUIPlugin
2025-08-04 20:28:45,363 [INFO] IPUIPlugin:80 - create IPUIPlugin
2025-08-04 20:28:45,363 [INFO] IPUIPlugin:80 - create IPUIPlugin
2025-08-04 20:28:45,363 [INFO] IPUIPlugin:80 - create IPUIPlugin
2025-08-04 20:28:45,364 [INFO] IPUIPlugin:80 - create IPUIPlugin
2025-08-04 20:28:45,364 [INFO] IPUIPlugin:80 - create IPUIPlugin
2025-08-04 20:28:45,365 [INFO] IPUIPlugin:80 - create IPUIPlugin
2025-08-04 20:28:45,365 [INFO] IPUIPlugin:80 - create IPUIPlugin
2025-08-04 20:28:45,366 [INFO] IPUIPlugin:80 - create IPUIPlugin
2025-08-04 20:28:45,367 [INFO] IPUIPlugin:80 - create IPUIPlugin
2025-08-04 20:28:45,367 [INFO] IPUIPlugin:80 - create IPUIPlugin
2025-08-04 20:28:45,367 [INFO] IPUIPlugin:80 - create IPUIPlugin
2025-08-04 20:28:45,368 [INFO] IPUIPlugin:80 - create IPUIPlugin
2025-08-04 20:28:45,368 [INFO] IPUIPlugin:80 - create IPUIPlugin
2025-08-04 20:28:45,368 [INFO] IPUIPlugin:80 - create IPUIPlugin
2025-08-04 20:28:45,369 [INFO] IPUIPlugin:80 - create IPUIPlugin
2025-08-04 20:28:45,369 [INFO] IPUIPlugin:80 - create IPUIPlugin
2025-08-04 20:28:45,369 [INFO] IPUIPlugin:80 - create IPUIPlugin
2025-08-04 20:28:45,370 [INFO] IPUIPlugin:80 - create IPUIPlugin
2025-08-04 20:28:45,370 [INFO] IPUIPlugin:80 - create IPUIPlugin
2025-08-04 20:28:45,370 [INFO] IPUIPlugin:80 - create IPUIPlugin
2025-08-04 20:28:45,370 [INFO] IPUIPlugin:80 - create IPUIPlugin
2025-08-04 20:28:45,371 [INFO] IPUIPlugin:80 - create IPUIPlugin
2025-08-04 20:28:45,371 [INFO] IPUIPlugin:80 - create IPUIPlugin
2025-08-04 20:28:45,371 [INFO] IPUIPlugin:80 - create IPUIPlugin
2025-08-04 20:28:45,372 [INFO] IPUIPlugin:80 - create IPUIPlugin
2025-08-04 20:28:45,372 [INFO] IPUIPlugin:80 - create IPUIPlugin
2025-08-04 20:28:45,373 [INFO] IPUIPlugin:80 - create IPUIPlugin
2025-08-04 20:28:45,374 [INFO] IPUIPlugin:80 - create IPUIPlugin
2025-08-04 20:28:45,375 [INFO] IPUIPlugin:80 - create IPUIPlugin
2025-08-04 20:28:45,376 [INFO] IPUIPlugin:80 - create IPUIPlugin
2025-08-04 20:28:45,376 [INFO] IPUIPlugin:80 - create IPUIPlugin
2025-08-04 20:28:45,377 [INFO] IPUIPlugin:80 - create IPUIPlugin
2025-08-04 20:28:45,378 [INFO] IPUIPlugin:80 - create IPUIPlugin
2025-08-04 20:28:45,379 [INFO] IPUIPlugin:80 - create IPUIPlugin
2025-08-04 20:28:45,380 [INFO] IPUIPlugin:80 - create IPUIPlugin
2025-08-04 20:28:45,381 [INFO] IPUIPlugin:80 - create IPUIPlugin
2025-08-04 20:28:45,382 [INFO] IPUIPlugin:80 - create IPUIPlugin
2025-08-04 20:28:45,383 [INFO] IPUIPlugin:80 - create IPUIPlugin
2025-08-04 20:28:45,385 [WARN] IP:2250 - MessageRAMOffset not found: check if there is a RefParameter without a condition.
2025-08-04 20:28:45,385 [WARN] IP:2250 - RxFifo0ElmtsNbr not found: check if there is a RefParameter without a condition.
2025-08-04 20:28:45,385 [WARN] IP:2250 - RxFifo0ElmtSize not found: check if there is a RefParameter without a condition.
2025-08-04 20:28:45,385 [WARN] IP:2250 - RxFifo1ElmtsNbr not found: check if there is a RefParameter without a condition.
2025-08-04 20:28:45,385 [WARN] IP:2250 - RxFifo1ElmtSize not found: check if there is a RefParameter without a condition.
2025-08-04 20:28:45,385 [WARN] IP:2250 - RxBuffersNbr not found: check if there is a RefParameter without a condition.
2025-08-04 20:28:45,385 [WARN] IP:2250 - RxBufferSize not found: check if there is a RefParameter without a condition.
2025-08-04 20:28:45,385 [WARN] IP:2250 - TxEventsNbr not found: check if there is a RefParameter without a condition.
2025-08-04 20:28:45,386 [WARN] IP:2250 - TxBuffersNbr not found: check if there is a RefParameter without a condition.
2025-08-04 20:28:45,386 [WARN] IP:2250 - TxFifoQueueElmtsNbr not found: check if there is a RefParameter without a condition.
2025-08-04 20:28:45,386 [WARN] IP:2250 - TxElmtSize not found: check if there is a RefParameter without a condition.
2025-08-04 20:28:45,386 [WARN] IP:2250 - ClockCalibrationCCU not found: check if there is a RefParameter without a condition.
2025-08-04 20:28:45,386 [WARN] IP:2250 - ClockDividerCCU not found: check if there is a RefParameter without a condition.
2025-08-04 20:28:45,386 [WARN] IP:2250 - MinOscClkPeriodsCCU not found: check if there is a RefParameter without a condition.
2025-08-04 20:28:45,386 [WARN] IP:2250 - TimeQuantaPerBitTimeCCU not found: check if there is a RefParameter without a condition.
2025-08-04 20:28:45,386 [WARN] IP:2250 - WatchdogStartValueCCU not found: check if there is a RefParameter without a condition.
2025-08-04 20:28:45,392 [INFO] LogOutputStream:77 - [STDOUT_REDIRECT] Nominal 
2025-08-04 20:28:45,393 [INFO] Can:71 - Can Add PropertyChangeListener com.st.microxplorer.plugins.ip.can.Can@1095ccdf
2025-08-04 20:28:45,425 [WARN] FreeRTOS:1023 - Null or empty value: should not occur! (nothing added to the table)
2025-08-04 20:28:45,571 [INFO] CADModel:165 - CPN selected for project levelSTM32G473RCT6
2025-08-04 20:28:45,572 [INFO] CADModel:114 - Register for checkConnection events
2025-08-04 20:28:45,578 [INFO] RtosManager:725 - Active RTOS found at IOC load: FREERTOS [Cortex-M4NS]
2025-08-04 20:28:45,746 [INFO] OpenFileManager:385 - Restore cursor
2025-08-04 20:28:46,400 [WARN] IP:2250 - MessageRAMOffset not found: check if there is a RefParameter without a condition.
2025-08-04 20:28:46,400 [WARN] IP:2250 - RxFifo0ElmtsNbr not found: check if there is a RefParameter without a condition.
2025-08-04 20:28:46,400 [WARN] IP:2250 - RxFifo0ElmtSize not found: check if there is a RefParameter without a condition.
2025-08-04 20:28:46,400 [WARN] IP:2250 - RxFifo1ElmtsNbr not found: check if there is a RefParameter without a condition.
2025-08-04 20:28:46,400 [WARN] IP:2250 - RxFifo1ElmtSize not found: check if there is a RefParameter without a condition.
2025-08-04 20:28:46,400 [WARN] IP:2250 - RxBuffersNbr not found: check if there is a RefParameter without a condition.
2025-08-04 20:28:46,400 [WARN] IP:2250 - RxBufferSize not found: check if there is a RefParameter without a condition.
2025-08-04 20:28:46,400 [WARN] IP:2250 - TxEventsNbr not found: check if there is a RefParameter without a condition.
2025-08-04 20:28:46,400 [WARN] IP:2250 - TxBuffersNbr not found: check if there is a RefParameter without a condition.
2025-08-04 20:28:46,401 [WARN] IP:2250 - TxFifoQueueElmtsNbr not found: check if there is a RefParameter without a condition.
2025-08-04 20:28:46,401 [WARN] IP:2250 - TxElmtSize not found: check if there is a RefParameter without a condition.
2025-08-04 20:28:46,401 [WARN] IP:2250 - ClockCalibrationCCU not found: check if there is a RefParameter without a condition.
2025-08-04 20:28:46,401 [WARN] IP:2250 - ClockDividerCCU not found: check if there is a RefParameter without a condition.
2025-08-04 20:28:46,401 [WARN] IP:2250 - MinOscClkPeriodsCCU not found: check if there is a RefParameter without a condition.
2025-08-04 20:28:46,401 [WARN] IP:2250 - TimeQuantaPerBitTimeCCU not found: check if there is a RefParameter without a condition.
2025-08-04 20:28:46,401 [WARN] IP:2250 - WatchdogStartValueCCU not found: check if there is a RefParameter without a condition.
2025-08-04 20:29:04,069 [INFO] UtilMem:75 - End SaveConfig() Used Memory: 992118936 Bytes (1073741824)
2025-08-04 20:29:04,885 [INFO] BlockDiagram:2775 - set Specific Code input for plugin: SPI
2025-08-04 20:29:04,885 [INFO] BlockDiagram:2775 - set Specific Code input for plugin: FREERTOS
2025-08-04 20:29:04,885 [INFO] BlockDiagram:2775 - set Specific Code input for plugin: IWDG
2025-08-04 20:29:04,885 [INFO] BlockDiagram:2775 - set Specific Code input for plugin: DAC
2025-08-04 20:29:04,886 [INFO] BlockDiagram:2775 - set Specific Code input for plugin: ADC
2025-08-04 20:29:04,888 [INFO] BlockDiagram:2775 - set Specific Code input for plugin: SYS
2025-08-04 20:29:04,889 [INFO] BlockDiagram:2775 - set Specific Code input for plugin: ADC
2025-08-04 20:29:04,889 [INFO] BlockDiagram:2775 - set Specific Code input for plugin: RCC
2025-08-04 20:29:04,889 [INFO] BlockDiagram:2775 - set Specific Code input for plugin: I2C
2025-08-04 20:29:04,890 [INFO] BlockDiagram:2775 - set Specific Code input for plugin: I2C
2025-08-04 20:29:04,890 [INFO] BlockDiagram:2775 - set Specific Code input for plugin: I2C
2025-08-04 20:29:04,890 [INFO] BlockDiagram:2775 - set Specific Code input for plugin: NVIC
2025-08-04 20:29:04,890 [INFO] BlockDiagram:2775 - set Specific Code input for plugin: USART
2025-08-04 20:29:04,890 [INFO] BlockDiagram:2775 - set Specific Code input for plugin: DMA
2025-08-04 20:29:04,899 [INFO] BlockDiagram:2775 - set Specific Code input for plugin: GPIO
2025-08-04 20:29:04,899 [INFO] BlockDiagram:2775 - set Specific Code input for plugin: FDCAN
2025-08-04 20:29:04,914 [INFO] CodeGenerator:882 - code generatio: config db path: C:\ST\STM32CubeIDE_1.18.0\STM32CubeIDE\plugins\com.st.stm32cube.common.mx_6.14.0.202502271554\\db\
2025-08-04 20:29:04,946 [INFO] Argument:325 - Argument : hdmavalue: null
2025-08-04 20:29:04,946 [INFO] Argument:327 - 	 sub Args: 
2025-08-04 20:29:04,947 [INFO] Argument:325 - Argument : Instancevalue: DMA1_Channel1
2025-08-04 20:29:04,947 [INFO] Argument:335 - Argument : Instancevalue: DMA1_Channel1
2025-08-04 20:29:04,947 [INFO] Argument:325 - Argument : Initvalue: null
2025-08-04 20:29:04,947 [INFO] Argument:327 - 	 sub Args: 
2025-08-04 20:29:04,947 [INFO] Argument:325 - Argument : Requestvalue: DMA_REQUEST_ADC1
2025-08-04 20:29:04,947 [INFO] Argument:335 - Argument : Requestvalue: DMA_REQUEST_ADC1
2025-08-04 20:29:04,947 [INFO] Argument:325 - Argument : Directionvalue: DMA_PERIPH_TO_MEMORY
2025-08-04 20:29:04,948 [INFO] Argument:335 - Argument : Directionvalue: DMA_PERIPH_TO_MEMORY
2025-08-04 20:29:04,948 [INFO] Argument:325 - Argument : PeriphIncvalue: DMA_PINC_DISABLE
2025-08-04 20:29:04,948 [INFO] Argument:335 - Argument : PeriphIncvalue: DMA_PINC_DISABLE
2025-08-04 20:29:04,948 [INFO] Argument:325 - Argument : MemIncvalue: DMA_MINC_ENABLE
2025-08-04 20:29:04,948 [INFO] Argument:335 - Argument : MemIncvalue: DMA_MINC_ENABLE
2025-08-04 20:29:04,948 [INFO] Argument:325 - Argument : PeriphDataAlignmentvalue: DMA_PDATAALIGN_HALFWORD
2025-08-04 20:29:04,948 [INFO] Argument:335 - Argument : PeriphDataAlignmentvalue: DMA_PDATAALIGN_HALFWORD
2025-08-04 20:29:04,948 [INFO] Argument:325 - Argument : MemDataAlignmentvalue: DMA_MDATAALIGN_HALFWORD
2025-08-04 20:29:04,948 [INFO] Argument:335 - Argument : MemDataAlignmentvalue: DMA_MDATAALIGN_HALFWORD
2025-08-04 20:29:04,948 [INFO] Argument:325 - Argument : Modevalue: DMA_CIRCULAR
2025-08-04 20:29:04,948 [INFO] Argument:335 - Argument : Modevalue: DMA_CIRCULAR
2025-08-04 20:29:04,948 [INFO] Argument:325 - Argument : Priorityvalue: DMA_PRIORITY_LOW
2025-08-04 20:29:04,948 [INFO] Argument:335 - Argument : Priorityvalue: DMA_PRIORITY_LOW
2025-08-04 20:29:04,948 [INFO] Argument:325 - Argument : Lockvalue: null
2025-08-04 20:29:04,948 [INFO] Argument:335 - Argument : Lockvalue: null
2025-08-04 20:29:04,948 [INFO] Argument:325 - Argument : Statevalue: null
2025-08-04 20:29:04,948 [INFO] Argument:335 - Argument : Statevalue: null
2025-08-04 20:29:04,948 [INFO] Argument:325 - Argument : Parentvalue: null
2025-08-04 20:29:04,949 [INFO] Argument:335 - Argument : Parentvalue: null
2025-08-04 20:29:04,949 [INFO] Argument:325 - Argument : XferCpltCallbackvalue: null
2025-08-04 20:29:04,949 [INFO] Argument:335 - Argument : XferCpltCallbackvalue: null
2025-08-04 20:29:04,949 [INFO] Argument:325 - Argument : XferHalfCpltCallbackvalue: null
2025-08-04 20:29:04,949 [INFO] Argument:335 - Argument : XferHalfCpltCallbackvalue: null
2025-08-04 20:29:04,949 [INFO] Argument:325 - Argument : XferErrorCallbackvalue: null
2025-08-04 20:29:04,949 [INFO] Argument:335 - Argument : XferErrorCallbackvalue: null
2025-08-04 20:29:04,949 [INFO] Argument:325 - Argument : XferAbortCallbackvalue: null
2025-08-04 20:29:04,949 [INFO] Argument:335 - Argument : XferAbortCallbackvalue: null
2025-08-04 20:29:04,949 [INFO] Argument:325 - Argument : ErrorCodevalue: null
2025-08-04 20:29:04,949 [INFO] Argument:335 - Argument : ErrorCodevalue: null
2025-08-04 20:29:04,949 [INFO] Argument:325 - Argument : ChannelIndexvalue: null
2025-08-04 20:29:04,949 [INFO] Argument:335 - Argument : ChannelIndexvalue: null
2025-08-04 20:29:04,949 [INFO] Argument:325 - Argument : DMAmuxChannelvalue: null
2025-08-04 20:29:04,949 [INFO] Argument:335 - Argument : DMAmuxChannelvalue: null
2025-08-04 20:29:04,949 [INFO] Argument:325 - Argument : DMAmuxChannelStatusvalue: null
2025-08-04 20:29:04,949 [INFO] Argument:335 - Argument : DMAmuxChannelStatusvalue: null
2025-08-04 20:29:04,949 [INFO] Argument:325 - Argument : DMAmuxChannelStatusMaskvalue: null
2025-08-04 20:29:04,949 [INFO] Argument:335 - Argument : DMAmuxChannelStatusMaskvalue: null
2025-08-04 20:29:04,950 [INFO] Argument:325 - Argument : DMAmuxRequestGenvalue: null
2025-08-04 20:29:04,950 [INFO] Argument:335 - Argument : DMAmuxRequestGenvalue: null
2025-08-04 20:29:04,950 [INFO] Argument:325 - Argument : DMAmuxRequestGenStatusvalue: null
2025-08-04 20:29:04,950 [INFO] Argument:335 - Argument : DMAmuxRequestGenStatusvalue: null
2025-08-04 20:29:04,950 [INFO] Argument:325 - Argument : DMAmuxRequestGenStatusMaskvalue: null
2025-08-04 20:29:04,950 [INFO] Argument:335 - Argument : DMAmuxRequestGenStatusMaskvalue: null
2025-08-04 20:29:04,979 [INFO] Argument:325 - Argument : hdmavalue: null
2025-08-04 20:29:04,980 [INFO] Argument:327 - 	 sub Args: 
2025-08-04 20:29:04,980 [INFO] Argument:325 - Argument : Instancevalue: DMA2_Channel2
2025-08-04 20:29:04,980 [INFO] Argument:335 - Argument : Instancevalue: DMA2_Channel2
2025-08-04 20:29:04,980 [INFO] Argument:325 - Argument : Initvalue: null
2025-08-04 20:29:04,980 [INFO] Argument:327 - 	 sub Args: 
2025-08-04 20:29:04,980 [INFO] Argument:325 - Argument : Requestvalue: DMA_REQUEST_ADC2
2025-08-04 20:29:04,980 [INFO] Argument:335 - Argument : Requestvalue: DMA_REQUEST_ADC2
2025-08-04 20:29:04,980 [INFO] Argument:325 - Argument : Directionvalue: DMA_PERIPH_TO_MEMORY
2025-08-04 20:29:04,980 [INFO] Argument:335 - Argument : Directionvalue: DMA_PERIPH_TO_MEMORY
2025-08-04 20:29:04,980 [INFO] Argument:325 - Argument : PeriphIncvalue: DMA_PINC_DISABLE
2025-08-04 20:29:04,980 [INFO] Argument:335 - Argument : PeriphIncvalue: DMA_PINC_DISABLE
2025-08-04 20:29:04,981 [INFO] Argument:325 - Argument : MemIncvalue: DMA_MINC_ENABLE
2025-08-04 20:29:04,981 [INFO] Argument:335 - Argument : MemIncvalue: DMA_MINC_ENABLE
2025-08-04 20:29:04,981 [INFO] Argument:325 - Argument : PeriphDataAlignmentvalue: DMA_PDATAALIGN_HALFWORD
2025-08-04 20:29:04,981 [INFO] Argument:335 - Argument : PeriphDataAlignmentvalue: DMA_PDATAALIGN_HALFWORD
2025-08-04 20:29:04,981 [INFO] Argument:325 - Argument : MemDataAlignmentvalue: DMA_MDATAALIGN_HALFWORD
2025-08-04 20:29:04,981 [INFO] Argument:335 - Argument : MemDataAlignmentvalue: DMA_MDATAALIGN_HALFWORD
2025-08-04 20:29:04,981 [INFO] Argument:325 - Argument : Modevalue: DMA_CIRCULAR
2025-08-04 20:29:04,981 [INFO] Argument:335 - Argument : Modevalue: DMA_CIRCULAR
2025-08-04 20:29:04,981 [INFO] Argument:325 - Argument : Priorityvalue: DMA_PRIORITY_LOW
2025-08-04 20:29:04,981 [INFO] Argument:335 - Argument : Priorityvalue: DMA_PRIORITY_LOW
2025-08-04 20:29:04,981 [INFO] Argument:325 - Argument : Lockvalue: null
2025-08-04 20:29:04,981 [INFO] Argument:335 - Argument : Lockvalue: null
2025-08-04 20:29:04,981 [INFO] Argument:325 - Argument : Statevalue: null
2025-08-04 20:29:04,981 [INFO] Argument:335 - Argument : Statevalue: null
2025-08-04 20:29:04,981 [INFO] Argument:325 - Argument : Parentvalue: null
2025-08-04 20:29:04,981 [INFO] Argument:335 - Argument : Parentvalue: null
2025-08-04 20:29:04,982 [INFO] Argument:325 - Argument : XferCpltCallbackvalue: null
2025-08-04 20:29:04,982 [INFO] Argument:335 - Argument : XferCpltCallbackvalue: null
2025-08-04 20:29:04,982 [INFO] Argument:325 - Argument : XferHalfCpltCallbackvalue: null
2025-08-04 20:29:04,982 [INFO] Argument:335 - Argument : XferHalfCpltCallbackvalue: null
2025-08-04 20:29:04,983 [INFO] Argument:325 - Argument : XferErrorCallbackvalue: null
2025-08-04 20:29:04,983 [INFO] Argument:335 - Argument : XferErrorCallbackvalue: null
2025-08-04 20:29:04,983 [INFO] Argument:325 - Argument : XferAbortCallbackvalue: null
2025-08-04 20:29:04,983 [INFO] Argument:335 - Argument : XferAbortCallbackvalue: null
2025-08-04 20:29:04,983 [INFO] Argument:325 - Argument : ErrorCodevalue: null
2025-08-04 20:29:04,983 [INFO] Argument:335 - Argument : ErrorCodevalue: null
2025-08-04 20:29:04,983 [INFO] Argument:325 - Argument : ChannelIndexvalue: null
2025-08-04 20:29:04,983 [INFO] Argument:335 - Argument : ChannelIndexvalue: null
2025-08-04 20:29:04,983 [INFO] Argument:325 - Argument : DMAmuxChannelvalue: null
2025-08-04 20:29:04,983 [INFO] Argument:335 - Argument : DMAmuxChannelvalue: null
2025-08-04 20:29:04,983 [INFO] Argument:325 - Argument : DMAmuxChannelStatusvalue: null
2025-08-04 20:29:04,983 [INFO] Argument:335 - Argument : DMAmuxChannelStatusvalue: null
2025-08-04 20:29:04,983 [INFO] Argument:325 - Argument : DMAmuxChannelStatusMaskvalue: null
2025-08-04 20:29:04,983 [INFO] Argument:335 - Argument : DMAmuxChannelStatusMaskvalue: null
2025-08-04 20:29:04,983 [INFO] Argument:325 - Argument : DMAmuxRequestGenvalue: null
2025-08-04 20:29:04,984 [INFO] Argument:335 - Argument : DMAmuxRequestGenvalue: null
2025-08-04 20:29:04,984 [INFO] Argument:325 - Argument : DMAmuxRequestGenStatusvalue: null
2025-08-04 20:29:04,984 [INFO] Argument:335 - Argument : DMAmuxRequestGenStatusvalue: null
2025-08-04 20:29:04,984 [INFO] Argument:325 - Argument : DMAmuxRequestGenStatusMaskvalue: null
2025-08-04 20:29:04,984 [INFO] Argument:335 - Argument : DMAmuxRequestGenStatusMaskvalue: null
2025-08-04 20:29:04,999 [WARN] IP:2250 - MessageRAMOffset not found: check if there is a RefParameter without a condition.
2025-08-04 20:29:05,000 [WARN] IP:2250 - RxFifo0ElmtsNbr not found: check if there is a RefParameter without a condition.
2025-08-04 20:29:05,000 [WARN] IP:2250 - RxFifo0ElmtSize not found: check if there is a RefParameter without a condition.
2025-08-04 20:29:05,000 [WARN] IP:2250 - RxFifo1ElmtsNbr not found: check if there is a RefParameter without a condition.
2025-08-04 20:29:05,000 [WARN] IP:2250 - RxFifo1ElmtSize not found: check if there is a RefParameter without a condition.
2025-08-04 20:29:05,000 [WARN] IP:2250 - RxBuffersNbr not found: check if there is a RefParameter without a condition.
2025-08-04 20:29:05,000 [WARN] IP:2250 - RxBufferSize not found: check if there is a RefParameter without a condition.
2025-08-04 20:29:05,000 [WARN] IP:2250 - TxEventsNbr not found: check if there is a RefParameter without a condition.
2025-08-04 20:29:05,000 [WARN] IP:2250 - TxBuffersNbr not found: check if there is a RefParameter without a condition.
2025-08-04 20:29:05,000 [WARN] IP:2250 - TxFifoQueueElmtsNbr not found: check if there is a RefParameter without a condition.
2025-08-04 20:29:05,001 [WARN] IP:2250 - TxElmtSize not found: check if there is a RefParameter without a condition.
2025-08-04 20:29:05,001 [WARN] IP:2250 - ClockCalibrationCCU not found: check if there is a RefParameter without a condition.
2025-08-04 20:29:05,001 [WARN] IP:2250 - ClockDividerCCU not found: check if there is a RefParameter without a condition.
2025-08-04 20:29:05,003 [WARN] IP:2250 - MinOscClkPeriodsCCU not found: check if there is a RefParameter without a condition.
2025-08-04 20:29:05,003 [WARN] IP:2250 - TimeQuantaPerBitTimeCCU not found: check if there is a RefParameter without a condition.
2025-08-04 20:29:05,003 [WARN] IP:2250 - WatchdogStartValueCCU not found: check if there is a RefParameter without a condition.
2025-08-04 20:29:05,353 [INFO] CodeEngine:263 - oldGeneratedFile, C:\Users\pwlub\Desktop\PUTM_EV_REARBOX_2024\firmware\MXTmpFiles\license.tmp_save
2025-08-04 20:29:06,103 [INFO] CodeEngine:287 - Generated code: C:\Users\pwlub\Desktop\PUTM_EV_REARBOX_2024\firmware\MXTmpFiles\license.tmp
2025-08-04 20:29:06,803 [INFO] CodeEngine:263 - oldGeneratedFile, C:\Users\pwlub\Desktop\PUTM_EV_REARBOX_2024\firmware\Core\Src\gpio.c_save
2025-08-04 20:29:07,410 [INFO] CodeEngine:287 - Generated code: C:\Users\pwlub\Desktop\PUTM_EV_REARBOX_2024\firmware\Core\Src\gpio.c
2025-08-04 20:29:07,425 [INFO] CodeEngine:263 - oldGeneratedFile, C:\Users\pwlub\Desktop\PUTM_EV_REARBOX_2024\firmware\Core\Inc\gpio.h_save
2025-08-04 20:29:07,700 [INFO] CodeEngine:287 - Generated code: C:\Users\pwlub\Desktop\PUTM_EV_REARBOX_2024\firmware\Core\Inc\gpio.h
2025-08-04 20:29:12,304 [INFO] Middleware:1452 - No code input for Bsp Dependency
2025-08-04 20:29:12,324 [INFO] CodeEngine:263 - oldGeneratedFile, C:\Users\pwlub\Desktop\PUTM_EV_REARBOX_2024\firmware\MXTmpFiles\rtos_inc.tmp_save
2025-08-04 20:29:12,502 [INFO] CodeEngine:287 - Generated code: C:\Users\pwlub\Desktop\PUTM_EV_REARBOX_2024\firmware\MXTmpFiles\rtos_inc.tmp
2025-08-04 20:29:12,509 [INFO] CodeEngine:263 - oldGeneratedFile, C:\Users\pwlub\Desktop\PUTM_EV_REARBOX_2024\firmware\MXTmpFiles\rtos_kernelInit.tmp_save
2025-08-04 20:29:12,671 [INFO] CodeEngine:287 - Generated code: C:\Users\pwlub\Desktop\PUTM_EV_REARBOX_2024\firmware\MXTmpFiles\rtos_kernelInit.tmp
2025-08-04 20:29:12,679 [INFO] CodeEngine:263 - oldGeneratedFile, C:\Users\pwlub\Desktop\PUTM_EV_REARBOX_2024\firmware\MXTmpFiles\rtos_kernelStart.tmp_save
2025-08-04 20:29:12,821 [INFO] CodeEngine:287 - Generated code: C:\Users\pwlub\Desktop\PUTM_EV_REARBOX_2024\firmware\MXTmpFiles\rtos_kernelStart.tmp
2025-08-04 20:29:12,829 [INFO] CodeEngine:263 - oldGeneratedFile, C:\Users\pwlub\Desktop\PUTM_EV_REARBOX_2024\firmware\MXTmpFiles\rtos_typedefs.tmp_save
2025-08-04 20:29:12,981 [INFO] CodeEngine:287 - Generated code: C:\Users\pwlub\Desktop\PUTM_EV_REARBOX_2024\firmware\MXTmpFiles\rtos_typedefs.tmp
2025-08-04 20:29:12,987 [INFO] CodeEngine:263 - oldGeneratedFile, C:\Users\pwlub\Desktop\PUTM_EV_REARBOX_2024\firmware\MXTmpFiles\rtos_vars.tmp_save
2025-08-04 20:29:13,176 [INFO] CodeEngine:287 - Generated code: C:\Users\pwlub\Desktop\PUTM_EV_REARBOX_2024\firmware\MXTmpFiles\rtos_vars.tmp
2025-08-04 20:29:13,185 [INFO] CodeEngine:263 - oldGeneratedFile, C:\Users\pwlub\Desktop\PUTM_EV_REARBOX_2024\firmware\MXTmpFiles\rtos_pfp.tmp_save
2025-08-04 20:29:13,355 [INFO] CodeEngine:287 - Generated code: C:\Users\pwlub\Desktop\PUTM_EV_REARBOX_2024\firmware\MXTmpFiles\rtos_pfp.tmp
2025-08-04 20:29:13,365 [INFO] CodeEngine:263 - oldGeneratedFile, C:\Users\pwlub\Desktop\PUTM_EV_REARBOX_2024\firmware\MXTmpFiles\rtos_obj_creat.tmp_save
2025-08-04 20:29:13,533 [INFO] CodeEngine:287 - Generated code: C:\Users\pwlub\Desktop\PUTM_EV_REARBOX_2024\firmware\MXTmpFiles\rtos_obj_creat.tmp
2025-08-04 20:29:13,540 [INFO] CodeEngine:263 - oldGeneratedFile, C:\Users\pwlub\Desktop\PUTM_EV_REARBOX_2024\firmware\MXTmpFiles\rtos_default_thread.tmp_save
2025-08-04 20:29:13,654 [INFO] CodeEngine:287 - Generated code: C:\Users\pwlub\Desktop\PUTM_EV_REARBOX_2024\firmware\MXTmpFiles\rtos_default_thread.tmp
2025-08-04 20:29:13,661 [INFO] CodeEngine:263 - oldGeneratedFile, C:\Users\pwlub\Desktop\PUTM_EV_REARBOX_2024\firmware\MXTmpFiles\rtos_threads.tmp_save
2025-08-04 20:29:13,767 [INFO] CodeEngine:287 - Generated code: C:\Users\pwlub\Desktop\PUTM_EV_REARBOX_2024\firmware\MXTmpFiles\rtos_threads.tmp
2025-08-04 20:29:13,822 [INFO] Middleware:1452 - No code input for Bsp Dependency
2025-08-04 20:29:13,837 [INFO] CodeEngine:263 - oldGeneratedFile, C:\Users\pwlub\Desktop\PUTM_EV_REARBOX_2024\firmware\MXTmpFiles\rtos_inc.tmp_save
2025-08-04 20:29:13,998 [INFO] CodeEngine:287 - Generated code: C:\Users\pwlub\Desktop\PUTM_EV_REARBOX_2024\firmware\MXTmpFiles\rtos_inc.tmp
2025-08-04 20:29:14,009 [INFO] CodeEngine:263 - oldGeneratedFile, C:\Users\pwlub\Desktop\PUTM_EV_REARBOX_2024\firmware\MXTmpFiles\rtos_kernelInit.tmp_save
2025-08-04 20:29:14,159 [INFO] CodeEngine:287 - Generated code: C:\Users\pwlub\Desktop\PUTM_EV_REARBOX_2024\firmware\MXTmpFiles\rtos_kernelInit.tmp
2025-08-04 20:29:14,170 [INFO] CodeEngine:263 - oldGeneratedFile, C:\Users\pwlub\Desktop\PUTM_EV_REARBOX_2024\firmware\MXTmpFiles\rtos_kernelStart.tmp_save
2025-08-04 20:29:14,291 [INFO] CodeEngine:287 - Generated code: C:\Users\pwlub\Desktop\PUTM_EV_REARBOX_2024\firmware\MXTmpFiles\rtos_kernelStart.tmp
2025-08-04 20:29:14,297 [INFO] CodeEngine:263 - oldGeneratedFile, C:\Users\pwlub\Desktop\PUTM_EV_REARBOX_2024\firmware\MXTmpFiles\rtos_typedefs.tmp_save
2025-08-04 20:29:14,405 [INFO] CodeEngine:287 - Generated code: C:\Users\pwlub\Desktop\PUTM_EV_REARBOX_2024\firmware\MXTmpFiles\rtos_typedefs.tmp
2025-08-04 20:29:14,429 [INFO] CodeEngine:263 - oldGeneratedFile, C:\Users\pwlub\Desktop\PUTM_EV_REARBOX_2024\firmware\MXTmpFiles\rtos_vars.tmp_save
2025-08-04 20:29:14,564 [INFO] CodeEngine:287 - Generated code: C:\Users\pwlub\Desktop\PUTM_EV_REARBOX_2024\firmware\MXTmpFiles\rtos_vars.tmp
2025-08-04 20:29:14,572 [INFO] CodeEngine:263 - oldGeneratedFile, C:\Users\pwlub\Desktop\PUTM_EV_REARBOX_2024\firmware\MXTmpFiles\rtos_pfp.tmp_save
2025-08-04 20:29:14,694 [INFO] CodeEngine:287 - Generated code: C:\Users\pwlub\Desktop\PUTM_EV_REARBOX_2024\firmware\MXTmpFiles\rtos_pfp.tmp
2025-08-04 20:29:14,713 [INFO] CodeEngine:263 - oldGeneratedFile, C:\Users\pwlub\Desktop\PUTM_EV_REARBOX_2024\firmware\MXTmpFiles\rtos_obj_creat.tmp_save
2025-08-04 20:29:14,834 [INFO] CodeEngine:287 - Generated code: C:\Users\pwlub\Desktop\PUTM_EV_REARBOX_2024\firmware\MXTmpFiles\rtos_obj_creat.tmp
2025-08-04 20:29:14,859 [INFO] CodeEngine:263 - oldGeneratedFile, C:\Users\pwlub\Desktop\PUTM_EV_REARBOX_2024\firmware\MXTmpFiles\rtos_default_thread.tmp_save
2025-08-04 20:29:14,982 [INFO] CodeEngine:287 - Generated code: C:\Users\pwlub\Desktop\PUTM_EV_REARBOX_2024\firmware\MXTmpFiles\rtos_default_thread.tmp
2025-08-04 20:29:14,988 [INFO] CodeEngine:263 - oldGeneratedFile, C:\Users\pwlub\Desktop\PUTM_EV_REARBOX_2024\firmware\MXTmpFiles\rtos_threads.tmp_save
2025-08-04 20:29:15,102 [INFO] CodeEngine:287 - Generated code: C:\Users\pwlub\Desktop\PUTM_EV_REARBOX_2024\firmware\MXTmpFiles\rtos_threads.tmp
2025-08-04 20:29:15,123 [INFO] CodeEngine:263 - oldGeneratedFile, C:\Users\pwlub\Desktop\PUTM_EV_REARBOX_2024\firmware\Core\Inc\FreeRTOSConfig.h_save
2025-08-04 20:29:15,284 [INFO] CodeEngine:287 - Generated code: C:\Users\pwlub\Desktop\PUTM_EV_REARBOX_2024\firmware\Core\Inc\FreeRTOSConfig.h
2025-08-04 20:29:15,311 [INFO] CodeEngine:263 - oldGeneratedFile, C:\Users\pwlub\Desktop\PUTM_EV_REARBOX_2024\firmware\Core\Src\app_freertos.c_save
2025-08-04 20:29:15,477 [INFO] CodeEngine:287 - Generated code: C:\Users\pwlub\Desktop\PUTM_EV_REARBOX_2024\firmware\Core\Src\app_freertos.c
2025-08-04 20:29:15,514 [INFO] CodeEngine:263 - oldGeneratedFile, C:\Users\pwlub\Desktop\PUTM_EV_REARBOX_2024\firmware\Core\Src\adc.c_save
2025-08-04 20:29:15,836 [INFO] CodeEngine:287 - Generated code: C:\Users\pwlub\Desktop\PUTM_EV_REARBOX_2024\firmware\Core\Src\adc.c
2025-08-04 20:29:15,868 [INFO] CodeEngine:263 - oldGeneratedFile, C:\Users\pwlub\Desktop\PUTM_EV_REARBOX_2024\firmware\Core\Inc\adc.h_save
2025-08-04 20:29:16,000 [INFO] CodeEngine:287 - Generated code: C:\Users\pwlub\Desktop\PUTM_EV_REARBOX_2024\firmware\Core\Inc\adc.h
2025-08-04 20:29:16,038 [INFO] CodeEngine:263 - oldGeneratedFile, C:\Users\pwlub\Desktop\PUTM_EV_REARBOX_2024\firmware\Core\Src\dac.c_save
2025-08-04 20:29:16,202 [INFO] CodeEngine:287 - Generated code: C:\Users\pwlub\Desktop\PUTM_EV_REARBOX_2024\firmware\Core\Src\dac.c
2025-08-04 20:29:16,211 [INFO] CodeEngine:263 - oldGeneratedFile, C:\Users\pwlub\Desktop\PUTM_EV_REARBOX_2024\firmware\Core\Inc\dac.h_save
2025-08-04 20:29:16,336 [INFO] CodeEngine:287 - Generated code: C:\Users\pwlub\Desktop\PUTM_EV_REARBOX_2024\firmware\Core\Inc\dac.h
2025-08-04 20:29:16,499 [INFO] CodeEngine:263 - oldGeneratedFile, C:\Users\pwlub\Desktop\PUTM_EV_REARBOX_2024\firmware\Core\Src\dma.c_save
2025-08-04 20:29:16,648 [INFO] CodeEngine:287 - Generated code: C:\Users\pwlub\Desktop\PUTM_EV_REARBOX_2024\firmware\Core\Src\dma.c
2025-08-04 20:29:16,659 [INFO] CodeEngine:263 - oldGeneratedFile, C:\Users\pwlub\Desktop\PUTM_EV_REARBOX_2024\firmware\Core\Inc\dma.h_save
2025-08-04 20:29:16,770 [INFO] CodeEngine:287 - Generated code: C:\Users\pwlub\Desktop\PUTM_EV_REARBOX_2024\firmware\Core\Inc\dma.h
2025-08-04 20:29:16,805 [INFO] CodeEngine:263 - oldGeneratedFile, C:\Users\pwlub\Desktop\PUTM_EV_REARBOX_2024\firmware\Core\Src\fdcan.c_save
2025-08-04 20:29:16,999 [INFO] CodeEngine:287 - Generated code: C:\Users\pwlub\Desktop\PUTM_EV_REARBOX_2024\firmware\Core\Src\fdcan.c
2025-08-04 20:29:17,012 [INFO] CodeEngine:263 - oldGeneratedFile, C:\Users\pwlub\Desktop\PUTM_EV_REARBOX_2024\firmware\Core\Inc\fdcan.h_save
2025-08-04 20:29:17,127 [INFO] CodeEngine:287 - Generated code: C:\Users\pwlub\Desktop\PUTM_EV_REARBOX_2024\firmware\Core\Inc\fdcan.h
2025-08-04 20:29:17,168 [INFO] CodeEngine:263 - oldGeneratedFile, C:\Users\pwlub\Desktop\PUTM_EV_REARBOX_2024\firmware\Core\Src\i2c.c_save
2025-08-04 20:29:17,430 [INFO] CodeEngine:287 - Generated code: C:\Users\pwlub\Desktop\PUTM_EV_REARBOX_2024\firmware\Core\Src\i2c.c
2025-08-04 20:29:17,452 [INFO] CodeEngine:263 - oldGeneratedFile, C:\Users\pwlub\Desktop\PUTM_EV_REARBOX_2024\firmware\Core\Inc\i2c.h_save
2025-08-04 20:29:17,625 [INFO] CodeEngine:287 - Generated code: C:\Users\pwlub\Desktop\PUTM_EV_REARBOX_2024\firmware\Core\Inc\i2c.h
2025-08-04 20:29:17,699 [INFO] CodeEngine:263 - oldGeneratedFile, C:\Users\pwlub\Desktop\PUTM_EV_REARBOX_2024\firmware\Core\Src\iwdg.c_save
2025-08-04 20:29:17,893 [INFO] CodeEngine:287 - Generated code: C:\Users\pwlub\Desktop\PUTM_EV_REARBOX_2024\firmware\Core\Src\iwdg.c
2025-08-04 20:29:17,900 [INFO] CodeEngine:263 - oldGeneratedFile, C:\Users\pwlub\Desktop\PUTM_EV_REARBOX_2024\firmware\Core\Inc\iwdg.h_save
2025-08-04 20:29:18,016 [INFO] CodeEngine:287 - Generated code: C:\Users\pwlub\Desktop\PUTM_EV_REARBOX_2024\firmware\Core\Inc\iwdg.h
2025-08-04 20:29:18,053 [INFO] CodeEngine:263 - oldGeneratedFile, C:\Users\pwlub\Desktop\PUTM_EV_REARBOX_2024\firmware\Core\Src\spi.c_save
2025-08-04 20:29:18,244 [INFO] CodeEngine:287 - Generated code: C:\Users\pwlub\Desktop\PUTM_EV_REARBOX_2024\firmware\Core\Src\spi.c
2025-08-04 20:29:18,253 [INFO] CodeEngine:263 - oldGeneratedFile, C:\Users\pwlub\Desktop\PUTM_EV_REARBOX_2024\firmware\Core\Inc\spi.h_save
2025-08-04 20:29:18,370 [INFO] CodeEngine:287 - Generated code: C:\Users\pwlub\Desktop\PUTM_EV_REARBOX_2024\firmware\Core\Inc\spi.h
2025-08-04 20:29:18,403 [INFO] CodeEngine:263 - oldGeneratedFile, C:\Users\pwlub\Desktop\PUTM_EV_REARBOX_2024\firmware\Core\Src\usart.c_save
2025-08-04 20:29:18,571 [INFO] CodeEngine:287 - Generated code: C:\Users\pwlub\Desktop\PUTM_EV_REARBOX_2024\firmware\Core\Src\usart.c
2025-08-04 20:29:18,580 [INFO] CodeEngine:263 - oldGeneratedFile, C:\Users\pwlub\Desktop\PUTM_EV_REARBOX_2024\firmware\Core\Inc\usart.h_save
2025-08-04 20:29:18,722 [INFO] CodeEngine:287 - Generated code: C:\Users\pwlub\Desktop\PUTM_EV_REARBOX_2024\firmware\Core\Inc\usart.h
2025-08-04 20:29:18,778 [INFO] CodeEngine:263 - oldGeneratedFile, C:\Users\pwlub\Desktop\PUTM_EV_REARBOX_2024\firmware\Core\Src\stm32g4xx_it.c_save
2025-08-04 20:29:19,102 [INFO] CodeEngine:287 - Generated code: C:\Users\pwlub\Desktop\PUTM_EV_REARBOX_2024\firmware\Core\Src\stm32g4xx_it.c
2025-08-04 20:29:19,112 [INFO] CodeEngine:263 - oldGeneratedFile, C:\Users\pwlub\Desktop\PUTM_EV_REARBOX_2024\firmware\Core\Inc\stm32g4xx_it.h_save
2025-08-04 20:29:19,247 [INFO] CodeEngine:287 - Generated code: C:\Users\pwlub\Desktop\PUTM_EV_REARBOX_2024\firmware\Core\Inc\stm32g4xx_it.h
2025-08-04 20:29:19,304 [INFO] CodeEngine:263 - oldGeneratedFile, C:\Users\pwlub\Desktop\PUTM_EV_REARBOX_2024\firmware\Core\Src\stm32g4xx_hal_msp.c_save
2025-08-04 20:29:19,543 [INFO] CodeEngine:287 - Generated code: C:\Users\pwlub\Desktop\PUTM_EV_REARBOX_2024\firmware\Core\Src\stm32g4xx_hal_msp.c
2025-08-04 20:29:19,549 [INFO] CodeEngine:263 - oldGeneratedFile, C:\Users\pwlub\Desktop\PUTM_EV_REARBOX_2024\firmware\MXTmpFiles\system.tmp_save
2025-08-04 20:29:19,678 [INFO] CodeEngine:287 - Generated code: C:\Users\pwlub\Desktop\PUTM_EV_REARBOX_2024\firmware\MXTmpFiles\system.tmp
2025-08-04 20:29:19,701 [INFO] CodeEngine:263 - oldGeneratedFile, C:\Users\pwlub\Desktop\PUTM_EV_REARBOX_2024\firmware\Core\Src\stm32g4xx_hal_timebase_tim.c_save
2025-08-04 20:29:19,847 [INFO] CodeEngine:287 - Generated code: C:\Users\pwlub\Desktop\PUTM_EV_REARBOX_2024\firmware\Core\Src\stm32g4xx_hal_timebase_tim.c
2025-08-04 20:29:19,882 [INFO] CodeEngine:319 - oldGeneratedFile, C:\Users\pwlub\Desktop\PUTM_EV_REARBOX_2024\firmware\Core\Inc\stm32g4xx_hal_conf.h_save
2025-08-04 20:29:20,078 [INFO] CodeEngine:343 - Generated code: C:\Users\pwlub\Desktop\PUTM_EV_REARBOX_2024\firmware\Core\Inc\stm32g4xx_hal_conf.h
2025-08-04 20:29:20,147 [WARN] IPConfigManager:3174 - Warning: the RefConfig RCC_CommonPeriphClockConfig is not available in your config.xml file
2025-08-04 20:29:20,162 [INFO] ApiDbMcu:508 - Load IP Config File for ADC1
2025-08-04 20:29:20,170 [INFO] ApiDbMcu:508 - Load IP Config File for ADC2
2025-08-04 20:29:20,175 [INFO] ApiDbMcu:508 - Load IP Config File for DAC1
2025-08-04 20:29:20,186 [INFO] ApiDbMcu:508 - Load IP Config File for FDCAN1
2025-08-04 20:29:20,193 [INFO] ApiDbMcu:508 - Load IP Config File for I2C1
2025-08-04 20:29:20,201 [INFO] ApiDbMcu:508 - Load IP Config File for I2C2
2025-08-04 20:29:20,208 [INFO] ApiDbMcu:508 - Load IP Config File for I2C3
2025-08-04 20:29:20,210 [INFO] ApiDbMcu:508 - Load IP Config File for IWDG
2025-08-04 20:29:20,216 [INFO] ApiDbMcu:508 - Load IP Config File for SPI3
2025-08-04 20:29:20,244 [INFO] ApiDbMcu:508 - Load IP Config File for USART3
2025-08-04 20:29:20,248 [INFO] ApiDbMcu:508 - Load IP Config File for RCC
2025-08-04 20:29:20,308 [INFO] CodeEngine:263 - oldGeneratedFile, C:\Users\pwlub\Desktop\PUTM_EV_REARBOX_2024\firmware\Core\Inc\main.h_save
2025-08-04 20:29:20,622 [INFO] CodeEngine:287 - Generated code: C:\Users\pwlub\Desktop\PUTM_EV_REARBOX_2024\firmware\Core\Inc\main.h
2025-08-04 20:29:20,651 [INFO] CodeEngine:263 - oldGeneratedFile, C:\Users\pwlub\Desktop\PUTM_EV_REARBOX_2024\firmware\Core\Src\main.c_save
2025-08-04 20:29:20,872 [INFO] CodeEngine:287 - Generated code: C:\Users\pwlub\Desktop\PUTM_EV_REARBOX_2024\firmware\Core\Src\main.c
2025-08-04 20:29:21,767 [INFO] ProjectBuilder:3324 - Time for Copy HAL[1] : 464mS.
2025-08-04 20:29:21,778 [INFO] ProjectBuilder:4912 - Project Generator version: 4.6.0-B36
2025-08-04 20:29:21,967 [INFO] ConfigFileManager:1590 - The Die is : DIE469
2025-08-04 20:29:21,971 [INFO] ApiDbMcu:508 - Load IP Config File for FATFS
2025-08-04 20:29:21,979 [INFO] ApiDbMcu:508 - Load IP Config File for USBPD
2025-08-04 20:29:21,985 [INFO] ApiDbMcu:508 - Load IP Config File for USB_DEVICE
2025-08-04 20:29:25,863 [INFO] ProjectBuilder:5191 - Time for Generating toolchain IDE Files: 4085mS.
2025-08-04 20:29:25,864 [INFO] ProjectBuilder:3181 - Time for Copy CMSIS : 1mS.
2025-08-04 20:29:25,876 [INFO] ProjectBuilder:3181 - Time for Copy CMSIS : 0mS.
2025-08-04 20:44:45,912 [INFO] MainUpdater:2872 - connection check result : 10
2025-08-04 20:44:45,912 [INFO] MainUpdater:2872 - connection check result : 10
2025-08-04 20:44:46,156 [INFO] LogOutputStream:77 - [STDOUT_REDIRECT] Nominal 
2025-08-04 20:44:46,463 [INFO] I2cTimingTraitement:330 - 0x30D29DE4
2025-08-04 20:44:46,925 [INFO] I2cTimingTraitement:330 - 0x30D29DE4
2025-08-04 20:44:47,328 [INFO] I2cTimingTraitement:330 - 0xD0E32C34
2025-08-04 20:44:47,337 [INFO] MicroXplorer:468 - Change Database Path : 
2025-08-04 20:44:47,337 [INFO] MicroXplorer:498 - Change Database Version : DB.6.0.140
2025-08-04 20:44:47,474 [ERROR] ProjectManagerView:394 - 
java.lang.NullPointerException: Cannot invoke "javax.swing.JTextField.getText()" because the return value of "java.util.List.get(int)" is null
	at com.st.microxplorer.plugins.projectmanager.gui.ProjectChoiceTab$9.caretUpdate(ProjectChoiceTab.java:2678) ~[filemanager.jar:?]
	at javax.swing.text.JTextComponent.fireCaretUpdate(JTextComponent.java:408) ~[?:?]
	at javax.swing.text.JTextComponent$MutableCaretEvent.fire(JTextComponent.java:4484) ~[?:?]
	at javax.swing.text.JTextComponent$MutableCaretEvent.stateChanged(JTextComponent.java:4506) ~[?:?]
	at javax.swing.text.DefaultCaret.fireStateChanged(DefaultCaret.java:857) ~[?:?]
	at javax.swing.text.DefaultCaret.changeCaretPosition(DefaultCaret.java:1343) ~[?:?]
	at javax.swing.text.DefaultCaret.handleSetDot(DefaultCaret.java:1242) ~[?:?]
	at javax.swing.text.DefaultCaret.setDot(DefaultCaret.java:1223) ~[?:?]
	at javax.swing.text.DefaultCaret$Handler.insertUpdate(DefaultCaret.java:1819) ~[?:?]
	at javax.swing.text.AbstractDocument.fireInsertUpdate(AbstractDocument.java:227) ~[?:?]
	at javax.swing.text.AbstractDocument.handleInsertString(AbstractDocument.java:781) ~[?:?]
	at javax.swing.text.AbstractDocument.insertString(AbstractDocument.java:740) ~[?:?]
	at javax.swing.text.PlainDocument.insertString(PlainDocument.java:131) ~[?:?]
	at javax.swing.text.AbstractDocument.replace(AbstractDocument.java:699) ~[?:?]
	at javax.swing.text.JTextComponent.setText(JTextComponent.java:1725) ~[?:?]
	at com.st.microxplorer.plugins.projectmanager.gui.ProjectChoiceTab.createHeapStackFields(ProjectChoiceTab.java:979) ~[filemanager.jar:?]
	at com.st.microxplorer.plugins.projectmanager.gui.ProjectChoiceTab.buildLinkSettingsPanel(ProjectChoiceTab.java:3766) ~[filemanager.jar:?]
	at com.st.microxplorer.plugins.projectmanager.gui.ProjectChoiceTab.defineWindowsFields(ProjectChoiceTab.java:1962) ~[filemanager.jar:?]
	at com.st.microxplorer.plugins.projectmanager.gui.ProjectChoiceTab.updateSettings(ProjectChoiceTab.java:555) ~[filemanager.jar:?]
	at com.st.microxplorer.plugins.projectmanager.gui.ProjectSettingsPanel.UpdateDialog(ProjectSettingsPanel.java:245) ~[filemanager.jar:?]
	at com.st.microxplorer.plugins.projectmanager.ProjectManagerView.propertyChange(ProjectManagerView.java:391) ~[filemanager.jar:?]
	at java.beans.PropertyChangeSupport.fire(PropertyChangeSupport.java:343) ~[?:?]
	at java.beans.PropertyChangeSupport.firePropertyChange(PropertyChangeSupport.java:335) ~[?:?]
	at java.beans.PropertyChangeSupport.firePropertyChange(PropertyChangeSupport.java:268) ~[?:?]
	at com.st.microxplorer.util.MXPropertyChangeSupport.firePropertyChange(MXPropertyChangeSupport.java:54) ~[STM32CubeMX.jar:?]
	at com.st.microxplorer.mxsystem.MxSystem.closeConfig(MxSystem.java:899) ~[STM32CubeMX.jar:?]
	at com.st.microxplorer.maingui.MainPanel.closeConfig(MainPanel.java:789) ~[STM32CubeMX.jar:?]
	at com.st.microxplorer.plugins.filemanager.engine.OpenFileManager.loadConfigurationFile(OpenFileManager.java:287) ~[filemanager.jar:?]
	at com.st.microxplorer.plugins.filemanager.engine.MainFileManager.userLoadConfig(MainFileManager.java:341) ~[filemanager.jar:?]
	at com.st.microxplorer.plugins.filemanager.engine.MainFileManager.userLoadConfig(MainFileManager.java:319) ~[filemanager.jar:?]
	at com.st.microxplorer.plugins.filemanager.FileManagerView.getSpecificTask(FileManagerView.java:246) ~[filemanager.jar:?]
	at com.st.stm32cube.common.mx.editor.CubeMxEditor.getMxTabbedPaneInstance(CubeMxEditor.java:1198) ~[com.st.stm32cube.common.mx_6.14.0.202502271554/:?]
	at com.st.stm32cube.common.mx.editor.CubeMxEditor$12$1.createSwingComponent(CubeMxEditor.java:1068) ~[com.st.stm32cube.common.mx_6.14.0.202502271554/:?]
	at com.st.stm32cube.common.mx.oss.core.awtswtbridge.EmbeddedSwingComposite.doComponentCreation(EmbeddedSwingComposite.java:492) ~[com.st.stm32cube.common.mx.oss_6.14.0.202502271554/:?]
	at com.st.stm32cube.common.mx.oss.core.awtswtbridge.EmbeddedSwingComposite$4.run(EmbeddedSwingComposite.java:291) ~[com.st.stm32cube.common.mx.oss_6.14.0.202502271554/:?]
	at com.st.stm32cube.common.mx.oss.core.awtswtbridge.AwtEnvironment$2.run(AwtEnvironment.java:166) ~[com.st.stm32cube.common.mx.oss_6.14.0.202502271554/:?]
	at java.awt.event.InvocationEvent.dispatch(InvocationEvent.java:318) ~[?:?]
	at java.awt.EventQueue.dispatchEventImpl(EventQueue.java:773) ~[?:?]
	at java.awt.EventQueue$4.run(EventQueue.java:720) ~[?:?]
	at java.awt.EventQueue$4.run(EventQueue.java:714) ~[?:?]
	at java.security.AccessController.doPrivileged(AccessController.java:400) ~[?:?]
	at java.security.ProtectionDomain$JavaSecurityAccessImpl.doIntersectionPrivilege(ProtectionDomain.java:87) ~[?:?]
	at java.awt.EventQueue.dispatchEvent(EventQueue.java:742) ~[?:?]
	at java.awt.EventDispatchThread.pumpOneEventForFilters(EventDispatchThread.java:203) ~[?:?]
	at java.awt.EventDispatchThread.pumpEventsForFilter(EventDispatchThread.java:124) ~[?:?]
	at java.awt.EventDispatchThread.pumpEventsForHierarchy(EventDispatchThread.java:113) ~[?:?]
	at java.awt.EventDispatchThread.pumpEvents(EventDispatchThread.java:109) ~[?:?]
	at java.awt.EventDispatchThread.pumpEvents(EventDispatchThread.java:101) ~[?:?]
	at java.awt.EventDispatchThread.run(EventDispatchThread.java:90) ~[?:?]
2025-08-04 20:44:47,476 [WARN] ThirdParty:871 - waiting for thirdparty lock release [close project]
2025-08-04 20:44:47,477 [INFO] ThirdParty:873 - entering critical section [close project]
2025-08-04 20:44:47,477 [INFO] ThirdParty:883 - exiting critical section [close project]
2025-08-04 20:44:47,521 [INFO] PinOutPanel:1589 - setPackage(No Configuration,No Configuration)
2025-08-04 20:44:47,572 [INFO] UtilMem:75 - Begin LoadConfig() Used Memory: 793249792 Bytes (1073741824)
2025-08-04 20:44:47,574 [INFO] MicroXplorer:468 - Change Database Path : 
2025-08-04 20:44:47,574 [INFO] MicroXplorer:498 - Change Database Version : DB.6.0.140
2025-08-04 20:44:47,574 [INFO] OpenFileManager:354 - Change cursor
2025-08-04 20:44:47,747 [INFO] RulesReader:64 - Compatibility file has been processed (301 Rules)
2025-08-04 20:44:47,761 [INFO] Mcu:2011 - Initializing MCU STM32G473R(B-C-E)Tx STM32G473RCTx STM32G473RCT6
2025-08-04 20:44:57,549 [INFO] Context:756 - Trying to add GPIOservice into a context  which must be forbidden
2025-08-04 20:44:59,874 [INFO] ImportTextPane:218 - (OptionalMessage_ERROR) Pin53 (VP_RIF_VS_RIF1) cannot be retrieved for this MCU
2025-08-04 20:45:00,945 [INFO] RtosManager:558 - Registered RTOS mode: class=CMSIS, group=RTOS, mode=CMSIS_V1, owner=FREERTOS
2025-08-04 20:45:00,945 [INFO] RtosManager:558 - Registered RTOS mode: class=CMSIS, group=RTOS2, mode=CMSIS_V2, owner=FREERTOS
2025-08-04 20:45:00,945 [INFO] RtosManager:558 - Registered RTOS mode: class=RTOS, group=Core, mode=CMSIS_V1, owner=FREERTOS
2025-08-04 20:45:00,945 [INFO] RtosManager:558 - Registered RTOS mode: class=RTOS, group=Core, mode=CMSIS_V2, owner=FREERTOS
2025-08-04 20:45:00,946 [WARN] ModelIntegratedComponent:184 - Missing modes for component STMicroelectronics:FreeRTOS:0.0.1:STMicroelectronics:RTOS:FreeRTOS:Core:::10.2.0:
2025-08-04 20:45:01,006 [WARN] ModelIntegratedComponent:63 - No mode defined for component null
2025-08-04 20:45:01,006 [WARN] ModelIntegratedComponent:63 - No mode defined for component null
2025-08-04 20:45:01,008 [WARN] ModelIntegratedComponent:63 - No mode defined for component null
2025-08-04 20:45:01,008 [WARN] ModelIntegratedComponent:63 - No mode defined for component null
2025-08-04 20:45:01,008 [WARN] ModelIntegratedComponent:63 - No mode defined for component null
2025-08-04 20:45:01,008 [WARN] ModelIntegratedComponent:63 - No mode defined for component null
2025-08-04 20:45:01,008 [WARN] ModelIntegratedComponent:63 - No mode defined for component null
2025-08-04 20:45:01,011 [WARN] ModelIntegratedComponent:63 - No mode defined for component null
2025-08-04 20:45:01,011 [WARN] ModelIntegratedComponent:63 - No mode defined for component null
2025-08-04 20:45:01,011 [WARN] ModelIntegratedComponent:63 - No mode defined for component null
2025-08-04 20:45:01,011 [WARN] ModelIntegratedComponent:63 - No mode defined for component null
2025-08-04 20:45:01,012 [WARN] ModelIntegratedComponent:63 - No mode defined for component null
2025-08-04 20:45:01,012 [WARN] ModelIntegratedComponent:63 - No mode defined for component null
2025-08-04 20:45:01,012 [WARN] ModelIntegratedComponent:63 - No mode defined for component null
2025-08-04 20:45:01,012 [WARN] ModelIntegratedComponent:63 - No mode defined for component null
2025-08-04 20:45:01,012 [WARN] ModelIntegratedComponent:63 - No mode defined for component null
2025-08-04 20:45:01,014 [WARN] ModelIntegratedComponent:63 - No mode defined for component null
2025-08-04 20:45:01,014 [WARN] ModelIntegratedComponent:63 - No mode defined for component null
2025-08-04 20:45:01,014 [WARN] ModelIntegratedComponent:63 - No mode defined for component null
2025-08-04 20:45:01,014 [WARN] ModelIntegratedComponent:63 - No mode defined for component null
2025-08-04 20:45:01,015 [WARN] ModelIntegratedComponent:63 - No mode defined for component null
2025-08-04 20:45:01,015 [WARN] ModelIntegratedComponent:63 - No mode defined for component null
2025-08-04 20:45:01,015 [WARN] ModelIntegratedComponent:63 - No mode defined for component null
2025-08-04 20:45:01,015 [WARN] ModelIntegratedComponent:63 - No mode defined for component null
2025-08-04 20:45:01,015 [WARN] ModelIntegratedComponent:63 - No mode defined for component null
2025-08-04 20:45:01,015 [WARN] ModelIntegratedComponent:63 - No mode defined for component null
2025-08-04 20:45:01,016 [WARN] ModelIntegratedComponent:63 - No mode defined for component null
2025-08-04 20:45:01,016 [WARN] ModelIntegratedComponent:63 - No mode defined for component null
2025-08-04 20:45:01,016 [WARN] ModelIntegratedComponent:63 - No mode defined for component null
2025-08-04 20:45:01,017 [WARN] ModelIntegratedComponent:63 - No mode defined for component null
2025-08-04 20:45:01,017 [WARN] ModelIntegratedComponent:63 - No mode defined for component null
2025-08-04 20:45:01,017 [WARN] ModelIntegratedComponent:63 - No mode defined for component null
2025-08-04 20:45:01,017 [WARN] ModelIntegratedComponent:63 - No mode defined for component null
2025-08-04 20:45:01,017 [WARN] ModelIntegratedComponent:63 - No mode defined for component null
2025-08-04 20:45:01,017 [WARN] ModelIntegratedComponent:63 - No mode defined for component null
2025-08-04 20:45:01,017 [WARN] ModelPack:524 - Component already loaded: STMicroelectronics:HAL Drivers:0.0.0:STMicroelectronics:Device:STMicro_Driver:XSPI:HAL::0.0.1:HAL_XSPI
2025-08-04 20:45:01,740 [INFO] ThirdPartyModel:298 - Start build external matchings
2025-08-04 20:45:03,622 [INFO] ThirdPartyModel:316 - End build external matchings
2025-08-04 20:45:03,673 [INFO] RtosManager:967 - Current active RTOS is FREERTOS [Cortex-M4NS]
2025-08-04 20:45:03,688 [INFO] ImportTextPane:218 - (OptionalMessage_ERROR) IP (ADC1) : Parameter (CommonPathInternal) has invalid value (null|null|null|null)
2025-08-04 20:45:03,690 [INFO] ImportTextPane:218 - (OptionalMessage_ERROR) IP (ADC2) : Parameter (CommonPathInternal) has invalid value (null|null|null|null)
2025-08-04 20:45:03,692 [INFO] ImportTextPane:218 - (OptionalMessage_ERROR) IP (DMA) : Parameter (Instance) has Id (ADC1) currently not set
2025-08-04 20:45:03,692 [INFO] ImportTextPane:218 - (OptionalMessage_ERROR) IP (DMA) : Parameter (Request) has Id (ADC1) currently not set
2025-08-04 20:45:03,692 [INFO] ImportTextPane:218 - (OptionalMessage_ERROR) IP (DMA) : Parameter (Direction) has Id (ADC1) currently not set
2025-08-04 20:45:03,693 [INFO] ImportTextPane:218 - (OptionalMessage_ERROR) IP (DMA) : Parameter (PeriphInc) has Id (ADC1) currently not set
2025-08-04 20:45:03,693 [INFO] ImportTextPane:218 - (OptionalMessage_ERROR) IP (DMA) : Parameter (MemInc) has Id (ADC1) currently not set
2025-08-04 20:45:03,695 [INFO] ImportTextPane:218 - (OptionalMessage_ERROR) IP (DMA) : Parameter (PeriphDataAlignment) has Id (ADC1) currently not set
2025-08-04 20:45:03,697 [INFO] ImportTextPane:218 - (OptionalMessage_ERROR) IP (DMA) : Parameter (MemDataAlignment) has Id (ADC1) currently not set
2025-08-04 20:45:03,698 [INFO] ImportTextPane:218 - (OptionalMessage_ERROR) IP (DMA) : Parameter (Mode) has Id (ADC1) currently not set
2025-08-04 20:45:03,698 [INFO] ImportTextPane:218 - (OptionalMessage_ERROR) IP (DMA) : Parameter (Priority) has Id (ADC1) currently not set
2025-08-04 20:45:03,698 [INFO] ImportTextPane:218 - (OptionalMessage_ERROR) IP (DMA) : Parameter (SignalID) has Id (ADC1) currently not set
2025-08-04 20:45:03,698 [INFO] ImportTextPane:218 - (OptionalMessage_ERROR) IP (DMA) : Parameter (Polarity) has Id (ADC1) currently not set
2025-08-04 20:45:03,699 [INFO] ImportTextPane:218 - (OptionalMessage_ERROR) IP (DMA) : Parameter (RequestNumber) has Id (ADC1) currently not set
2025-08-04 20:45:03,699 [INFO] ImportTextPane:218 - (OptionalMessage_ERROR) IP (DMA) : Parameter (SyncSignalID) has Id (ADC1) currently not set
2025-08-04 20:45:03,699 [INFO] ImportTextPane:218 - (OptionalMessage_ERROR) IP (DMA) : Parameter (SyncPolarity) has Id (ADC1) currently not set
2025-08-04 20:45:03,699 [INFO] ImportTextPane:218 - (OptionalMessage_ERROR) IP (DMA) : Parameter (SyncEnable) has Id (ADC1) currently not set
2025-08-04 20:45:03,700 [INFO] ImportTextPane:218 - (OptionalMessage_ERROR) IP (DMA) : Parameter (EventEnable) has Id (ADC1) currently not set
2025-08-04 20:45:03,700 [INFO] ImportTextPane:218 - (OptionalMessage_ERROR) IP (DMA) : Parameter (SyncRequestNumber) has Id (ADC1) currently not set
2025-08-04 20:45:03,700 [INFO] ImportTextPane:218 - (OptionalMessage_ERROR) IP (DMA) : Parameter (Instance) has Id (ADC2) currently not set
2025-08-04 20:45:03,700 [INFO] ImportTextPane:218 - (OptionalMessage_ERROR) IP (DMA) : Parameter (Request) has Id (ADC2) currently not set
2025-08-04 20:45:03,701 [INFO] ImportTextPane:218 - (OptionalMessage_ERROR) IP (DMA) : Parameter (Direction) has Id (ADC2) currently not set
2025-08-04 20:45:03,701 [INFO] ImportTextPane:218 - (OptionalMessage_ERROR) IP (DMA) : Parameter (PeriphInc) has Id (ADC2) currently not set
2025-08-04 20:45:03,701 [INFO] ImportTextPane:218 - (OptionalMessage_ERROR) IP (DMA) : Parameter (MemInc) has Id (ADC2) currently not set
2025-08-04 20:45:03,701 [INFO] ImportTextPane:218 - (OptionalMessage_ERROR) IP (DMA) : Parameter (PeriphDataAlignment) has Id (ADC2) currently not set
2025-08-04 20:45:03,702 [INFO] ImportTextPane:218 - (OptionalMessage_ERROR) IP (DMA) : Parameter (MemDataAlignment) has Id (ADC2) currently not set
2025-08-04 20:45:03,702 [INFO] ImportTextPane:218 - (OptionalMessage_ERROR) IP (DMA) : Parameter (Mode) has Id (ADC2) currently not set
2025-08-04 20:45:03,702 [INFO] ImportTextPane:218 - (OptionalMessage_ERROR) IP (DMA) : Parameter (Priority) has Id (ADC2) currently not set
2025-08-04 20:45:03,702 [INFO] ImportTextPane:218 - (OptionalMessage_ERROR) IP (DMA) : Parameter (SignalID) has Id (ADC2) currently not set
2025-08-04 20:45:03,702 [INFO] ImportTextPane:218 - (OptionalMessage_ERROR) IP (DMA) : Parameter (Polarity) has Id (ADC2) currently not set
2025-08-04 20:45:03,703 [INFO] ImportTextPane:218 - (OptionalMessage_ERROR) IP (DMA) : Parameter (RequestNumber) has Id (ADC2) currently not set
2025-08-04 20:45:03,703 [INFO] ImportTextPane:218 - (OptionalMessage_ERROR) IP (DMA) : Parameter (SyncSignalID) has Id (ADC2) currently not set
2025-08-04 20:45:03,703 [INFO] ImportTextPane:218 - (OptionalMessage_ERROR) IP (DMA) : Parameter (SyncPolarity) has Id (ADC2) currently not set
2025-08-04 20:45:03,703 [INFO] ImportTextPane:218 - (OptionalMessage_ERROR) IP (DMA) : Parameter (SyncEnable) has Id (ADC2) currently not set
2025-08-04 20:45:03,703 [INFO] ImportTextPane:218 - (OptionalMessage_ERROR) IP (DMA) : Parameter (EventEnable) has Id (ADC2) currently not set
2025-08-04 20:45:03,703 [INFO] ImportTextPane:218 - (OptionalMessage_ERROR) IP (DMA) : Parameter (SyncRequestNumber) has Id (ADC2) currently not set
2025-08-04 20:45:03,704 [WARN] IP:2250 - MessageRAMOffset not found: check if there is a RefParameter without a condition.
2025-08-04 20:45:03,704 [WARN] IP:2250 - RxFifo0ElmtsNbr not found: check if there is a RefParameter without a condition.
2025-08-04 20:45:03,705 [WARN] IP:2250 - RxFifo0ElmtSize not found: check if there is a RefParameter without a condition.
2025-08-04 20:45:03,705 [WARN] IP:2250 - RxFifo1ElmtsNbr not found: check if there is a RefParameter without a condition.
2025-08-04 20:45:03,705 [WARN] IP:2250 - RxFifo1ElmtSize not found: check if there is a RefParameter without a condition.
2025-08-04 20:45:03,705 [WARN] IP:2250 - RxBuffersNbr not found: check if there is a RefParameter without a condition.
2025-08-04 20:45:03,705 [WARN] IP:2250 - RxBufferSize not found: check if there is a RefParameter without a condition.
2025-08-04 20:45:03,705 [WARN] IP:2250 - TxEventsNbr not found: check if there is a RefParameter without a condition.
2025-08-04 20:45:03,706 [WARN] IP:2250 - TxBuffersNbr not found: check if there is a RefParameter without a condition.
2025-08-04 20:45:03,706 [WARN] IP:2250 - TxFifoQueueElmtsNbr not found: check if there is a RefParameter without a condition.
2025-08-04 20:45:03,706 [WARN] IP:2250 - TxElmtSize not found: check if there is a RefParameter without a condition.
2025-08-04 20:45:03,706 [WARN] IP:2250 - ClockCalibrationCCU not found: check if there is a RefParameter without a condition.
2025-08-04 20:45:03,706 [WARN] IP:2250 - ClockDividerCCU not found: check if there is a RefParameter without a condition.
2025-08-04 20:45:03,707 [WARN] IP:2250 - MinOscClkPeriodsCCU not found: check if there is a RefParameter without a condition.
2025-08-04 20:45:03,707 [WARN] IP:2250 - TimeQuantaPerBitTimeCCU not found: check if there is a RefParameter without a condition.
2025-08-04 20:45:03,707 [WARN] IP:2250 - WatchdogStartValueCCU not found: check if there is a RefParameter without a condition.
2025-08-04 20:45:03,721 [INFO] ImportTextPane:218 - (OptionalMessage_ERROR) IP (RCC) : Invalid parameter (FamilyName)
2025-08-04 20:45:04,408 [INFO] UtilMem:75 - End LoadConfig() Used Memory: 844202408 Bytes (1073741824)
2025-08-04 20:45:04,487 [WARN] ThirdParty:833 - waiting for thirdparty lock release [change project]
2025-08-04 20:45:04,489 [INFO] ThirdParty:835 - entering critical section [change project]
2025-08-04 20:45:04,490 [INFO] ThirdParty:1030 - CMSIS Pack Vendor :STMicroelectronics X-CUBE-PM33A1 1.0.0
2025-08-04 20:45:04,490 [INFO] ThirdParty:1030 - CMSIS Pack Vendor :STMicroelectronics USBPD 4.1
2025-08-04 20:45:04,490 [INFO] ThirdParty:1030 - CMSIS Pack Vendor :STMicroelectronics X-CUBE-AZRTOS-H7 3.3.0
2025-08-04 20:45:04,490 [INFO] ThirdParty:1030 - CMSIS Pack Vendor :STMicroelectronics X-CUBE-NFC9 1.0.0
2025-08-04 20:45:04,490 [INFO] ThirdParty:1030 - CMSIS Pack Vendor :STMicroelectronics USB_HOST 2.0.0
2025-08-04 20:45:04,495 [INFO] ThirdParty:1030 - CMSIS Pack Vendor :STMicroelectronics FP-SNS-MOTENVWB1 1.4.0
2025-08-04 20:45:04,495 [INFO] ThirdParty:1030 - CMSIS Pack Vendor :STMicroelectronics X-CUBE-AZRTOS-F4 1.1.0
2025-08-04 20:45:04,495 [INFO] ThirdParty:1030 - CMSIS Pack Vendor :STMicroelectronics LIBJPEG 8.0.0
2025-08-04 20:45:04,495 [INFO] ThirdParty:1030 - CMSIS Pack Vendor :STMicroelectronics FP-ATR-ASTRA1 2.0.2
2025-08-04 20:45:04,495 [INFO] ThirdParty:1030 - CMSIS Pack Vendor :STMicroelectronics X-CUBE-BLE1 7.1.0
2025-08-04 20:45:04,495 [INFO] ThirdParty:1030 - CMSIS Pack Vendor :Avnet-IotConnect X-CUBE-IoTC-DA16k-PMOD 1.0.0
2025-08-04 20:45:04,496 [INFO] ThirdParty:1030 - CMSIS Pack Vendor :STMicroelectronics X-CUBE-SMBUS 2.1.0
2025-08-04 20:45:04,496 [INFO] ThirdParty:1030 - CMSIS Pack Vendor :STMicroelectronics X-CUBE-WB05N 1.1.0
2025-08-04 20:45:04,496 [INFO] ThirdParty:1030 - CMSIS Pack Vendor :STMicroelectronics USB_DEVICE 3.0.0
2025-08-04 20:45:04,496 [INFO] ThirdParty:1030 - CMSIS Pack Vendor :STMicroelectronics X-CUBE-ISPU 2.1.0
2025-08-04 20:45:04,496 [INFO] ThirdParty:1030 - CMSIS Pack Vendor :STMicroelectronics X-CUBE-EEPRMA1 5.2.0
2025-08-04 20:45:04,496 [INFO] ThirdParty:1030 - CMSIS Pack Vendor :STMicroelectronics X-CUBE-BLEMGR 4.1.0
2025-08-04 20:45:04,498 [INFO] ThirdParty:1030 - CMSIS Pack Vendor :STMicroelectronics X-CUBE-AZRTOS-WB 2.0.0
2025-08-04 20:45:04,498 [INFO] ThirdParty:1030 - CMSIS Pack Vendor :STMicroelectronics X-CUBE-ST60 1.0.0
2025-08-04 20:45:04,498 [INFO] ThirdParty:1030 - CMSIS Pack Vendor :STMicroelectronics X-CUBE-GNSS1 7.0.1
2025-08-04 20:45:04,499 [INFO] ThirdParty:1030 - CMSIS Pack Vendor :STMicroelectronics X-CUBE-NFC12 1.0.0
2025-08-04 20:45:04,499 [INFO] ThirdParty:1030 - CMSIS Pack Vendor :STMicroelectronics X-CUBE-AZRTOS-F7 1.1.0
2025-08-04 20:45:04,499 [INFO] ThirdParty:1030 - CMSIS Pack Vendor :STMicroelectronics X-CUBE-AZRTOS-L5 2.0.0
2025-08-04 20:45:04,499 [INFO] ThirdParty:1030 - CMSIS Pack Vendor :STMicroelectronics X-CUBE-TOUCHGFX 4.25.0
2025-08-04 20:45:04,499 [INFO] ThirdParty:1030 - CMSIS Pack Vendor :STMicroelectronics USB_DEVICE 2.0.0
2025-08-04 20:45:04,499 [INFO] ThirdParty:1030 - CMSIS Pack Vendor :STMicroelectronics X-CUBE-NFC6 3.1.0
2025-08-04 20:45:04,499 [INFO] ThirdParty:1030 - CMSIS Pack Vendor :STMicroelectronics X-CUBE-AI 10.1.0
2025-08-04 20:45:04,499 [INFO] ThirdParty:1030 - CMSIS Pack Vendor :STMicroelectronics FP-SNS-STBOX1 2.0.0
2025-08-04 20:45:04,499 [INFO] ThirdParty:1030 - CMSIS Pack Vendor :STMicroelectronics X-CUBE-MEMS1 11.2.0
2025-08-04 20:45:04,499 [INFO] ThirdParty:1030 - CMSIS Pack Vendor :STMicroelectronics FreeRTOS 0.0.1
2025-08-04 20:45:04,499 [INFO] ThirdParty:1030 - CMSIS Pack Vendor :STMicroelectronics X-CUBE-AZRTOS-G0 1.1.0
2025-08-04 20:45:04,500 [INFO] ThirdParty:1030 - CMSIS Pack Vendor :STMicroelectronics X-CUBE-SAFEA1 1.2.2
2025-08-04 20:45:04,500 [INFO] ThirdParty:1030 - CMSIS Pack Vendor :STMicroelectronics X-CUBE-NFC4 3.0.0
2025-08-04 20:45:04,500 [INFO] ThirdParty:1030 - CMSIS Pack Vendor :STMicroelectronics X-CUBE-DPower 1.2.0
2025-08-04 20:45:04,500 [INFO] ThirdParty:1030 - CMSIS Pack Vendor :STMicroelectronics X-CUBE-SUBG2 5.0.0
2025-08-04 20:45:04,500 [INFO] ThirdParty:1030 - CMSIS Pack Vendor :STMicroelectronics STM32_WPAN 1.0.0
2025-08-04 20:45:04,500 [INFO] ThirdParty:1030 - CMSIS Pack Vendor :EmbeddedOffice I-CUBE-FS-RTOS 1.0.1
2025-08-04 20:45:04,500 [INFO] ThirdParty:1030 - CMSIS Pack Vendor :STMicroelectronics lwIP 2.0.3
2025-08-04 20:45:04,500 [INFO] ThirdParty:1030 - CMSIS Pack Vendor :Cesanta I-CUBE-Mongoose 7.13.0
2025-08-04 20:45:04,500 [INFO] ThirdParty:1030 - CMSIS Pack Vendor :STMicroelectronics USB_HOST 1.0.0
2025-08-04 20:45:04,500 [INFO] ThirdParty:1030 - CMSIS Pack Vendor :Infineon AIROC-Wi-Fi-Bluetooth-STM32 1.7.0
2025-08-04 20:45:04,500 [INFO] ThirdParty:1030 - CMSIS Pack Vendor :STMicroelectronics X-CUBE-AZRTOS-G4 2.0.0
2025-08-04 20:45:04,501 [INFO] ThirdParty:1030 - CMSIS Pack Vendor :STMicroelectronics X-CUBE-WB05N 2.0.0
2025-08-04 20:45:04,501 [INFO] ThirdParty:1030 - CMSIS Pack Vendor :STMicroelectronics PDM2PCM 3.1.0
2025-08-04 20:45:04,501 [INFO] ThirdParty:1030 - CMSIS Pack Vendor :STMicroelectronics PDM2PCM 3.3.0
2025-08-04 20:45:04,501 [INFO] ThirdParty:1030 - CMSIS Pack Vendor :wolfSSL I-CUBE-wolfTPM 3.8.0
2025-08-04 20:45:04,501 [INFO] ThirdParty:1030 - CMSIS Pack Vendor :STMicroelectronics X-CUBE-AZRTOS-H7 3.4.0
2025-08-04 20:45:04,501 [INFO] ThirdParty:1030 - CMSIS Pack Vendor :STMicroelectronics X-CUBE-DISPLAY 3.0.0
2025-08-04 20:45:04,501 [INFO] ThirdParty:1030 - CMSIS Pack Vendor :wolfSSL I-CUBE-wolfSSH 1.4.20
2025-08-04 20:45:04,501 [INFO] ThirdParty:1030 - CMSIS Pack Vendor :STMicroelectronics X-CUBE-NFC7 2.0.0
2025-08-04 20:45:04,501 [INFO] ThirdParty:1030 - CMSIS Pack Vendor :STMicroelectronics X-CUBE-TCPP 4.2.0
2025-08-04 20:45:04,501 [INFO] ThirdParty:1030 - CMSIS Pack Vendor :RealThread X-CUBE-RT-Thread_Nano 4.1.1
2025-08-04 20:45:04,501 [INFO] ThirdParty:1030 - CMSIS Pack Vendor :STMicroelectronics FP-ATR-SIGFOX1 3.2.0
2025-08-04 20:45:04,501 [INFO] ThirdParty:1030 - CMSIS Pack Vendor :STMicroelectronics X-CUBE-NFC10 1.0.0
2025-08-04 20:45:04,502 [INFO] ThirdParty:1030 - CMSIS Pack Vendor :STMicroelectronics X-CUBE-BLEMGR 4.0.0
2025-08-04 20:45:04,502 [INFO] ThirdParty:1030 - CMSIS Pack Vendor :STMicroelectronics X-CUBE-EEPRMA1 5.1.0
2025-08-04 20:45:04,502 [INFO] ThirdParty:1030 - CMSIS Pack Vendor :STMicroelectronics X-CUBE-FREERTOS 1.3.1
2025-08-04 20:45:04,502 [INFO] ThirdParty:1030 - CMSIS Pack Vendor :STMicroelectronics HAL Drivers 0.0.0
2025-08-04 20:45:04,503 [INFO] ThirdParty:1030 - CMSIS Pack Vendor :STMicroelectronics MBEDTLS 2.16.2
2025-08-04 20:45:04,503 [INFO] ThirdParty:1030 - CMSIS Pack Vendor :STMicroelectronics X-CUBE-IPS 3.1.0
2025-08-04 20:45:04,503 [INFO] ThirdParty:1030 - CMSIS Pack Vendor :STMicroelectronics X-CUBE-ALS 1.0.2
2025-08-04 20:45:04,503 [INFO] ThirdParty:1030 - CMSIS Pack Vendor :emotas I-CUBE-CANOPEN 1.3.0
2025-08-04 20:45:04,503 [INFO] ThirdParty:1030 - CMSIS Pack Vendor :STMicroelectronics X-CUBE-FREERTOS 1.3.0
2025-08-04 20:45:04,503 [INFO] ThirdParty:1030 - CMSIS Pack Vendor :STMicroelectronics X-CUBE-NFC7 1.0.1
2025-08-04 20:45:04,503 [INFO] ThirdParty:1030 - CMSIS Pack Vendor :STMicroelectronics MBEDTLS 2.14.1
2025-08-04 20:45:04,503 [INFO] ThirdParty:1030 - CMSIS Pack Vendor :ITTIA_DB I-CUBE-ITTIADB 8.9.0
2025-08-04 20:45:04,503 [INFO] ThirdParty:1030 - CMSIS Pack Vendor :portGmbH I-Cube-SoM-uGOAL 1.1.0
2025-08-04 20:45:04,503 [INFO] ThirdParty:1030 - CMSIS Pack Vendor :quantropi X-CUBE-qispace-sdk-base 2.0.0
2025-08-04 20:45:04,503 [INFO] ThirdParty:1030 - CMSIS Pack Vendor :STMicroelectronics X-CUBE-AI 10.0.0
2025-08-04 20:45:04,503 [INFO] ThirdParty:1030 - CMSIS Pack Vendor :STMicroelectronics X-CUBE-ST67W61 1.0.0
2025-08-04 20:45:04,503 [INFO] ThirdParty:1030 - CMSIS Pack Vendor :STMicroelectronics FP-SNS-STAIOTCFT 1.0.0
2025-08-04 20:45:04,504 [INFO] ThirdParty:1030 - CMSIS Pack Vendor :STMicroelectronics ThreadX 1.0.0
2025-08-04 20:45:04,504 [INFO] ThirdParty:1030 - CMSIS Pack Vendor :STMicroelectronics FP-SNS-SMARTAG2 1.2.0
2025-08-04 20:45:04,504 [INFO] ThirdParty:1030 - CMSIS Pack Vendor :STMicroelectronics FP-SNS-FLIGHT1 5.1.0
2025-08-04 20:45:04,504 [INFO] ThirdParty:1030 - CMSIS Pack Vendor :STMicroelectronics X-CUBE-MEMS1 11.1.0
2025-08-04 20:45:04,504 [INFO] ThirdParty:1030 - CMSIS Pack Vendor :STMicroelectronics X-CUBE-AZRTOS-WL 2.0.0
2025-08-04 20:45:04,504 [INFO] ThirdParty:1030 - CMSIS Pack Vendor :SEGGER I-CUBE-embOS 1.3.1
2025-08-04 20:45:04,504 [INFO] ThirdParty:1030 - CMSIS Pack Vendor :STMicroelectronics X-CUBE-ALGOBUILD 1.4.0
2025-08-04 20:45:04,504 [INFO] ThirdParty:1030 - CMSIS Pack Vendor :STMicroelectronics X-CUBE-MEMS1 11.3.0
2025-08-04 20:45:04,504 [INFO] ThirdParty:1030 - CMSIS Pack Vendor :STMicroelectronics FP-SNS-MOTENV1 5.0.0
2025-08-04 20:45:04,504 [INFO] ThirdParty:1030 - CMSIS Pack Vendor :STMicroelectronics USB_DEVICE 1.0.0
2025-08-04 20:45:04,504 [INFO] ThirdParty:1030 - CMSIS Pack Vendor :STMicroelectronics X-CUBE-AZRTOS-H7RS 1.0.0
2025-08-04 20:45:04,504 [INFO] ThirdParty:1030 - CMSIS Pack Vendor :STMicroelectronics X-CUBE-AZRTOS-L4 2.0.0
2025-08-04 20:45:04,505 [INFO] ThirdParty:1030 - CMSIS Pack Vendor :STMicroelectronics ThreadX 0.0.2
2025-08-04 20:45:04,505 [INFO] ThirdParty:1030 - CMSIS Pack Vendor :WES I-CUBE-Cesium 1.3.0
2025-08-04 20:45:04,505 [INFO] ThirdParty:1030 - CMSIS Pack Vendor :STMicroelectronics lwIP 2.1.2
2025-08-04 20:45:04,505 [INFO] ThirdParty:1030 - CMSIS Pack Vendor :STMicroelectronics X-CUBE-SFXS2LP1 4.0.0
2025-08-04 20:45:04,505 [INFO] ThirdParty:1030 - CMSIS Pack Vendor :STMicroelectronics X-CUBE-BLE2 3.3.0
2025-08-04 20:45:04,505 [INFO] ThirdParty:1030 - CMSIS Pack Vendor :STMicroelectronics X-CUBE-TOF1 3.4.2
2025-08-04 20:45:04,505 [INFO] ThirdParty:1030 - CMSIS Pack Vendor :STMicroelectronics X-CUBE-TOF1 3.4.3
2025-08-04 20:45:04,505 [INFO] ThirdParty:1030 - CMSIS Pack Vendor :STMicroelectronics PDM2PCM 3.2.0
2025-08-04 20:45:04,505 [INFO] ThirdParty:841 - exiting critical section [change project]
2025-08-04 20:45:05,590 [INFO] PinOutPanel:1589 - setPackage(No Configuration,No Configuration)
2025-08-04 20:45:05,591 [INFO] PinOutPanel:1589 - setPackage(STM32G473RCTx,LQFP64)
2025-08-04 20:45:06,857 [INFO] UtilMem:75 - Before build in PCC Used Memory: 896008192 Bytes (1073741824)
2025-08-04 20:45:08,637 [INFO] UtilMem:75 - After build in PCC Used Memory: 989857792 Bytes (1073741824)
2025-08-04 20:45:08,691 [INFO] ApiDbMcu:508 - Load IP Config File for FREERTOS
2025-08-04 20:45:08,831 [INFO] IPUIPlugin:80 - create IPUIPlugin
2025-08-04 20:45:08,831 [INFO] IPUIPlugin:80 - create IPUIPlugin
2025-08-04 20:45:08,831 [INFO] IPUIPlugin:80 - create IPUIPlugin
2025-08-04 20:45:08,831 [INFO] IPUIPlugin:80 - create IPUIPlugin
2025-08-04 20:45:08,831 [INFO] IPUIPlugin:80 - create IPUIPlugin
2025-08-04 20:45:08,832 [INFO] IPUIPlugin:80 - create IPUIPlugin
2025-08-04 20:45:08,832 [INFO] IPUIPlugin:80 - create IPUIPlugin
2025-08-04 20:45:08,832 [INFO] IPUIPlugin:80 - create IPUIPlugin
2025-08-04 20:45:08,832 [INFO] IPUIPlugin:80 - create IPUIPlugin
2025-08-04 20:45:08,832 [INFO] IPUIPlugin:80 - create IPUIPlugin
2025-08-04 20:45:08,832 [INFO] IPUIPlugin:80 - create IPUIPlugin
2025-08-04 20:45:08,833 [INFO] IPUIPlugin:80 - create IPUIPlugin
2025-08-04 20:45:08,833 [INFO] IPUIPlugin:80 - create IPUIPlugin
2025-08-04 20:45:08,833 [INFO] IPUIPlugin:80 - create IPUIPlugin
2025-08-04 20:45:08,834 [INFO] IPUIPlugin:80 - create IPUIPlugin
2025-08-04 20:45:08,834 [INFO] IPUIPlugin:80 - create IPUIPlugin
2025-08-04 20:45:08,834 [INFO] IPUIPlugin:80 - create IPUIPlugin
2025-08-04 20:45:08,835 [INFO] IPUIPlugin:80 - create IPUIPlugin
2025-08-04 20:45:08,835 [INFO] IPUIPlugin:80 - create IPUIPlugin
2025-08-04 20:45:08,835 [INFO] IPUIPlugin:80 - create IPUIPlugin
2025-08-04 20:45:08,836 [INFO] IPUIPlugin:80 - create IPUIPlugin
2025-08-04 20:45:08,836 [INFO] IPUIPlugin:80 - create IPUIPlugin
2025-08-04 20:45:08,836 [INFO] IPUIPlugin:80 - create IPUIPlugin
2025-08-04 20:45:08,837 [INFO] IPUIPlugin:80 - create IPUIPlugin
2025-08-04 20:45:08,837 [INFO] IPUIPlugin:80 - create IPUIPlugin
2025-08-04 20:45:08,837 [INFO] IPUIPlugin:80 - create IPUIPlugin
2025-08-04 20:45:08,838 [INFO] IPUIPlugin:80 - create IPUIPlugin
2025-08-04 20:45:08,838 [INFO] IPUIPlugin:80 - create IPUIPlugin
2025-08-04 20:45:08,838 [INFO] IPUIPlugin:80 - create IPUIPlugin
2025-08-04 20:45:08,838 [INFO] IPUIPlugin:80 - create IPUIPlugin
2025-08-04 20:45:08,839 [INFO] IPUIPlugin:80 - create IPUIPlugin
2025-08-04 20:45:08,839 [INFO] IPUIPlugin:80 - create IPUIPlugin
2025-08-04 20:45:08,839 [INFO] IPUIPlugin:80 - create IPUIPlugin
2025-08-04 20:45:08,840 [INFO] IPUIPlugin:80 - create IPUIPlugin
2025-08-04 20:45:08,840 [INFO] IPUIPlugin:80 - create IPUIPlugin
2025-08-04 20:45:08,841 [INFO] IPUIPlugin:80 - create IPUIPlugin
2025-08-04 20:45:08,841 [INFO] IPUIPlugin:80 - create IPUIPlugin
2025-08-04 20:45:08,842 [INFO] IPUIPlugin:80 - create IPUIPlugin
2025-08-04 20:45:08,842 [INFO] IPUIPlugin:80 - create IPUIPlugin
2025-08-04 20:45:08,842 [INFO] IPUIPlugin:80 - create IPUIPlugin
2025-08-04 20:45:08,843 [INFO] IPUIPlugin:80 - create IPUIPlugin
2025-08-04 20:45:08,843 [INFO] IPUIPlugin:80 - create IPUIPlugin
2025-08-04 20:45:08,843 [INFO] IPUIPlugin:80 - create IPUIPlugin
2025-08-04 20:45:08,844 [INFO] IPUIPlugin:80 - create IPUIPlugin
2025-08-04 20:45:08,844 [INFO] IPUIPlugin:80 - create IPUIPlugin
2025-08-04 20:45:08,845 [INFO] IPUIPlugin:80 - create IPUIPlugin
2025-08-04 20:45:08,846 [INFO] IPUIPlugin:80 - create IPUIPlugin
2025-08-04 20:45:08,872 [INFO] IPUIPlugin:80 - create IPUIPlugin
2025-08-04 20:45:08,932 [INFO] IPUIPlugin:80 - create IPUIPlugin
2025-08-04 20:45:08,933 [INFO] IPUIPlugin:80 - create IPUIPlugin
2025-08-04 20:45:08,934 [INFO] IPUIPlugin:80 - create IPUIPlugin
2025-08-04 20:45:08,935 [INFO] IPUIPlugin:80 - create IPUIPlugin
2025-08-04 20:45:08,935 [INFO] IPUIPlugin:80 - create IPUIPlugin
2025-08-04 20:45:08,936 [INFO] IPUIPlugin:80 - create IPUIPlugin
2025-08-04 20:45:08,937 [INFO] IPUIPlugin:80 - create IPUIPlugin
2025-08-04 20:45:08,937 [INFO] IPUIPlugin:80 - create IPUIPlugin
2025-08-04 20:45:08,938 [INFO] IPUIPlugin:80 - create IPUIPlugin
2025-08-04 20:45:08,938 [INFO] IPUIPlugin:80 - create IPUIPlugin
2025-08-04 20:45:08,939 [INFO] IPUIPlugin:80 - create IPUIPlugin
2025-08-04 20:45:08,940 [INFO] IPUIPlugin:80 - create IPUIPlugin
2025-08-04 20:45:08,940 [INFO] IPUIPlugin:80 - create IPUIPlugin
2025-08-04 20:45:08,941 [INFO] IPUIPlugin:80 - create IPUIPlugin
2025-08-04 20:45:08,942 [INFO] IPUIPlugin:80 - create IPUIPlugin
2025-08-04 20:45:08,942 [INFO] IPUIPlugin:80 - create IPUIPlugin
2025-08-04 20:45:08,943 [INFO] IPUIPlugin:80 - create IPUIPlugin
2025-08-04 20:45:08,944 [INFO] IPUIPlugin:80 - create IPUIPlugin
2025-08-04 20:45:08,945 [INFO] IPUIPlugin:80 - create IPUIPlugin
2025-08-04 20:45:08,945 [INFO] IPUIPlugin:80 - create IPUIPlugin
2025-08-04 20:45:08,947 [INFO] IPUIPlugin:80 - create IPUIPlugin
2025-08-04 20:45:08,948 [INFO] IPUIPlugin:80 - create IPUIPlugin
2025-08-04 20:45:08,948 [INFO] IPUIPlugin:80 - create IPUIPlugin
2025-08-04 20:45:08,949 [INFO] IPUIPlugin:80 - create IPUIPlugin
2025-08-04 20:45:08,950 [INFO] IPUIPlugin:80 - create IPUIPlugin
2025-08-04 20:45:08,951 [INFO] IPUIPlugin:80 - create IPUIPlugin
2025-08-04 20:45:08,952 [INFO] IPUIPlugin:80 - create IPUIPlugin
2025-08-04 20:45:08,953 [INFO] IPUIPlugin:80 - create IPUIPlugin
2025-08-04 20:45:08,956 [WARN] IP:2250 - MessageRAMOffset not found: check if there is a RefParameter without a condition.
2025-08-04 20:45:08,957 [WARN] IP:2250 - RxFifo0ElmtsNbr not found: check if there is a RefParameter without a condition.
2025-08-04 20:45:08,957 [WARN] IP:2250 - RxFifo0ElmtSize not found: check if there is a RefParameter without a condition.
2025-08-04 20:45:08,957 [WARN] IP:2250 - RxFifo1ElmtsNbr not found: check if there is a RefParameter without a condition.
2025-08-04 20:45:08,957 [WARN] IP:2250 - RxFifo1ElmtSize not found: check if there is a RefParameter without a condition.
2025-08-04 20:45:08,957 [WARN] IP:2250 - RxBuffersNbr not found: check if there is a RefParameter without a condition.
2025-08-04 20:45:08,957 [WARN] IP:2250 - RxBufferSize not found: check if there is a RefParameter without a condition.
2025-08-04 20:45:08,957 [WARN] IP:2250 - TxEventsNbr not found: check if there is a RefParameter without a condition.
2025-08-04 20:45:08,957 [WARN] IP:2250 - TxBuffersNbr not found: check if there is a RefParameter without a condition.
2025-08-04 20:45:08,957 [WARN] IP:2250 - TxFifoQueueElmtsNbr not found: check if there is a RefParameter without a condition.
2025-08-04 20:45:08,957 [WARN] IP:2250 - TxElmtSize not found: check if there is a RefParameter without a condition.
2025-08-04 20:45:08,957 [WARN] IP:2250 - ClockCalibrationCCU not found: check if there is a RefParameter without a condition.
2025-08-04 20:45:08,957 [WARN] IP:2250 - ClockDividerCCU not found: check if there is a RefParameter without a condition.
2025-08-04 20:45:08,957 [WARN] IP:2250 - MinOscClkPeriodsCCU not found: check if there is a RefParameter without a condition.
2025-08-04 20:45:08,957 [WARN] IP:2250 - TimeQuantaPerBitTimeCCU not found: check if there is a RefParameter without a condition.
2025-08-04 20:45:08,958 [WARN] IP:2250 - WatchdogStartValueCCU not found: check if there is a RefParameter without a condition.
2025-08-04 20:45:08,968 [INFO] LogOutputStream:77 - [STDOUT_REDIRECT] Nominal 
2025-08-04 20:45:08,968 [INFO] Can:71 - Can Add PropertyChangeListener com.st.microxplorer.plugins.ip.can.Can@70684c52
2025-08-04 20:45:09,028 [WARN] FreeRTOS:1023 - Null or empty value: should not occur! (nothing added to the table)
2025-08-04 20:45:09,227 [INFO] CADModel:165 - CPN selected for project levelSTM32G473RCT6
2025-08-04 20:45:09,227 [INFO] CADModel:114 - Register for checkConnection events
2025-08-04 20:45:09,233 [INFO] RtosManager:725 - Active RTOS found at IOC load: FREERTOS [Cortex-M4NS]
2025-08-04 20:45:09,356 [INFO] OpenFileManager:385 - Restore cursor
2025-08-04 20:45:09,968 [WARN] IP:2250 - MessageRAMOffset not found: check if there is a RefParameter without a condition.
2025-08-04 20:45:09,968 [WARN] IP:2250 - RxFifo0ElmtsNbr not found: check if there is a RefParameter without a condition.
2025-08-04 20:45:09,968 [WARN] IP:2250 - RxFifo0ElmtSize not found: check if there is a RefParameter without a condition.
2025-08-04 20:45:09,968 [WARN] IP:2250 - RxFifo1ElmtsNbr not found: check if there is a RefParameter without a condition.
2025-08-04 20:45:09,968 [WARN] IP:2250 - RxFifo1ElmtSize not found: check if there is a RefParameter without a condition.
2025-08-04 20:45:09,968 [WARN] IP:2250 - RxBuffersNbr not found: check if there is a RefParameter without a condition.
2025-08-04 20:45:09,968 [WARN] IP:2250 - RxBufferSize not found: check if there is a RefParameter without a condition.
2025-08-04 20:45:09,969 [WARN] IP:2250 - TxEventsNbr not found: check if there is a RefParameter without a condition.
2025-08-04 20:45:09,969 [WARN] IP:2250 - TxBuffersNbr not found: check if there is a RefParameter without a condition.
2025-08-04 20:45:09,969 [WARN] IP:2250 - TxFifoQueueElmtsNbr not found: check if there is a RefParameter without a condition.
2025-08-04 20:45:09,969 [WARN] IP:2250 - TxElmtSize not found: check if there is a RefParameter without a condition.
2025-08-04 20:45:09,969 [WARN] IP:2250 - ClockCalibrationCCU not found: check if there is a RefParameter without a condition.
2025-08-04 20:45:09,969 [WARN] IP:2250 - ClockDividerCCU not found: check if there is a RefParameter without a condition.
2025-08-04 20:45:09,969 [WARN] IP:2250 - MinOscClkPeriodsCCU not found: check if there is a RefParameter without a condition.
2025-08-04 20:45:09,969 [WARN] IP:2250 - TimeQuantaPerBitTimeCCU not found: check if there is a RefParameter without a condition.
2025-08-04 20:45:09,969 [WARN] IP:2250 - WatchdogStartValueCCU not found: check if there is a RefParameter without a condition.
2025-08-04 20:45:39,947 [INFO] NvicIntPanel:101 - NVIC parent = com.st.microxplorer.plugins.ip.nvic.MultiNvicIntPanel[,0,0,450x193,layout=javax.swing.BoxLayout,alignmentX=0.0,alignmentY=0.0,border=,flags=9,maximumSize=,minimumSize=,preferredSize=]
2025-08-04 21:59:59,745 [ERROR] LogOutputStream:75 - [STDERR_REDIRECT] [Fatal Error] :1:1: Premature end of file.
2025-08-04 21:59:59,746 [ERROR] LogOutputStream:75 - [STDERR_REDIRECT] 
2025-08-04 21:59:59,995 [INFO] WebApp:403 - JxBrowser engine has been closed 
2025-08-04 22:00:00,695 [ERROR] LogOutputStream:75 - [STDERR_REDIRECT] [Fatal Error] :1:1: Premature end of file.
2025-08-04 22:00:00,695 [ERROR] LogOutputStream:75 - [STDERR_REDIRECT] 
2025-08-04 22:00:01,694 [ERROR] LogOutputStream:75 - [STDERR_REDIRECT] [Fatal Error] :1:1: Premature end of file.
2025-08-04 22:00:01,694 [ERROR] LogOutputStream:75 - [STDERR_REDIRECT] 
2025-08-04 22:00:02,693 [ERROR] LogOutputStream:75 - [STDERR_REDIRECT] [Fatal Error] :1:1: Premature end of file.
2025-08-04 22:00:02,693 [ERROR] LogOutputStream:75 - [STDERR_REDIRECT] 
2025-08-04 22:00:03,691 [ERROR] LogOutputStream:75 - [STDERR_REDIRECT] [Fatal Error] :1:1: Premature end of file.
2025-08-04 22:00:03,691 [ERROR] LogOutputStream:75 - [STDERR_REDIRECT] 
2025-08-04 22:00:04,690 [ERROR] LogOutputStream:75 - [STDERR_REDIRECT] [Fatal Error] :1:1: Premature end of file.
2025-08-04 22:00:04,691 [ERROR] LogOutputStream:75 - [STDERR_REDIRECT] 
2025-08-04 22:00:05,691 [ERROR] LogOutputStream:75 - [STDERR_REDIRECT] [Fatal Error] :1:1: Premature end of file.
2025-08-04 22:00:05,691 [ERROR] LogOutputStream:75 - [STDERR_REDIRECT] 
2025-08-04 22:00:06,690 [ERROR] LogOutputStream:75 - [STDERR_REDIRECT] [Fatal Error] :1:1: Premature end of file.
2025-08-04 22:00:06,691 [ERROR] LogOutputStream:75 - [STDERR_REDIRECT] 
2025-08-04 22:00:07,690 [ERROR] LogOutputStream:75 - [STDERR_REDIRECT] [Fatal Error] :1:1: Premature end of file.
2025-08-04 22:00:07,690 [ERROR] LogOutputStream:75 - [STDERR_REDIRECT] 
2025-08-04 22:00:08,690 [ERROR] LogOutputStream:75 - [STDERR_REDIRECT] [Fatal Error] :1:1: Premature end of file.
2025-08-04 22:00:08,690 [ERROR] LogOutputStream:75 - [STDERR_REDIRECT] 
2025-08-04 22:00:09,691 [ERROR] LogOutputStream:75 - [STDERR_REDIRECT] [Fatal Error] :1:1: Premature end of file.
2025-08-04 22:00:09,692 [ERROR] LogOutputStream:75 - [STDERR_REDIRECT] 
2025-08-04 22:00:10,690 [ERROR] LogOutputStream:75 - [STDERR_REDIRECT] [Fatal Error] :1:1: Premature end of file.
2025-08-04 22:00:10,690 [ERROR] LogOutputStream:75 - [STDERR_REDIRECT] 
2025-08-04 22:00:11,690 [ERROR] LogOutputStream:75 - [STDERR_REDIRECT] [Fatal Error] :1:1: Premature end of file.
2025-08-04 22:00:11,690 [ERROR] LogOutputStream:75 - [STDERR_REDIRECT] 
2025-08-04 22:00:12,690 [ERROR] LogOutputStream:75 - [STDERR_REDIRECT] [Fatal Error] :1:1: Premature end of file.
2025-08-04 22:00:12,691 [ERROR] LogOutputStream:75 - [STDERR_REDIRECT] 
2025-08-04 22:00:13,690 [ERROR] LogOutputStream:75 - [STDERR_REDIRECT] [Fatal Error] :1:1: Premature end of file.
2025-08-04 22:00:13,691 [ERROR] LogOutputStream:75 - [STDERR_REDIRECT] 
2025-08-04 22:00:14,689 [ERROR] LogOutputStream:75 - [STDERR_REDIRECT] [Fatal Error] :1:1: Premature end of file.
2025-08-04 22:00:14,690 [ERROR] LogOutputStream:75 - [STDERR_REDIRECT] 
2025-08-04 22:00:15,691 [ERROR] LogOutputStream:75 - [STDERR_REDIRECT] [Fatal Error] :1:1: Premature end of file.
2025-08-04 22:00:15,691 [ERROR] LogOutputStream:75 - [STDERR_REDIRECT] 
2025-08-04 22:00:16,692 [ERROR] LogOutputStream:75 - [STDERR_REDIRECT] [Fatal Error] :1:1: Premature end of file.
2025-08-04 22:00:16,692 [ERROR] LogOutputStream:75 - [STDERR_REDIRECT] 
2025-08-04 22:00:17,690 [ERROR] LogOutputStream:75 - [STDERR_REDIRECT] [Fatal Error] :1:1: Premature end of file.
2025-08-04 22:00:17,690 [ERROR] LogOutputStream:75 - [STDERR_REDIRECT] 
2025-08-04 22:00:18,691 [ERROR] LogOutputStream:75 - [STDERR_REDIRECT] [Fatal Error] :1:1: Premature end of file.
2025-08-04 22:00:18,691 [ERROR] LogOutputStream:75 - [STDERR_REDIRECT] 
2025-08-04 22:00:19,691 [ERROR] LogOutputStream:75 - [STDERR_REDIRECT] [Fatal Error] :1:1: Premature end of file.
2025-08-04 22:00:19,691 [ERROR] LogOutputStream:75 - [STDERR_REDIRECT] 
2025-08-04 22:00:20,690 [ERROR] LogOutputStream:75 - [STDERR_REDIRECT] [Fatal Error] :1:1: Premature end of file.
2025-08-04 22:00:20,690 [ERROR] LogOutputStream:75 - [STDERR_REDIRECT] 
2025-08-04 22:00:21,689 [ERROR] LogOutputStream:75 - [STDERR_REDIRECT] [Fatal Error] :1:1: Premature end of file.
2025-08-04 22:00:21,689 [ERROR] LogOutputStream:75 - [STDERR_REDIRECT] 
2025-08-04 22:00:22,690 [ERROR] LogOutputStream:75 - [STDERR_REDIRECT] [Fatal Error] :1:1: Premature end of file.
2025-08-04 22:00:22,690 [ERROR] LogOutputStream:75 - [STDERR_REDIRECT] 
2025-08-04 22:00:23,689 [ERROR] LogOutputStream:75 - [STDERR_REDIRECT] [Fatal Error] :1:1: Premature end of file.
2025-08-04 22:00:23,689 [ERROR] LogOutputStream:75 - [STDERR_REDIRECT] 
2025-08-04 22:00:24,690 [ERROR] LogOutputStream:75 - [STDERR_REDIRECT] [Fatal Error] :1:1: Premature end of file.
2025-08-04 22:00:24,690 [ERROR] LogOutputStream:75 - [STDERR_REDIRECT] 
2025-08-04 22:00:25,691 [ERROR] LogOutputStream:75 - [STDERR_REDIRECT] [Fatal Error] :1:1: Premature end of file.
2025-08-04 22:00:25,691 [ERROR] LogOutputStream:75 - [STDERR_REDIRECT] 
2025-08-04 22:00:26,690 [ERROR] LogOutputStream:75 - [STDERR_REDIRECT] [Fatal Error] :1:1: Premature end of file.
2025-08-04 22:00:26,691 [ERROR] LogOutputStream:75 - [STDERR_REDIRECT] 
2025-08-04 22:00:27,691 [ERROR] LogOutputStream:75 - [STDERR_REDIRECT] [Fatal Error] :1:1: Premature end of file.
2025-08-04 22:00:27,691 [ERROR] LogOutputStream:75 - [STDERR_REDIRECT] 
2025-08-04 22:00:28,691 [ERROR] LogOutputStream:75 - [STDERR_REDIRECT] [Fatal Error] :1:1: Premature end of file.
2025-08-04 22:00:28,691 [ERROR] LogOutputStream:75 - [STDERR_REDIRECT] 
2025-08-04 22:00:29,691 [ERROR] LogOutputStream:75 - [STDERR_REDIRECT] [Fatal Error] :1:1: Premature end of file.
2025-08-04 22:00:29,691 [ERROR] LogOutputStream:75 - [STDERR_REDIRECT] 
2025-08-04 22:00:30,691 [ERROR] LogOutputStream:75 - [STDERR_REDIRECT] [Fatal Error] :1:1: Premature end of file.
2025-08-04 22:00:30,691 [ERROR] LogOutputStream:75 - [STDERR_REDIRECT] 
2025-08-04 22:00:31,689 [ERROR] LogOutputStream:75 - [STDERR_REDIRECT] [Fatal Error] :1:1: Premature end of file.
2025-08-04 22:00:31,690 [ERROR] LogOutputStream:75 - [STDERR_REDIRECT] 
2025-08-04 22:00:32,690 [ERROR] LogOutputStream:75 - [STDERR_REDIRECT] [Fatal Error] :1:1: Premature end of file.
2025-08-04 22:00:32,690 [ERROR] LogOutputStream:75 - [STDERR_REDIRECT] 
2025-08-04 22:00:33,690 [ERROR] LogOutputStream:75 - [STDERR_REDIRECT] [Fatal Error] :1:1: Premature end of file.
2025-08-04 22:00:33,691 [ERROR] LogOutputStream:75 - [STDERR_REDIRECT] 
2025-08-04 22:00:34,689 [ERROR] LogOutputStream:75 - [STDERR_REDIRECT] [Fatal Error] :1:1: Premature end of file.
2025-08-04 22:00:34,690 [ERROR] LogOutputStream:75 - [STDERR_REDIRECT] 
2025-08-04 22:00:35,690 [ERROR] LogOutputStream:75 - [STDERR_REDIRECT] [Fatal Error] :1:1: Premature end of file.
2025-08-04 22:00:35,690 [ERROR] LogOutputStream:75 - [STDERR_REDIRECT] 
2025-08-04 22:00:36,690 [ERROR] LogOutputStream:75 - [STDERR_REDIRECT] [Fatal Error] :1:1: Premature end of file.
2025-08-04 22:00:36,690 [ERROR] LogOutputStream:75 - [STDERR_REDIRECT] 
2025-08-04 22:00:37,690 [ERROR] LogOutputStream:75 - [STDERR_REDIRECT] [Fatal Error] :1:1: Premature end of file.
2025-08-04 22:00:37,690 [ERROR] LogOutputStream:75 - [STDERR_REDIRECT] 
2025-08-04 22:00:38,691 [ERROR] LogOutputStream:75 - [STDERR_REDIRECT] [Fatal Error] :1:1: Premature end of file.
2025-08-04 22:00:38,691 [ERROR] LogOutputStream:75 - [STDERR_REDIRECT] 
2025-08-04 22:00:39,692 [ERROR] LogOutputStream:75 - [STDERR_REDIRECT] [Fatal Error] :1:1: Premature end of file.
2025-08-04 22:00:39,692 [ERROR] LogOutputStream:75 - [STDERR_REDIRECT] 
2025-08-04 22:00:40,690 [ERROR] LogOutputStream:75 - [STDERR_REDIRECT] [Fatal Error] :1:1: Premature end of file.
2025-08-04 22:00:40,690 [ERROR] LogOutputStream:75 - [STDERR_REDIRECT] 
2025-08-04 22:00:41,692 [ERROR] LogOutputStream:75 - [STDERR_REDIRECT] [Fatal Error] :1:1: Premature end of file.
2025-08-04 22:00:41,692 [ERROR] LogOutputStream:75 - [STDERR_REDIRECT] 
2025-08-04 22:00:42,689 [ERROR] LogOutputStream:75 - [STDERR_REDIRECT] [Fatal Error] :1:1: Premature end of file.
2025-08-04 22:00:42,689 [ERROR] LogOutputStream:75 - [STDERR_REDIRECT] 
2025-08-04 22:00:43,690 [ERROR] LogOutputStream:75 - [STDERR_REDIRECT] [Fatal Error] :1:1: Premature end of file.
2025-08-04 22:00:43,690 [ERROR] LogOutputStream:75 - [STDERR_REDIRECT] 
2025-08-04 22:00:44,691 [ERROR] LogOutputStream:75 - [STDERR_REDIRECT] [Fatal Error] :1:1: Premature end of file.
2025-08-04 22:00:44,691 [ERROR] LogOutputStream:75 - [STDERR_REDIRECT] 
2025-08-04 22:00:45,691 [ERROR] LogOutputStream:75 - [STDERR_REDIRECT] [Fatal Error] :1:1: Premature end of file.
2025-08-04 22:00:45,691 [ERROR] LogOutputStream:75 - [STDERR_REDIRECT] 
2025-08-04 22:00:46,689 [ERROR] LogOutputStream:75 - [STDERR_REDIRECT] [Fatal Error] :1:1: Premature end of file.
2025-08-04 22:00:46,689 [ERROR] LogOutputStream:75 - [STDERR_REDIRECT] 
2025-08-04 22:00:47,692 [ERROR] LogOutputStream:75 - [STDERR_REDIRECT] [Fatal Error] :1:1: Premature end of file.
2025-08-04 22:00:47,692 [ERROR] LogOutputStream:75 - [STDERR_REDIRECT] 
2025-08-04 22:00:48,691 [ERROR] LogOutputStream:75 - [STDERR_REDIRECT] [Fatal Error] :1:1: Premature end of file.
2025-08-04 22:00:48,692 [ERROR] LogOutputStream:75 - [STDERR_REDIRECT] 
2025-08-04 22:00:49,693 [ERROR] LogOutputStream:75 - [STDERR_REDIRECT] [Fatal Error] :1:1: Premature end of file.
2025-08-04 22:00:49,693 [ERROR] LogOutputStream:75 - [STDERR_REDIRECT] 
2025-08-04 22:00:50,690 [ERROR] LogOutputStream:75 - [STDERR_REDIRECT] [Fatal Error] :1:1: Premature end of file.
2025-08-04 22:00:50,690 [ERROR] LogOutputStream:75 - [STDERR_REDIRECT] 
2025-08-04 22:00:51,689 [ERROR] LogOutputStream:75 - [STDERR_REDIRECT] [Fatal Error] :1:1: Premature end of file.
2025-08-04 22:00:51,690 [ERROR] LogOutputStream:75 - [STDERR_REDIRECT] 
2025-08-04 22:00:52,691 [ERROR] LogOutputStream:75 - [STDERR_REDIRECT] [Fatal Error] :1:1: Premature end of file.
2025-08-04 22:00:52,691 [ERROR] LogOutputStream:75 - [STDERR_REDIRECT] 
2025-08-04 22:00:53,689 [ERROR] LogOutputStream:75 - [STDERR_REDIRECT] [Fatal Error] :1:1: Premature end of file.
2025-08-04 22:00:53,690 [ERROR] LogOutputStream:75 - [STDERR_REDIRECT] 
2025-08-04 22:00:54,690 [ERROR] LogOutputStream:75 - [STDERR_REDIRECT] [Fatal Error] :1:1: Premature end of file.
2025-08-04 22:00:54,690 [ERROR] LogOutputStream:75 - [STDERR_REDIRECT] 
2025-08-04 22:00:55,691 [ERROR] LogOutputStream:75 - [STDERR_REDIRECT] [Fatal Error] :1:1: Premature end of file.
2025-08-04 22:00:55,692 [ERROR] LogOutputStream:75 - [STDERR_REDIRECT] 
2025-08-04 22:00:56,690 [ERROR] LogOutputStream:75 - [STDERR_REDIRECT] [Fatal Error] :1:1: Premature end of file.
2025-08-04 22:00:56,690 [ERROR] LogOutputStream:75 - [STDERR_REDIRECT] 
2025-08-04 22:00:57,690 [ERROR] LogOutputStream:75 - [STDERR_REDIRECT] [Fatal Error] :1:1: Premature end of file.
2025-08-04 22:00:57,690 [ERROR] LogOutputStream:75 - [STDERR_REDIRECT] 
2025-08-04 22:00:58,690 [ERROR] LogOutputStream:75 - [STDERR_REDIRECT] [Fatal Error] :1:1: Premature end of file.
2025-08-04 22:00:58,690 [ERROR] LogOutputStream:75 - [STDERR_REDIRECT] 
2025-08-04 22:00:59,690 [ERROR] LogOutputStream:75 - [STDERR_REDIRECT] [Fatal Error] :1:1: Premature end of file.
2025-08-04 22:00:59,690 [ERROR] LogOutputStream:75 - [STDERR_REDIRECT] 
2025-08-04 22:01:00,691 [ERROR] LogOutputStream:75 - [STDERR_REDIRECT] [Fatal Error] :1:1: Premature end of file.
2025-08-04 22:01:00,691 [ERROR] LogOutputStream:75 - [STDERR_REDIRECT] 
2025-08-04 22:01:01,690 [ERROR] LogOutputStream:75 - [STDERR_REDIRECT] [Fatal Error] :1:1: Premature end of file.
2025-08-04 22:01:01,690 [ERROR] LogOutputStream:75 - [STDERR_REDIRECT] 
